date,open,high,low,close,adj_close,volume,source,mvrv,market_cap_usd,realized_cap_usd
2010-07-18,0.08584,0.08584,0.08584,0.08584,0.08584,5.0919941,coinmetrics-community,146.0383322,295959.152,
2010-07-19,0.0808,0.0808,0.0808,0.0808,0.0808,49.6613,coinmetrics-community,62.56512971,279285.2,
2010-07-20,0.0747357288135593,0.0747357288135593,0.0747357288135593,0.0747357288135593,0.0747357288135593,20.58952,coinmetrics-community,45.10663005,259000.40498983042,
2010-07-21,0.0791928626534191,0.0791928626534191,0.0791928626534191,0.0791928626534191,0.0791928626534191,42.2622,coinmetrics-community,38.35756046,275266.47129701945,
2010-07-22,0.0584697603740503,0.0584697603740503,0.0584697603740503,0.0584697603740503,0.0584697603740503,129.78428,coinmetrics-community,25.1323482,203749.57397545307,
2010-07-23,0.0605928696668615,0.0605928696668615,0.0605928696668615,0.0605928696668615,0.0605928696668615,141.0650511,coinmetrics-community,23.1909876,211735.72376388081,
2010-07-24,0.05454,0.05454,0.05454,0.05454,0.05454,26.7277095,coinmetrics-community,17.07191365,191099.979,
2010-07-25,0.050540618351841,0.050540618351841,0.050540618351841,0.050540618351841,0.050540618351841,85.062975,coinmetrics-community,14.29480012,177670.48975406185,
2010-07-26,0.056,0.056,0.056,0.056,0.056,46.907,coinmetrics-community,12.57111018,197542.8,
2010-07-27,0.058622016364699,0.058622016364699,0.058622016364699,0.058622016364699,0.058622016364699,196.91835,coinmetrics-community,12.41061061,207278.65656312095,
2010-07-28,0.0589110987726476,0.0589110987726476,0.0589110987726476,0.0589110987726476,0.0589110987726476,255.759194,coinmetrics-community,11.86773641,208769.15183050858,
2010-07-29,0.0699,0.0699,0.0699,0.0699,0.0699,528.3183128,coinmetrics-community,13.54121185,248340.72,
2010-07-30,0.064657381648159,0.064657381648159,0.064657381648159,0.064657381648159,0.064657381648159,198.5299149,coinmetrics-community,12.03290217,230303.12769257755,
2010-07-31,0.0675457989479836,0.0675457989479836,0.0675457989479836,0.0675457989479836,0.0675457989479836,243.898458,coinmetrics-community,12.05286591,241276.97113214483,
2010-08-01,0.0611,0.0611,0.0611,0.0611,0.0611,162.6451925,coinmetrics-community,10.44892297,218982.4,
2010-08-02,0.06,0.06,0.06,0.06,0.06,221.20058,coinmetrics-community,9.9762043,215766.0,
2010-08-03,0.0600121507890123,0.0600121507890123,0.0600121507890123,0.0600121507890123,0.0600121507890123,606.0456913,coinmetrics-community,9.60461264,216490.83336382243,
2010-08-04,0.0570157802454705,0.0570157802454705,0.0570157802454705,0.0570157802454705,0.0570157802454705,210.765111,coinmetrics-community,8.82883787,206374.318176505,
2010-08-05,0.061,0.061,0.061,0.061,0.061,303.609091,coinmetrics-community,9.19506028,221460.5,
2010-08-06,0.0616713150204559,0.0616713150204559,0.0616713150204559,0.0616713150204559,0.0616713150204559,85.908,coinmetrics-community,9.02581206,224350.9933471655,
2010-08-07,0.0590039450613676,0.0590039450613676,0.0590039450613676,0.0590039450613676,0.0590039450613676,157.3408,coinmetrics-community,8.42875731,215104.78211572173,
2010-08-08,0.0609,0.0609,0.0609,0.0609,0.0609,132.5954,coinmetrics-community,8.47702357,222622.995,
2010-08-09,0.0704,0.0704,0.0704,0.0704,0.0704,886.9327103,coinmetrics-community,9.28085443,258019.52,
2010-08-10,0.0693387288135593,0.0693387288135593,0.0693387288135593,0.0693387288135593,0.0693387288135593,88.8736329,coinmetrics-community,8.88387323,254792.092898305,
2010-08-11,0.067,0.067,0.067,0.067,0.067,1015.6416825,coinmetrics-community,8.33793184,246978.75,
2010-08-12,0.07,0.07,0.07,0.07,0.07,134.4872288,coinmetrics-community,8.49787609,258797.0,
2010-08-13,0.0645,0.0645,0.0645,0.0645,0.0645,233.8004368,coinmetrics-community,7.56762836,239156.325,
2010-08-14,0.0669964336645237,0.0669964336645237,0.0669964336645237,0.0669964336645237,0.0669964336645237,295.3084789,coinmetrics-community,7.65189676,249354.02645599077,
2010-08-15,0.0651179322033898,0.0651179322033898,0.0651179322033898,0.0651179322033898,0.0651179322033898,294.94926945,coinmetrics-community,7.26649664,243036.40246610157,
2010-08-16,0.0655,0.0655,0.0655,0.0655,0.0655,696.80254899,coinmetrics-community,7.13837504,244943.8,
2010-08-17,0.07,0.07,0.07,0.07,0.07,915.0003158,coinmetrics-community,7.50985867,262223.5,
2010-08-18,0.068,0.068,0.068,0.068,0.068,203.82833613,coinmetrics-community,7.14796434,255183.6,
2010-08-19,0.0667,0.0667,0.0667,0.0667,0.0667,50.0425085,coinmetrics-community,6.93168437,250755.315,
2010-08-20,0.0655,0.0655,0.0655,0.0655,0.0655,276.4108105,coinmetrics-community,6.69412905,246876.05,
2010-08-21,0.0664,0.0664,0.0664,0.0664,0.0664,688.5147954,coinmetrics-community,6.61775626,250842.6,
2010-08-22,0.0659289888953828,0.0659289888953828,0.0659289888953828,0.0659289888953828,0.0659289888953828,1183.64149298,coinmetrics-community,6.41568722,249762.08508182343,
2010-08-23,0.06491,0.06491,0.06491,0.06491,0.06491,281.877223,coinmetrics-community,6.22495622,246593.09,
2010-08-24,0.065,0.065,0.065,0.065,0.065,444.65573957,coinmetrics-community,6.13247009,247633.75,
2010-08-25,0.0648,0.0648,0.0648,0.0648,0.0648,278.8612816,coinmetrics-community,6.02386076,247571.64,
2010-08-26,0.0640751139684395,0.0640751139684395,0.0640751139684395,0.0640751139684395,0.0640751139684395,251.563028,coinmetrics-community,5.87469011,245474.96536879014,
2010-08-27,0.065,0.065,0.065,0.065,0.065,583.708613,coinmetrics-community,5.87209239,249574.0,
2010-08-28,0.0646,0.0646,0.0646,0.0646,0.0646,399.4527639,coinmetrics-community,5.77497614,248587.26,
2010-08-29,0.064,0.064,0.064,0.064,0.064,204.8752337,coinmetrics-community,5.66272908,246796.8,
2010-08-30,0.06497,0.06497,0.06497,0.06497,0.06497,2134.99651286,coinmetrics-community,5.69050244,251021.3405,
2010-08-31,0.06,0.06,0.06,0.06,0.06,933.22890492,coinmetrics-community,5.19159819,232371.0,
2010-09-01,0.0620248275862069,0.0620248275862069,0.0620248275862069,0.0620248275862069,0.0620248275862069,436.730099,coinmetrics-community,5.31891315,240699.7484137931,
2010-09-02,0.0634,0.0634,0.0634,0.0634,0.0634,498.9765628,coinmetrics-community,5.38522542,246530.9,
2010-09-03,0.06085,0.06085,0.06085,0.06085,0.06085,54.61025,coinmetrics-community,5.12179597,237114.195,
2010-09-04,0.062178275862069,0.062178275862069,0.062178275862069,0.062178275862069,0.062178275862069,202.26638,coinmetrics-community,5.18235949,242852.800948276,
2010-09-05,0.06165,0.06165,0.06165,0.06165,0.06165,527.96945246,coinmetrics-community,5.06897347,241298.1,
2010-09-06,0.0616,0.0616,0.0616,0.0616,0.0616,56.128,coinmetrics-community,5.03207272,241589.04,
2010-09-07,0.0612391180596142,0.0612391180596142,0.0612391180596142,0.0612391180596142,0.0612391180596142,212.35224479,coinmetrics-community,4.94816313,240663.61006247785,
2010-09-08,0.061,0.061,0.061,0.061,0.061,143.36492,coinmetrics-community,4.88836125,240227.15,
2010-09-09,0.0611149707773232,0.0611149707773232,0.0611149707773232,0.0611149707773232,0.0611149707773232,107.6759279,coinmetrics-community,4.79545778,241092.4482194623,
2010-09-10,0.0610115242548218,0.0610115242548218,0.0610115242548218,0.0610115242548218,0.0610115242548218,301.79614516,coinmetrics-community,4.74669508,241224.3140225017,
2010-09-11,0.0636208649912332,0.0636208649912332,0.0636208649912332,0.0636208649912332,0.0636208649912332,491.192371,coinmetrics-community,4.91061134,252049.96187901814,
2010-09-12,0.0615,0.0615,0.0615,0.0615,0.0615,48.98673581,coinmetrics-community,4.69699949,244191.9,
2010-09-13,0.06218,0.06218,0.06218,0.06218,0.06218,632.19595537,coinmetrics-community,4.70641545,247423.547,
2010-09-14,0.06199,0.06199,0.06199,0.06199,0.06199,876.75528827,coinmetrics-community,4.64512859,247296.707,
2010-09-15,0.0604,0.0604,0.0604,0.0604,0.0604,223.27125883,coinmetrics-community,4.45428881,241464.1,
2010-09-16,0.0619,0.0619,0.0619,0.0619,0.0619,45.1686,coinmetrics-community,4.47633904,248138.53,
2010-09-17,0.0600005260081823,0.0600005260081823,0.0600005260081823,0.0600005260081823,0.0600005260081823,438.94275418,coinmetrics-community,4.19274776,241148.11407948547,
2010-09-18,0.061,0.061,0.061,0.061,0.061,427.75509344,coinmetrics-community,4.22048014,245887.95,
2010-09-19,0.0627,0.0627,0.0627,0.0627,0.0627,797.36052362,coinmetrics-community,4.29534109,253395.78,
2010-09-20,0.0621017358270018,0.0621017358270018,0.0621017358270018,0.0621017358270018,0.0621017358270018,891.1876315,coinmetrics-community,4.22043399,251608.28778988915,
2010-09-21,0.06265,0.06265,0.06265,0.06265,0.06265,359.8172192,coinmetrics-community,4.22602175,254368.3975,
2010-09-22,0.061881870251315,0.061881870251315,0.061881870251315,0.061881870251315,0.061881870251315,717.32508,coinmetrics-community,4.14162414,251788.04777206303,
2010-09-23,0.062153512565751,0.062153512565751,0.062153512565751,0.062153512565751,0.062153512565751,970.0930669,coinmetrics-community,4.11497371,253620.51570017525,
2010-09-24,0.0622,0.0622,0.0622,0.0622,0.0622,42.6571,coinmetrics-community,4.07954667,254519.29,
2010-09-25,0.06202,0.06202,0.06202,0.06202,0.06202,133.05095,coinmetrics-community,4.03278411,254424.646,
2010-09-26,0.062,0.062,0.062,0.062,0.062,748.20160625,coinmetrics-community,4.00070639,254978.1,
2010-09-27,0.0622004418468732,0.0622004418468732,0.0622004418468732,0.0622004418468732,0.0622004418468732,668.5254443,coinmetrics-community,3.91751164,256514.62217650507,
2010-09-28,0.0619038977206312,0.0619038977206312,0.0619038977206312,0.0619038977206312,0.0619038977206312,439.04595529,coinmetrics-community,3.70318762,255947.85551572175,
2010-09-29,0.06191,0.06191,0.06191,0.06191,0.06191,1450.79045086,coinmetrics-community,3.67369778,256480.748,
2010-09-30,0.0619,0.0619,0.0619,0.0619,0.0619,488.14501265,coinmetrics-community,3.58697479,256891.19,
2010-10-01,0.0619733138515488,0.0619733138515488,0.0619733138515488,0.0619733138515488,0.0619733138515488,106.4618581,coinmetrics-community,3.57218676,257672.6443319696,
2010-10-02,0.0614,0.0614,0.0614,0.0614,0.0614,802.51667662,coinmetrics-community,3.26607208,255595.92,
2010-10-03,0.0610648684979544,0.0610648684979544,0.0610648684979544,0.0610648684979544,0.0610648684979544,439.88129455,coinmetrics-community,3.2380791,254573.3302811221,
2010-10-04,0.0612944769140853,0.0612944769140853,0.0612944769140853,0.0612944769140853,0.0612944769140853,2079.88766329,coinmetrics-community,3.23417646,255999.44755552296,
2010-10-05,0.0614,0.0614,0.0614,0.0614,0.0614,1699.19527154,coinmetrics-community,3.17003606,256826.99,
2010-10-06,0.06281,0.06281,0.06281,0.06281,0.06281,2091.2833326,coinmetrics-community,3.22421336,263261.834,
2010-10-07,0.067,0.067,0.067,0.067,0.067,2812.79229395,coinmetrics-community,3.40312006,281359.8,
2010-10-08,0.0844531081239041,0.0844531081239041,0.0844531081239041,0.0844531081239041,0.0844531081239041,10784.22974509,coinmetrics-community,4.14833833,355302.67118807696,
2010-10-09,0.0938,0.0938,0.0938,0.0938,0.0938,16104.87300711,coinmetrics-community,4.40766563,395367.0,
2010-10-10,0.0971462010520164,0.0971462010520164,0.0971462010520164,0.0971462010520164,0.0971462010520164,4889.34882748,coinmetrics-community,4.45879954,410335.8386236121,
2010-10-11,0.095,0.095,0.095,0.095,0.095,1395.228085,coinmetrics-community,4.28117529,402025.75,
2010-10-12,0.0949,0.0949,0.0949,0.0949,0.0949,2396.8167869,coinmetrics-community,4.2360293,402338.04,
2010-10-13,0.104865589129164,0.104865589129164,0.104865589129164,0.104865589129164,0.104865589129164,4558.5239107,coinmetrics-community,4.55044647,445510.96885634033,
2010-10-14,0.102,0.102,0.102,0.102,0.102,3701.64502755,coinmetrics-community,4.35844526,434382.3,
2010-10-15,0.105,0.105,0.105,0.105,0.105,2554.90521892,coinmetrics-community,4.34353862,448087.5,
2010-10-16,0.101,0.101,0.101,0.101,0.101,633.63076692,coinmetrics-community,4.06985428,432320.4,
2010-10-17,0.102,0.102,0.102,0.102,0.102,1857.80134986,coinmetrics-community,4.06277933,437977.8,
2010-10-18,0.1024,0.1024,0.1024,0.1024,0.1024,2591.6409552,coinmetrics-community,4.02994877,440970.24,
2010-10-19,0.0975448918760959,0.0975448918760959,0.0975448918760959,0.0975448918760959,0.0975448918760959,623.33733,coinmetrics-community,3.80761656,421311.0197466396,
2010-10-20,0.099,0.099,0.099,0.099,0.099,3221.08376,coinmetrics-community,3.8186494,428902.65,
2010-10-21,0.107,0.107,0.107,0.107,0.107,4616.851667,coinmetrics-community,4.00919854,464556.55,
2010-10-22,0.1025,0.1025,0.1025,0.1025,0.1025,3665.43402971,coinmetrics-community,3.82096178,445808.375,
2010-10-23,0.104556424313267,0.104556424313267,0.104556424313267,0.104556424313267,0.104556424313267,481.515121,coinmetrics-community,3.85485171,455667.3527996489,
2010-10-24,0.11501,0.11501,0.11501,0.11501,0.11501,1560.60996,coinmetrics-community,4.14384219,502403.9335,
2010-10-25,0.139118552893045,0.139118552893045,0.139118552893045,0.139118552893045,0.139118552893045,4450.000605,coinmetrics-community,4.88883386,609130.5838421975,
2010-10-26,0.151,0.151,0.151,0.151,0.151,2995.09142,coinmetrics-community,5.14523738,662973.05,
2010-10-27,0.1877,0.1877,0.1877,0.1877,0.1877,11594.017888,coinmetrics-community,6.05058402,826105.24,
2010-10-28,0.1731,0.1731,0.1731,0.1731,0.1731,4009.66975927,coinmetrics-community,5.2615273,763743.165,
2010-10-29,0.19,0.19,0.19,0.19,0.19,5380.4898858,coinmetrics-community,5.63366942,840427.0,
2010-10-30,0.197610543541789,0.197610543541789,0.197610543541789,0.197610543541789,0.197610543541789,5112.034034,coinmetrics-community,5.72124637,876580.6100970218,
2010-10-31,0.1925,0.1925,0.1925,0.1925,0.1925,7829.46048952,coinmetrics-community,5.43761091,855633.625,
2010-11-01,0.194525061367621,0.194525061367621,0.194525061367621,0.194525061367621,0.194525061367621,4049.753725,coinmetrics-community,5.41406405,866356.2658129736,
2010-11-02,0.1938,0.1938,0.1938,0.1938,0.1938,1121.3397176,coinmetrics-community,5.28311477,864832.5,
2010-11-03,0.1931,0.1931,0.1931,0.1931,0.1931,11769.61462949,coinmetrics-community,5.18370173,863543.2,
2010-11-04,0.229275160724722,0.229275160724722,0.229275160724722,0.229275160724722,0.229275160724722,6229.16344661,coinmetrics-community,5.7153824,1027622.7341262402,
2010-11-05,0.259112413793104,0.259112413793104,0.259112413793104,0.259112413793104,0.259112413793104,8757.148192,coinmetrics-community,6.25148898,1164192.0751724162,
2010-11-06,0.400982302746932,0.400982302746932,0.400982302746932,0.400982302746932,0.400982302746932,9396.96179627,coinmetrics-community,8.19405221,1805984.193341907,
2010-11-07,0.34,0.34,0.34,0.34,0.34,27937.74052692,coinmetrics-community,6.73312638,1535423.0,
2010-11-08,0.243184628872005,0.243184628872005,0.243184628872005,0.243184628872005,0.243184628872005,38339.26195402,coinmetrics-community,4.59520726,1101553.413401521,
2010-11-09,0.217272694330801,0.217272694330801,0.217272694330801,0.217272694330801,0.217272694330801,12808.30486113,coinmetrics-community,4.06257605,986537.5322437185,
2010-11-10,0.229549731151373,0.229549731151373,0.229549731151373,0.229549731151373,0.229549731151373,6110.1298337,coinmetrics-community,4.25825739,1044611.9615505531,
2010-11-11,0.2231,0.2231,0.2231,0.2231,0.2231,1111.550263,coinmetrics-community,4.10381259,1017704.115,
2010-11-12,0.2682,0.2682,0.2682,0.2682,0.2682,10494.46308814,coinmetrics-community,4.88620474,1225700.82,
2010-11-13,0.276,0.276,0.276,0.276,0.276,6351.5839966,coinmetrics-community,4.93212505,1264425.0,
2010-11-14,0.27904,0.27904,0.27904,0.27904,0.27904,4793.8131794,coinmetrics-community,4.88743661,1281895.808,
2010-11-15,0.268464555815313,0.268464555815313,0.268464555815313,0.268464555815313,0.268464555815313,2337.4988037,coinmetrics-community,4.51276218,1235997.3917459103,
2010-11-16,0.225,0.225,0.225,0.225,0.225,8609.6730792,coinmetrics-community,3.76028119,1038105.0,
2010-11-17,0.241939333722969,0.241939333722969,0.241939333722969,0.241939333722969,0.241939333722969,8662.60689971,coinmetrics-community,4.00641517,1119247.648702513,
2010-11-18,0.269057790765634,0.269057790765634,0.269057790765634,0.269057790765634,0.269057790765634,10253.2690408,coinmetrics-community,4.39720823,1248159.0913617762,
2010-11-19,0.27829,0.27829,0.27829,0.27829,0.27829,583.44613385,coinmetrics-community,4.48312449,1293074.485,
2010-11-20,0.283015964932788,0.283015964932788,0.283015964932788,0.283015964932788,0.283015964932788,4119.07125308,coinmetrics-community,4.49841005,1316675.1736568096,
2010-11-21,0.27675,0.27675,0.27675,0.27675,0.27675,212.67088,coinmetrics-community,4.36944711,1289461.275,
2010-11-22,0.285,0.285,0.285,0.285,0.285,7818.64285736,coinmetrics-community,4.46021601,1330223.25,
2010-11-23,0.28295,0.28295,0.28295,0.28295,0.28295,1361.81867519,coinmetrics-community,4.38599831,1322635.6275,
2010-11-24,0.282905736411455,0.282905736411455,0.282905736411455,0.282905736411455,0.282905736411455,710.24141758,coinmetrics-community,4.33600482,1324932.4353357672,
2010-11-25,0.28,0.28,0.28,0.28,0.28,469.9930752,coinmetrics-community,4.23185505,1313858.0,
2010-11-26,0.2844,0.2844,0.2844,0.2844,0.2844,9510.98109453,coinmetrics-community,4.23141948,1337263.02,
2010-11-27,0.283,0.283,0.283,0.283,0.283,515.8978472,coinmetrics-community,4.17587813,1333227.15,
2010-11-28,0.271358679135009,0.271358679135009,0.271358679135009,0.271358679135009,0.271358679135009,5746.30470424,coinmetrics-community,3.97931625,1280717.9899795451,
2010-11-29,0.230559456458212,0.230559456458212,0.230559456458212,0.230559456458212,0.230559456458212,8802.05644856,coinmetrics-community,3.37289742,1090569.2849929887,
2010-11-30,0.2082,0.2082,0.2082,0.2082,0.2082,4570.5792061,coinmetrics-community,3.0371558,986909.64,
2010-12-01,0.2275,0.2275,0.2275,0.2275,0.2275,1752.72324825,coinmetrics-community,3.31113157,1080534.0,
2010-12-02,0.255,0.255,0.255,0.255,0.255,4800.553787,coinmetrics-community,3.6445754,1213545.0,
2010-12-03,0.251060083576856,0.251060083576856,0.251060083576856,0.251060083576856,0.251060083576856,633.78483925,coinmetrics-community,3.57134671,1197167.455532059,
2010-12-04,0.205000526008182,0.205000526008182,0.205000526008182,0.205000526008182,0.205000526008182,6673.4025762,coinmetrics-community,2.90733946,979882.0142665091,
2010-12-05,0.202850017533606,0.202850017533606,0.202850017533606,0.202850017533606,0.202850017533606,1178.0291393,coinmetrics-community,2.86401711,972026.8565184099,
2010-12-06,0.204,0.204,0.204,0.204,0.204,863.020207,coinmetrics-community,2.83306957,979995.6,
2010-12-07,0.233420385739334,0.233420385739334,0.233420385739334,0.233420385739334,0.233420385739334,5411.79520427,coinmetrics-community,3.1967626,1124117.5646627715,
2010-12-08,0.2388,0.2388,0.2388,0.2388,0.2388,789.863565,coinmetrics-community,3.24906898,1152866.7,
2010-12-09,0.199991694330801,0.199991694330801,0.199991694330801,0.199991694330801,0.199991694330801,4411.9354408,coinmetrics-community,2.71091675,967739.809697313,
2010-12-10,0.204,0.204,0.204,0.204,0.204,328.16543868,coinmetrics-community,2.7619015,988635.0,
2010-12-11,0.228,0.228,0.228,0.228,0.228,1267.2008993,coinmetrics-community,3.07070131,1106940.0,
2010-12-12,0.219853611922852,0.219853611922852,0.219853611922852,0.219853611922852,0.219853611922852,418.8037469,coinmetrics-community,2.94969685,1069269.034267387,
2010-12-13,0.227605236703682,0.227605236703682,0.227605236703682,0.227605236703682,0.227605236703682,1425.91938662,coinmetrics-community,3.03156879,1108574.0658889536,
2010-12-14,0.24669,0.24669,0.24669,0.24669,0.24669,2403.8267417,coinmetrics-community,3.26966627,1203637.5135,
2010-12-15,0.24,0.24,0.24,0.24,0.24,901.1484578,coinmetrics-community,3.15229808,1173348.0,
2010-12-16,0.24996,0.24996,0.24996,0.24996,0.24996,3522.62327006,coinmetrics-community,3.26455554,1224204.096,
2010-12-17,0.242655815312683,0.242655815312683,0.242655815312683,0.242655815312683,0.242655815312683,130.185227,coinmetrics-community,3.15712017,1190445.1643424914,
2010-12-18,0.241,0.241,0.241,0.241,0.241,41.67057729,coinmetrics-community,3.11960091,1184261.95,
2010-12-19,0.2401,0.2401,0.2401,0.2401,0.2401,487.494493,coinmetrics-community,3.09706546,1182048.315,
2010-12-20,0.267,0.267,0.267,0.267,0.267,2769.8807565,coinmetrics-community,3.39996207,1316603.7,
2010-12-21,0.241436002337814,0.241436002337814,0.241436002337814,0.241436002337814,0.241436002337814,2291.81427904,coinmetrics-community,3.01272532,1192911.1439509052,
2010-12-22,0.25,0.25,0.25,0.25,0.25,949.37609,coinmetrics-community,3.10757151,1237187.5,
2010-12-23,0.249970127995324,0.249970127995324,0.249970127995324,0.249970127995324,0.249970127995324,2160.7383892,coinmetrics-community,3.09503865,1238851.9543448258,
2010-12-24,0.248,0.248,0.248,0.248,0.248,1252.0458158,coinmetrics-community,3.05891168,1230923.2,
2010-12-25,0.2499,0.2499,0.2499,0.2499,0.2499,175.4417,coinmetrics-community,3.06790542,1242452.82,
2010-12-26,0.264962127410871,0.264962127410871,0.264962127410871,0.264962127410871,0.264962127410871,4203.0328292,coinmetrics-community,3.23677185,1319259.6804850972,
2010-12-27,0.264785388661601,0.264785388661601,0.264785388661601,0.264785388661601,0.264785388661601,1270.151704,coinmetrics-community,3.21872427,1320577.4081414358,
2010-12-28,0.281,0.281,0.281,0.281,0.281,4238.983397,coinmetrics-community,3.39360976,1403819.8,
2010-12-29,0.3,0.3,0.3,0.3,0.3,5363.74749398,coinmetrics-community,3.55514947,1501215.0,
2010-12-30,0.3,0.3,0.3,0.3,0.3,759.917027,coinmetrics-community,3.53000117,1503750.0,
2010-12-31,0.3,0.3,0.3,0.3,0.3,428.4412,coinmetrics-community,3.51255257,1506180.0,
2011-01-01,0.3,0.3,0.3,0.3,0.3,841.9497608,coinmetrics-community,3.49431915,1508895.0,
2011-01-02,0.29997,0.29997,0.29997,0.29997,0.29997,1584.6618221,coinmetrics-community,3.46374621,1511368.848,
2011-01-03,0.295,0.295,0.295,0.295,0.295,420.850466,coinmetrics-community,3.38619201,1488629.0,
2011-01-04,0.29895,0.29895,0.29895,0.29895,0.29895,548.3304369,coinmetrics-community,3.41744847,1510669.0875,
2011-01-05,0.298916302162478,0.298916302162478,0.298916302162478,0.298916302162478,0.298916302162478,106.19443563,coinmetrics-community,3.39994438,1512800.459429193,
2011-01-06,0.298,0.298,0.298,0.298,0.298,1031.2757853,coinmetrics-community,3.37409013,1510264.0,
2011-01-07,0.32,0.32,0.32,0.32,0.32,13152.1498161,coinmetrics-community,3.59662517,1624384.0,
2011-01-08,0.3229,0.3229,0.3229,0.3229,0.3229,512.0372754,coinmetrics-community,3.60311438,1641849.63,
2011-01-09,0.323,0.323,0.323,0.323,0.323,546.1842181,coinmetrics-community,3.58303029,1644990.55,
2011-01-10,0.32659,0.32659,0.32659,0.32659,0.32659,3360.6529941,coinmetrics-community,3.56790627,1665919.2605,
2011-01-11,0.32659,0.32659,0.32659,0.32659,0.32659,1578.65990513,coinmetrics-community,3.47434474,1668727.9345,
2011-01-12,0.318799621274109,0.318799621274109,0.318799621274109,0.318799621274109,0.318799621274109,10508.16658726,coinmetrics-community,3.37613389,1631584.5817187624,
2011-01-13,0.3176,0.3176,0.3176,0.3176,0.3176,7147.03041942,coinmetrics-community,3.31520101,1628430.48,
2011-01-14,0.399990005844535,0.399990005844535,0.399990005844535,0.399990005844535,0.399990005844535,10691.1105788,coinmetrics-community,4.10741466,2054488.6665195774,
2011-01-15,0.386,0.386,0.386,0.386,0.386,591.1502249,coinmetrics-community,3.93479597,1985661.2,
2011-01-16,0.38679,0.38679,0.38679,0.38679,0.38679,1085.15873273,coinmetrics-community,3.89072744,1993090.191,
2011-01-17,0.3495,0.3495,0.3495,0.3495,0.3495,6360.69439524,coinmetrics-community,3.48443916,1804101.525,
2011-01-18,0.31299,0.31299,0.31299,0.31299,0.31299,4950.5107684,coinmetrics-community,3.11008305,1617845.31,
2011-01-19,0.31299,0.31299,0.31299,0.31299,0.31299,2247.62096063,coinmetrics-community,3.07260733,1620490.0755,
2011-01-20,0.39,0.39,0.39,0.39,0.39,6900.04944037,coinmetrics-community,3.78751517,2022832.5,
2011-01-21,0.41991,0.41991,0.41991,0.41991,0.41991,3351.62059014,coinmetrics-community,4.03324208,2181621.4095,
2011-01-22,0.44003552893045,0.44003552893045,0.44003552893045,0.44003552893045,0.44003552893045,4513.91125516,coinmetrics-community,4.1752733,2289812.881895383,
2011-01-23,0.4424,0.4424,0.4424,0.4424,0.4424,505.82674814,coinmetrics-community,4.11467439,2305877.28,
2011-01-24,0.4199,0.4199,0.4199,0.4199,0.4199,4516.68184348,coinmetrics-community,3.8538566,2192549.84,
2011-01-25,0.41,0.41,0.41,0.41,0.41,901.2543369,coinmetrics-community,3.73958941,2144054.0,
2011-01-26,0.415085129748685,0.415085129748685,0.415085129748685,0.415085129748685,0.415085129748685,6315.94719764,coinmetrics-community,3.28267628,2174381.9436755115,
2011-01-27,0.4212,0.4212,0.4212,0.4212,0.4212,12086.89735527,coinmetrics-community,3.29852211,2209783.68,
2011-01-28,0.444484044418469,0.444484044418469,0.444484044418469,0.444484044418469,0.444484044418469,2301.76994502,coinmetrics-community,3.44964227,2335452.5145879616,
2011-01-29,0.439,0.439,0.439,0.439,0.439,643.63370168,coinmetrics-community,3.35970677,2310171.65,
2011-01-30,0.477142033898305,0.477142033898305,0.477142033898305,0.477142033898305,0.477142033898305,4775.80901023,coinmetrics-community,3.62408311,2514610.089949152,
2011-01-31,0.525136870251315,0.525136870251315,0.525136870251315,0.525136870251315,0.525136870251315,32708.40250239,coinmetrics-community,3.88967746,2772013.740152104,
2011-02-01,0.707510116890707,0.707510116890707,0.707510116890707,0.707510116890707,0.707510116890707,23264.17908735,coinmetrics-community,5.02344554,3740499.8614836344,
2011-02-02,0.725434821741671,0.725434821741671,0.725434821741671,0.725434821741671,0.725434821741671,4126.0155456,coinmetrics-community,4.95514811,3840996.0224167127,
2011-02-03,0.693898367621274,0.693898367621274,0.693898367621274,0.693898367621274,0.693898367621274,6064.11978878,coinmetrics-community,4.68663449,3679569.5689037107,
2011-02-04,0.810958971361777,0.810958971361777,0.810958971361777,0.810958971361777,0.810958971361777,33965.74143512,coinmetrics-community,5.36029838,4308178.987410872,
2011-02-05,0.911671477498539,0.911671477498539,0.911671477498539,0.911671477498539,0.911671477498539,13634.19935074,coinmetrics-community,5.79068626,4851368.600360725,
2011-02-06,0.898,0.898,0.898,0.898,0.898,7608.76970652,coinmetrics-community,5.59155797,4786564.5,
2011-02-07,0.889421369959088,0.889421369959088,0.889421369959088,0.889421369959088,0.889421369959088,1949.54330076,coinmetrics-community,5.25293615,4749865.884129514,
2011-02-08,0.918,0.918,0.918,0.918,0.918,6306.76961277,coinmetrics-community,5.35492291,4910198.4,
2011-02-09,1.01605024547049,1.01605024547049,1.01605024547049,1.01605024547049,1.01605024547049,47455.0071488,coinmetrics-community,5.69602563,5444403.635329073,
2011-02-10,0.979652963179427,0.979652963179427,0.979652963179427,0.979652963179427,0.979652963179427,25568.80501058,coinmetrics-community,5.38116292,5258483.210458211,
2011-02-11,1.05406945353594,1.05406945353594,1.05406945353594,1.05406945353594,1.05406945353594,13213.53572254,coinmetrics-community,5.62034798,5667731.451662749,
2011-02-12,1.07870328404442,1.07870328404442,1.07870328404442,1.07870328404442,1.07870328404442,4353.78652009,coinmetrics-community,5.66318761,5810758.850490482,
2011-02-13,1.05,1.05,1.05,1.05,1.05,3398.29831012,coinmetrics-community,5.42738984,5666535.0,
2011-02-14,1.07001262419638,1.07001262419638,1.07001262419638,1.07001262419638,1.07001262419638,7532.40991521,coinmetrics-community,5.31812686,5785023.252717729,
2011-02-15,1.05,1.05,1.05,1.05,1.05,9085.50414354,coinmetrics-community,5.15817185,5688637.5,
2011-02-16,1.031687628872,1.031687628872,1.031687628872,1.031687628872,1.031687628872,7465.03308264,coinmetrics-community,5.01369832,5601393.227816193,
2011-02-17,1.0399231975453,1.0399231975453,1.0399231975453,1.0399231975453,1.0399231975453,4184.96085737,coinmetrics-community,5.00090272,5658118.125524223,
2011-02-18,0.898955914669784,0.898955914669784,0.898955914669784,0.898955914669784,0.898955914669784,32719.75152632,coinmetrics-community,4.27713788,4900658.168822328,
2011-02-19,0.944028116890707,0.944028116890707,0.944028116890707,0.944028116890707,0.944028116890707,3454.71585862,coinmetrics-community,4.46173899,5153968.70557066,
2011-02-20,0.865,0.865,0.865,0.865,0.865,8503.38041899,coinmetrics-community,4.04564986,4731074.25,
2011-02-21,0.835747428404442,0.835747428404442,0.835747428404442,0.835747428404442,0.835747428404442,1435.86370932,coinmetrics-community,3.8865163,4579185.5223421985,
2011-02-22,0.877041779661017,0.877041779661017,0.877041779661017,0.877041779661017,0.877041779661017,10650.28820188,coinmetrics-community,4.03903963,4814696.257805085,
2011-02-23,0.9,0.9,0.9,0.9,0.9,6057.76931795,coinmetrics-community,4.11116115,4951665.0,
2011-02-24,0.989095265926359,0.989095265926359,0.989095265926359,0.989095265926359,0.989095265926359,12708.12028708,coinmetrics-community,4.46075117,5452090.924839276,
2011-02-25,0.914652001753361,0.914652001753361,0.914652001753361,0.914652001753361,0.914652001753361,4276.30173593,coinmetrics-community,4.09708361,5052034.599084602,
2011-02-26,0.958,0.958,0.958,0.958,0.958,4452.63170401,coinmetrics-community,4.20136279,5304685.5,
2011-02-27,0.895033114552893,0.895033114552893,0.895033114552893,0.895033114552893,0.895033114552893,21576.81744681,coinmetrics-community,3.85737612,4966941.517555552,
2011-02-28,0.860220923436587,0.860220923436587,0.860220923436587,0.860220923436587,0.860220923436587,4108.59689775,coinmetrics-community,3.66264324,4780204.660490942,
2011-03-01,0.921096891876096,0.921096891876096,0.921096891876096,0.921096891876096,0.921096891876096,21413.4272225,coinmetrics-community,3.45556491,5124476.5031080665,
2011-03-02,0.9399,0.9399,0.9399,0.9399,0.9399,2533.96277938,coinmetrics-community,3.49629585,5236981.815,
2011-03-03,0.939073383401519,0.939073383401519,0.939073383401519,0.939073383401519,0.939073383401519,2520.5789488,coinmetrics-community,3.4729141,5241109.413771388,
2011-03-04,0.9011,0.9011,0.9011,0.9011,0.9011,2469.56419698,coinmetrics-community,3.31231304,5039131.42,
2011-03-05,0.90784060666277,0.90784060666277,0.90784060666277,0.90784060666277,0.90784060666277,11115.0386486,coinmetrics-community,3.30711769,5089399.832981822,
2011-03-06,0.884770973115138,0.884770973115138,0.884770973115138,0.884770973115138,0.884770973115138,10775.11277662,coinmetrics-community,3.2074455,4972191.676163796,
2011-03-07,0.877583864406779,0.877583864406779,0.877583864406779,0.877583864406779,0.877583864406779,13527.29787862,coinmetrics-community,3.17308684,4941060.431769487,
2011-03-08,0.866071591466979,0.866071591466979,0.866071591466979,0.866071591466979,0.866071591466979,3931.42188925,coinmetrics-community,3.11400943,4884340.650816748,
2011-03-09,0.86,0.86,0.86,0.86,0.86,3881.21600555,coinmetrics-community,3.08389438,4856979.0,
2011-03-10,0.920670309760374,0.920670309760374,0.920670309760374,0.920670309760374,0.920670309760374,7895.07394061,coinmetrics-community,3.286687,5204687.361621859,
2011-03-11,0.88,0.88,0.88,0.88,0.88,3301.73293993,coinmetrics-community,3.13277134,4980492.0,
2011-03-12,0.917815513150205,0.917815513150205,0.917815513150205,0.917815513150205,0.917815513150205,4319.59966173,coinmetrics-community,3.23180751,5200939.277592609,
2011-03-13,0.89249,0.89249,0.89249,0.89249,0.89249,595.4206011,coinmetrics-community,3.12541924,5062649.525,
2011-03-14,0.893924922852133,0.893924922852133,0.893924922852133,0.893924922852133,0.893924922852133,4676.61653707,coinmetrics-community,3.09976092,5075795.104446696,
2011-03-15,0.87224,0.87224,0.87224,0.87224,0.87224,2405.41084962,coinmetrics-community,3.0094772,4957550.488,
2011-03-16,0.851211665692578,0.851211665692578,0.851211665692578,0.851211665692578,0.851211665692578,6761.32006973,coinmetrics-community,2.90524469,4843819.9836236155,
2011-03-17,0.82542,0.82542,0.82542,0.82542,0.82542,6042.76763965,coinmetrics-community,2.80330055,4702871.721,
2011-03-18,0.801959208065459,0.801959208065459,0.801959208065459,0.801959208065459,0.801959208065459,10971.32359872,coinmetrics-community,2.72116816,4574014.441161749,
2011-03-19,0.765,0.765,0.765,0.765,0.765,7457.82756979,coinmetrics-community,2.5915635,4367614.5,
2011-03-20,0.7415,0.7415,0.7415,0.7415,0.7415,4502.62403926,coinmetrics-community,2.50871253,4238525.225,
2011-03-21,0.75897,0.75897,0.75897,0.75897,0.75897,2780.4512132,coinmetrics-community,2.56031946,4344002.7435,
2011-03-22,0.809130292811222,0.809130292811222,0.809130292811222,0.809130292811222,0.809130292811222,9499.23737253,coinmetrics-community,2.71742347,4635912.012661897,
2011-03-23,0.84971,0.84971,0.84971,0.84971,0.84971,11029.25030887,coinmetrics-community,2.8434557,4875083.6685,
2011-03-24,0.872374365867914,0.872374365867914,0.872374365867914,0.872374365867914,0.872374365867914,12259.77389937,coinmetrics-community,2.88481841,5011747.113192872,
2011-03-25,0.88377,0.88377,0.88377,0.88377,0.88377,4225.52951098,coinmetrics-community,2.91145917,5084859.072,
2011-03-26,0.8552,0.8552,0.8552,0.8552,0.8552,10250.97673431,coinmetrics-community,2.79254753,4926379.6,
2011-03-27,0.822,0.822,0.822,0.822,0.822,4439.0672079,coinmetrics-community,2.67675364,4741008.3,
2011-03-28,0.794740500292227,0.794740500292227,0.794740500292227,0.794740500292227,0.794740500292227,10141.70469831,coinmetrics-community,2.58237,4590460.866712918,
2011-03-29,0.792509941554646,0.792509941554646,0.792509941554646,0.792509941554646,0.792509941554646,3312.30058905,coinmetrics-community,2.56999182,4584036.003940383,
2011-03-30,0.789706312098189,0.789706312098189,0.789706312098189,0.789706312098189,0.789706312098189,2532.13336351,coinmetrics-community,2.55673793,4573978.959672711,
2011-03-31,0.78461,0.78461,0.78461,0.78461,0.78461,5429.15614952,coinmetrics-community,2.53409399,4552346.4505,
2011-04-01,0.77411,0.77411,0.77411,0.77411,0.77411,2483.68752958,coinmetrics-community,2.49434063,4498237.0935,
2011-04-02,0.78199,0.78199,0.78199,0.78199,0.78199,1965.23279665,coinmetrics-community,2.51639313,4551064.5015,
2011-04-03,0.779,0.779,0.779,0.779,0.779,3074.75574179,coinmetrics-community,2.50130518,4540479.4,
2011-04-04,0.68,0.68,0.68,0.68,0.68,21652.68835204,coinmetrics-community,2.1702087,3969500.0,
2011-04-05,0.715691834599649,0.715691834599649,0.715691834599649,0.715691834599649,0.715691834599649,6522.71448864,coinmetrics-community,2.2785139,4184793.2952710674,
2011-04-06,0.74,0.74,0.74,0.74,0.74,6264.04033946,coinmetrics-community,2.35209347,4332404.0,
2011-04-07,0.7538,0.7538,0.7538,0.7538,0.7538,8178.14150501,coinmetrics-community,2.39124558,4418737.91,
2011-04-08,0.74999,0.74999,0.74999,0.74999,0.74999,13854.66226135,coinmetrics-community,2.37382641,4402628.7975,
2011-04-09,0.734060517241379,0.734060517241379,0.734060517241379,0.734060517241379,0.734060517241379,8940.96103764,coinmetrics-community,2.31988599,4314844.423370688,
2011-04-10,0.733156820572765,0.733156820572765,0.733156820572765,0.733156820572765,0.733156820572765,3946.44002038,coinmetrics-community,2.31383197,4315874.255665695,
2011-04-11,0.770113933372297,0.770113933372297,0.770113933372297,0.770113933372297,0.770113933372297,11255.96451706,coinmetrics-community,2.42399078,4539706.1201396845,
2011-04-12,0.861381607831677,0.861381607831677,0.861381607831677,0.861381607831677,0.861381607831677,41333.11260509,coinmetrics-community,2.6961135,5084735.631030389,
2011-04-13,0.930320058445353,0.930320058445353,0.930320058445353,0.930320058445353,0.930320058445353,40467.73712876,coinmetrics-community,2.89135449,5500703.409569839,
2011-04-14,0.998629766218586,0.998629766218586,0.998629766218586,0.998629766218586,0.998629766218586,29643.60890267,coinmetrics-community,3.07319764,5912587.256850382,
2011-04-15,0.983673136762127,0.983673136762127,0.983673136762127,0.983673136762127,0.983673136762127,50488.93920613,coinmetrics-community,2.99333242,5830722.518157508,
2011-04-16,1.04663285797779,1.04663285797779,1.04663285797779,1.04663285797779,1.04663285797779,30097.17666549,coinmetrics-community,3.15615233,6212969.639884858,
2011-04-17,1.09812209789597,1.09812209789597,1.09812209789597,1.09812209789597,1.09812209789597,26085.24948949,coinmetrics-community,3.27386129,6528500.590306226,
2011-04-18,1.14943331151373,1.14943331151373,1.14943331151373,1.14943331151373,1.14943331151373,31552.54792812,coinmetrics-community,3.37473832,6842059.258451054,
2011-04-19,1.18516222092344,1.18516222092344,1.18516222092344,1.18516222092344,1.18516222092344,14782.06274773,coinmetrics-community,3.42498343,7063863.127258933,
2011-04-20,1.14212598480421,1.14212598480421,1.14212598480421,1.14212598480421,1.14212598480421,24691.86369286,coinmetrics-community,3.28485981,6815579.708019883,
2011-04-21,1.20733887200468,1.20733887200468,1.20733887200468,1.20733887200468,1.20733887200468,46345.34981965,coinmetrics-community,3.43905824,7213608.292453562,
2011-04-22,1.40450508182349,1.40450508182349,1.40450508182349,1.40450508182349,1.40450508182349,50929.92235922,coinmetrics-community,3.90431563,8403996.607599035,
2011-04-23,1.82885230099357,1.82885230099357,1.82885230099357,1.82885230099357,1.82885230099357,103242.83861784,coinmetrics-community,4.86099744,10958848.75801367,
2011-04-24,1.63198421975453,1.63198421975453,1.63198421975453,1.63198421975453,1.63198421975453,36076.0063024,coinmetrics-community,4.27543628,9792394.913793106,
2011-04-25,1.56448363530099,1.56448363530099,1.56448363530099,1.56448363530099,1.56448363530099,21226.88972805,coinmetrics-community,4.06113168,9402390.19979542,
2011-04-26,1.77084089012274,1.77084089012274,1.77084089012274,1.77084089012274,1.77084089012274,40211.16690399,coinmetrics-community,4.51459705,10659842.364227353,
2011-04-27,1.9031759585038,1.9031759585038,1.9031759585038,1.9031759585038,1.9031759585038,62403.35440753,coinmetrics-community,4.76744161,11473867.21862771,
2011-04-28,2.28574446580947,2.28574446580947,2.28574446580947,2.28574446580947,2.28574446580947,203392.45848419,coinmetrics-community,5.53562475,13799039.34009177,
2011-04-29,2.85060509000585,2.85060509000585,2.85060509000585,2.85060509000585,2.85060509000585,148954.47357215,coinmetrics-community,5.27956549,17237608.979265373,
2011-04-30,3.5,3.5,3.5,3.5,3.5,214977.23542233,coinmetrics-community,5.74340681,21197575.0,
2011-05-01,3.0942275534775,3.0942275534775,3.0942275534775,3.0942275534775,3.0942275534775,143521.98265442,coinmetrics-community,4.96719361,18767727.802862428,
2011-05-02,3.2,3.2,3.2,3.2,3.2,59421.72104344,coinmetrics-community,5.05486151,19440800.0,
2011-05-03,3.36058570368206,3.36058570368206,3.36058570368206,3.36058570368206,3.36058570368206,56187.47500382,coinmetrics-community,5.13349205,20449332.03619052,
2011-05-04,3.40867304734074,3.40867304734074,3.40867304734074,3.40867304734074,3.40867304734074,59434.10799509,coinmetrics-community,4.84337805,20775521.356237076,
2011-05-05,3.34373668439509,3.34373668439509,3.34373668439509,3.34373668439509,3.34373668439509,52331.39303194,coinmetrics-community,4.67664599,20416354.63441376,
2011-05-06,3.45507558445354,3.45507558445354,3.45507558445354,3.45507558445354,3.45507558445354,80063.98069794,coinmetrics-community,4.63603126,21133833.58120619,
2011-05-07,3.64126297779077,3.64126297779077,3.64126297779077,3.64126297779077,3.64126297779077,64359.67749143,coinmetrics-community,4.80792811,22311656.833264053,
2011-05-08,3.84866837697253,3.84866837697253,3.84866837697253,3.84866837697253,3.84866837697253,79620.80698142,coinmetrics-community,4.92348609,23624665.965208177,
2011-05-09,3.80408958211572,3.80408958211572,3.80408958211572,3.80408958211572,3.80408958211572,43805.91812508,coinmetrics-community,4.77598264,23396482.36136542,
2011-05-10,5.65166700233781,5.65166700233781,5.65166700233781,5.65166700233781,5.65166700233781,266466.70594218,coinmetrics-community,6.2849561,34811442.90089974,
2011-05-11,5.43975104383402,5.43975104383402,5.43975104383402,5.43975104383402,5.43975104383402,281496.85721703,coinmetrics-community,5.77375573,33558096.17696426,
2011-05-12,6.3348786943308,6.3348786943308,6.3348786943308,6.3348786943308,6.3348786943308,184839.99045593,coinmetrics-community,6.23619574,39133713.13422852,
2011-05-13,8.13903486732905,8.13903486732905,8.13903486732905,8.13903486732905,8.13903486732905,478840.49158364,coinmetrics-community,6.81610339,50363126.90380206,
2011-05-14,7.00724382933957,7.00724382933957,7.00724382933957,7.00724382933957,7.00724382933957,435571.01773057,coinmetrics-community,5.71115111,43444561.37971387,
2011-05-15,6.92492484453536,6.92492484453536,6.92492484453536,6.92492484453536,6.92492484453536,123255.50104911,coinmetrics-community,5.38878812,43010361.96316689,
2011-05-16,7.88514074517826,7.88514074517826,7.88514074517826,7.88514074517826,7.88514074517826,343050.47371671,coinmetrics-community,5.64948105,49071596.39946786,
2011-05-17,7.25719954061952,7.25719954061952,7.25719954061952,7.25719954061952,7.25719954061952,265868.94554701,coinmetrics-community,5.05909092,45256984.84266235,
2011-05-18,6.76316336236119,6.76316336236119,6.76316336236119,6.76316336236119,6.76316336236119,181331.1647892,coinmetrics-community,4.61026723,42273490.68697503,
2011-05-19,6.89014363237873,6.89014363237873,6.89014363237873,6.89014363237873,6.89014363237873,170134.79940416,coinmetrics-community,4.62646251,43126097.940520205,
2011-05-20,5.61809621858562,5.61809621858562,5.61809621858562,5.61809621858562,5.61809621858562,278992.33745624,coinmetrics-community,3.71328197,35226025.04397268,
2011-05-21,6.08480066744594,6.08480066744594,6.08480066744594,6.08480066744594,6.08480066744594,185640.17008586,coinmetrics-community,4.07285788,38219241.41144662,
2011-05-22,6.71195603974284,6.71195603974284,6.71195603974284,6.71195603974284,6.71195603974284,154432.51590668,coinmetrics-community,4.35034379,42243037.66020989,
2011-05-23,7.06525678375219,7.06525678375219,7.06525678375219,7.06525678375219,7.06525678375219,250601.29717819,coinmetrics-community,4.487161,44567639.721256174,
2011-05-24,7.40266058211573,7.40266058211573,7.40266058211573,7.40266058211573,7.40266058211573,211827.28183543,coinmetrics-community,4.5999394,46806652.653661974,
2011-05-25,8.56928963705436,8.56928963705436,8.56928963705436,8.56928963705436,8.56928963705436,510905.17773898,coinmetrics-community,5.19133406,54314728.42084867,
2011-05-26,8.78215543424898,8.78215543424898,8.78215543424898,8.78215543424898,8.78215543424898,244820.48195604,coinmetrics-community,5.17913836,55793911.601505555,
2011-05-27,8.52865846814728,8.52865846814728,8.52865846814728,8.52865846814728,8.52865846814728,125149.04638679,coinmetrics-community,4.74938352,54254634.32690884,
2011-05-28,8.34926911981298,8.34926911981298,8.34926911981298,8.34926911981298,8.34926911981298,103463.69444804,coinmetrics-community,4.61095078,53178164.794420056,
2011-05-29,8.40095347223846,8.40095347223846,8.40095347223846,8.40095347223846,8.40095347223846,62138.87448834,coinmetrics-community,4.59177413,53582961.35262173,
2011-05-30,8.77934246464056,8.77934246464056,8.77934246464056,8.77934246464056,8.77934246464056,154258.84526411,coinmetrics-community,4.71031321,56064002.95715464,
2011-05-31,8.72157642197545,8.72157642197545,8.72157642197545,8.72157642197545,8.72157642197545,406882.26759379,coinmetrics-community,4.60202531,55760526.60904199,
2011-06-01,9.62377723202805,9.62377723202805,9.62377723202805,9.62377723202805,9.62377723202805,400564.34749926,coinmetrics-community,4.97744055,61619120.76499133,
2011-06-02,10.7027602279369,10.7027602279369,10.7027602279369,10.7027602279369,10.7027602279369,415112.71732064,coinmetrics-community,5.3275221,68629309.30257207,
2011-06-03,14.2646467738165,14.2646467738165,14.2646467738165,14.2646467738165,14.2646467738165,954513.5370521,coinmetrics-community,6.42904939,91613267.29751249,
2011-06-04,18.3127387258913,18.3127387258913,18.3127387258913,18.3127387258913,18.3127387258913,729670.8482534,coinmetrics-community,7.74313927,117816835.6837667,
2011-06-05,16.5433423962595,16.5433423962595,16.5433423962595,16.5433423962595,16.5433423962595,420612.4673068,coinmetrics-community,6.57534893,106605298.23606263,
2011-06-06,18.4020986440678,18.4020986440678,18.4020986440678,18.4020986440678,18.4020986440678,1016927.3940319,coinmetrics-community,6.0241396,118797507.92755513,
2011-06-07,23.2378784628872,23.2378784628872,23.2378784628872,23.2378784628872,23.2378784628872,1068903.3224625,coinmetrics-community,7.22127316,150213131.83349326,
2011-06-08,29.0299213267095,29.0299213267095,29.0299213267095,29.0299213267095,29.0299213267095,2858820.3833788,coinmetrics-community,7.38787829,187922292.42602178,
2011-06-09,28.7905440181181,28.7905440181181,28.7905440181181,28.7905440181181,28.7905440181181,1861589.6426567,coinmetrics-community,6.61438788,186692282.3975811,
2011-06-10,24.0493992285213,24.0493992285213,24.0493992285213,24.0493992285213,24.0493992285213,2274786.4045597,coinmetrics-community,5.13598194,156216479.85825014,
2011-06-11,14.7497466277031,14.7497466277031,14.7497466277031,14.7497466277031,14.7497466277031,2146587.9608155,coinmetrics-community,3.17745001,95995038.34225109,
2011-06-12,18.8501447311514,18.8501447311514,18.8501447311514,18.8501447311514,18.8501447311514,2451134.5644444,coinmetrics-community,3.60717104,122901058.44413237,
2011-06-13,19.5423291145529,19.5423291145529,19.5423291145529,19.5423291145529,19.5423291145529,1476239.5920137,coinmetrics-community,3.61267024,127635836.83400014,
2011-06-14,19.2577355055523,19.2577355055523,19.2577355055523,19.2577355055523,19.2577355055523,696003.9845202,coinmetrics-community,3.30858495,126014917.86155449,
2011-06-15,19.4641426241964,19.4641426241964,19.4641426241964,19.4641426241964,19.4641426241964,545336.1446287,coinmetrics-community,3.13518917,127637088.27065748,
2011-06-16,17.9293625423729,17.9293625423729,17.9293625423729,17.9293625423729,17.9293625423729,927743.4210058,coinmetrics-community,2.83819584,117734055.42332496,
2011-06-17,15.4363689129164,15.4363689129164,15.4363689129164,15.4363689129164,15.4363689129164,1684353.2260899,coinmetrics-community,2.42625836,101507246.36163746,
2011-06-18,16.8754045353594,16.8754045353594,16.8754045353594,16.8754045353594,16.8754045353594,569949.3444784,coinmetrics-community,2.62955708,111136351.47976218,
2011-06-19,17.5107167913501,17.5107167913501,17.5107167913501,17.5107167913501,17.5107167913501,536267.3792375,coinmetrics-community,2.69066084,115515571.88991056,
2011-06-20,17.5107167913501,17.5107167913501,17.5107167913501,17.5107167913501,17.5107167913501,0.0,coinmetrics-community,2.67081932,115720447.27636936,
2011-06-21,17.5107167913501,17.5107167913501,17.5107167913501,17.5107167913501,17.5107167913501,0.0,coinmetrics-community,2.63871848,115941957.84377994,
2011-06-22,17.5107167913501,17.5107167913501,17.5107167913501,17.5107167913501,17.5107167913501,0.0,coinmetrics-community,2.62779902,116169597.16206749,
2011-06-23,17.5107167913501,17.5107167913501,17.5107167913501,17.5107167913501,17.5107167913501,0.0,coinmetrics-community,2.61500773,116379725.7635637,
2011-06-24,17.5107167913501,17.5107167913501,17.5107167913501,17.5107167913501,17.5107167913501,0.0,coinmetrics-community,2.59755925,116568841.50491028,
2011-06-25,17.5107167913501,17.5107167913501,17.5107167913501,17.5107167913501,17.5107167913501,0.0,coinmetrics-community,2.58920413,116694043.12996842,
2011-06-26,16.3613420157802,16.3613420157802,16.3613420157802,16.3613420157802,16.3613420157802,234621.797322534,coinmetrics-community,2.40438777,109156329.2288656,
2011-06-27,16.7522858132671,16.7522858132671,16.7522858132671,16.7522858132671,16.7522858132671,535096.370100931,coinmetrics-community,2.41862667,111906106.67939186,
2011-06-28,16.9618353071303,16.9618353071303,16.9618353071303,16.9618353071303,16.9618353071303,413032.221339056,coinmetrics-community,2.4228443,113441602.45623428,
2011-06-29,16.8545683179427,16.8545683179427,16.8545683179427,16.8545683179427,16.8545683179427,355303.176386178,coinmetrics-community,2.39153255,112869144.75780512,
2011-06-30,16.1852627808299,16.1852627808299,16.1852627808299,16.1852627808299,16.1852627808299,577145.549087386,coinmetrics-community,2.27916897,108541609.09894869,
2011-07-01,15.4203573991818,15.4203573991818,15.4203573991818,15.4203573991818,15.4203573991818,529197.490980931,coinmetrics-community,2.17517451,103545386.72769219,
2011-07-02,15.38284406955,15.38284406955,15.38284406955,15.38284406955,15.38284406955,302134.704142592,coinmetrics-community,2.17108212,103423475.37897693,
2011-07-03,15.4575505604909,15.4575505604909,15.4575505604909,15.4575505604909,15.4575505604909,259875.505397436,coinmetrics-community,2.17640481,104053274.32089686,
2011-07-04,13.8527968123904,13.8527968123904,13.8527968123904,13.8527968123904,13.8527968123904,756913.589717027,coinmetrics-community,1.95761946,93368543.01682381,
2011-07-05,12.9648177147867,12.9648177147867,12.9648177147867,12.9648177147867,12.9648177147867,1076305.46144722,coinmetrics-community,1.82728432,87473624.99201755,
2011-07-06,14.7147835832846,14.7147835832846,14.7147835832846,14.7147835832846,14.7147835832846,1655319.63265285,coinmetrics-community,2.06878863,99396155.740402,
2011-07-07,14.7972891613092,14.7972891613092,14.7972891613092,14.7972891613092,14.7972891613092,825452.249320516,coinmetrics-community,2.07598143,100050390.78730299,
2011-07-08,14.2990376969608,14.2990376969608,14.2990376969608,14.2990376969608,14.2990376969608,500143.375349761,coinmetrics-community,2.0056172,96799480.40224016,
2011-07-09,14.3815006697838,14.3815006697838,14.3815006697838,14.3815006697838,14.3815006697838,171329.271471347,coinmetrics-community,2.01609779,97464868.04537664,
2011-07-10,14.6229375511397,14.6229375511397,14.6229375511397,14.6229375511397,14.6229375511397,682903.161418476,coinmetrics-community,2.03850499,99201277.05382465,
2011-07-11,14.3101554330801,14.3101554330801,14.3101554330801,14.3101554330801,14.3101554330801,706457.516741123,coinmetrics-community,1.99133352,97191713.52729173,
2011-07-12,14.0212726215663,14.0212726215663,14.0212726215663,14.0212726215663,14.0212726215663,372986.554372407,coinmetrics-community,1.94872351,95328529.22292317,
2011-07-13,13.9714545225015,13.9714545225015,13.9714545225015,13.9714545225015,13.9714545225015,145032.068345172,coinmetrics-community,1.93841196,95123250.83128452,
2011-07-14,13.997974547633,13.997974547633,13.997974547633,13.997974547633,13.997974547633,245982.113160544,coinmetrics-community,1.93955814,95404595.1868676,
2011-07-15,13.8063904056108,13.8063904056108,13.8063904056108,13.8063904056108,13.8063904056108,344982.096990034,coinmetrics-community,1.91086852,94210666.07270238,
2011-07-16,13.7130792992402,13.7130792992402,13.7130792992402,13.7130792992402,13.7130792992402,235142.968167897,coinmetrics-community,1.89668424,93681586.74959345,
2011-07-17,13.2581353109293,13.2581353109293,13.2581353109293,13.2581353109293,13.2581353109293,458510.185605453,coinmetrics-community,1.8320481,90686308.30094047,
2011-07-18,13.6305212504383,13.6305212504383,13.6305212504383,13.6305212504383,13.6305212504383,988903.241225481,coinmetrics-community,1.94207395,93349306.17338388,
2011-07-19,13.8247948386908,13.8247948386908,13.8247948386908,13.8247948386908,13.8247948386908,948485.715897471,coinmetrics-community,1.96438973,94777954.5976225,
2011-07-20,13.6783305920514,13.6783305920514,13.6783305920514,13.6783305920514,13.6783305920514,317332.298167056,coinmetrics-community,1.96296845,93875750.54952452,
2011-07-21,13.6118084418469,13.6118084418469,13.6118084418469,13.6118084418469,13.6118084418469,341665.516821984,coinmetrics-community,1.95201716,93522652.12527928,
2011-07-22,13.6985473310929,13.6985473310929,13.6985473310929,13.6985473310929,13.6985473310929,207044.151814098,coinmetrics-community,1.96311336,94222033.04310413,
2011-07-23,13.6817183424898,13.6817183424898,13.6817183424898,13.6817183424898,13.6817183424898,306380.158426368,coinmetrics-community,1.95853437,94206155.59631333,
2011-07-24,13.992515176505,13.992515176505,13.992515176505,13.992515176505,13.992515176505,369041.820924233,coinmetrics-community,1.99913286,96462300.6096237,
2011-07-25,14.0334253787259,14.0334253787259,14.0334253787259,14.0334253787259,14.0334253787259,448277.199504402,coinmetrics-community,2.00132141,96860105.16616964,
2011-07-26,13.8780323232028,13.8780323232028,13.8780323232028,13.8780323232028,13.8780323232028,233585.083859675,coinmetrics-community,1.97632833,95909693.44364177,
2011-07-27,13.878224755114,13.878224755114,13.878224755114,13.878224755114,13.878224755114,160645.536475778,coinmetrics-community,1.97282473,96031763.87670445,
2011-07-28,13.4915910756867,13.4915910756867,13.4915910756867,13.4915910756867,13.4915910756867,445690.57984128,coinmetrics-community,1.91925019,93460973.30324222,
2011-07-29,13.5123163901227,13.5123163901227,13.5123163901227,13.5123163901227,13.5123163901227,98020.7298443542,coinmetrics-community,1.91940166,93715345.80439219,
2011-07-30,13.5402806738749,13.5402806738749,13.5402806738749,13.5402806738749,13.5402806738749,82590.4436874694,coinmetrics-community,1.91948827,94012199.62541157,
2011-07-31,13.3729061022794,13.3729061022794,13.3729061022794,13.3729061022794,13.3729061022794,618135.50132163,coinmetrics-community,1.8957305,92967105.79870696,
2011-08-01,13.0191138468732,13.0191138468732,13.0191138468732,13.0191138468732,13.0191138468732,286373.019619241,coinmetrics-community,1.84650394,90614985.11112323,
2011-08-02,12.2141564389246,12.2141564389246,12.2141564389246,12.2141564389246,12.2141564389246,709463.155813166,coinmetrics-community,1.73338364,85106409.8208191,
2011-08-03,9.28635691350088,9.28635691350088,9.28635691350088,9.28635691350088,9.28635691350088,943628.171611791,coinmetrics-community,1.33360498,64778839.828644425,
2011-08-04,10.7685037481005,10.7685037481005,10.7685037481005,10.7685037481005,10.7685037481005,529876.353917214,coinmetrics-community,1.54422773,75187308.33711477,
2011-08-05,9.73015395967271,9.73015395967271,9.73015395967271,9.73015395967271,9.73015395967271,315866.930707527,coinmetrics-community,1.40034516,68005505.44994488,
2011-08-06,6.964169735827,6.964169735827,6.964169735827,6.964169735827,6.964169735827,801213.077327016,coinmetrics-community,1.01786264,48716108.27490205,
2011-08-07,8.50179329222677,8.50179329222677,8.50179329222677,8.50179329222677,8.50179329222677,693796.976732228,coinmetrics-community,1.24329896,59525730.74017233,
2011-08-08,7.77533763793104,7.77533763793104,7.77533763793104,7.77533763793104,7.77533763793104,263570.18529202,coinmetrics-community,1.15587536,54492287.45704055,
2011-08-09,9.80249948100526,9.80249948100526,9.80249948100526,9.80249948100526,9.80249948100526,1112123.77050442,coinmetrics-community,1.45369998,68770905.38588946,
2011-08-10,10.0512531274109,10.0512531274109,10.0512531274109,10.0512531274109,10.0512531274109,242598.482903495,coinmetrics-community,1.48953532,70592463.42657597,
2011-08-11,9.43841299473992,9.43841299473992,9.43841299473992,9.43841299473992,9.43841299473992,550577.884257,coinmetrics-community,1.40111707,66352987.09993689,
2011-08-12,9.45299328521333,9.45299328521333,9.45299328521333,9.45299328521333,9.45299328521333,387476.177522872,coinmetrics-community,1.40327416,66517405.10586635,
2011-08-13,10.0040247445938,10.0040247445938,10.0040247445938,10.0040247445938,10.0040247445938,291543.083266038,coinmetrics-community,1.48374896,70459846.77984548,
2011-08-14,10.8068207665108,10.8068207665108,10.8068207665108,10.8068207665108,10.8068207665108,468353.912469601,coinmetrics-community,1.60021658,76185384.5906412,
2011-08-15,11.1306965499708,11.1306965499708,11.1306965499708,11.1306965499708,11.1306965499708,431203.739934803,coinmetrics-community,1.64552851,78540420.88459688,
2011-08-16,10.9919655669199,10.9919655669199,10.9919655669199,10.9919655669199,10.9919655669199,169357.887064125,coinmetrics-community,1.62211392,77642298.27029729,
2011-08-17,10.9639640561075,10.9639640561075,10.9639640561075,10.9639640561075,10.9639640561075,249104.67570806,coinmetrics-community,1.61521112,77519063.15445991,
2011-08-18,10.8584714558738,10.8584714558738,10.8584714558738,10.8584714558738,10.8584714558738,89515.2759826026,coinmetrics-community,1.59806892,76851374.54393479,
2011-08-19,11.6704730432496,11.6704730432496,11.6704730432496,11.6704730432496,11.6704730432496,384311.808781286,coinmetrics-community,1.71440506,82674797.96897964,
2011-08-20,11.4597317393337,11.4597317393337,11.4597317393337,11.4597317393337,11.4597317393337,113881.292538963,coinmetrics-community,1.68142171,81268979.46123537,
2011-08-21,11.3544813407364,11.3544813407364,11.3544813407364,11.3544813407364,11.3544813407364,99221.9754919609,coinmetrics-community,1.66508331,80613411.0612813,
2011-08-22,10.9208958246639,10.9208958246639,10.9208958246639,10.9208958246639,10.9208958246639,407895.463730893,coinmetrics-community,1.60062575,77627365.54687564,
2011-08-23,10.9172450543542,10.9172450543542,10.9172450543542,10.9172450543542,10.9172450543542,141019.1094699,coinmetrics-community,1.60020118,77686023.97310649,
2011-08-24,10.870444289889,10.870444289889,10.870444289889,10.870444289889,10.870444289889,85542.486410806,coinmetrics-community,1.5924043,77425826.39045884,
2011-08-25,9.5460936735827,9.5460936735827,9.5460936735827,9.5460936735827,9.5460936735827,555243.041907589,coinmetrics-community,1.38808124,68057442.83629578,
2011-08-26,8.12692016306254,8.12692016306254,8.12692016306254,8.12692016306254,8.12692016306254,718309.625316433,coinmetrics-community,1.18126116,57999391.046459146,
2011-08-27,8.59649760666277,8.59649760666277,8.59649760666277,8.59649760666277,8.59649760666277,189777.373548783,coinmetrics-community,1.32290185,61403063.018905774,
2011-08-28,9.03086639976622,9.03086639976622,9.03086639976622,9.03086639976622,9.03086639976622,216711.376530192,coinmetrics-community,1.38880945,64558051.45506004,
2011-08-29,8.96115727060199,8.96115727060199,8.96115727060199,8.96115727060199,8.96115727060199,193411.573918726,coinmetrics-community,1.37651145,64121560.760180876,
2011-08-30,8.80994873816481,8.80994873816481,8.80994873816481,8.80994873816481,8.80994873816481,103598.51116242,coinmetrics-community,1.35371166,63103900.73362733,
2011-08-31,8.19915176446523,8.19915176446523,8.19915176446523,8.19915176446523,8.19915176446523,164297.604523425,coinmetrics-community,1.26084033,58792427.602694556,
2011-09-01,8.23428166510813,8.23428166510813,8.23428166510813,8.23428166510813,8.23428166510813,99192.6782247702,coinmetrics-community,1.26774835,59097439.42813815,
2011-09-02,8.6214244377557,8.6214244377557,8.6214244377557,8.6214244377557,8.6214244377557,142808.241800912,coinmetrics-community,1.32640199,61943210.214172825,
2011-09-03,8.44965344067796,8.44965344067796,8.44965344067796,8.44965344067796,8.44965344067796,59308.2436892044,coinmetrics-community,1.29992885,60770329.943531305,
2011-09-04,8.20347060227937,8.20347060227937,8.20347060227937,8.20347060227937,8.20347060227937,160840.128421875,coinmetrics-community,1.26279873,59054733.91612383,
2011-09-05,7.5973325251315,7.5973325251315,7.5973325251315,7.5973325251315,7.5973325251315,237000.807443613,coinmetrics-community,1.17142574,54750556.63301301,
2011-09-06,6.84653002893045,6.84653002893045,6.84653002893045,6.84653002893045,6.84653002893045,566466.329846042,coinmetrics-community,1.05875513,49391552.21324179,
2011-09-07,7.16297027352426,7.16297027352426,7.16297027352426,7.16297027352426,7.16297027352426,352780.446060414,coinmetrics-community,1.10898952,51723091.97646155,
2011-09-08,6.67818000029223,6.67818000029223,6.67818000029223,6.67818000029223,6.67818000029223,220138.07449397,coinmetrics-community,1.03732633,48265544.15833018,
2011-09-09,4.98677704178843,4.98677704178843,4.98677704178843,4.98677704178843,4.98677704178843,1169764.20801102,coinmetrics-community,0.7778049,36079581.18632356,
2011-09-10,4.74284665517242,4.74284665517242,4.74284665517242,4.74284665517242,4.74284665517242,225314.81857883,coinmetrics-community,0.74125214,34346272.5753336,
2011-09-11,5.85290397253068,5.85290397253068,5.85290397253068,5.85290397253068,5.85290397253068,878956.517715646,coinmetrics-community,0.95191723,42421555.289174646,
2011-09-12,6.09062947223846,6.09062947223846,6.09062947223846,6.09062947223846,6.09062947223846,392392.135248391,coinmetrics-community,0.99274325,44185080.50839478,
2011-09-13,5.80252327703098,5.80252327703098,5.80252327703098,5.80252327703098,5.80252327703098,145962.036283991,coinmetrics-community,0.94859348,42136183.22279058,
2011-09-14,5.59743261016949,5.59743261016949,5.59743261016949,5.59743261016949,5.59743261016949,254058.30839288,coinmetrics-community,0.9162271,40687737.58734764,
2011-09-15,4.86775518468732,4.86775518468732,4.86775518468732,4.86775518468732,4.86775518468732,453721.071993742,coinmetrics-community,0.79879632,35421680.879255086,
2011-09-16,4.83116810052601,4.83116810052601,4.83116810052601,4.83116810052601,4.83116810052601,159170.398871659,coinmetrics-community,0.7945909,35184189.43579407,
2011-09-17,4.775285635301,4.775285635301,4.775285635301,4.775285635301,4.775285635301,100445.491732019,coinmetrics-community,0.78623754,34809205.82649197,
2011-09-18,5.23673227819988,5.23673227819988,5.23673227819988,5.23673227819988,5.23673227819988,239136.34925794,coinmetrics-community,0.86238311,38214268.23795452,
2011-09-19,5.52037669199299,5.52037669199299,5.52037669199299,5.52037669199299,5.52037669199299,276343.598200417,coinmetrics-community,0.91006394,40319175.19010538,
2011-09-20,6.14666555172414,6.14666555172414,6.14666555172414,6.14666555172414,6.14666555172414,781994.071557871,coinmetrics-community,1.01350919,44936427.78752296,
2011-09-21,5.59706749795441,5.59706749795441,5.59706749795441,5.59706749795441,5.59706749795441,398925.17690441,coinmetrics-community,0.92389277,40959339.89405964,
2011-09-22,5.47504877673875,5.47504877673875,5.47504877673875,5.47504877673875,5.47504877673875,188153.407926815,coinmetrics-community,0.90549337,40106922.254371494,
2011-09-23,5.56342141963764,5.56342141963764,5.56342141963764,5.56342141963764,5.56342141963764,317410.68148299,coinmetrics-community,0.92077591,40791283.96421989,
2011-09-24,5.45788968731736,5.45788968731736,5.45788968731736,5.45788968731736,5.45788968731736,99330.8877811466,coinmetrics-community,0.90381871,40052723.4157995,
2011-09-25,5.34115488135593,5.34115488135593,5.34115488135593,5.34115488135593,5.34115488135593,53125.5399676652,coinmetrics-community,0.88996971,39232651.95435618,
2011-09-26,4.87382608123904,4.87382608123904,4.87382608123904,4.87382608123904,4.87382608123904,287284.635830997,coinmetrics-community,0.81318218,35832612.99183518,
2011-09-27,4.91115779251899,4.91115779251899,4.91115779251899,4.91115779251899,4.91115779251899,129685.75597665,coinmetrics-community,0.82013287,36139736.79869787,
2011-09-28,4.76341532144945,4.76341532144945,4.76341532144945,4.76341532144945,4.76341532144945,161561.045969449,coinmetrics-community,0.79634397,35087555.380928524,
2011-09-29,4.77766097837522,4.77766097837522,4.77766097837522,4.77766097837522,4.77766097837522,71997.306537517,coinmetrics-community,0.79926256,35222349.98309898,
2011-09-30,5.14368590999416,5.14368590999416,5.14368590999416,5.14368590999416,5.14368590999416,215250.845473432,coinmetrics-community,0.86045873,37952172.066864,
2011-10-01,5.03407054471069,5.03407054471069,5.03407054471069,5.03407054471069,5.03407054471069,121610.223121837,coinmetrics-community,0.84362417,37179379.66114728,
2011-10-02,5.00706259672706,5.00706259672706,5.00706259672706,5.00706259672706,5.00706259672706,53016.8218821118,coinmetrics-community,0.84035131,37010203.83989706,
2011-10-03,5.02284486031561,5.02284486031561,5.02284486031561,5.02284486031561,5.02284486031561,88792.7032478123,coinmetrics-community,0.84387152,37163275.64451765,
2011-10-04,4.95680562068966,4.95680562068966,4.95680562068966,4.95680562068966,4.95680562068966,86323.8818370315,coinmetrics-community,0.83346608,36702419.32854745,
2011-10-05,4.88506713091759,4.88506713091759,4.88506713091759,4.88506713091759,4.88506713091759,93208.8287644292,coinmetrics-community,0.82223206,36206652.00537118,
2011-10-06,4.73016629573349,4.73016629573349,4.73016629573349,4.73016629573349,4.73016629573349,270025.411456454,coinmetrics-community,0.79686105,35088846.55107889,
2011-10-07,4.27603575686733,4.27603575686733,4.27603575686733,4.27603575686733,4.27603575686733,464323.179630247,coinmetrics-community,0.72247318,31749565.451979525,
2011-10-08,3.98125299415546,3.98125299415546,3.98125299415546,3.98125299415546,3.98125299415546,163571.690190679,coinmetrics-community,0.67368961,29584491.897106946,
2011-10-09,4.11163464348334,4.11163464348334,4.11163464348334,4.11163464348334,4.11163464348334,161005.077426828,coinmetrics-community,0.6969726,30579460.29286226,
2011-10-10,4.07496248392753,4.07496248392753,4.07496248392753,4.07496248392753,4.07496248392753,74148.2374752135,coinmetrics-community,0.69210157,30331779.460240707,
2011-10-11,4.00892449590883,4.00892449590883,4.00892449590883,4.00892449590883,4.00892449590883,171217.487628887,coinmetrics-community,0.68231478,29858870.497889273,
2011-10-12,4.16623534248977,4.16623534248977,4.16623534248977,4.16623534248977,4.16623534248977,291129.768728891,coinmetrics-community,0.71047083,31055534.8247906,
2011-10-13,4.03698109000584,4.03698109000584,4.03698109000584,4.03698109000584,4.03698109000584,89174.3261229242,coinmetrics-community,0.68913751,30111640.06092921,
2011-10-14,3.98628088544711,3.98628088544711,3.98628088544711,3.98628088544711,3.98628088544711,88198.2107667455,coinmetrics-community,0.68173462,29761174.42279673,
2011-10-15,3.83733856049094,3.83733856049094,3.83733856049094,3.83733856049094,3.83733856049094,169869.355849838,coinmetrics-community,0.65700741,28674896.088751175,
2011-10-16,3.60974171654003,3.60974171654003,3.60974171654003,3.60974171654003,3.60974171654003,137008.001019403,coinmetrics-community,0.61884987,26995633.878132988,
2011-10-17,2.58124672180012,2.58124672180012,2.58124672180012,2.58124672180012,2.58124672180012,649179.851890414,coinmetrics-community,0.44588055,19319212.001164414,
2011-10-18,2.42227473816482,2.42227473816482,2.42227473816482,2.42227473816482,2.42227473816482,239362.756656348,coinmetrics-community,0.41992353,18143927.788263906,
2011-10-19,2.21725471303331,2.21725471303331,2.21725471303331,2.21725471303331,2.21725471303331,247166.69801904,coinmetrics-community,0.38682853,16622980.28690946,
2011-10-20,2.35612350847458,2.35612350847458,2.35612350847458,2.35612350847458,2.35612350847458,130997.060266543,coinmetrics-community,0.41178781,17677641.241997246,
2011-10-21,2.57009230508475,2.57009230508475,2.57009230508475,2.57009230508475,2.57009230508475,212238.990949969,coinmetrics-community,0.4496029,19298566.08394993,
2011-10-22,3.15548613851549,3.15548613851549,3.15548613851549,3.15548613851549,3.15548613851549,399775.532853038,coinmetrics-community,0.55278915,23709691.716022797,
2011-10-23,3.14775092986558,3.14775092986558,3.14775092986558,3.14775092986558,3.14775092986558,125224.49586298,coinmetrics-community,0.55184552,23668568.76036773,
2011-10-24,2.52293599766219,2.52293599766219,2.52293599766219,2.52293599766219,2.52293599766219,278027.121164833,coinmetrics-community,0.44332969,18986480.97197731,
2011-10-25,2.80192383109293,2.80192383109293,2.80192383109293,2.80192383109293,2.80192383109293,330046.548815257,coinmetrics-community,0.49277864,21104090.267772682,
2011-10-26,2.7775052390415,2.7775052390415,2.7775052390415,2.7775052390415,2.7775052390415,92002.1453252129,coinmetrics-community,0.49043071,20936417.83833389,
2011-10-27,3.04540782758621,3.04540782758621,3.04540782758621,3.04540782758621,3.04540782758621,184029.63368163,coinmetrics-community,0.53782812,22971054.401854534,
2011-10-28,3.17963943658679,3.17963943658679,3.17963943658679,3.17963943658679,3.17963943658679,174531.106544653,coinmetrics-community,0.56150563,24000236.399504323,
2011-10-29,3.56918896873174,3.56918896873174,3.56918896873174,3.56918896873174,3.56918896873174,293833.819937821,coinmetrics-community,0.63046202,26960761.136865456,
2011-10-30,3.25740372296902,3.25740372296902,3.25740372296902,3.25740372296902,3.25740372296902,181849.842719369,coinmetrics-community,0.57571366,24623691.930465642,
2011-10-31,3.26509821274109,3.26509821274109,3.26509821274109,3.26509821274109,3.26509821274109,102501.09510914,coinmetrics-community,0.57758861,24703243.28021616,
2011-11-01,3.17100774284044,3.17100774284044,3.17100774284044,3.17100774284044,3.17100774284044,136011.090427832,coinmetrics-community,0.56157774,24015151.457530536,
2011-11-02,3.2558005666277,3.2558005666277,3.2558005666277,3.2558005666277,3.2558005666277,109852.976929193,coinmetrics-community,0.57806992,24682386.853074886,
2011-11-03,3.16831638515488,3.16831638515488,3.16831638515488,3.16831638515488,3.16831638515488,96873.1443746164,coinmetrics-community,0.56292746,24038966.877402425,
2011-11-04,3.12011817182934,3.12011817182934,3.12011817182934,3.12011817182934,3.12011817182934,133407.091912931,coinmetrics-community,0.55505983,23696205.442482483,
2011-11-05,2.97781759789597,2.97781759789597,2.97781759789597,2.97781759789597,2.97781759789597,165463.489435125,coinmetrics-community,0.53030549,22637220.458547063,
2011-11-06,2.96272057685564,2.96272057685564,2.96272057685564,2.96272057685564,2.96272057685564,53666.6553607153,coinmetrics-community,0.52799021,22543785.24775386,
2011-11-07,3.01775768731736,3.01775768731736,3.01775768731736,3.01775768731736,3.01775768731736,81775.3438281518,coinmetrics-community,0.5382165,22982488.077009577,
2011-11-08,3.05656711104617,3.05656711104617,3.05656711104617,3.05656711104617,3.05656711104617,194045.905880379,coinmetrics-community,0.54611468,23300822.370361462,
2011-11-09,2.9195672238457,2.9195672238457,2.9195672238457,2.9195672238457,2.9195672238457,171743.795616583,coinmetrics-community,0.53811177,22279947.347776797,
2011-11-10,2.85670208533022,2.85670208533022,2.85670208533022,2.85670208533022,2.85670208533022,103236.301748728,coinmetrics-community,0.52701216,21820347.50981077,
2011-11-11,3.06786173348919,3.06786173348919,3.06786173348919,3.06786173348919,3.06786173348919,150091.874852287,coinmetrics-community,0.56660138,23451502.025546093,
2011-11-12,3.02552299590883,3.02552299590883,3.02552299590883,3.02552299590883,3.02552299590883,65964.3116381231,coinmetrics-community,0.55904007,23149486.620641563,
2011-11-13,2.98637330333139,2.98637330333139,2.98637330333139,2.98637330333139,2.98637330333139,30256.4093800328,coinmetrics-community,0.55219421,22871438.55103002,
2011-11-14,2.22422446434833,2.22422446434833,2.22422446434833,2.22422446434833,2.22422446434833,992685.800386583,coinmetrics-community,0.4125825,17050348.665335942,
2011-11-15,2.3223841157218,2.3223841157218,2.3223841157218,2.3223841157218,2.3223841157218,182304.064179621,coinmetrics-community,0.43137161,17821975.68082523,
2011-11-16,2.54678093074226,2.54678093074226,2.54678093074226,2.54678093074226,2.54678093074226,118893.494158355,coinmetrics-community,0.50419206,19561187.60833078,
2011-11-17,2.27909583576856,2.27909583576856,2.27909583576856,2.27909583576856,2.27909583576856,275509.059469985,coinmetrics-community,0.45379982,17521005.033846978,
2011-11-18,2.10506600321449,2.10506600321449,2.10506600321449,2.10506600321449,2.10506600321449,221061.033188265,coinmetrics-community,0.42341662,16197114.58078273,
2011-11-19,2.20345672180012,2.20345672180012,2.20345672180012,2.20345672180012,2.20345672180012,171114.580020367,coinmetrics-community,0.44318529,16967718.464187235,
2011-11-20,2.20198950964348,2.20198950964348,2.20198950964348,2.20198950964348,2.20198950964348,186675.236645693,coinmetrics-community,0.44369635,16972164.42198365,
2011-11-21,2.27987916540035,2.27987916540035,2.27987916540035,2.27987916540035,2.27987916540035,97890.8015962371,coinmetrics-community,0.45948528,17585961.913475055,
2011-11-22,2.32245859614261,2.32245859614261,2.32245859614261,2.32245859614261,2.32245859614261,88828.206278791,coinmetrics-community,0.46857456,17930657.691224217,
2011-11-23,2.33032356750438,2.33032356750438,2.33032356750438,2.33032356750438,2.33032356750438,100928.189375951,coinmetrics-community,0.4707238,18006992.76369496,
2011-11-24,2.43887900029223,2.43887900029223,2.43887900029223,2.43887900029223,2.43887900029223,225387.075850755,coinmetrics-community,0.49214464,18859607.396970972,
2011-11-25,2.49616100292227,2.49616100292227,2.49616100292227,2.49616100292227,2.49616100292227,125387.846977821,coinmetrics-community,0.50383539,19319412.48130571,
2011-11-26,2.47179996902396,2.47179996902396,2.47179996902396,2.47179996902396,2.47179996902396,92065.9905565401,coinmetrics-community,0.50116148,19145697.40535241,
2011-11-27,2.47756495119813,2.47756495119813,2.47756495119813,2.47756495119813,2.47756495119813,59946.0262932405,coinmetrics-community,0.50265443,19204473.05969395,
2011-11-28,2.5412402521917,2.5412402521917,2.5412402521917,2.5412402521917,2.5412402521917,112844.525107013,coinmetrics-community,0.52129794,19714179.479015123,
2011-11-29,2.75769848275862,2.75769848275862,2.75769848275862,2.75769848275862,2.75769848275862,526811.130930772,coinmetrics-community,0.56397222,21412425.611650568,
2011-11-30,2.9660415458796,2.9660415458796,2.9660415458796,2.9660415458796,2.9660415458796,371144.455119511,coinmetrics-community,0.60468486,23054151.09399792,
2011-12-01,3.08258945002922,3.08258945002922,3.08258945002922,3.08258945002922,3.08258945002922,212078.836958177,coinmetrics-community,0.62781131,23988094.551411457,
2011-12-02,3.10040233313852,3.10040233313852,3.10040233313852,3.10040233313852,3.10040233313852,189570.857553926,coinmetrics-community,0.63153668,24149343.782045193,
2011-12-03,2.80385618527177,2.80385618527177,2.80385618527177,2.80385618527177,2.80385618527177,374242.168957231,coinmetrics-community,0.57397228,21860825.49166982,
2011-12-04,2.81969397603741,2.81969397603741,2.81969397603741,2.81969397603741,2.81969397603741,270250.489828311,coinmetrics-community,0.57735261,22003481.91381096,
2011-12-05,2.87479622735242,2.87479622735242,2.87479622735242,2.87479622735242,2.87479622735242,100166.945411495,coinmetrics-community,0.58900798,22456183.221592702,
2011-12-06,3.02536045149036,3.02536045149036,3.02536045149036,3.02536045149036,3.02536045149036,176136.800801817,coinmetrics-community,0.6191175,23658167.432378408,
2011-12-07,2.98550242109877,2.98550242109877,2.98550242109877,2.98550242109877,2.98550242109877,192283.426941812,coinmetrics-community,0.61474353,23367079.594721854,
2011-12-08,2.99188048305085,2.99188048305085,2.99188048305085,2.99188048305085,2.99188048305085,134067.492835145,coinmetrics-community,0.61605341,23441533.14880873,
2011-12-09,2.95579195207481,2.95579195207481,2.95579195207481,2.95579195207481,2.95579195207481,113161.43561732,coinmetrics-community,0.60914874,23180502.775393542,
2011-12-10,3.06897526709527,3.06897526709527,3.06897526709527,3.06897526709527,3.06897526709527,231234.49857665,coinmetrics-community,0.63235376,24090228.22590125,
2011-12-11,3.2492688471654,3.2492688471654,3.2492688471654,3.2492688471654,3.2492688471654,370484.184382056,coinmetrics-community,0.66826403,25530155.15345526,
2011-12-12,3.18733535651666,3.18733535651666,3.18733535651666,3.18733535651666,3.18733535651666,134937.346062534,coinmetrics-community,0.65547484,25063770.910863195,
2011-12-13,3.24108840853302,3.24108840853302,3.24108840853302,3.24108840853302,3.24108840853302,114948.946103084,coinmetrics-community,0.66660548,25507851.90600523,
2011-12-14,3.1550865043834,3.1550865043834,3.1550865043834,3.1550865043834,3.1550865043834,238906.367087966,coinmetrics-community,0.65014649,24855140.43268065,
2011-12-15,3.20313854061952,3.20313854061952,3.20313854061952,3.20313854061952,3.20313854061952,104801.246566316,coinmetrics-community,0.6600436,25251622.339088507,
2011-12-16,3.2091377773232,3.2091377773232,3.2091377773232,3.2091377773232,3.2091377773232,108298.129160955,coinmetrics-community,0.66134284,25317850.63454451,
2011-12-17,3.19254170426651,3.19254170426651,3.19254170426651,3.19254170426651,3.19254170426651,58175.5720287428,coinmetrics-community,0.65825176,25210863.29832633,
2011-12-18,3.19401080888369,3.19401080888369,3.19401080888369,3.19401080888369,3.19401080888369,36385.5474370053,coinmetrics-community,0.65885831,25245461.401476547,
2011-12-19,3.52577391934541,3.52577391934541,3.52577391934541,3.52577391934541,3.52577391934541,515055.441853397,coinmetrics-community,0.72601344,27895746.925907142,
2011-12-20,3.95255082729398,3.95255082729398,3.95255082729398,3.95255082729398,3.95255082729398,759872.604763768,coinmetrics-community,0.81110758,31298866.569025926,
2011-12-21,3.88899325073057,3.88899325073057,3.88899325073057,3.88899325073057,3.88899325073057,203855.387280965,coinmetrics-community,0.79739555,30824549.3657256,
2011-12-22,3.90306042051432,3.90306042051432,3.90306042051432,3.90306042051432,3.90306042051432,226514.038911547,coinmetrics-community,0.79956455,30964929.807119716,
2011-12-23,3.93796507597896,3.93796507597896,3.93796507597896,3.93796507597896,3.93796507597896,109463.082577433,coinmetrics-community,0.80606997,31269805.44293884,
2011-12-24,3.93941911864407,3.93941911864407,3.93941911864407,3.93941911864407,3.93941911864407,59692.348382021,coinmetrics-community,0.80659692,31309912.20272104,
2011-12-25,4.23386687784921,4.23386687784921,4.23386687784921,4.23386687784921,4.23386687784921,350539.883784072,coinmetrics-community,0.86693708,33686973.464612424,
2011-12-26,3.99912196405611,3.99912196405611,3.99912196405611,3.99912196405611,3.99912196405611,364750.992432361,coinmetrics-community,0.81869415,31854606.05250128,
2011-12-27,4.0955185458796,4.0955185458796,4.0955185458796,4.0955185458796,4.0955185458796,142736.648049299,coinmetrics-community,0.83793425,32652135.89385177,
2011-12-28,4.20729587609585,4.20729587609585,4.20729587609585,4.20729587609585,4.20729587609585,152117.325706413,coinmetrics-community,0.86007177,33575903.96752232,
2011-12-29,4.17335222676797,4.17335222676797,4.17335222676797,4.17335222676797,4.17335222676797,231608.704985313,coinmetrics-community,0.85308817,33333816.199130245,
2011-12-30,4.31063509000584,4.31063509000584,4.31063509000584,4.31063509000584,4.31063509000584,189582.591645857,coinmetrics-community,0.88040913,34460941.120436296,
2011-12-31,4.71430633138515,4.71430633138515,4.71430633138515,4.71430633138515,4.71430633138515,605406.468794548,coinmetrics-community,0.96110917,37723643.501284294,
2012-01-01,5.2948427773232,5.2948427773232,5.2948427773232,5.2948427773232,5.2948427773232,565218.638061391,coinmetrics-community,1.07623657,42409572.65629942,
2012-01-02,5.2048778918761,5.2048778918761,5.2048778918761,5.2048778918761,5.2048778918761,369601.469195044,coinmetrics-community,1.05930034,41728286.738805644,
2012-01-03,4.87050882875511,4.87050882875511,4.87050882875511,4.87050882875511,4.87050882875511,633366.866047084,coinmetrics-community,0.99064729,39086320.3529375,
2012-01-04,5.58570626709527,5.58570626709527,5.58570626709527,5.58570626709527,5.58570626709527,709808.65773333,coinmetrics-community,1.13112076,44867464.81989899,
2012-01-05,6.87400087726476,6.87400087726476,6.87400087726476,6.87400087726476,6.87400087726476,1166258.20026227,coinmetrics-community,1.37524885,55266279.584380865,
2012-01-06,6.68331663997662,6.68331663997662,6.68331663997662,6.68331663997662,6.68331663997662,1525645.64365047,coinmetrics-community,1.3299183,53790339.744186595,
2012-01-07,6.79622798071303,6.79622798071303,6.79622798071303,6.79622798071303,6.79622798071303,333931.911433338,coinmetrics-community,1.34825017,54761626.320829995,
2012-01-08,7.09665056633548,7.09665056633548,7.09665056633548,7.09665056633548,7.09665056633548,409236.384070893,coinmetrics-community,1.40190243,57240164.066982135,
2012-01-09,6.28853834248977,6.28853834248977,6.28853834248977,6.28853834248977,6.28853834248977,987736.29232587,coinmetrics-community,1.23859081,50773658.51437695,
2012-01-10,6.52847455523086,6.52847455523086,6.52847455523086,6.52847455523086,6.52847455523086,726658.997877756,coinmetrics-community,1.28528776,52756929.23926353,
2012-01-11,6.88912772121566,6.88912772121566,6.88912772121566,6.88912772121566,6.88912772121566,713569.967987327,coinmetrics-community,1.35196805,55724087.32970576,
2012-01-12,6.77356419579194,6.77356419579194,6.77356419579194,6.77356419579194,6.77356419579194,971579.83947703,coinmetrics-community,1.3223058,54841823.76528394,
2012-01-13,6.45436889012273,6.45436889012273,6.45436889012273,6.45436889012273,6.45436889012273,414813.32435862,coinmetrics-community,1.2583872,52302655.51812128,
2012-01-14,6.76172714260666,6.76172714260666,6.76172714260666,6.76172714260666,6.76172714260666,970268.460715251,coinmetrics-community,1.3151655,54844030.69970815,
2012-01-15,7.04692255815312,7.04692255815312,7.04692255815312,7.04692255815312,7.04692255815312,441747.539248375,coinmetrics-community,1.36849062,57206212.564361915,
2012-01-16,6.71560766656926,6.71560766656926,6.71560766656926,6.71560766656926,6.71560766656926,865166.953133694,coinmetrics-community,1.30213368,54575392.976368934,
2012-01-17,5.59962195032145,5.59962195032145,5.59962195032145,5.59962195032145,5.59962195032145,1353150.36511853,coinmetrics-community,1.08841281,45550124.69889356,
2012-01-18,5.9002312881356,5.9002312881356,5.9002312881356,5.9002312881356,5.9002312881356,1382828.51164212,coinmetrics-community,1.14730395,48033192.7342768,
2012-01-19,6.31570634161309,6.31570634161309,6.31570634161309,6.31570634161309,6.31570634161309,743776.919557435,coinmetrics-community,1.22398742,51462900.77782922,
2012-01-20,6.50149198831093,6.50149198831093,6.50149198831093,6.50149198831093,6.50149198831093,448945.663232685,coinmetrics-community,1.25883339,53023889.70158151,
2012-01-21,6.18056832554062,6.18056832554062,6.18056832554062,6.18056832554062,6.18056832554062,429573.236942152,coinmetrics-community,1.19649675,50457226.837127164,
2012-01-22,6.30296722676797,6.30296722676797,6.30296722676797,6.30296722676797,6.30296722676797,292550.832007397,coinmetrics-community,1.2195885,51499331.87281447,
2012-01-23,6.37487607714787,6.37487607714787,6.37487607714787,6.37487607714787,6.37487607714787,121789.074088825,coinmetrics-community,1.23243877,52141059.21099972,
2012-01-24,6.27447647574518,6.27447647574518,6.27447647574518,6.27447647574518,6.27447647574518,248170.840846404,coinmetrics-community,1.21229511,51363476.588777415,
2012-01-25,5.81046507247224,5.81046507247224,5.81046507247224,5.81046507247224,5.81046507247224,824199.746451667,coinmetrics-community,1.12369377,47608030.13956038,
2012-01-26,5.36722695441262,5.36722695441262,5.36722695441262,5.36722695441262,5.36722695441262,709438.694875339,coinmetrics-community,1.04093223,44013389.2315659,
2012-01-27,5.30313719696084,5.30313719696084,5.30313719696084,5.30313719696084,5.30313719696084,637351.042751886,coinmetrics-community,1.03027298,43525207.67456645,
2012-01-28,5.65979677498539,5.65979677498539,5.65979677498539,5.65979677498539,5.65979677498539,514039.486845598,coinmetrics-community,1.09958449,46493492.38791756,
2012-01-29,5.39142945733489,5.39142945733489,5.39142945733489,5.39142945733489,5.39142945733489,267011.761373563,coinmetrics-community,1.04861043,44333949.5254596,
2012-01-30,5.50348193863238,5.50348193863238,5.50348193863238,5.50348193863238,5.50348193863238,239285.87447651,coinmetrics-community,1.07087848,45302689.83311998,
2012-01-31,5.53822029573349,5.53822029573349,5.53822029573349,5.53822029573349,5.53822029573349,282567.517291852,coinmetrics-community,1.07878577,45630179.81315587,
2012-02-01,6.07523265225015,6.07523265225015,6.07523265225015,6.07523265225015,6.07523265225015,691687.642967697,coinmetrics-community,1.18086101,50097529.465823054,
2012-02-02,6.09957291291642,6.09957291291642,6.09957291291642,6.09957291291642,6.09957291291642,351599.528417273,coinmetrics-community,1.18457113,50346734.51625903,
2012-02-03,5.95161092752776,5.95161092752776,5.95161092752776,5.95161092752776,5.95161092752776,369846.145281091,coinmetrics-community,1.15560669,49172452.217667244,
2012-02-04,5.8954132390415,5.8954132390415,5.8954132390415,5.8954132390415,5.8954132390415,126709.070419587,coinmetrics-community,1.14466214,48754423.46308414,
2012-02-05,5.67811571712449,5.67811571712449,5.67811571712449,5.67811571712449,5.67811571712449,710362.488047787,coinmetrics-community,1.10288002,46997711.31632943,
2012-02-06,5.48266405844535,5.48266405844535,5.48266405844535,5.48266405844535,5.48266405844535,531982.527091947,coinmetrics-community,1.066879,45419983.19133546,
2012-02-07,5.66202770017534,5.66202770017534,5.66202770017534,5.66202770017534,5.66202770017534,428943.173214709,coinmetrics-community,1.10174851,46944668.62652114,
2012-02-08,5.6185281899474,5.6185281899474,5.6185281899474,5.6185281899474,5.6185281899474,1364702.07825493,coinmetrics-community,1.09353017,46624742.39378138,
2012-02-09,5.83569985417884,5.83569985417884,5.83569985417884,5.83569985417884,5.83569985417884,529973.399571037,coinmetrics-community,1.1353915,48469226.54864735,
2012-02-10,5.93783415546464,5.93783415546464,5.93783415546464,5.93783415546464,5.93783415546464,252396.43761175,coinmetrics-community,1.15551803,49358488.22606041,
2012-02-11,5.61213285330216,5.61213285330216,5.61213285330216,5.61213285330216,5.61213285330216,413015.972362492,coinmetrics-community,1.09013106,46693173.295298114,
2012-02-12,5.51909716949152,5.51909716949152,5.51909716949152,5.51909716949152,5.51909716949152,478087.984113481,coinmetrics-community,1.07230709,45962713.33737823,
2012-02-13,5.34835455932203,5.34835455932203,5.34835455932203,5.34835455932203,5.34835455932203,927974.447231369,coinmetrics-community,1.04822456,44577415.17757766,
2012-02-14,4.48365409175921,4.48365409175921,4.48365409175921,4.48365409175921,4.48365409175921,1458388.48368024,coinmetrics-community,0.88628318,37401255.08279695,
2012-02-15,4.3255203220339,4.3255203220339,4.3255203220339,4.3255203220339,4.3255203220339,826212.272778658,coinmetrics-community,0.85881942,36111133.058548436,
2012-02-16,4.25523904500292,4.25523904500292,4.25523904500292,4.25523904500292,4.25523904500292,723718.132237974,coinmetrics-community,0.84731155,35553758.09455886,
2012-02-17,4.39153837288136,4.39153837288136,4.39153837288136,4.39153837288136,4.39153837288136,622441.580663906,coinmetrics-community,0.87548728,36725954.175571695,
2012-02-18,4.27008127761543,4.27008127761543,4.27008127761543,4.27008127761543,4.27008127761543,323606.531766101,coinmetrics-community,0.85418126,35746730.99238838,
2012-02-19,4.38955145821157,4.38955145821157,4.38955145821157,4.38955145821157,4.38955145821157,278940.552057388,coinmetrics-community,0.87896592,36781545.94740739,
2012-02-20,4.36513593892461,4.36513593892461,4.36513593892461,4.36513593892461,4.36513593892461,176500.964069493,coinmetrics-community,0.8748865,36607515.9514104,
2012-02-21,4.31511560198714,4.31511560198714,4.31511560198714,4.31511560198714,4.31511560198714,247382.217848866,coinmetrics-community,0.86595781,36215860.87369986,
2012-02-22,4.41931028755114,4.41931028755114,4.41931028755114,4.41931028755114,4.41931028755114,490824.712472949,coinmetrics-community,0.88771358,37125478.5490162,
2012-02-23,5.03951511805961,5.03951511805961,5.03951511805961,5.03951511805961,5.03951511805961,809196.338057622,coinmetrics-community,1.01031089,42377486.311124615,
2012-02-24,5.02560875891292,5.02560875891292,5.02560875891292,5.02560875891292,5.02560875891292,470194.468158267,coinmetrics-community,1.0069634,42297987.96025715,
2012-02-25,4.77256738106371,4.77256738106371,4.77256738106371,4.77256738106371,4.77256738106371,438073.680698094,coinmetrics-community,0.9562508,40207641.30931436,
2012-02-26,4.9264208515488,4.9264208515488,4.9264208515488,4.9264208515488,4.9264208515488,354824.401038727,coinmetrics-community,0.987122,41540764.98480974,
2012-02-27,4.95251575628287,4.95251575628287,4.95251575628287,4.95251575628287,4.95251575628287,154288.570372565,coinmetrics-community,0.99206546,41798937.866346516,
2012-02-28,4.85725777556984,4.85725777556984,4.85725777556984,4.85725777556984,4.85725777556984,332439.152830484,coinmetrics-community,0.97277124,41033824.24768437,
2012-02-29,4.87274875569842,4.87274875569842,4.87274875569842,4.87274875569842,4.87274875569842,152084.523482662,coinmetrics-community,0.98303424,41208302.22607829,
2012-03-01,4.92207212361192,4.92207212361192,4.92207212361192,4.92207212361192,4.92207212361192,240000.711174246,coinmetrics-community,0.99267825,41662586.18774531,
2012-03-02,4.71482358708358,4.71482358708358,4.71482358708358,4.71482358708358,4.71482358708358,641444.555184078,coinmetrics-community,0.95273137,39939932.61811871,
2012-03-03,4.62819325248393,4.62819325248393,4.62819325248393,4.62819325248393,4.62819325248393,198460.995741611,coinmetrics-community,0.93570447,39232224.08226488,
2012-03-04,4.83414448158971,4.83414448158971,4.83414448158971,4.83414448158971,4.83414448158971,299843.416462766,coinmetrics-community,0.97707036,41011143.32751193,
2012-03-05,4.98239290385739,4.98239290385739,4.98239290385739,4.98239290385739,4.98239290385739,345731.052454754,coinmetrics-community,1.00656035,42304951.977509074,
2012-03-06,4.98784135242548,4.98784135242548,4.98784135242548,4.98784135242548,4.98784135242548,249416.484560427,coinmetrics-community,1.00730295,42385380.610938996,
2012-03-07,4.94911288457043,4.94911288457043,4.94911288457043,4.94911288457043,4.94911288457043,241582.726911975,coinmetrics-community,0.99924077,42094384.31701072,
2012-03-08,4.93497949503214,4.93497949503214,4.93497949503214,4.93497949503214,4.93497949503214,305777.408505311,coinmetrics-community,0.99664788,42012666.45571949,
2012-03-09,4.87229784745763,4.87229784745763,4.87229784745763,4.87229784745763,4.87229784745763,178606.864459918,coinmetrics-community,0.98421823,41519969.8276717,
2012-03-10,4.84142380479252,4.84142380479252,4.84142380479252,4.84142380479252,4.84142380479252,153265.444939762,coinmetrics-community,0.97883044,41296814.08699309,
2012-03-11,4.89202875160724,4.89202875160724,4.89202875160724,4.89202875160724,4.89202875160724,212916.386937214,coinmetrics-community,0.98947911,41761245.32602048,
2012-03-12,4.91083937931035,4.91083937931035,4.91083937931035,4.91083937931035,4.91083937931035,119581.574593611,coinmetrics-community,0.99347632,41962583.915385626,
2012-03-13,5.29088027878434,5.29088027878434,5.29088027878434,5.29088027878434,5.29088027878434,687686.901375422,coinmetrics-community,1.06881595,45252318.76383405,
2012-03-14,5.39054329222677,5.39054329222677,5.39054329222677,5.39054329222677,5.39054329222677,367177.466055504,coinmetrics-community,1.08718901,46141650.80913222,
2012-03-15,5.34082089888954,5.34082089888954,5.34082089888954,5.34082089888954,5.34082089888954,245395.472893418,coinmetrics-community,1.07616655,45748352.000109494,
2012-03-16,5.33957479135009,5.33957479135009,5.33957479135009,5.33957479135009,5.33957479135009,200357.278574876,coinmetrics-community,1.07471861,45778525.85135406,
2012-03-17,5.23600355406195,5.23600355406195,5.23600355406195,5.23600355406195,5.23600355406195,218145.757345026,coinmetrics-community,1.05459511,44935070.05896066,
2012-03-18,5.27014898538866,5.27014898538866,5.27014898538866,5.27014898538866,5.27014898538866,130702.311626291,coinmetrics-community,1.06154819,45270265.30496867,
2012-03-19,4.67867255289305,4.67867255289305,4.67867255289305,4.67867255289305,4.67867255289305,969574.358203054,coinmetrics-community,0.94459498,40222970.5530753,
2012-03-20,4.83083021624781,4.83083021624781,4.83083021624781,4.83083021624781,4.83083021624781,348328.61827422,coinmetrics-community,0.97583693,41569730.370786965,
2012-03-21,4.81722952483928,4.81722952483928,4.81722952483928,4.81722952483928,4.81722952483928,244818.392399519,coinmetrics-community,0.97521983,41490751.305937454,
2012-03-22,4.72960850496785,4.72960850496785,4.72960850496785,4.72960850496785,4.72960850496785,305757.463500966,coinmetrics-community,0.958695,40773436.2164311,
2012-03-23,4.69164317650497,4.69164317650497,4.69164317650497,4.69164317650497,4.69164317650497,278474.167665667,coinmetrics-community,0.95107358,40475698.63549226,
2012-03-24,4.65198626592636,4.65198626592636,4.65198626592636,4.65198626592636,4.65198626592636,196237.208704837,coinmetrics-community,0.94428539,40176369.19375054,
2012-03-25,4.55227026241964,4.55227026241964,4.55227026241964,4.55227026241964,4.55227026241964,344868.253396337,coinmetrics-community,0.92514492,39350918.18706295,
2012-03-26,4.63272235973115,4.63272235973115,4.63272235973115,4.63272235973115,4.63272235973115,343767.518309653,coinmetrics-community,0.94207727,40081342.504943624,
2012-03-27,4.81134073524255,4.81134073524255,4.81134073524255,4.81134073524255,4.81134073524255,376731.13450994,coinmetrics-community,0.97836225,41664239.696358584,
2012-03-28,4.79058939158387,4.79058939158387,4.79058939158387,4.79058939158387,4.79058939158387,207776.966246335,coinmetrics-community,0.97414873,41520470.98195256,
2012-03-29,4.79406657218001,4.79406657218001,4.79406657218001,4.79406657218001,4.79406657218001,200505.337074919,coinmetrics-community,0.97547676,41584406.18960048,
2012-03-30,4.86140935651666,4.86140935651666,4.86140935651666,4.86140935651666,4.86140935651666,206346.790648447,coinmetrics-community,1.00380823,42205979.80307036,
2012-03-31,4.88977687317358,4.88977687317358,4.88977687317358,4.88977687317358,4.88977687317358,188105.404864111,coinmetrics-community,1.00947443,42493825.15661395,
2012-04-01,4.79332567738165,4.79332567738165,4.79332567738165,4.79332567738165,4.79332567738165,185612.641756922,coinmetrics-community,0.98982662,41689664.0524341,
2012-04-02,4.98304547866745,4.98304547866745,4.98304547866745,4.98304547866745,4.98304547866745,413147.089432431,coinmetrics-community,1.02854689,43368642.366962805,
2012-04-03,4.95623319286967,4.95623319286967,4.95623319286967,4.95623319286967,4.95623319286967,414023.83198017,coinmetrics-community,1.02616999,43168247.550650164,
2012-04-04,4.91784217767387,4.91784217767387,4.91784217767387,4.91784217767387,4.91784217767387,273751.177711282,coinmetrics-community,1.01818959,42867553.23762533,
2012-04-05,4.92084924488603,4.92084924488603,4.92084924488603,4.92084924488603,4.92084924488603,185604.922050772,coinmetrics-community,1.01855009,42922552.029745616,
2012-04-06,4.94910743220339,4.94910743220339,4.94910743220339,4.94910743220339,4.94910743220339,318703.763077931,coinmetrics-community,1.02383214,43202690.551670164,
2012-04-07,4.70971191028638,4.70971191028638,4.70971191028638,4.70971191028638,4.70971191028638,403088.332922107,coinmetrics-community,0.9749089,41143291.23986584,
2012-04-08,4.77881884921099,4.77881884921099,4.77881884921099,4.77881884921099,4.77881884921099,203914.953392659,coinmetrics-community,0.98932901,41782839.56524779,
2012-04-09,4.85254738106371,4.85254738106371,4.85254738106371,4.85254738106371,4.85254738106371,196501.002847316,coinmetrics-community,1.00365621,42462896.80701301,
2012-04-10,4.84141759380479,4.84141759380479,4.84141759380479,4.84141759380479,4.84141759380479,269640.129593359,coinmetrics-community,1.00159858,42401088.4610958,
2012-04-11,4.91525071712449,4.91525071712449,4.91525071712449,4.91525071712449,4.91525071712449,361188.068462213,coinmetrics-community,1.01641869,43082370.758582845,
2012-04-12,4.90115814728229,4.90115814728229,4.90115814728229,4.90115814728229,4.90115814728229,245107.065598929,coinmetrics-community,1.01283392,42989971.16982388,
2012-04-13,4.93440673348919,4.93440673348919,4.93440673348919,4.93440673348919,4.93440673348919,479006.335600569,coinmetrics-community,1.01932475,43311954.09871483,
2012-04-14,4.95636466101695,4.95636466101695,4.95636466101695,4.95636466101695,4.95636466101695,327039.920721379,coinmetrics-community,1.0235231,43539137.427506484,
2012-04-15,4.9616003383986,4.9616003383986,4.9616003383986,4.9616003383986,4.9616003383986,170681.654766949,coinmetrics-community,1.0239991,43611674.74663736,
2012-04-16,4.95076456925774,4.95076456925774,4.95076456925774,4.95076456925774,4.95076456925774,167872.356397789,coinmetrics-community,1.02128074,43553560.80032589,
2012-04-17,4.9687445075979,4.9687445075979,4.9687445075979,4.9687445075979,4.9687445075979,193126.03249958,coinmetrics-community,1.02477367,43745275.46240979,
2012-04-18,5.12437744301578,5.12437744301578,5.12437744301578,5.12437744301578,5.12437744301578,450724.209930504,coinmetrics-community,1.05577307,45148790.33724412,
2012-04-19,5.13090651139684,5.13090651139684,5.13090651139684,5.13090651139684,5.13090651139684,277157.103592837,coinmetrics-community,1.05634217,45246592.900088616,
2012-04-20,5.36651596814728,5.36651596814728,5.36651596814728,5.36651596814728,5.36651596814728,583956.598068526,coinmetrics-community,1.10253174,47365623.008145824,
2012-04-21,5.28255033898305,5.28255033898305,5.28255033898305,5.28255033898305,5.28255033898305,344144.391039042,coinmetrics-community,1.08513311,46665206.22001078,
2012-04-22,5.19560899473992,5.19560899473992,5.19560899473992,5.19560899473992,5.19560899473992,209624.303329595,coinmetrics-community,1.06645583,45933549.5300151,
2012-04-23,5.11088819170076,5.11088819170076,5.11088819170076,5.11088819170076,5.11088819170076,278674.435078429,coinmetrics-community,1.05038086,45219044.933166906,
2012-04-24,5.08786726241964,5.08786726241964,5.08786726241964,5.08786726241964,5.08786726241964,416252.260199043,coinmetrics-community,1.04562838,45050471.46602485,
2012-04-25,5.14881624547048,5.14881624547048,5.14881624547048,5.14881624547048,5.14881624547048,208849.598572666,coinmetrics-community,1.05274593,45622838.63011806,
2012-04-26,5.09741928579778,5.09741928579778,5.09741928579778,5.09741928579778,5.09741928579778,324863.322261383,coinmetrics-community,1.04365008,45206923.37657064,
2012-04-27,5.09588733985973,5.09588733985973,5.09588733985973,5.09588733985973,5.09588733985973,160980.622745122,coinmetrics-community,1.04332334,45227734.41518525,
2012-04-28,4.9707366528346,4.9707366528346,4.9707366528346,4.9707366528346,4.9707366528346,496690.614429714,coinmetrics-community,1.01826429,44154757.0740965,
2012-04-29,4.90260617767387,4.90260617767387,4.90260617767387,4.90260617767387,4.90260617767387,115319.925801172,coinmetrics-community,1.00664344,43593436.45400516,
2012-04-30,4.9421168100526,4.9421168100526,4.9421168100526,4.9421168100526,4.9421168100526,286797.347413055,coinmetrics-community,1.0154865,43988992.609362796,
2012-05-01,4.98713722735243,4.98713722735243,4.98713722735243,4.98713722735243,4.98713722735243,216687.891682063,coinmetrics-community,1.02469896,44432102.82168793,
2012-05-02,5.05343735388662,5.05343735388662,5.05343735388662,5.05343735388662,5.05343735388662,507364.286541847,coinmetrics-community,1.03816859,45060693.99293484,
2012-05-03,5.11887297895967,5.11887297895967,5.11887297895967,5.11887297895967,5.11887297895967,207002.541356241,coinmetrics-community,1.05122986,45684356.16636899,
2012-05-04,5.08550708825248,5.08550708825248,5.08550708825248,5.08550708825248,5.08550708825248,247491.248842442,coinmetrics-community,1.04434248,45427514.25634473,
2012-05-05,5.05663956458212,5.05663956458212,5.05663956458212,5.05663956458212,5.05663956458212,113329.525059766,coinmetrics-community,1.0384012,45211871.10384484,
2012-05-06,5.0478007729398,5.0478007729398,5.0478007729398,5.0478007729398,5.0478007729398,119633.98366496,coinmetrics-community,1.03909745,45174234.63571723,
2012-05-07,5.06755586703682,5.06755586703682,5.06755586703682,5.06755586703682,5.06755586703682,250199.42871023,coinmetrics-community,1.04315667,45394102.933121264,
2012-05-08,5.02346642285213,5.02346642285213,5.02346642285213,5.02346642285213,5.02346642285213,356160.747095194,coinmetrics-community,1.034375,45043365.44095107,
2012-05-09,5.04130623553478,5.04130623553478,5.04130623553478,5.04130623553478,5.04130623553478,239143.703211821,coinmetrics-community,1.03787929,45245170.57456234,
2012-05-10,4.92748871975453,4.92748871975453,4.92748871975453,4.92748871975453,4.92748871975453,384221.799154204,coinmetrics-community,1.01481717,44255453.1552541,
2012-05-11,4.96370997749854,4.96370997749854,4.96370997749854,4.96370997749854,4.96370997749854,350284.453620352,coinmetrics-community,1.02276513,44616259.124505945,
2012-05-12,4.94653223495032,4.94653223495032,4.94653223495032,4.94653223495032,4.94653223495032,128109.264206779,coinmetrics-community,1.01650991,44493514.95805544,
2012-05-13,4.94479505376973,4.94479505376973,4.94479505376973,4.94479505376973,4.94479505376973,82853.8756674468,coinmetrics-community,1.01723564,44512502.76923228,
2012-05-14,5.01143592197545,5.01143592197545,5.01143592197545,5.01143592197545,5.01143592197545,281261.915376037,coinmetrics-community,1.03132782,45147226.03585085,
2012-05-15,5.03364040035067,5.03364040035067,5.03364040035067,5.03364040035067,5.03364040035067,257178.673117076,coinmetrics-community,1.03590742,45379981.29870544,
2012-05-16,5.08778450905903,5.08778450905903,5.08778450905903,5.08778450905903,5.08778450905903,378571.606107288,coinmetrics-community,1.04782389,45898889.95921177,
2012-05-17,5.08966168644068,5.08966168644068,5.08966168644068,5.08966168644068,5.08966168644068,160295.135567274,coinmetrics-community,1.04954557,45945344.73414308,
2012-05-18,5.11830148275862,5.11830148275862,5.11830148275862,5.11830148275862,5.11830148275862,325836.408077216,coinmetrics-community,1.05722248,46240989.25070914,
2012-05-19,5.11254581122151,5.11254581122151,5.11254581122151,5.11254581122151,5.11254581122151,141425.110998906,coinmetrics-community,1.05598806,46227078.43836978,
2012-05-20,5.09420096843951,5.09420096843951,5.09420096843951,5.09420096843951,5.09420096843951,113779.967338167,coinmetrics-community,1.05630265,46096356.36361109,
2012-05-21,5.0942213100526,5.0942213100526,5.0942213100526,5.0942213100526,5.0942213100526,191685.216246849,coinmetrics-community,1.05927394,46128634.017214514,
2012-05-22,5.08913918877849,5.08913918877849,5.08913918877849,5.08913918877849,5.08913918877849,283722.371576986,coinmetrics-community,1.05870456,46111877.49790641,
2012-05-23,5.12885889976622,5.12885889976622,5.12885889976622,5.12885889976622,5.12885889976622,310891.646651671,coinmetrics-community,1.0665583,46505109.03655517,
2012-05-24,5.11915775920514,5.11915775920514,5.11915775920514,5.11915775920514,5.11915775920514,186146.198727219,coinmetrics-community,1.06748348,46449140.2297059,
2012-05-25,5.13727680654588,5.13727680654588,5.13727680654588,5.13727680654588,5.13727680654588,142364.385093792,coinmetrics-community,1.07106937,46644625.55902305,
2012-05-26,5.10397880479252,5.10397880479252,5.10397880479252,5.10397880479252,5.10397880479252,104918.867004729,coinmetrics-community,1.0671858,46378529.92198007,
2012-05-27,5.13461613500877,5.13461613500877,5.13461613500877,5.13461613500877,5.13461613500877,97210.0599164172,coinmetrics-community,1.07321035,46697743.55276292,
2012-05-28,5.13632541905318,5.13632541905318,5.13632541905318,5.13632541905318,5.13632541905318,167647.926677234,coinmetrics-community,1.07353739,46749756.86198268,
2012-05-29,5.14847069783752,5.14847069783752,5.14847069783752,5.14847069783752,5.14847069783752,374811.792552629,coinmetrics-community,1.07601639,46892736.000251465,
2012-05-30,5.13826456925774,5.13826456925774,5.13826456925774,5.13826456925774,5.13826456925774,249219.642265918,coinmetrics-community,1.07393,46833433.28993764,
2012-05-31,5.18163972121566,5.18163972121566,5.18163972121566,5.18163972121566,5.18163972121566,228847.306842749,coinmetrics-community,1.08799952,47264535.5087476,
2012-06-01,5.26694375803624,5.26694375803624,5.26694375803624,5.26694375803624,5.26694375803624,257578.790677293,coinmetrics-community,1.10502904,48082668.48518576,
2012-06-02,5.24363906019871,5.24363906019871,5.24363906019871,5.24363906019871,5.24363906019871,91493.799112722,coinmetrics-community,1.09982963,47911865.72850138,
2012-06-03,5.21270498480421,5.21270498480421,5.21270498480421,5.21270498480421,5.21270498480421,93803.549905579,coinmetrics-community,1.09327409,47669093.91673817,
2012-06-04,5.25876585739334,5.25876585739334,5.25876585739334,5.25876585739334,5.25876585739334,314029.916931995,coinmetrics-community,1.10255401,48131066.361903146,
2012-06-05,5.42601429485681,5.42601429485681,5.42601429485681,5.42601429485681,5.42601429485681,489988.010850215,coinmetrics-community,1.13624416,49701695.6204058,
2012-06-06,5.44616942197545,5.44616942197545,5.44616942197545,5.44616942197545,5.44616942197545,249332.617420496,coinmetrics-community,1.13951888,49927977.56410494,
2012-06-07,5.58716980976037,5.58716980976037,5.58716980976037,5.58716980976037,5.58716980976037,320246.939466273,coinmetrics-community,1.16734111,51259435.12363512,
2012-06-08,5.62252910169492,5.62252910169492,5.62252910169492,5.62252910169492,5.62252910169492,350022.620904271,coinmetrics-community,1.17328064,51623477.42841213,
2012-06-09,5.55700233547633,5.55700233547633,5.55700233547633,5.55700233547633,5.55700233547633,238117.739402781,coinmetrics-community,1.15906527,51069353.146524064,
2012-06-10,5.45789356925774,5.45789356925774,5.45789356925774,5.45789356925774,5.45789356925774,151210.833767283,coinmetrics-community,1.13827143,50203835.13773467,
2012-06-11,5.58699698158971,5.58699698158971,5.58699698158971,5.58699698158971,5.58699698158971,244006.087301121,coinmetrics-community,1.16358167,51430487.68591338,
2012-06-12,5.72749129865575,5.72749129865575,5.72749129865575,5.72749129865575,5.72749129865575,532446.324476706,coinmetrics-community,1.19076668,52768467.13245697,
2012-06-13,5.90930132378726,5.90930132378726,5.90930132378726,5.90930132378726,5.90930132378726,411691.6645911,coinmetrics-community,1.22631584,54487837.22417254,
2012-06-14,5.96202318205728,5.96202318205728,5.96202318205728,5.96202318205728,5.96202318205728,292765.270286703,coinmetrics-community,1.23632319,55020472.86502546,
2012-06-15,6.52338071917008,6.52338071917008,6.52338071917008,6.52338071917008,6.52338071917008,465695.096485087,coinmetrics-community,1.34544986,60252816.28575018,
2012-06-16,6.44415828229106,6.44415828229106,6.44415828229106,6.44415828229106,6.44415828229106,545114.150673426,coinmetrics-community,1.32650659,59571347.40222315,
2012-06-17,6.1999664880187,6.1999664880187,6.1999664880187,6.1999664880187,6.1999664880187,360822.685872688,coinmetrics-community,1.27481556,57364819.48809164,
2012-06-18,6.31084466861485,6.31084466861485,6.31084466861485,6.31084466861485,6.31084466861485,340066.99731852,coinmetrics-community,1.29624188,58445933.08848426,
2012-06-19,6.49482671595558,6.49482671595558,6.49482671595558,6.49482671595558,6.49482671595558,335683.528930975,coinmetrics-community,1.33207309,60197562.78437077,
2012-06-20,6.69355105552309,6.69355105552309,6.69355105552309,6.69355105552309,6.69355105552309,503202.918137755,coinmetrics-community,1.37148675,62087975.56125932,
2012-06-21,6.67226250379895,6.67226250379895,6.67226250379895,6.67226250379895,6.67226250379895,413217.484532015,coinmetrics-community,1.36507314,61935878.79594004,
2012-06-22,6.56376169783752,6.56376169783752,6.56376169783752,6.56376169783752,6.56376169783752,431381.885914436,coinmetrics-community,1.340806,60974000.20952295,
2012-06-23,6.44754168907072,6.44754168907072,6.44754168907072,6.44754168907072,6.44754168907072,160930.918427774,coinmetrics-community,1.31590739,59947245.3952569,
2012-06-24,6.35049403857393,6.35049403857393,6.35049403857393,6.35049403857393,6.35049403857393,234647.898597758,coinmetrics-community,1.29595593,59086522.12308456,
2012-06-25,6.31747363004091,6.31747363004091,6.31747363004091,6.31747363004091,6.31747363004091,434037.478863209,coinmetrics-community,1.28915512,58827936.836920895,
2012-06-26,6.43286082875511,6.43286082875511,6.43286082875511,6.43286082875511,6.43286082875511,386610.669935782,coinmetrics-community,1.31046257,59950340.33476917,
2012-06-27,6.61571340151958,6.61571340151958,6.61571340151958,6.61571340151958,6.61571340151958,378395.381174064,coinmetrics-community,1.34542168,61708332.83546786,
2012-06-28,6.59006463296318,6.59006463296318,6.59006463296318,6.59006463296318,6.59006463296318,359576.780248061,coinmetrics-community,1.33892459,61514234.84142985,
2012-06-29,6.65877675715956,6.65877675715956,6.65877675715956,6.65877675715956,6.65877675715956,276938.546900342,coinmetrics-community,1.35144702,62204229.661702506,
2012-06-30,6.68042762302747,6.68042762302747,6.68042762302747,6.68042762302747,6.68042762302747,162984.814519066,coinmetrics-community,1.35478588,62450576.14241029,
2012-07-01,6.62686009234366,6.62686009234366,6.62686009234366,6.62686009234366,6.62686009234366,167638.816555711,coinmetrics-community,1.3431952,61996862.02312366,
2012-07-02,6.74347805084746,6.74347805084746,6.74347805084746,6.74347805084746,6.74347805084746,249517.504012789,coinmetrics-community,1.36464463,63139118.933123335,
2012-07-03,6.44999240327294,6.44999240327294,6.44999240327294,6.44999240327294,6.44999240327294,543157.422364327,coinmetrics-community,1.30578732,60442815.612876154,
2012-07-04,6.51483533313852,6.51483533313852,6.51483533313852,6.51483533313852,6.51483533313852,276323.075565654,coinmetrics-community,1.31743258,61099319.273153916,
2012-07-05,6.64239860432496,6.64239860432496,6.64239860432496,6.64239860432496,6.64239860432496,350924.569233534,coinmetrics-community,1.34189548,62343495.4174786,
2012-07-06,6.67218118936295,6.67218118936295,6.67218118936295,6.67218118936295,6.67218118936295,329350.499044857,coinmetrics-community,1.34647254,62674734.90788985,
2012-07-07,6.80827371186441,6.80827371186441,6.80827371186441,6.80827371186441,6.80827371186441,301365.95269128,coinmetrics-community,1.37465592,64009620.52906012,
2012-07-08,6.79631768790181,6.79631768790181,6.79631768790181,6.79631768790181,6.79631768790181,153613.15977161,coinmetrics-community,1.37033073,63949204.91826815,
2012-07-09,7.03239588603156,7.03239588603156,7.03239588603156,7.03239588603156,7.03239588603156,485573.167943399,coinmetrics-community,1.41488587,66227870.77138379,
2012-07-10,7.17858003565167,7.17858003565167,7.17858003565167,7.17858003565167,7.17858003565167,603638.876639229,coinmetrics-community,1.45714854,67658405.19468668,
2012-07-11,7.18514778901227,7.18514778901227,7.18514778901227,7.18514778901227,7.18514778901227,354954.874486372,coinmetrics-community,1.45509139,67768447.00974861,
2012-07-12,7.55593565020456,7.55593565020456,7.55593565020456,7.55593565020456,7.55593565020456,574576.791207065,coinmetrics-community,1.52548031,71322291.27975278,
2012-07-13,7.63092125599065,7.63092125599065,7.63092125599065,7.63092125599065,7.63092125599065,598436.653569594,coinmetrics-community,1.53494235,72092290.42540486,
2012-07-14,7.58012917825833,7.58012917825833,7.58012917825833,7.58012917825833,7.58012917825833,147402.150244249,coinmetrics-community,1.53495281,71673457.79762772,
2012-07-15,7.62723485973115,7.62723485973115,7.62723485973115,7.62723485973115,7.62723485973115,215891.388448222,coinmetrics-community,1.54252702,72172253.37461399,
2012-07-16,8.49340567738165,8.49340567738165,8.49340567738165,8.49340567738165,8.49340567738165,906907.92093861,coinmetrics-community,1.70367355,80432043.40881382,
2012-07-17,8.75198485505552,8.75198485505552,8.75198485505552,8.75198485505552,8.75198485505552,1911237.35103398,coinmetrics-community,1.73352208,82956039.79251386,
2012-07-18,9.09519268614845,9.09519268614845,9.09519268614845,9.09519268614845,9.09519268614845,1075327.40306766,coinmetrics-community,1.79066623,86279636.68617418,
2012-07-19,8.87953341350087,8.87953341350087,8.87953341350087,8.87953341350087,8.87953341350087,568702.924384799,coinmetrics-community,1.73994899,84293767.0609294,
2012-07-20,8.53245067913501,8.53245067913501,8.53245067913501,8.53245067913501,8.53245067913501,1465433.93253709,coinmetrics-community,1.67043972,81062036.84743792,
2012-07-21,8.87564584102864,8.87564584102864,8.87564584102864,8.87564584102864,8.87564584102864,1325022.99861182,coinmetrics-community,1.73068675,84385115.1861667,
2012-07-22,8.50656254412624,8.50656254412624,8.50656254412624,8.50656254412624,8.50656254412624,309035.046674534,coinmetrics-community,1.65722469,80941985.21977904,
2012-07-23,8.53121126943308,8.53121126943308,8.53121126943308,8.53121126943308,8.53121126943308,1339888.3290549,coinmetrics-community,1.65967218,81236668.77362958,
2012-07-24,8.57458517066043,8.57458517066043,8.57458517066043,8.57458517066043,8.57458517066043,417195.818449031,coinmetrics-community,1.66485314,81718713.0381819,
2012-07-25,8.7693472729398,8.7693472729398,8.7693472729398,8.7693472729398,8.7693472729398,672602.523214617,coinmetrics-community,1.69811126,83645016.87544206,
2012-07-26,8.87576504617183,8.87576504617183,8.87576504617183,8.87576504617183,8.87576504617183,346465.863199711,coinmetrics-community,1.71150143,84735065.9655044,
2012-07-27,8.89145989421391,8.89145989421391,8.89145989421391,8.89145989421391,8.89145989421391,286183.623382443,coinmetrics-community,1.71018114,84964035.35196172,
2012-07-28,8.84256089421391,8.84256089421391,8.84256089421391,8.84256089421391,8.84256089421391,212002.674743102,coinmetrics-community,1.69715731,84564417.21244654,
2012-07-29,8.74768065926359,8.74768065926359,8.74768065926359,8.74768065926359,8.74768065926359,130593.939594308,coinmetrics-community,1.67503455,83729650.97979732,
2012-07-30,9.08831724897721,9.08831724897721,9.08831724897721,9.08831724897721,9.08831724897721,551742.135402692,coinmetrics-community,1.73507837,87070078.9902547,
2012-07-31,9.32099840210403,9.32099840210403,9.32099840210403,9.32099840210403,9.32099840210403,769442.769309413,coinmetrics-community,1.77024687,89359853.31987953,
2012-08-01,9.56802090385739,9.56802090385739,9.56802090385739,9.56802090385739,9.56802090385739,747483.807325345,coinmetrics-community,1.80931121,91792148.98193079,
2012-08-02,10.5510396960842,10.5510396960842,10.5510396960842,10.5510396960842,10.5510396960842,1425342.06934358,coinmetrics-community,1.9719365,101309923.54375552,
2012-08-03,10.9158647466394,10.9158647466394,10.9158647466394,10.9158647466394,10.9158647466394,760482.351482083,coinmetrics-community,2.02602743,104901352.04912321,
2012-08-04,10.9197148807715,10.9197148807715,10.9197148807715,10.9197148807715,10.9197148807715,638005.909211806,coinmetrics-community,2.01583662,105023525.55421203,
2012-08-05,10.805117377557,10.805117377557,10.805117377557,10.805117377557,10.805117377557,835671.560199748,coinmetrics-community,1.9855767,103996446.3839511,
2012-08-06,10.8694465017534,10.8694465017534,10.8694465017534,10.8694465017534,10.8694465017534,683402.843226996,coinmetrics-community,1.98923564,104691683.56105746,
2012-08-07,10.9412794400935,10.9412794400935,10.9412794400935,10.9412794400935,10.9412794400935,580846.75297392,coinmetrics-community,1.99677645,105473278.22214039,
2012-08-08,11.0703915967271,11.0703915967271,11.0703915967271,11.0703915967271,11.0703915967271,453272.931299181,coinmetrics-community,2.00790333,106809795.88965744,
2012-08-09,11.1037247440094,11.1037247440094,11.1037247440094,11.1037247440094,11.1037247440094,1353381.41734498,coinmetrics-community,2.00671418,107225783.72411522,
2012-08-10,11.4475688045003,11.4475688045003,11.4475688045003,11.4475688045003,11.4475688045003,857259.624846918,coinmetrics-community,2.06026781,110635487.42798108,
2012-08-11,11.5425355271771,11.5425355271771,11.5425355271771,11.5425355271771,11.5425355271771,270043.908885786,coinmetrics-community,2.07039383,111650254.36542945,
2012-08-12,11.5925523898305,11.5925523898305,11.5925523898305,11.5925523898305,11.5925523898305,399925.199254965,coinmetrics-community,2.0737898,112226225.21950373,
2012-08-13,11.9849629903565,11.9849629903565,11.9849629903565,11.9849629903565,11.9849629903565,838180.120068079,coinmetrics-community,2.13114399,116120988.80014007,
2012-08-14,12.1870974810053,12.1870974810053,12.1870974810053,12.1870974810053,12.1870974810053,695396.418908769,coinmetrics-community,2.1544732,118175116.36672886,
2012-08-15,13.1700773538866,13.1700773538866,13.1700773538866,13.1700773538866,13.1700773538866,866755.40691009,coinmetrics-community,2.30814027,127816786.7655184,
2012-08-16,13.4507908246639,13.4507908246639,13.4507908246639,13.4507908246639,13.4507908246639,1416147.27483466,coinmetrics-community,2.33572798,130644707.35527685,
2012-08-17,12.0770055423729,12.0770055423729,12.0770055423729,12.0770055423729,12.0770055423729,3384807.56641435,coinmetrics-community,2.0858717,117384750.65373781,
2012-08-18,11.5775071648159,11.5775071648159,11.5775071648159,11.5775071648159,11.5775071648159,1198355.79843363,coinmetrics-community,1.97544904,112617191.42044298,
2012-08-19,7.83062184190532,7.83062184190532,7.83062184190532,7.83062184190532,7.83062184190532,2376719.0059286,coinmetrics-community,1.36686681,76241597.06059203,
2012-08-20,9.97987664874343,9.97987664874343,9.97987664874343,9.97987664874343,9.97987664874343,2028747.87399096,coinmetrics-community,1.71866113,97254297.62726884,
2012-08-21,9.90298201811806,9.90298201811806,9.90298201811806,9.90298201811806,9.90298201811806,897703.018160459,coinmetrics-community,1.70425191,96590617.15186468,
2012-08-22,9.772554578609,9.772554578609,9.772554578609,9.772554578609,9.772554578609,932943.558247168,coinmetrics-community,1.67933753,95394694.25352702,
2012-08-23,10.0886574260666,10.0886574260666,10.0886574260666,10.0886574260666,10.0886574260666,689430.295924683,coinmetrics-community,1.72984273,98563560.45137785,
2012-08-24,10.5940425943892,10.5940425943892,10.5940425943892,10.5940425943892,10.5940425943892,1079135.24099118,coinmetrics-community,1.80794118,103579438.0834687,
2012-08-25,10.5836766715371,10.5836766715371,10.5836766715371,10.5836766715371,10.5836766715371,497716.214388371,coinmetrics-community,1.80118006,103551116.36779429,
2012-08-26,10.545530742256,10.545530742256,10.545530742256,10.545530742256,10.545530742256,344728.640716029,coinmetrics-community,1.7917826,103272277.54724193,
2012-08-27,10.9003800806546,10.9003800806546,10.9003800806546,10.9003800806546,10.9003800806546,2164867.95469274,coinmetrics-community,1.83189532,106826341.31240284,
2012-08-28,10.9329585336061,10.9329585336061,10.9329585336061,10.9329585336061,10.9329585336061,701564.099575566,coinmetrics-community,1.83040885,107228161.79197301,
2012-08-29,10.8677839018118,10.8677839018118,10.8677839018118,10.8677839018118,10.8677839018118,751050.144475728,coinmetrics-community,1.81697118,106680232.03970121,
2012-08-30,10.7277488383986,10.7277488383986,10.7277488383986,10.7277488383986,10.7277488383986,430607.625302952,coinmetrics-community,1.79273795,105388224.84199664,
2012-08-31,10.1024098205728,10.1024098205728,10.1024098205728,10.1024098205728,10.1024098205728,823254.021000507,coinmetrics-community,1.67505198,99315679.95897572,
2012-09-01,10.0065329374635,10.0065329374635,10.0065329374635,10.0065329374635,10.0065329374635,279315.102842044,coinmetrics-community,1.66090374,98453677.43007718,
2012-09-02,10.2261162016365,10.2261162016365,10.2261162016365,10.2261162016365,10.2261162016365,319919.403274577,coinmetrics-community,1.69521665,100697998.07804376,
2012-09-03,10.4971343091759,10.4971343091759,10.4971343091759,10.4971343091759,10.4971343091759,283747.307849549,coinmetrics-community,1.73716742,103449153.79694001,
2012-09-04,10.3640018942139,10.3640018942139,10.3640018942139,10.3640018942139,10.3640018942139,472133.460378015,coinmetrics-community,1.71209367,102216419.78102079,
2012-09-05,11.0255228784337,11.0255228784337,11.0255228784337,11.0255228784337,11.0255228784337,767209.241079829,coinmetrics-community,1.81269181,108839992.77701966,
2012-09-06,11.1607690157802,11.1607690157802,11.1607690157802,11.1607690157802,11.1607690157802,850485.778096603,coinmetrics-community,1.82965166,110270518.50370325,
2012-09-07,11.0761223366452,11.0761223366452,11.0761223366452,11.0761223366452,11.0761223366452,475889.728765188,coinmetrics-community,1.81354854,109527232.63583648,
2012-09-08,11.0432700333139,11.0432700333139,11.0432700333139,11.0432700333139,11.0432700333139,317139.824782714,coinmetrics-community,1.80523977,109282433.32888375,
2012-09-09,11.0620954932788,11.0620954932788,11.0620954932788,11.0620954932788,11.0620954932788,205635.503048757,coinmetrics-community,1.8034734,109556670.67691284,
2012-09-10,11.1252888047925,11.1252888047925,11.1252888047925,11.1252888047925,11.1252888047925,527193.82824407,coinmetrics-community,1.78632149,110265963.61254427,
2012-09-11,11.2680929552893,11.2680929552893,11.2680929552893,11.2680929552893,11.2680929552893,979055.341020648,coinmetrics-community,1.80560418,111763030.6118705,
2012-09-12,11.3152859082408,11.3152859082408,11.3152859082408,11.3152859082408,11.3152859082408,754819.801070471,coinmetrics-community,1.80894872,112318809.25188175,
2012-09-13,11.38029928872,11.38029928872,11.38029928872,11.38029928872,11.38029928872,345570.314489695,coinmetrics-community,1.81613397,113038122.8594748,
2012-09-14,11.730107622443,11.730107622443,11.730107622443,11.730107622443,11.730107622443,613957.598564738,coinmetrics-community,1.86613678,116607709.44687809,
2012-09-15,11.7183934155465,11.7183934155465,11.7183934155465,11.7183934155465,11.7183934155465,249806.496010594,coinmetrics-community,1.85833105,116575632.23739052,
2012-09-16,11.8869112238457,11.8869112238457,11.8869112238457,11.8869112238457,11.8869112238457,419379.892794669,coinmetrics-community,1.87885659,118347752.1589786,
2012-09-17,11.908317157218,11.908317157218,11.908317157218,11.908317157218,11.908317157218,375289.41090718,coinmetrics-community,1.87699904,118660902.48040032,
2012-09-18,12.2596508386908,12.2596508386908,12.2596508386908,12.2596508386908,12.2596508386908,654264.150283199,coinmetrics-community,1.92401948,122264149.0640175,
2012-09-19,12.5048540981882,12.5048540981882,12.5048540981882,12.5048540981882,12.5048540981882,663477.133192862,coinmetrics-community,1.9513395,124797693.4099931,
2012-09-20,12.3671766493279,12.3671766493279,12.3671766493279,12.3671766493279,12.3671766493279,506801.867279908,coinmetrics-community,1.91810213,123517671.27573657,
2012-09-21,12.3336578357686,12.3336578357686,12.3336578357686,12.3336578357686,12.3336578357686,537409.588144234,coinmetrics-community,1.90624657,123287120.19380532,
2012-09-22,12.2137276250731,12.2137276250731,12.2137276250731,12.2137276250731,12.2137276250731,228097.783355401,coinmetrics-community,1.88391087,122184176.7524369,
2012-09-23,12.1654630263004,12.1654630263004,12.1654630263004,12.1654630263004,12.1654630263004,551531.667667943,coinmetrics-community,1.87373566,121797452.58739762,
2012-09-24,12.11358871654,12.11358871654,12.11358871654,12.11358871654,12.11358871654,439217.843863363,coinmetrics-community,1.86187643,121370769.43998057,
2012-09-25,12.1824053945061,12.1824053945061,12.1824053945061,12.1824053945061,12.1824053945061,360080.181612156,coinmetrics-community,1.86751446,122144938.29132256,
2012-09-26,12.3198168597312,12.3198168597312,12.3198168597312,12.3198168597312,12.3198168597312,367939.488925916,coinmetrics-community,1.88332202,123608911.07719637,
2012-09-27,12.3187514018118,12.3187514018118,12.3187514018118,12.3187514018118,12.3187514018118,320786.318839596,coinmetrics-community,1.87790927,123697386.92443845,
2012-09-28,12.3814573892461,12.3814573892461,12.3814573892461,12.3814573892461,12.3814573892461,407425.80986551,coinmetrics-community,1.87920326,124424855.71188605,
2012-09-29,12.4047515055523,12.4047515055523,12.4047515055523,12.4047515055523,12.4047515055523,236231.811339103,coinmetrics-community,1.87778161,124763144.95418239,
2012-09-30,12.3916224728229,12.3916224728229,12.3916224728229,12.3916224728229,12.3916224728229,125652.771463453,coinmetrics-community,1.87229802,124729610.61187746,
2012-10-01,12.3893951601403,12.3893951601403,12.3893951601403,12.3893951601403,12.3893951601403,389402.645665922,coinmetrics-community,1.8688831,124788341.82258461,
2012-10-02,12.8072380958504,12.8072380958504,12.8072380958504,12.8072380958504,12.8072380958504,767713.908079895,coinmetrics-community,1.9232089,129090428.09204872,
2012-10-03,12.9554304944477,12.9554304944477,12.9554304944477,12.9554304944477,12.9554304944477,585968.829029415,coinmetrics-community,1.93693159,130670285.5019975,
2012-10-04,12.8623857779077,12.8623857779077,12.8623857779077,12.8623857779077,12.8623857779077,601724.942077725,coinmetrics-community,1.91743612,129816072.09317791,
2012-10-05,12.7522194190532,12.7522194190532,12.7522194190532,12.7522194190532,12.7522194190532,491650.014513534,coinmetrics-community,1.8990167,128790912.27879584,
2012-10-06,12.5051297136178,12.5051297136178,12.5051297136178,12.5051297136178,12.5051297136178,383839.119872128,coinmetrics-community,1.86118784,126392347.02922505,
2012-10-07,11.8739970853302,11.8739970853302,11.8739970853302,11.8739970853302,11.8739970853302,881243.795588424,coinmetrics-community,1.76871725,120087550.57604904,
2012-10-08,11.7333297481005,11.7333297481005,11.7333297481005,11.7333297481005,11.7333297481005,1239277.8541151,coinmetrics-community,1.74493179,118769339.49312055,
2012-10-09,11.8286634354179,11.8286634354179,11.8286634354179,11.8286634354179,11.8286634354179,676195.357463281,coinmetrics-community,1.7595105,119818327.74718079,
2012-10-10,12.109188478083,12.109188478083,12.109188478083,12.109188478083,12.109188478083,416519.487767398,coinmetrics-community,1.79846745,122750116.81018908,
2012-10-11,12.0675518082992,12.0675518082992,12.0675518082992,12.0675518082992,12.0675518082992,334519.237759871,coinmetrics-community,1.79078273,122411314.48906246,
2012-10-12,12.0280681648159,12.0280681648159,12.0280681648159,12.0280681648159,12.0280681648159,347139.649548952,coinmetrics-community,1.7833828,122100407.82956967,
2012-10-13,11.9268038293396,11.9268038293396,11.9268038293396,11.9268038293396,11.9268038293396,161615.916855894,coinmetrics-community,1.76778643,121160702.53798139,
2012-10-14,11.6505779608416,11.6505779608416,11.6505779608416,11.6505779608416,11.6505779608416,307487.892175137,coinmetrics-community,1.72624831,118428590.74006347,
2012-10-15,11.9083095268849,11.9083095268849,11.9083095268849,11.9083095268849,11.9083095268849,432111.214962503,coinmetrics-community,1.76179327,121149067.61015469,
2012-10-16,11.8480180689655,11.8480180689655,11.8480180689655,11.8480180689655,11.8480180689655,600484.856507774,coinmetrics-community,1.7507955,120627515.20144683,
2012-10-17,11.9193881607247,11.9193881607247,11.9193881607247,11.9193881607247,11.9193881607247,355836.048940276,coinmetrics-community,1.7561613,121438778.88274583,
2012-10-18,11.9259328445354,11.9259328445354,11.9259328445354,11.9259328445354,11.9259328445354,352617.67504911,coinmetrics-community,1.75473806,121599076.91927172,
2012-10-19,11.7574857971946,11.7574857971946,11.7574857971946,11.7574857971946,11.7574857971946,461350.32747987,coinmetrics-community,1.72901826,119960921.85288511,
2012-10-20,11.6943775517241,11.6943775517241,11.6943775517241,11.6943775517241,11.6943775517241,294228.098174878,coinmetrics-community,1.71932352,119409417.79504204,
2012-10-21,11.657411405903,11.657411405903,11.657411405903,11.657411405903,11.657411405903,167898.398001095,coinmetrics-community,1.70878321,119125804.49907812,
2012-10-22,11.7410779129164,11.7410779129164,11.7410779129164,11.7410779129164,11.7410779129164,500594.096818791,coinmetrics-community,1.71974123,120072950.7489961,
2012-10-23,11.7077817299825,11.7077817299825,11.7077817299825,11.7077817299825,11.7077817299825,822752.025607564,coinmetrics-community,1.71372613,119808539.91377082,
2012-10-24,11.6343523869082,11.6343523869082,11.6343523869082,11.6343523869082,11.6343523869082,335311.947287764,coinmetrics-community,1.70097555,119151358.07987152,
2012-10-25,10.7536298202805,10.7536298202805,10.7536298202805,10.7536298202805,10.7536298202805,1081204.60505493,coinmetrics-community,1.57445232,110208467.30059667,
2012-10-26,10.130619493571,10.130619493571,10.130619493571,10.130619493571,10.130619493571,1164998.44869335,coinmetrics-community,1.4868804,103907129.81990696,
2012-10-27,10.4581862957335,10.4581862957335,10.4581862957335,10.4581862957335,10.4581862957335,563957.696668167,coinmetrics-community,1.53614064,107358406.44493102,
2012-10-28,10.7099620838691,10.7099620838691,10.7099620838691,10.7099620838691,10.7099620838691,267885.706655893,coinmetrics-community,1.57242952,110031900.95078166,
2012-10-29,10.6307389760374,10.6307389760374,10.6307389760374,10.6307389760374,10.6307389760374,516750.145856332,coinmetrics-community,1.56040388,109301962.21337628,
2012-10-30,10.8593230584454,10.8593230584454,10.8593230584454,10.8593230584454,10.8593230584454,360909.203981708,coinmetrics-community,1.59285398,111729837.03327024,
2012-10-31,11.1460718381064,11.1460718381064,11.1460718381064,11.1460718381064,11.1460718381064,526774.496868405,coinmetrics-community,1.63149593,114760401.03673297,
2012-11-01,10.6135357510228,10.6135357510228,10.6135357510228,10.6135357510228,10.6135357510228,627842.585979218,coinmetrics-community,1.5558671,109350090.90821235,
2012-11-02,10.5305036388077,10.5305036388077,10.5305036388077,10.5305036388077,10.5305036388077,329203.62418195,coinmetrics-community,1.5453108,108569913.27830061,
2012-11-03,10.650747019287,10.650747019287,10.650747019287,10.650747019287,10.650747019287,207546.840818001,coinmetrics-community,1.56238365,109887377.78346367,
2012-11-04,10.7968828924605,10.7968828924605,10.7968828924605,10.7968828924605,10.7968828924605,220064.429019472,coinmetrics-community,1.58109304,111479866.79207067,
2012-11-05,10.7408207352425,10.7408207352425,10.7408207352425,10.7408207352425,10.7408207352425,329698.58393195,coinmetrics-community,1.57225848,110986940.92462017,
2012-11-06,10.8681974991233,10.8681974991233,10.8681974991233,10.8681974991233,10.8681974991233,409421.203469723,coinmetrics-community,1.58971981,112376509.54384236,
2012-11-07,10.9540989444769,10.9540989444769,10.9540989444769,10.9540989444769,10.9540989444769,446858.392059742,coinmetrics-community,1.60010198,113350715.00743261,
2012-11-08,10.892699371128,10.892699371128,10.892699371128,10.892699371128,10.892699371128,382821.017975798,coinmetrics-community,1.5902082,112799238.90434064,
2012-11-09,10.8158672180012,10.8158672180012,10.8158672180012,10.8158672180012,10.8158672180012,232715.495643509,coinmetrics-community,1.57844306,112085804.89997825,
2012-11-10,10.8632604430158,10.8632604430158,10.8632604430158,10.8632604430158,10.8632604430158,178477.968129605,coinmetrics-community,1.5845781,112655160.61829433,
2012-11-11,10.8418406388077,10.8418406388077,10.8418406388077,10.8418406388077,10.8418406388077,154969.860183654,coinmetrics-community,1.58025646,112512718.56121533,
2012-11-12,11.0313424552893,11.0313424552893,11.0313424552893,11.0313424552893,11.0313424552893,582508.006285954,coinmetrics-community,1.60489338,114552107.04302375,
2012-11-13,10.9980027790766,10.9980027790766,10.9980027790766,10.9980027790766,10.9980027790766,246811.958483779,coinmetrics-community,1.59806012,114282885.8427829,
2012-11-14,10.9589524184687,10.9589524184687,10.9589524184687,10.9589524184687,10.9589524184687,331160.821323731,coinmetrics-community,1.59128731,113955460.67442434,
2012-11-15,11.1751098585622,11.1751098585622,11.1751098585622,11.1751098585622,11.1751098585622,464542.722967677,coinmetrics-community,1.62005507,116279140.7682393,
2012-11-16,11.705044829924,11.705044829924,11.705044829924,11.705044829924,11.705044829924,857982.745724019,coinmetrics-community,1.68971657,121878076.38036999,
2012-11-17,11.7500423991818,11.7500423991818,11.7500423991818,11.7500423991818,11.7500423991818,264601.161502219,coinmetrics-community,1.69344447,122428861.15311757,
2012-11-18,11.6656310321449,11.6656310321449,11.6656310321449,11.6656310321449,11.6656310321449,228574.094354541,coinmetrics-community,1.67867627,121634501.08996607,
2012-11-19,11.7505293506721,11.7505293506721,11.7505293506721,11.7505293506721,11.7505293506721,490619.694177464,coinmetrics-community,1.6880353,122605492.63169715,
2012-11-20,11.6991703167738,11.6991703167738,11.6991703167738,11.6991703167738,11.6991703167738,439455.493011052,coinmetrics-community,1.67898029,122155599.30469324,
2012-11-21,11.7291351759205,11.7291351759205,11.7291351759205,11.7291351759205,11.7291351759205,324035.55684093,coinmetrics-community,1.68083489,122557615.5110133,
2012-11-22,12.2919979465225,12.2919979465225,12.2919979465225,12.2919979465225,12.2919979465225,905022.033871383,coinmetrics-community,1.75627213,128527465.32024263,
2012-11-23,12.2802876195207,12.2802876195207,12.2802876195207,12.2802876195207,12.2802876195207,283180.082776939,coinmetrics-community,1.74998238,128505104.26090442,
2012-11-24,12.4132043997662,12.4132043997662,12.4132043997662,12.4132043997662,12.4132043997662,294106.506968334,coinmetrics-community,1.76602085,129989710.32066847,
2012-11-25,12.5296894897721,12.5296894897721,12.5296894897721,12.5296894897721,12.5296894897721,354027.315809107,coinmetrics-community,1.77806828,131300996.09654567,
2012-11-26,12.1846262399182,12.1846262399182,12.1846262399182,12.1846262399182,12.1846262399182,662519.215120752,coinmetrics-community,1.72578205,127780662.07478452,
2012-11-27,12.1592753845704,12.1592753845704,12.1592753845704,12.1592753845704,12.1592753845704,505152.918900397,coinmetrics-community,1.72025602,127604785.27999577,
2012-11-28,12.3316598270018,12.3316598270018,12.3316598270018,12.3316598270018,12.3316598270018,513534.743839112,coinmetrics-community,1.74127299,129500185.07707688,
2012-11-29,12.4976616534191,12.4976616534191,12.4976616534191,12.4976616534191,12.4976616534191,469420.282489721,coinmetrics-community,1.76192076,131295308.5773243,
2012-11-30,12.5861389275278,12.5861389275278,12.5861389275278,12.5861389275278,12.5861389275278,413754.047057101,coinmetrics-community,1.77041545,132264146.21624121,
2012-12-01,12.5923868702513,12.5923868702513,12.5923868702513,12.5923868702513,12.5923868702513,251780.939719233,coinmetrics-community,1.76938314,132382377.27418672,
2012-12-02,12.4979447565751,12.4979447565751,12.4979447565751,12.4979447565751,12.4979447565751,230855.85722965,coinmetrics-community,1.75501044,131434197.87972261,
2012-12-03,12.6569578369375,12.6569578369375,12.6569578369375,12.6569578369375,12.6569578369375,449822.770709477,coinmetrics-community,1.77399667,133152967.6720689,
2012-12-04,13.3695895815313,13.3695895815313,13.3695895815313,13.3695895815313,13.3695895815313,1092835.43114787,coinmetrics-community,1.85774266,140687388.18906176,
2012-12-05,13.3127502220923,13.3127502220923,13.3127502220923,13.3127502220923,13.3127502220923,508799.056010896,coinmetrics-community,1.84294645,140129874.8850083,
2012-12-06,13.4779245403273,13.4779245403273,13.4779245403273,13.4779245403273,13.4779245403273,765354.612147501,coinmetrics-community,1.8612199,141914659.98157954,
2012-12-07,13.4772824494448,13.4772824494448,13.4772824494448,13.4772824494448,13.4772824494448,621613.926342199,coinmetrics-community,1.8543992,141951363.36267227,
2012-12-08,13.4999844091175,13.4999844091175,13.4999844091175,13.4999844091175,13.4999844091175,224512.015926153,coinmetrics-community,1.85513901,142237049.86246952,
2012-12-09,13.3465108907072,13.3465108907072,13.3465108907072,13.3465108907072,13.3465108907072,430605.10825939,coinmetrics-community,1.83087828,140662080.57908487,
2012-12-10,13.4922565809468,13.4922565809468,13.4922565809468,13.4922565809468,13.4922565809468,528109.781386765,coinmetrics-community,1.84712224,142246364.18187144,
2012-12-11,13.615415666277,13.615415666277,13.615415666277,13.615415666277,13.615415666277,491816.612504496,coinmetrics-community,1.85959868,143593823.10198697,
2012-12-12,13.6682136426067,13.6682136426067,13.6682136426067,13.6682136426067,13.6682136426067,657047.384923139,coinmetrics-community,1.86112478,144195074.1623218,
2012-12-13,13.7552515207481,13.7552515207481,13.7552515207481,13.7552515207481,13.7552515207481,511002.474647275,coinmetrics-community,1.86515926,145158343.06192434,
2012-12-14,13.6009222527762,13.6009222527762,13.6009222527762,13.6009222527762,13.6009222527762,1232189.37878368,coinmetrics-community,1.84173767,143565757.99748012,
2012-12-15,13.5309482887201,13.5309482887201,13.5309482887201,13.5309482887201,13.5309482887201,258246.519503661,coinmetrics-community,1.83124675,142866381.26349294,
2012-12-16,13.3328610765634,13.3328610765634,13.3328610765634,13.3328610765634,13.3328610765634,633849.378418613,coinmetrics-community,1.80326306,140811878.1046288,
2012-12-17,13.3200719514904,13.3200719514904,13.3200719514904,13.3200719514904,13.3200719514904,1119506.5703938,coinmetrics-community,1.80108367,140721431.00088724,
2012-12-18,13.2720338690824,13.2720338690824,13.2720338690824,13.2720338690824,13.2720338690824,434104.533340536,coinmetrics-community,1.79259699,140255402.26413545,
2012-12-19,13.5385431800117,13.5385431800117,13.5385431800117,13.5385431800117,13.5385431800117,652885.136433282,coinmetrics-community,1.82412757,143119865.17911875,
2012-12-20,13.5700270263004,13.5700270263004,13.5700270263004,13.5700270263004,13.5700270263004,599918.863736891,coinmetrics-community,1.82505515,143488650.60438246,
2012-12-21,13.4289680023378,13.4289680023378,13.4289680023378,13.4289680023378,13.4289680023378,459451.183532103,coinmetrics-community,1.80384887,142039402.18769133,
2012-12-22,13.4272139129164,13.4272139129164,13.4272139129164,13.4272139129164,13.4272139129164,259408.356015424,coinmetrics-community,1.80284753,142072208.10593084,
2012-12-23,13.3181057568673,13.3181057568673,13.3181057568673,13.3181057568673,13.3181057568673,342094.39428535,coinmetrics-community,1.78784107,140958364.20494068,
2012-12-24,13.4266626715371,13.4266626715371,13.4266626715371,13.4266626715371,13.4266626715371,301209.278925171,coinmetrics-community,1.80152292,142151634.76233038,
2012-12-25,13.3655670046756,13.3655670046756,13.3655670046756,13.3655670046756,13.3655670046756,268608.338235806,coinmetrics-community,1.79274659,141546232.0092119,
2012-12-26,13.4546990175336,13.4546990175336,13.4546990175336,13.4546990175336,13.4546990175336,291932.599743528,coinmetrics-community,1.80324201,142541973.1363691,
2012-12-27,13.3993031811806,13.3993031811806,13.3993031811806,13.3993031811806,13.3993031811806,343666.590867064,coinmetrics-community,1.79484765,142007355.02252895,
2012-12-28,13.4555072215079,13.4555072215079,13.4555072215079,13.4555072215079,13.4555072215079,451480.594410411,coinmetrics-community,1.80018039,142659861.39896718,
2012-12-29,13.3740038603156,13.3740038603156,13.3740038603156,13.3740038603156,13.3740038603156,401808.945913727,coinmetrics-community,1.78895887,141843881.44588754,
2012-12-30,13.445013798948,13.445013798948,13.445013798948,13.445013798948,13.445013798948,187743.054237428,coinmetrics-community,1.79682629,142652805.32885808,
2012-12-31,13.5455524436002,13.5455524436002,13.5455524436002,13.5455524436002,13.5455524436002,239546.646006728,coinmetrics-community,1.80428719,143773034.3004858,
2013-01-01,13.3313714219755,13.3313714219755,13.3313714219755,13.3313714219755,13.3313714219755,420324.382840924,coinmetrics-community,1.77533304,141553700.38896382,
2013-01-02,13.2806068129749,13.2806068129749,13.2806068129749,13.2806068129749,13.2806068129749,302618.547598024,coinmetrics-community,1.7682754,141065475.5141025,
2013-01-03,13.3840811484512,13.3840811484512,13.3840811484512,13.3840811484512,13.3840811484512,312153.032112889,coinmetrics-community,1.78037669,142218776.59604105,
2013-01-04,13.4517211496201,13.4517211496201,13.4517211496201,13.4517211496201,13.4517211496201,524305.629760507,coinmetrics-community,1.78670376,142988969.6610883,
2013-01-05,13.459406766803,13.459406766803,13.459406766803,13.459406766803,13.459406766803,390473.868278605,coinmetrics-community,1.78641402,143118110.5322258,
2013-01-06,13.5044965078901,13.5044965078901,13.5044965078901,13.5044965078901,13.5044965078901,219309.223198662,coinmetrics-community,1.79112313,143646517.73434663,
2013-01-07,13.5560616578025,13.5560616578025,13.5560616578025,13.5560616578025,13.5560616578025,509513.59875096,coinmetrics-community,1.79609055,144251948.58030665,
2013-01-08,13.7803506312098,13.7803506312098,13.7803506312098,13.7803506312098,13.7803506312098,826867.23218755,coinmetrics-community,1.82064961,146684458.57620788,
2013-01-09,13.8209552565751,13.8209552565751,13.8209552565751,13.8209552565751,13.8209552565751,515173.863415988,coinmetrics-community,1.82378518,147161591.17636865,
2013-01-10,14.12317285564,14.12317285564,14.12317285564,14.12317285564,14.12317285564,914507.885310562,coinmetrics-community,1.85730887,150431420.63300768,
2013-01-11,14.2276211227352,14.2276211227352,14.2276211227352,14.2276211227352,14.2276211227352,675720.150187853,coinmetrics-community,1.86676138,151585555.62008733,
2013-01-12,14.2142856560491,14.2142856560491,14.2142856560491,14.2142856560491,14.2142856560491,465176.201592733,coinmetrics-community,1.86299654,151486828.93001932,
2013-01-13,14.1607882670953,14.1607882670953,14.1607882670953,14.1607882670953,14.1607882670953,596061.590817561,coinmetrics-community,1.85333941,150963772.34194258,
2013-01-14,14.3179703202805,14.3179703202805,14.3179703202805,14.3179703202805,14.3179703202805,398803.365240158,coinmetrics-community,1.87068729,152695639.47241086,
2013-01-15,14.3136377516072,14.3136377516072,14.3136377516072,14.3136377516072,14.3136377516072,994872.748029194,coinmetrics-community,1.86625363,152692733.03591058,
2013-01-16,14.7078140479252,14.7078140479252,14.7078140479252,14.7078140479252,14.7078140479252,909309.202542853,coinmetrics-community,1.91141576,156945831.87205285,
2013-01-17,15.598599739626,15.598599739626,15.598599739626,15.598599739626,15.598599739626,1327648.02371585,coinmetrics-community,2.0121271,166494616.2611942,
2013-01-18,15.7157911239042,15.7157911239042,15.7157911239042,15.7157911239042,15.7157911239042,1092208.88756235,coinmetrics-community,2.01889919,167793020.99875107,
2013-01-19,15.5881263997662,15.5881263997662,15.5881263997662,15.5881263997662,15.5881263997662,608328.480049066,coinmetrics-community,1.99859889,166489995.40949845,
2013-01-20,15.7195921373466,15.7195921373466,15.7195921373466,15.7195921373466,15.7195921373466,483569.569795413,coinmetrics-community,2.01174993,167945212.40042016,
2013-01-21,16.7810195207481,16.7810195207481,16.7810195207481,16.7810195207481,16.7810195207481,1301862.00039179,coinmetrics-community,2.13015937,179340683.405175,
2013-01-22,17.3001788386908,17.3001788386908,17.3001788386908,17.3001788386908,17.3001788386908,1332776.14202674,coinmetrics-community,2.1703499,184951279.27710688,
2013-01-23,17.5363954228521,17.5363954228521,17.5363954228521,17.5363954228521,17.5363954228521,1084420.83001994,coinmetrics-community,2.18559134,187531843.0292199,
2013-01-24,16.90108607218,16.90108607218,16.90108607218,16.90108607218,16.90108607218,3847099.0983293,coinmetrics-community,2.09953529,180803844.8818156,
2013-01-25,17.4072020292227,17.4072020292227,17.4072020292227,17.4072020292227,17.4072020292227,1723936.01591104,coinmetrics-community,2.15223509,186277774.02036732,
2013-01-26,17.5536291760608,17.5536291760608,17.5536291760608,17.5536291760608,17.5536291760608,712469.987350312,coinmetrics-community,2.16087068,187913177.8219317,
2013-01-27,17.8646280148217,17.8646280148217,17.8646280148217,17.8646280148217,17.8646280148217,505861.648343292,coinmetrics-community,2.18079976,191309887.26549783,
2013-01-28,18.7942648743425,18.7942648743425,18.7942648743425,18.7942648743425,18.7942648743425,1335479.72125251,coinmetrics-community,2.27526587,201334311.6529999,
2013-01-29,19.5147141861484,19.5147141861484,19.5147141861484,19.5147141861484,19.5147141861484,2109059.45192237,coinmetrics-community,2.32416991,209129236.71640307,
2013-01-30,19.7374466864407,19.7374466864407,19.7374466864407,19.7374466864407,19.7374466864407,1092760.84980056,coinmetrics-community,2.32557517,211591642.9422604,
2013-01-31,20.5116430306838,20.5116430306838,20.5116430306838,20.5116430306838,20.5116430306838,2622717.00119986,coinmetrics-community,2.38254625,219990240.129395,
2013-02-01,20.443091956166,20.443091956166,20.443091956166,20.443091956166,20.443091956166,1259492.10120977,coinmetrics-community,2.33077644,219330148.6105789,
2013-02-02,19.6359017054354,19.6359017054354,19.6359017054354,19.6359017054354,19.6359017054354,2016563.40978483,coinmetrics-community,2.2350697,210745061.13467124,
2013-02-03,20.5789396832262,20.5789396832262,20.5789396832262,20.5789396832262,20.5789396832262,816155.601059627,coinmetrics-community,2.32891208,220962040.1641314,
2013-02-04,20.4404879614261,20.4404879614261,20.4404879614261,20.4404879614261,20.4404879614261,1438380.03565088,coinmetrics-community,2.30317042,219559249.87727034,
2013-02-05,20.6593447276446,20.6593447276446,20.6593447276446,20.6593447276446,20.6593447276446,813850.031072097,coinmetrics-community,2.31494333,221996328.467677,
2013-02-06,21.2085655318527,21.2085655318527,21.2085655318527,21.2085655318527,21.2085655318527,1345709.81900481,coinmetrics-community,2.36137756,227975427.46700156,
2013-02-07,22.1177651789246,22.1177651789246,22.1177651789246,22.1177651789246,22.1177651789246,1794910.56473014,coinmetrics-community,2.44320117,237833763.17360315,
2013-02-08,22.7873650499299,22.7873650499299,22.7873650499299,22.7873650499299,22.7873650499299,1421340.24842864,coinmetrics-community,2.48951622,245120036.30912858,
2013-02-09,23.7338601537113,23.7338601537113,23.7338601537113,23.7338601537113,23.7338601537113,1107639.7077141,coinmetrics-community,2.57029343,255386181.09182903,
2013-02-10,23.9002893571011,23.9002893571011,23.9002893571011,23.9002893571011,23.9002893571011,1575625.75426554,coinmetrics-community,2.57573299,257273226.99119037,
2013-02-11,24.4972726949153,24.4972726949153,24.4972726949153,24.4972726949153,24.4972726949153,1043508.17294057,coinmetrics-community,2.61956557,263796794.86448842,
2013-02-12,24.9797364073641,24.9797364073641,24.9797364073641,24.9797364073641,24.9797364073641,2554095.13026608,coinmetrics-community,2.64695645,269078968.8001691,
2013-02-13,24.6416509347867,24.6416509347867,24.6416509347867,24.6416509347867,24.6416509347867,2850703.57566728,coinmetrics-community,2.58643345,265542492.30472648,
2013-02-14,27.2823898203039,27.2823898203039,27.2823898203039,27.2823898203039,27.2823898203039,4450296.43362078,coinmetrics-community,2.81731895,294102520.84549767,
2013-02-15,27.1712692291058,27.1712692291058,27.1712692291058,27.1712692291058,27.1712692291058,1781681.51569904,coinmetrics-community,2.76388477,293026238.9197121,
2013-02-16,27.3461635619521,27.3461635619521,27.3461635619521,27.3461635619521,27.3461635619521,686207.447936533,coinmetrics-community,2.75541364,295041582.57998717,
2013-02-17,26.9272513763881,26.9272513763881,26.9272513763881,26.9272513763881,26.9272513763881,2508192.93734145,coinmetrics-community,2.69341809,290648438.3922715,
2013-02-18,26.9288676370544,26.9288676370544,26.9288676370544,26.9288676370544,26.9288676370544,1074806.2094812,coinmetrics-community,2.67527962,290774272.72980016,
2013-02-19,29.4136243807715,29.4136243807715,29.4136243807715,29.4136243807715,29.4136243807715,3508641.73193874,coinmetrics-community,2.87905367,317721259.24886334,
2013-02-20,29.8198072276447,29.8198072276447,29.8198072276447,29.8198072276447,29.8198072276447,1467978.89629152,coinmetrics-community,2.88625353,322252661.82580173,
2013-02-21,29.8180689158387,29.8180689158387,29.8180689158387,29.8180689158387,29.8180689158387,1351634.74652732,coinmetrics-community,2.8644687,322365075.93125725,
2013-02-22,30.4726565324372,30.4726565324372,30.4726565324372,30.4726565324372,30.4726565324372,2650235.5496567,coinmetrics-community,2.89510636,329571373.87658,
2013-02-23,29.8064545458796,29.8064545458796,29.8064545458796,29.8064545458796,29.8064545458796,2569785.32582151,coinmetrics-community,2.81513609,322488396.10531163,
2013-02-24,29.8828484924021,29.8828484924021,29.8828484924021,29.8828484924021,29.8828484924021,939738.555688927,coinmetrics-community,2.78872419,323431477.0117495,
2013-02-25,30.3520330949737,30.3520330949737,30.3520330949737,30.3520330949737,30.3520330949737,1052368.85780396,coinmetrics-community,2.77552491,328664404.99827874,
2013-02-26,31.1555373506721,31.1555373506721,31.1555373506721,31.1555373506721,31.1555373506721,1823155.30906657,coinmetrics-community,2.82058485,337494377.8378774,
2013-02-27,31.2402610829924,31.2402610829924,31.2402610829924,31.2402610829924,31.2402610829924,1271819.06052788,coinmetrics-community,2.81550442,338562887.3884732,
2013-02-28,33.3752939365868,33.3752939365868,33.3752939365868,33.3752939365868,33.3752939365868,5094307.24675544,coinmetrics-community,2.93242114,361841246.91605145,
2013-03-01,34.6062570341204,34.6062570341204,34.6062570341204,34.6062570341204,34.6062570341204,1990716.21592616,coinmetrics-community,2.99916694,375318347.5735309,
2013-03-02,34.143515924021,34.143515924021,34.143515924021,34.143515924021,34.143515924021,1482007.46817152,coinmetrics-community,2.94238341,370423510.0792244,
2013-03-03,34.451740484512,34.451740484512,34.451740484512,34.451740484512,34.451740484512,612535.41363335,coinmetrics-community,2.95351788,373906111.15763783,
2013-03-04,36.3762652507306,36.3762652507306,36.3762652507306,36.3762652507306,36.3762652507306,2334138.24865901,coinmetrics-community,3.07990408,394955838.76547873,
2013-03-05,40.6729539902747,40.6729539902747,40.6729539902747,40.6729539902747,40.6729539902747,4369450.92803098,coinmetrics-community,3.34059331,441748538.9127994,
2013-03-06,43.2849961852133,43.2849961852133,43.2849961852133,43.2849961852133,43.2849961852133,7831092.43886899,coinmetrics-community,3.41073072,470285631.9407903,
2013-03-07,41.9474407158387,41.9474407158387,41.9474407158387,41.9474407158387,41.9474407158387,8602992.79353466,coinmetrics-community,3.24461202,455921062.3083841,
2013-03-08,43.902928914962,43.902928914962,43.902928914962,43.902928914962,43.902928914962,2744012.69816643,coinmetrics-community,3.35334641,477350610.8998441,
2013-03-09,46.8885866123086,46.8885866123086,46.8885866123086,46.8885866123086,46.8885866123086,2649899.55142969,coinmetrics-community,3.50857536,510011367.6934876,
2013-03-10,46.0660384590181,46.0660384590181,46.0660384590181,46.0660384590181,46.0660384590181,2100567.11032308,coinmetrics-community,3.41442475,501275189.68221486,
2013-03-11,48.275074577218,48.275074577218,48.275074577218,48.275074577218,48.275074577218,2564403.89222245,coinmetrics-community,3.52669627,525511108.0816515,
2013-03-12,44.4135452582116,44.4135452582116,44.4135452582116,44.4135452582116,44.4135452582116,10121407.7860206,coinmetrics-community,3.21775227,483625303.7749541,
2013-03-13,47.0161908515809,47.0161908515809,47.0161908515809,47.0161908515809,47.0161908515809,3009606.16918719,coinmetrics-community,3.35448171,512150414.04264796,
2013-03-14,46.9255625535453,46.9255625535453,46.9255625535453,46.9255625535453,46.9255625535453,2673936.41914119,coinmetrics-community,3.31080577,511373186.01099753,
2013-03-15,46.9025172478223,46.9025172478223,46.9025172478223,46.9025172478223,46.9025172478223,1301729.33606058,coinmetrics-community,3.27320999,511323729.6517219,
2013-03-16,47.1570156995909,47.1570156995909,47.1570156995909,47.1570156995909,47.1570156995909,1025790.7535254,coinmetrics-community,3.26643484,514304542.94810313,
2013-03-17,47.3334997837522,47.3334997837522,47.3334997837522,47.3334997837522,47.3334997837522,925978.654369213,coinmetrics-community,3.25507816,516476633.8166199,
2013-03-18,51.3654363912578,51.3654363912578,51.3654363912578,51.3654363912578,51.3654363912578,4223550.83458259,coinmetrics-community,3.46957223,560714853.244011,
2013-03-19,59.4986011114249,59.4986011114249,59.4986011114249,59.4986011114249,59.4986011114249,8092808.55535586,coinmetrics-community,3.86035942,649750892.1279707,
2013-03-20,63.6874854981899,63.6874854981899,63.6874854981899,63.6874854981899,63.6874854981899,7557187.19563298,coinmetrics-community,4.00566845,695831303.4244558,
2013-03-21,70.9175250053215,70.9175250053215,70.9175250053215,70.9175250053215,70.9175250053215,8960779.50623969,coinmetrics-community,4.23461019,775211153.6449281,
2013-03-22,69.8460845417884,69.8460845417884,69.8460845417884,69.8460845417884,69.8460845417884,7023219.16864677,coinmetrics-community,4.05568242,763898930.1196952,
2013-03-23,64.3831163705435,64.3831163705435,64.3831163705435,64.3831163705435,64.3831163705435,12337295.0861989,coinmetrics-community,3.70672564,704500327.6151555,
2013-03-24,71.6904242064758,71.6904242064758,71.6904242064758,71.6904242064758,71.6904242064758,3645275.53994296,coinmetrics-community,4.02556381,784797927.6057003,
2013-03-25,74.3140892495617,74.3140892495617,74.3140892495617,74.3140892495617,74.3140892495617,8329618.63874098,coinmetrics-community,4.02378239,813786823.9952372,
2013-03-26,78.6141974320088,78.6141974320088,78.6141974320088,78.6141974320088,78.6141974320088,6434127.74862101,coinmetrics-community,4.15075356,861172528.4298557,
2013-03-27,88.8520799138223,88.8520799138223,88.8520799138223,88.8520799138223,88.8520799138223,8868880.73818902,coinmetrics-community,4.49610198,973613530.4479172,
2013-03-28,87.6731739608416,87.6731739608416,87.6731739608416,87.6731739608416,87.6731739608416,16669096.1144515,coinmetrics-community,4.28052357,961096549.4737965,
2013-03-29,90.29569935827,90.29569935827,90.29569935827,90.29569935827,90.29569935827,10009295.0270518,coinmetrics-community,4.30087359,990238153.5467446,
2013-03-30,92.1899599883109,92.1899599883109,92.1899599883109,92.1899599883109,92.1899599883109,4332964.70585876,coinmetrics-community,4.24924608,1011410501.7964929,
2013-03-31,93.8992384231444,93.8992384231444,93.8992384231444,93.8992384231444,93.8992384231444,2677494.27731768,coinmetrics-community,4.26532297,1030559616.8999578,
2013-04-01,103.580346911163,103.580346911163,103.580346911163,103.580346911163,103.580346911163,11565606.6001741,coinmetrics-community,4.45266486,1137324100.7828927,
2013-04-02,116.679944241173,116.679944241173,116.679944241173,116.679944241173,116.679944241173,12172712.6896402,coinmetrics-community,4.75336825,1281687160.0164897,
2013-04-03,131.384809378154,131.384809378154,131.384809378154,131.384809378154,131.384809378154,27307297.588462,coinmetrics-community,4.85046378,1443789615.4101915,
2013-04-04,133.007120475745,133.007120475745,133.007120475745,133.007120475745,133.007120475745,15758780.8599781,coinmetrics-community,4.73920513,1462129293.4937856,
2013-04-05,142.626065488019,142.626065488019,142.626065488019,142.626065488019,142.626065488019,13056284.19117,coinmetrics-community,4.71276367,1568432428.5392342,
2013-04-06,143.081822964933,143.081822964933,143.081822964933,143.081822964933,143.081822964933,4284250.40879205,coinmetrics-community,4.6145611,1574027367.5374389,
2013-04-07,162.852214576856,162.852214576856,162.852214576856,162.852214576856,162.852214576856,12862963.9865563,coinmetrics-community,5.04960835,1792186961.141899,
2013-04-08,186.351161848042,186.351161848042,186.351161848042,186.351161848042,186.351161848042,29030702.2754489,coinmetrics-community,5.33290242,2051514747.0419729,
2013-04-09,230.682996695207,230.682996695207,230.682996695207,230.682996695207,230.682996695207,31647564.9010961,coinmetrics-community,5.64074143,2540572928.6179833,
2013-04-10,161.192889661017,161.192889661017,161.192889661017,161.192889661017,161.192889661017,51458140.1358019,coinmetrics-community,3.7993504,1776029674.5699651,
2013-04-11,82.9015850379895,82.9015850379895,82.9015850379895,82.9015850379895,82.9015850379895,29774068.3924832,coinmetrics-community,2.09881888,913744570.1872934,
2013-04-12,111.476373194039,111.476373194039,111.476373194039,111.476373194039,111.476373194039,62371649.5085999,coinmetrics-community,2.84072926,1229179118.9603853,
2013-04-13,97.6090718702513,97.6090718702513,97.6090718702513,97.6090718702513,97.6090718702513,34794478.1570317,coinmetrics-community,2.50198944,1076680752.5950675,
2013-04-14,88.8614913997663,88.8614913997663,88.8614913997663,88.8614913997663,88.8614913997663,20334850.2937177,coinmetrics-community,2.29456796,980530113.2224426,
2013-04-15,80.8746931659848,80.8746931659848,80.8746931659848,80.8746931659848,80.8746931659848,27089134.4661234,coinmetrics-community,2.11528578,892732454.128854,
2013-04-16,68.2831387270602,68.2831387270602,68.2831387270602,68.2831387270602,68.2831387270602,47517348.8358791,coinmetrics-community,1.81094891,754043176.5032616,
2013-04-17,92.8640369135009,92.8640369135009,92.8640369135009,92.8640369135009,92.8640369135009,36842938.2524307,coinmetrics-community,2.42321708,1025884320.2421466,
2013-04-18,108.628345092344,108.628345092344,108.628345092344,108.628345092344,108.628345092344,21853574.3601491,coinmetrics-community,2.78425484,1200434439.8990366,
2013-04-19,119.012283239042,119.012283239042,119.012283239042,119.012283239042,119.012283239042,41016776.5640541,coinmetrics-community,3.00006559,1315593293.9734414,
2013-04-20,128.208288893045,128.208288893045,128.208288893045,128.208288893045,128.208288893045,11931264.9757232,coinmetrics-community,3.18525555,1417741977.5334146,
2013-04-21,118.483243756283,118.483243756283,118.483243756283,118.483243756283,118.483243756283,17348024.0546433,coinmetrics-community,2.91485166,1310722638.199706,
2013-04-22,126.31427175979,126.31427175979,126.31427175979,126.31427175979,126.31427175979,9861195.22712353,coinmetrics-community,3.07341776,1397836653.5164459,
2013-04-23,142.127218053185,142.127218053185,142.127218053185,142.127218053185,142.127218053185,21844157.4342625,coinmetrics-community,3.38292483,1573425024.8333805,
2013-04-24,154.1332778045,154.1332778045,154.1332778045,154.1332778045,154.1332778045,46325989.4390049,coinmetrics-community,3.50996743,1706962826.9867718,
2013-04-25,141.008659278492,141.008659278492,141.008659278492,141.008659278492,141.008659278492,36069050.1764974,coinmetrics-community,3.16156158,1562219397.6988719,
2013-04-26,137.209600419638,137.209600419638,137.209600419638,137.209600419638,137.209600419638,22465491.3051291,coinmetrics-community,3.0583438,1520716614.2806683,
2013-04-27,128.226669605202,128.226669605202,128.226669605202,128.226669605202,128.226669605202,10577358.8463854,coinmetrics-community,2.83739563,1421628544.643054,
2013-04-28,134.62356956166,134.62356956166,134.62356956166,134.62356956166,134.62356956166,5828197.96468277,coinmetrics-community,2.9627086,1493145659.0043015,
2013-04-29,143.810378192577,143.810378192577,143.810378192577,143.810378192577,143.810378192577,13955330.4503151,coinmetrics-community,3.11966325,1595664561.2153354,
2013-04-30,139.129647545295,139.129647545295,139.129647545295,139.129647545295,139.129647545295,13027895.2249212,coinmetrics-community,3.00006777,1544247234.8898036,
2013-05-01,116.113801040327,116.113801040327,116.113801040327,116.113801040327,116.113801040327,31056486.8890304,coinmetrics-community,2.52047369,1289224863.2577162,
2013-05-02,106.340984697253,106.340984697253,106.340984697253,106.340984697253,106.340984697253,33635800.0866532,coinmetrics-community,2.32100761,1181072403.7427328,
2013-05-03,96.3168402741087,96.3168402741087,96.3168402741087,96.3168402741087,96.3168402741087,30632678.7080649,coinmetrics-community,2.10886798,1070069481.6966928,
2013-05-04,112.497636369082,112.497636369082,112.497636369082,112.497636369082,112.497636369082,18879575.001607,coinmetrics-community,2.45598818,1250283521.354362,
2013-05-05,116.488715827002,116.488715827002,116.488715827002,116.488715827002,116.488715827002,13449341.6262246,coinmetrics-community,2.53233335,1295120354.823742,
2013-05-06,112.118596195207,112.118596195207,112.118596195207,112.118596195207,112.118596195207,22511422.4848906,coinmetrics-community,2.43394807,1246998701.4902174,
2013-05-07,111.609212873466,111.609212873466,111.609212873466,111.609212873466,111.609212873466,19519547.668008,coinmetrics-community,2.41884231,1241802027.6661525,
2013-05-08,113.136061854763,113.136061854763,113.136061854763,113.136061854763,113.136061854763,10615282.296578,coinmetrics-community,2.44959787,1259256954.5163176,
2013-05-09,111.974532710696,111.974532710696,111.974532710696,111.974532710696,111.974532710696,4828133.41823695,coinmetrics-community,2.42161822,1246787690.8437922,
2013-05-10,117.691036883694,117.691036883694,117.691036883694,117.691036883694,117.691036883694,12529474.6512624,coinmetrics-community,2.54554421,1310944548.467899,
2013-05-11,115.49977766277,115.49977766277,115.49977766277,115.49977766277,115.49977766277,4551313.6391111,coinmetrics-community,2.486801,1287061932.244286,
2013-05-12,114.885675559614,114.885675559614,114.885675559614,114.885675559614,114.885675559614,3352220.2158118,coinmetrics-community,2.46930854,1280701257.614276,
2013-05-13,117.404456646113,117.404456646113,117.404456646113,117.404456646113,117.404456646113,4336499.34202853,coinmetrics-community,2.5169175,1309290368.328104,
2013-05-14,107.865566569258,107.865566569258,107.865566569258,107.865566569258,107.865566569258,14166726.1437502,coinmetrics-community,2.31657619,1203328284.354879,
2013-05-15,108.986852425482,108.986852425482,108.986852425482,108.986852425482,108.986852425482,16735915.2494144,coinmetrics-community,2.33507149,1216221320.3093538,
2013-05-16,112.917874050263,112.917874050263,112.917874050263,112.917874050263,112.917874050263,7544089.347091,coinmetrics-community,2.41471463,1260506722.5284379,
2013-05-17,117.284616014027,117.284616014027,117.284616014027,117.284616014027,117.284616014027,13375876.9242294,coinmetrics-community,2.50090692,1309724907.4601839,
2013-05-18,118.169876680304,118.169876680304,118.169876680304,118.169876680304,118.169876680304,4162045.89126264,coinmetrics-community,2.50453812,1320050853.4789562,
2013-05-19,117.033880187025,117.033880187025,117.033880187025,117.033880187025,117.033880187025,3505333.16096474,coinmetrics-community,2.47744864,1307817307.5679667,
2013-05-20,117.818636469901,117.818636469901,117.818636469901,117.818636469901,117.818636469901,3492483.93763872,coinmetrics-community,2.48938747,1316966680.7029214,
2013-05-21,117.252040911748,117.252040911748,117.252040911748,117.252040911748,117.252040911748,2918409.32148617,coinmetrics-community,2.4741524,1311075950.280394,
2013-05-22,118.9781735827,118.9781735827,118.9781735827,118.9781735827,118.9781735827,3997333.56531371,coinmetrics-community,2.50485148,1330841045.243314,
2013-05-23,123.726156049094,123.726156049094,123.726156049094,123.726156049094,123.726156049094,5204158.58851504,coinmetrics-community,2.59511089,1384488238.2845278,
2013-05-24,128.971080654588,128.971080654588,128.971080654588,128.971080654588,128.971080654588,10605946.5368235,coinmetrics-community,2.69072496,1443723531.7086802,
2013-05-25,128.844915254237,128.844915254237,128.844915254237,128.844915254237,128.844915254237,3636182.02308577,coinmetrics-community,2.65472177,1442842700.700099,
2013-05-26,130.158601110462,130.158601110462,130.158601110462,130.158601110462,130.158601110462,4374824.37001194,coinmetrics-community,2.67740913,1458084131.9281435,
2013-05-27,126.392905902981,126.392905902981,126.392905902981,126.392905902981,126.392905902981,8979183.97810174,coinmetrics-community,2.59424673,1416455569.2618315,
2013-05-28,125.904595265926,125.904595265926,125.904595265926,125.904595265926,125.904595265926,4732690.14248074,coinmetrics-community,2.57846403,1411480509.952701,
2013-05-29,129.564812390415,129.564812390415,129.564812390415,129.564812390415,129.564812390415,4988795.12372296,coinmetrics-community,2.63946924,1453058332.4655852,
2013-05-30,126.513068381064,126.513068381064,126.513068381064,126.513068381064,126.513068381064,5524879.31245981,coinmetrics-community,2.56977125,1419399429.3802018,
2013-05-31,127.816488895383,127.816488895383,127.816488895383,127.816488895383,127.816488895383,3551565.93841665,coinmetrics-community,2.58656508,1434582209.3468971,
2013-06-01,128.791151081239,128.791151081239,128.791151081239,128.791151081239,128.791151081239,1596741.37993146,coinmetrics-community,2.59949225,1446207401.3631341,
2013-06-02,122.626708942139,122.626708942139,122.626708942139,122.626708942139,122.626708942139,17248934.08359,coinmetrics-community,2.47023042,1377596394.8728478,
2013-06-03,122.949187901812,122.949187901812,122.949187901812,122.949187901812,122.949187901812,6123260.46635348,coinmetrics-community,2.47098358,1381873848.829096,
2013-06-04,120.189968731736,120.189968731736,120.189968731736,120.189968731736,120.189968731736,5251418.21107136,coinmetrics-community,2.41037014,1351501920.6073377,
2013-06-05,120.869923845704,120.869923845704,120.869923845704,120.869923845704,120.869923845704,3247352.99747383,coinmetrics-community,2.41605705,1359703823.5926516,
2013-06-06,119.053975669784,119.053975669784,119.053975669784,119.053975669784,119.053975669784,4043016.91711975,coinmetrics-community,2.36554851,1339814370.1351333,
2013-06-07,110.1977314436,110.1977314436,110.1977314436,110.1977314436,110.1977314436,12169099.9808366,coinmetrics-community,2.19162685,1240591162.2237139,
2013-06-08,109.178545341321,109.178545341321,109.178545341321,109.178545341321,109.178545341321,3185575.90244082,coinmetrics-community,2.17144932,1229611335.792512,
2013-06-09,99.9036034482759,99.9036034482759,99.9036034482759,99.9036034482759,99.9036034482759,22028218.0403407,coinmetrics-community,1.98865953,1125550441.613678,
2013-06-10,104.357566627703,104.357566627703,104.357566627703,104.357566627703,104.357566627703,9940526.95374679,coinmetrics-community,2.07770045,1176184371.0284529,
2013-06-11,107.507520455874,107.507520455874,107.507520455874,107.507520455874,107.507520455874,3158362.64046609,coinmetrics-community,2.13557988,1212170386.11142,
2013-06-12,106.378116306254,106.378116306254,106.378116306254,106.378116306254,106.378116306254,3758119.23310489,coinmetrics-community,2.11326913,1199975980.6649568,
2013-06-13,101.323897720631,101.323897720631,101.323897720631,101.323897720631,101.323897720631,5566060.44082644,coinmetrics-community,2.01619261,1143434086.4142456,
2013-06-14,99.2132443015781,99.2132443015781,99.2132443015781,99.2132443015781,99.2132443015781,5835753.26630764,coinmetrics-community,1.97525553,1120061949.2339363,
2013-06-15,99.8750374050263,99.8750374050263,99.8750374050263,99.8750374050263,99.8750374050263,3451716.7051435,coinmetrics-community,1.98785838,1127965182.1743386,
2013-06-16,99.0383512565751,99.0383512565751,99.0383512565751,99.0383512565751,99.0383512565751,1539070.18080125,coinmetrics-community,1.97078129,1118973897.9741035,
2013-06-17,100.126305084746,100.126305084746,100.126305084746,100.126305084746,100.126305084746,2592788.77996932,coinmetrics-community,1.99247389,1131628982.2687159,
2013-06-18,104.289176382233,104.289176382233,104.289176382233,104.289176382233,104.289176382233,9090619.71564996,coinmetrics-community,2.07413684,1179042827.4145336,
2013-06-19,104.417150789012,104.417150789012,104.417150789012,104.417150789012,104.417150789012,3118359.92501284,coinmetrics-community,2.07549068,1180844662.2775013,
2013-06-20,104.323499707773,104.323499707773,104.323499707773,104.323499707773,104.323499707773,7038864.39285368,coinmetrics-community,2.07320647,1180187215.6524065,
2013-06-21,101.416857393337,101.416857393337,101.416857393337,101.416857393337,101.416857393337,7140305.9634273,coinmetrics-community,2.01650897,1147731005.58289,
2013-06-22,100.039508474576,100.039508474576,100.039508474576,100.039508474576,100.039508474576,1461054.99848539,coinmetrics-community,1.9886398,1132583770.1846802,
2013-06-23,100.314744593805,100.314744593805,100.314744593805,100.314744593805,100.314744593805,1653774.66218082,coinmetrics-community,1.99397986,1136113617.018969,
2013-06-24,99.0456832261835,99.0456832261835,99.0456832261835,99.0456832261835,99.0456832261835,4992220.46086155,coinmetrics-community,1.96797679,1122112296.7522929,
2013-06-25,97.8327887200468,97.8327887200468,97.8327887200468,97.8327887200468,97.8327887200468,11213521.2414543,coinmetrics-community,1.94416036,1108755117.731877,
2013-06-26,98.6517007597896,98.6517007597896,98.6517007597896,98.6517007597896,98.6517007597896,2441877.5019537,coinmetrics-community,1.95910003,1118465117.7360034,
2013-06-27,96.8039495990649,96.8039495990649,96.8039495990649,96.8039495990649,96.8039495990649,2458853.9276596,coinmetrics-community,1.92349796,1097920368.0880268,
2013-06-28,89.4245067212157,89.4245067212157,89.4245067212157,89.4245067212157,89.4245067212157,8284042.13219104,coinmetrics-community,1.78128607,1014602834.5870994,
2013-06-29,88.7972910578609,88.7972910578609,88.7972910578609,88.7972910578609,88.7972910578609,3418264.80614982,coinmetrics-community,1.76821188,1007861667.6620927,
2013-06-30,89.4809076563413,89.4809076563413,89.4809076563413,89.4809076563413,89.4809076563413,1277204.72971993,coinmetrics-community,1.78301213,1015963076.0984951,
2013-07-01,82.8675701344243,82.8675701344243,82.8675701344243,82.8675701344243,82.8675701344243,8116269.17686386,coinmetrics-community,1.65189371,941200729.8550057,
2013-07-02,87.8164666861484,87.8164666861484,87.8164666861484,87.8164666861484,87.8164666861484,4248327.6810126,coinmetrics-community,1.74762367,997745649.5225525,
2013-07-03,77.6913308007014,77.6913308007014,77.6913308007014,77.6913308007014,77.6913308007014,9950621.53311885,coinmetrics-community,1.55181119,883064123.3690087,
2013-07-04,79.1348708357686,79.1348708357686,79.1348708357686,79.1348708357686,79.1348708357686,8348474.80325241,coinmetrics-community,1.58276019,899798285.1809638,
2013-07-05,67.4476238527177,67.4476238527177,67.4476238527177,67.4476238527177,67.4476238527177,11050958.9551414,coinmetrics-community,1.36137275,767222778.3446609,
2013-07-06,66.3416808883694,66.3416808883694,66.3416808883694,66.3416808883694,66.3416808883694,5109045.73819903,coinmetrics-community,1.34844416,754952725.1660112,
2013-07-07,72.1095223728814,72.1095223728814,72.1095223728814,72.1095223728814,72.1095223728814,4311802.89845853,coinmetrics-community,1.46501861,820924713.9615766,
2013-07-08,73.9885537697253,73.9885537697253,73.9885537697253,73.9885537697253,73.9885537697253,7374571.96675223,coinmetrics-community,1.50296907,842671531.8697886,
2013-07-09,74.8919108708358,74.8919108708358,74.8919108708358,74.8919108708358,74.8919108708358,4657291.11246775,coinmetrics-community,1.52222014,853306435.0262109,
2013-07-10,85.0136791350088,85.0136791350088,85.0136791350088,85.0136791350088,85.0136791350088,8811288.9426198,coinmetrics-community,1.71733658,969046682.8402269,
2013-07-11,87.4975493863238,87.4975493863238,87.4975493863238,87.4975493863238,87.4975493863238,5721814.57773923,coinmetrics-community,1.76516035,997740225.7832276,
2013-07-12,90.0466987142022,90.0466987142022,90.0466987142022,90.0466987142022,90.0466987142022,15804066.7532695,coinmetrics-community,1.81083744,1027155020.5523934,
2013-07-13,91.5925978959673,91.5925978959673,91.5925978959673,91.5925978959673,91.5925978959673,4468843.40040819,coinmetrics-community,1.83583015,1045148461.7600391,
2013-07-14,89.892269275862,89.892269275862,89.892269275862,89.892269275862,89.892269275862,2034607.96632103,coinmetrics-community,1.80117415,1026132821.0209174,
2013-07-15,93.7961525423729,93.7961525423729,93.7961525423729,93.7961525423729,93.7961525423729,5510985.17849464,coinmetrics-community,1.87663807,1071080758.5093727,
2013-07-16,91.7810356516657,91.7810356516657,91.7810356516657,91.7810356516657,91.7810356516657,3475015.4241541,coinmetrics-community,1.83749352,1048445957.7488549,
2013-07-17,91.0313512565751,91.0313512565751,91.0313512565751,91.0313512565751,91.0313512565751,3173451.78306324,coinmetrics-community,1.8238974,1040300802.374275,
2013-07-18,84.9617291174752,84.9617291174752,84.9617291174752,84.9617291174752,84.9617291174752,8773140.89336026,coinmetrics-community,1.7072557,971279496.8994904,
2013-07-19,86.2387945996493,86.2387945996493,86.2387945996493,86.2387945996493,86.2387945996493,3965102.13777755,coinmetrics-community,1.7344736,986247535.3901426,
2013-07-20,84.9108591466978,84.9108591466978,84.9108591466978,84.9108591466978,84.9108591466978,1492932.62892452,coinmetrics-community,1.70903901,971455782.516991,
2013-07-21,85.6643502618352,85.6643502618352,85.6643502618352,85.6643502618352,85.6643502618352,1368221.69272625,coinmetrics-community,1.72424963,980502571.4748517,
2013-07-22,85.6490286382233,85.6490286382233,85.6490286382233,85.6490286382233,85.6490286382233,1970549.36014492,coinmetrics-community,1.72449453,980680504.4855707,
2013-07-23,86.977056691993,86.977056691993,86.977056691993,86.977056691993,86.977056691993,4627933.52091781,coinmetrics-community,1.75049177,996193006.283257,
2013-07-24,88.15173056692,88.15173056692,88.15173056692,88.15173056692,88.15173056692,2683666.09643964,coinmetrics-community,1.77287254,1009997554.026626,
2013-07-25,90.166092226768,90.166092226768,90.166092226768,90.166092226768,90.166092226768,3903546.06705686,coinmetrics-community,1.81143598,1033406188.4391301,
2013-07-26,89.9839859731151,89.9839859731151,89.9839859731151,89.9839859731151,89.9839859731151,2035394.07469506,coinmetrics-community,1.80661592,1031687977.5496286,
2013-07-27,88.165275862069,88.165275862069,88.165275862069,88.165275862069,88.165275862069,1962239.0362477,coinmetrics-community,1.76941732,1011234977.8688718,
2013-07-28,92.7458421975453,92.7458421975453,92.7458421975453,92.7458421975453,92.7458421975453,5852899.78618899,coinmetrics-community,1.85884089,1064162528.935402,
2013-07-29,93.2986972530684,93.2986972530684,93.2986972530684,93.2986972530684,93.2986972530684,4303481.09139521,coinmetrics-community,1.869772,1070921147.5860304,
2013-07-30,96.659552893045,96.659552893045,96.659552893045,96.659552893045,96.659552893045,5227380.5913585,coinmetrics-community,1.93317595,1109974490.9137096,
2013-07-31,98.0244199298656,98.0244199298656,98.0244199298656,98.0244199298656,98.0244199298656,8532202.67784021,coinmetrics-community,1.95512089,1126113338.875797,
2013-08-01,96.5680178258329,96.5680178258329,96.5680178258329,96.5680178258329,96.5680178258329,2966308.28940243,coinmetrics-community,1.92448734,1109809374.1967292,
2013-08-02,96.0745306838106,96.0745306838106,96.0745306838106,96.0745306838106,96.0745306838106,5480066.23355521,coinmetrics-community,1.90836477,1104599123.6600633,
2013-08-03,95.5067095265926,95.5067095265926,95.5067095265926,95.5067095265926,95.5067095265926,1664778.99671618,coinmetrics-community,1.88398021,1098476608.5801706,
2013-08-04,96.3654821741672,96.3654821741672,96.3654821741672,96.3654821741672,96.3654821741672,1198222.54702395,coinmetrics-community,1.89918712,1108785073.3685734,
2013-08-05,97.5271338398598,97.5271338398598,97.5271338398598,97.5271338398598,97.5271338398598,3776690.49539284,coinmetrics-community,1.91794773,1122611899.2791588,
2013-08-06,97.6712066043249,97.6712066043249,97.6712066043249,97.6712066043249,97.6712066043249,2850070.26925181,coinmetrics-community,1.91969225,1124734225.1187468,
2013-08-07,97.0542068965517,97.0542068965517,97.0542068965517,97.0542068965517,97.0542068965517,1961087.20585813,coinmetrics-community,1.90613164,1118080457.817728,
2013-08-08,94.2572717708942,94.2572717708942,94.2572717708942,94.2572717708942,94.2572717708942,4532084.37493474,coinmetrics-community,1.85073304,1086342372.6635354,
2013-08-09,92.4727767387493,92.4727767387493,92.4727767387493,92.4727767387493,92.4727767387493,3317978.12928298,coinmetrics-community,1.81530455,1066226355.0628034,
2013-08-10,93.293552893045,93.293552893045,93.293552893045,93.293552893045,93.293552893045,896121.794060776,coinmetrics-community,1.83035886,1076179830.536225,
2013-08-11,94.271312390415,94.271312390415,94.271312390415,94.271312390415,94.271312390415,1233224.21986518,coinmetrics-community,1.84834368,1087967756.950172,
2013-08-12,95.4464707773232,95.4464707773232,95.4464707773232,95.4464707773232,95.4464707773232,3336200.90591833,coinmetrics-community,1.87013093,1102045453.0971506,
2013-08-13,97.7590750847458,97.7590750847458,97.7590750847458,97.7590750847458,97.7590750847458,4042499.24054496,coinmetrics-community,1.90506811,1129194526.9368844,
2013-08-14,99.1212875511397,99.1212875511397,99.1212875511397,99.1212875511397,99.1212875511397,9842775.88610927,coinmetrics-community,1.92870802,1145345466.2011495,
2013-08-15,98.1063331385155,98.1063331385155,98.1063331385155,98.1063331385155,98.1063331385155,3130458.8645242,coinmetrics-community,1.90518517,1134034630.2359014,
2013-08-16,98.2909602571596,98.2909602571596,98.2909602571596,98.2909602571596,98.2909602571596,2921597.48234852,coinmetrics-community,1.90684121,1136581601.4061983,
2013-08-17,99.6305043834015,99.6305043834015,99.6305043834015,99.6305043834015,99.6305043834015,2336109.23227443,coinmetrics-community,1.92994937,1152544584.159651,
2013-08-18,99.1780397428405,99.1780397428405,99.1780397428405,99.1780397428405,99.1780397428405,1861064.74115866,coinmetrics-community,1.91982911,1147791400.8145003,
2013-08-19,102.784012273524,102.784012273524,102.784012273524,102.784012273524,102.784012273524,10617024.6504395,coinmetrics-community,1.98520771,1189978283.6690152,
2013-08-20,104.500210987726,104.500210987726,104.500210987726,104.500210987726,104.500210987726,5185431.73870825,coinmetrics-community,2.01417621,1210343889.8674982,
2013-08-21,110.801603740503,110.801603740503,110.801603740503,110.801603740503,110.801603740503,8184664.41145515,coinmetrics-community,2.12829753,1283870902.1012616,
2013-08-22,109.523216832262,109.523216832262,109.523216832262,109.523216832262,109.523216832262,3798921.80900462,coinmetrics-community,2.10024403,1269649511.6129045,
2013-08-23,107.697571595558,107.697571595558,107.697571595558,107.697571595558,107.697571595558,4258991.29489414,coinmetrics-community,2.06093411,1249013410.2953281,
2013-08-24,108.882675043834,108.882675043834,108.882675043834,108.882675043834,108.882675043834,2045265.70046602,coinmetrics-community,2.08130944,1263255684.7992575,
2013-08-25,113.082563413209,113.082563413209,113.082563413209,113.082563413209,113.082563413209,2830217.62426352,coinmetrics-community,2.15729459,1312409633.48118,
2013-08-26,112.11811484512,112.11811484512,112.11811484512,112.11811484512,112.11811484512,3597642.23142436,coinmetrics-community,2.13483001,1301681760.4188886,
2013-08-27,117.759790765634,117.759790765634,117.759790765634,117.759790765634,117.759790765634,11861425.0708601,coinmetrics-community,2.23422335,1367678672.2776244,
2013-08-28,118.317414377557,118.317414377557,118.317414377557,118.317414377557,118.317414377557,3794402.7381767,coinmetrics-community,2.23736392,1374681503.3539236,
2013-08-29,118.835638223261,118.835638223261,118.835638223261,118.835638223261,118.835638223261,2997711.84236695,coinmetrics-community,2.23910779,1381264032.0301714,
2013-08-30,124.885379602572,124.885379602572,124.885379602572,124.885379602572,124.885379602572,11369599.2423884,coinmetrics-community,2.34219842,1452222118.0856152,
2013-08-31,128.377978959673,128.377978959673,128.377978959673,128.377978959673,128.377978959673,9910280.30984254,coinmetrics-community,2.39605237,1493551306.6732554,
2013-09-01,130.536372004676,130.536372004676,130.536372004676,130.536372004676,130.536372004676,4005585.66931587,coinmetrics-community,2.42498554,1519383296.7493236,
2013-09-02,129.565371712449,129.565371712449,129.565371712449,129.565371712449,129.565371712449,4283991.62256349,coinmetrics-community,2.39758629,1508777714.0791569,
2013-09-03,129.182803623612,129.182803623612,129.182803623612,129.182803623612,129.182803623612,5215732.09850694,coinmetrics-community,2.37429811,1504949277.878628,
2013-09-04,122.529238749269,122.529238749269,122.529238749269,122.529238749269,122.529238749269,8309450.04131077,coinmetrics-community,2.2514393,1427936118.68676,
2013-09-05,122.370085037989,122.370085037989,122.370085037989,122.370085037989,122.370085037989,7454756.28819085,coinmetrics-community,2.24501895,1426628972.963139,
2013-09-06,117.861146405611,117.861146405611,117.861146405611,117.861146405611,117.861146405611,6007664.77607406,coinmetrics-community,2.16099099,1374607454.794005,
2013-09-07,119.814989479836,119.814989479836,119.814989479836,119.814989479836,119.814989479836,3643721.95361027,coinmetrics-community,2.19342788,1397829338.2760193,
2013-09-08,118.057386323787,118.057386323787,118.057386323787,118.057386323787,118.057386323787,2140754.58167498,coinmetrics-community,2.15970205,1377787522.4119713,
2013-09-09,121.259272647575,121.259272647575,121.259272647575,121.259272647575,121.259272647575,8126452.29446529,coinmetrics-community,2.21003514,1415770494.889775,
2013-09-10,122.215530189363,122.215530189363,122.215530189363,122.215530189363,122.215530189363,3323669.04474256,coinmetrics-community,2.22281192,1427518920.9370587,
2013-09-11,127.088227060199,127.088227060199,127.088227060199,127.088227060199,127.088227060199,10043158.1871674,coinmetrics-community,2.30280245,1485069117.2457132,
2013-09-12,126.780723553478,126.780723553478,126.780723553478,126.780723553478,126.780723553478,5769645.14255666,coinmetrics-community,2.28428174,1482150941.634197,
2013-09-13,127.407745178258,127.407745178258,127.407745178258,127.407745178258,127.407745178258,5088371.47956677,coinmetrics-community,2.29152617,1490131020.7568936,
2013-09-14,124.348477498539,124.348477498539,124.348477498539,124.348477498539,124.348477498539,2916144.40381615,coinmetrics-community,2.22795516,1455028244.730144,
2013-09-15,125.076417884278,125.076417884278,125.076417884278,125.076417884278,125.076417884278,1983380.28723862,coinmetrics-community,2.23809743,1464112002.3330758,
2013-09-16,126.204665984804,126.204665984804,126.204665984804,126.204665984804,126.204665984804,3161644.68852022,coinmetrics-community,2.25259491,1477804868.9868808,
2013-09-17,126.897250146113,126.897250146113,126.897250146113,126.897250146113,126.897250146113,3052073.07346337,coinmetrics-community,2.26165636,1486482610.6092203,
2013-09-18,126.903819403857,126.903819403857,126.903819403857,126.903819403857,126.903819403857,3750787.40388059,coinmetrics-community,2.25652894,1487083041.575134,
2013-09-19,124.180957334892,124.180957334892,124.180957334892,124.180957334892,124.180957334892,5764958.63805076,coinmetrics-community,2.19436054,1455765886.6107984,
2013-09-20,122.921635885447,122.921635885447,122.921635885447,122.921635885447,122.921635885447,3763299.11856055,coinmetrics-community,2.17030968,1441617545.2549334,
2013-09-21,123.508256867329,123.508256867329,123.508256867329,123.508256867329,123.508256867329,1407353.67159559,coinmetrics-community,2.17848848,1449080977.3270447,
2013-09-22,123.124935125658,123.124935125658,123.124935125658,123.124935125658,123.124935125658,1755151.30259325,coinmetrics-community,2.16687478,1445208450.8688734,
2013-09-23,122.865699006429,122.865699006429,122.865699006429,122.865699006429,122.865699006429,2183919.14989636,coinmetrics-community,2.16034239,1442810649.6754968,
2013-09-24,123.797357685564,123.797357685564,123.797357685564,123.797357685564,123.797357685564,2974859.83462281,coinmetrics-community,2.17210146,1454407234.033399,
2013-09-25,123.614078609001,123.614078609001,123.614078609001,123.614078609001,123.614078609001,3079448.19200387,coinmetrics-community,2.16519894,1452890630.8332827,
2013-09-26,124.68567445938,124.68567445938,124.68567445938,124.68567445938,124.68567445938,2174585.54929273,coinmetrics-community,2.18059655,1465990545.1276076,
2013-09-27,126.605347749854,126.605347749854,126.605347749854,126.605347749854,126.605347749854,6791559.37570192,coinmetrics-community,2.21042861,1489124478.048943,
2013-09-28,126.796551724138,126.796551724138,126.796551724138,126.796551724138,126.796551724138,3362499.38735025,coinmetrics-community,2.21128719,1491934482.4245515,
2013-09-29,127.108627703098,127.108627703098,127.108627703098,127.108627703098,127.108627703098,4543895.08991972,coinmetrics-community,2.21364079,1496146693.904712,
2013-09-30,126.090261835184,126.090261835184,126.090261835184,126.090261835184,126.090261835184,4630489.40275804,coinmetrics-community,2.19174983,1484673719.3693738,
2013-10-01,127.575424313267,127.575424313267,127.575424313267,127.575424313267,127.575424313267,2935437.52064211,coinmetrics-community,2.21273466,1502757461.9536963,
2013-10-02,104.105092928112,104.105092928112,104.105092928112,104.105092928112,104.105092928112,28492595.5077613,coinmetrics-community,1.81680607,1226788968.5104427,
2013-10-03,117.575495032145,117.575495032145,117.575495032145,117.575495032145,117.575495032145,9434348.58650905,coinmetrics-community,2.04455417,1386111008.0966034,
2013-10-04,121.930347749854,121.930347749854,121.930347749854,121.930347749854,121.930347749854,5627569.68563848,coinmetrics-community,2.11654681,1437999553.2689667,
2013-10-05,121.393402688486,121.393402688486,121.393402688486,121.393402688486,121.393402688486,1322098.40579942,coinmetrics-community,2.10462698,1432331658.9284523,
2013-10-06,122.475261250731,122.475261250731,122.475261250731,122.475261250731,122.475261250731,1422771.35583913,coinmetrics-community,2.12014896,1445663053.3216777,
2013-10-07,123.906872589129,123.906872589129,123.906872589129,123.906872589129,123.906872589129,3442619.91043357,coinmetrics-community,2.126249,1463044622.0613894,
2013-10-08,124.76652893045,124.76652893045,124.76652893045,124.76652893045,124.76652893045,3325939.1615705,coinmetrics-community,2.13762894,1473700417.438481,
2013-10-09,125.933520312683,125.933520312683,125.933520312683,125.933520312683,125.933520312683,6433050.72213088,coinmetrics-community,2.15267013,1488044932.6301765,
2013-10-10,126.704650496785,126.704650496785,126.704650496785,126.704650496785,126.704650496785,3758657.23948059,coinmetrics-community,2.16263506,1497764877.7302716,
2013-10-11,127.25529924021,127.25529924021,127.25529924021,127.25529924021,127.25529924021,2574680.36052682,coinmetrics-community,2.16817047,1504862605.3675952,
2013-10-12,127.851263004091,127.851263004091,127.851263004091,127.851263004091,127.851263004091,3246697.68666265,coinmetrics-community,2.174057,1512594202.8311844,
2013-10-13,132.415658679135,132.415658679135,132.415658679135,132.415658679135,132.415658679135,5719229.29140394,coinmetrics-community,2.2466238,1567326661.5603995,
2013-10-14,135.339194915254,135.339194915254,135.339194915254,135.339194915254,135.339194915254,10483437.2083417,coinmetrics-community,2.28766824,1602776719.0893261,
2013-10-15,141.493908533022,141.493908533022,141.493908533022,141.493908533022,141.493908533022,7702916.22569828,coinmetrics-community,2.37863355,1676584639.7830045,
2013-10-16,138.327921917008,138.327921917008,138.327921917008,138.327921917008,138.327921917008,14348253.2540149,coinmetrics-community,2.31116231,1639796564.2192175,
2013-10-17,143.74713383986,143.74713383986,143.74713383986,143.74713383986,143.74713383986,6212412.94961054,coinmetrics-community,2.38998533,1704638294.5018117,
2013-10-18,152.775572180012,152.775572180012,152.775572180012,152.775572180012,152.775572180012,11122049.9431226,coinmetrics-community,2.52745724,1812436164.0191128,
2013-10-19,165.772717124489,165.772717124489,165.772717124489,165.772717124489,165.772717124489,22538401.1817063,coinmetrics-community,2.71725799,1967550543.6234784,
2013-10-20,166.500151081239,166.500151081239,166.500151081239,166.500151081239,166.500151081239,3990842.00646841,coinmetrics-community,2.71537286,1977012769.8989058,
2013-10-21,179.910628579778,179.910628579778,179.910628579778,179.910628579778,179.910628579778,13817961.7565167,coinmetrics-community,2.87138391,2137197000.9127233,
2013-10-22,190.402781414378,190.402781414378,190.402781414378,190.402781414378,190.402781414378,19479843.083976,coinmetrics-community,2.97641992,2263001755.1394854,
2013-10-23,204.600350964348,204.600350964348,204.600350964348,204.600350964348,204.600350964348,18538004.1964371,coinmetrics-community,3.12646993,2432875110.4517865,
2013-10-24,194.41004376505,194.41004376505,194.41004376505,194.41004376505,194.41004376505,43027876.0419228,coinmetrics-community,2.94581752,2312748499.3044214,
2013-10-25,185.64378762595,185.64378762595,185.64378762595,185.64378762595,185.64378762595,17905779.7312642,coinmetrics-community,2.72008931,2209553671.416236,
2013-10-26,179.808218001169,179.808218001169,179.808218001169,179.808218001169,179.808218001169,5517428.08654333,coinmetrics-community,2.63011758,2140916179.2362127,
2013-10-27,194.546133255406,194.546133255406,194.546133255406,194.546133255406,194.546133255406,6334541.02281772,coinmetrics-community,2.83044183,2317266189.9008646,
2013-10-28,196.274687317358,196.274687317358,196.274687317358,196.274687317358,196.274687317358,6201360.15623272,coinmetrics-community,2.84330802,2338713940.734061,
2013-10-29,204.428174167154,204.428174167154,204.428174167154,204.428174167154,204.428174167154,7499915.64933665,coinmetrics-community,2.92026025,2436684646.4208717,
2013-10-30,197.900599420982,197.900599420982,197.900599420982,197.900599420982,197.900599420982,11840483.1484213,coinmetrics-community,2.81514522,2359843888.0831175,
2013-10-31,203.283649912332,203.283649912332,203.283649912332,203.283649912332,203.283649912332,5288338.58622031,coinmetrics-community,2.87412323,2425105801.6793394,
2013-11-01,203.037109849386,203.037109849386,203.037109849386,203.037109849386,203.037109849386,2830715.92125031,coinmetrics-community,2.85280581,2423220454.341168,
2013-11-02,204.792881355932,204.792881355932,204.792881355932,204.792881355932,204.792881355932,3497500.28661865,coinmetrics-community,2.86731813,2445209553.9328737,
2013-11-03,210.275382611748,210.275382611748,210.275382611748,210.275382611748,210.275382611748,6917778.74491131,coinmetrics-community,2.92760426,2511679473.625205,
2013-11-04,228.79103886616,228.79103886616,228.79103886616,228.79103886616,228.79103886616,14066225.2854006,coinmetrics-community,3.1028572,2733959063.1336994,
2013-11-05,243.641668907072,243.641668907072,243.641668907072,243.641668907072,243.641668907072,29677641.6311674,coinmetrics-community,3.23550814,2912477841.573883,
2013-11-06,263.209583987142,263.209583987142,263.209583987142,263.209583987142,263.209583987142,29651821.031731,coinmetrics-community,3.44238515,3147464099.4018636,
2013-11-07,290.124226183518,290.124226183518,290.124226183518,290.124226183518,290.124226183518,55309839.5213621,coinmetrics-community,3.65033333,3470354236.192072,
2013-11-08,333.750656511981,333.750656511981,333.750656511981,333.750656511981,333.750656511981,38804617.6472245,coinmetrics-community,4.05004446,3993314855.3444314,
2013-11-09,331.051148451198,331.051148451198,331.051148451198,331.051148451198,331.051148451198,48695183.4425349,coinmetrics-community,3.9318261,3962240225.683655,
2013-11-10,327.558653499708,327.558653499708,327.558653499708,327.558653499708,327.558653499708,59933006.1001332,coinmetrics-community,3.83414476,3921840037.5561085,
2013-11-11,342.697692869667,342.697692869667,342.697692869667,342.697692869667,342.697692869667,20232166.8142424,coinmetrics-community,3.93601752,4104700956.1950507,
2013-11-12,354.645488310929,354.645488310929,354.645488310929,354.645488310929,354.645488310929,21820810.2447798,coinmetrics-community,3.97746675,4249589141.2140684,
2013-11-13,394.50449522443,394.50449522443,394.50449522443,394.50449522443,394.50449522443,38329924.9613258,coinmetrics-community,4.2842717,4728862182.509435,
2013-11-14,416.706303302747,416.706303302747,416.706303302747,416.706303302747,416.706303302747,37635613.3878559,coinmetrics-community,4.37591685,4996898130.4325485,
2013-11-15,408.398797334892,408.398797334892,408.398797334892,408.398797334892,408.398797334892,36169434.185225,coinmetrics-community,4.19286144,4898974235.472226,
2013-11-16,435.798442767387,435.798442767387,435.798442767387,435.798442767387,435.798442767387,22756895.0448128,coinmetrics-community,4.38705732,5229762080.05453,
2013-11-17,485.33657685564,485.33657685564,485.33657685564,485.33657685564,485.33657685564,33358071.3527118,coinmetrics-community,4.73725385,5826497052.347043,
2013-11-18,657.778503874927,657.778503874927,657.778503874927,657.778503874927,657.778503874927,102031770.040238,coinmetrics-community,5.88406778,7899238895.686413,
2013-11-19,546.878397311514,546.878397311514,546.878397311514,546.878397311514,546.878397311514,154100551.690803,coinmetrics-community,4.73213355,6569644605.796869,
2013-11-20,595.339099649328,595.339099649328,595.339099649328,595.339099649328,595.339099649328,110077270.960138,coinmetrics-community,4.91891962,7154243418.729311,
2013-11-21,720.764425260082,720.764425260082,720.764425260082,720.764425260082,720.764425260082,67450065.6409278,coinmetrics-community,5.68827806,8664193685.706888,
2013-11-22,802.916933718294,802.916933718294,802.916933718294,802.916933718294,802.916933718294,56108469.2252114,coinmetrics-community,5.68433725,9655188371.423534,
2013-11-23,834.295339989129,834.295339989129,834.295339989129,834.295339989129,834.295339989129,48871361.64633,coinmetrics-community,5.59412815,10036063848.557402,
2013-11-24,807.166695499708,807.166695499708,807.166695499708,807.166695499708,807.166695499708,49804971.4221097,coinmetrics-community,5.296892,9713112909.515808,
2013-11-25,816.243386616014,816.243386616014,816.243386616014,816.243386616014,816.243386616014,51493282.4333746,coinmetrics-community,5.13246251,9825868339.748945,
2013-11-26,916.097160140269,916.097160140269,916.097160140269,916.097160140269,916.097160140269,70633926.6337135,coinmetrics-community,5.08521124,11031541043.565948,
2013-11-27,962.910560911748,962.910560911748,962.910560911748,962.910560911748,962.910560911748,87209574.6159402,coinmetrics-community,5.07240404,11599427444.743036,
2013-11-28,1007.38716364699,1007.38716364699,1007.38716364699,1007.38716364699,1007.38716364699,100883870.725364,coinmetrics-community,5.00804872,12139760581.541882,
2013-11-29,1128.7254880187,1128.7254880187,1128.7254880187,1128.7254880187,1128.7254880187,87583697.1053624,coinmetrics-community,5.25316203,13606858893.395243,
2013-11-30,1119.29671478667,1119.29671478667,1119.29671478667,1119.29671478667,1119.29671478667,41418787.9584477,coinmetrics-community,5.06423911,13498119326.69448,
2013-12-01,964.485793687902,964.485793687902,964.485793687902,964.485793687902,964.485793687902,187994341.582984,coinmetrics-community,4.31245878,11635884342.126694,
2013-12-02,1040.80821770894,1040.80821770894,1040.80821770894,1040.80821770894,1040.80821770894,88495372.3671613,coinmetrics-community,4.55216972,12560801212.13033,
2013-12-03,1053.62102744828,1053.62102744828,1053.62102744828,1053.62102744828,1053.62102744828,45297720.6488092,coinmetrics-community,4.5167953,12720698338.605394,
2013-12-04,1134.93223088837,1134.93223088837,1134.93223088837,1134.93223088837,1134.93223088837,47829347.2198253,coinmetrics-community,4.71817918,13707245929.353369,
2013-12-05,1027.411772827,1027.411772827,1027.411772827,1027.411772827,1027.411772827,153877570.854988,coinmetrics-community,4.1962207,12413024442.393896,
2013-12-06,824.581710337814,824.581710337814,824.581710337814,824.581710337814,824.581710337814,132966746.102613,coinmetrics-community,3.37225697,9966751946.762209,
2013-12-07,703.748376025716,703.748376025716,703.748376025716,703.748376025716,703.748376025716,172315870.990373,coinmetrics-community,2.86818513,8509665399.288914,
2013-12-08,783.573348334307,783.573348334307,783.573348334307,783.573348334307,783.573348334307,56926283.3076495,coinmetrics-community,3.17322401,9478722082.947542,
2013-12-09,896.079289888954,896.079289888954,896.079289888954,896.079289888954,896.079289888954,76783800.7901922,coinmetrics-community,3.60228356,10843625557.380886,
2013-12-10,977.165367329047,977.165367329047,977.165367329047,977.165367329047,977.165367329047,59140366.4040167,coinmetrics-community,3.88194448,11829553963.894165,
2013-12-11,875.464034272355,875.464034272355,875.464034272355,875.464034272355,875.464034272355,69608560.8433721,coinmetrics-community,3.43846013,10601969953.019354,
2013-12-12,873.324805987727,873.324805987727,873.324805987727,873.324805987727,873.324805987727,32205607.3531298,coinmetrics-community,3.41655496,10579622451.506428,
2013-12-13,879.156135300994,879.156135300994,879.156135300994,879.156135300994,879.156135300994,40307547.7453555,coinmetrics-community,3.40755236,10654088610.746971,
2013-12-14,852.856120526008,852.856120526008,852.856120526008,852.856120526008,852.856120526008,21161928.7099629,coinmetrics-community,3.3146272,10339592472.911238,
2013-12-15,864.0616578609,864.0616578609,864.0616578609,864.0616578609,864.0616578609,34209745.9169761,coinmetrics-community,3.34036895,10479266163.262644,
2013-12-16,677.894106801286,677.894106801286,677.894106801286,677.894106801286,677.894106801286,103554417.345999,coinmetrics-community,2.62754698,8224848384.498591,
2013-12-17,682.62677270602,682.62677270602,682.62677270602,682.62677270602,682.62677270602,73419688.7331489,coinmetrics-community,2.64569174,8285733865.857128,
2013-12-18,526.12097632671,526.12097632671,526.12097632671,526.12097632671,526.12097632671,190398699.497344,coinmetrics-community,2.04906035,6388681645.92219,
2013-12-19,685.525128959673,685.525128959673,685.525128959673,685.525128959673,685.525128959673,94214968.5213409,coinmetrics-community,2.65997338,8328197861.437324,
2013-12-20,600.216954260666,600.216954260666,600.216954260666,600.216954260666,600.216954260666,72310825.2976121,coinmetrics-community,2.33082877,7294490540.98555,
2013-12-21,597.033502548217,597.033502548217,597.033502548217,597.033502548217,597.033502548217,30413876.6182088,coinmetrics-community,2.28074868,7258204826.317185,
2013-12-22,615.013035271771,615.013035271771,615.013035271771,615.013035271771,615.013035271771,28885520.2447803,coinmetrics-community,2.38571042,7479382499.65317,
2013-12-23,657.926634155465,657.926634155465,657.926634155465,657.926634155465,657.926634155465,25190753.7846359,coinmetrics-community,2.54494127,8004081993.820382,
2013-12-24,650.664745178258,650.664745178258,650.664745178258,650.664745178258,650.664745178258,21191884.3136471,coinmetrics-community,2.46859013,7918485708.395574,
2013-12-25,678.290158094681,678.290158094681,678.290158094681,678.290158094681,678.290158094681,11618996.0829467,coinmetrics-community,2.56119713,8257429632.97065,
2013-12-26,749.996594956166,749.996594956166,749.996594956166,749.996594956166,749.996594956166,55218735.5838209,coinmetrics-community,2.81662728,9133750877.517042,
2013-12-27,722.570567492694,722.570567492694,722.570567492694,722.570567492694,722.570567492694,33267650.9690787,coinmetrics-community,2.69881739,8803069849.177563,
2013-12-28,715.852363078901,715.852363078901,715.852363078901,715.852363078901,715.852363078901,31777131.2915145,coinmetrics-community,2.67127051,8723906479.73215,
2013-12-29,727.271215663355,727.271215663355,727.271215663355,727.271215663355,727.271215663355,19788613.7838956,coinmetrics-community,2.70995202,8866119604.030233,
2013-12-30,735.741997077732,735.741997077732,735.741997077732,735.741997077732,735.741997077732,21187244.3892497,coinmetrics-community,2.73973508,8972568474.398039,
2013-12-31,729.557582910579,729.557582910579,729.557582910579,729.557582910579,729.557582910579,23658664.8711004,coinmetrics-community,2.71424112,8900503870.915495,
2014-01-01,752.404549944594,752.404549944594,752.404549944594,752.404549944594,752.404549944594,25911022.9681002,coinmetrics-community,2.79859382,9183089853.000948,
2014-01-02,784.954921314436,784.954921314436,784.954921314436,784.954921314436,784.954921314436,36219312.9241722,coinmetrics-community,2.90688604,9582996402.345798,
2014-01-03,807.222939029807,807.222939029807,807.222939029807,807.222939029807,807.222939029807,34865512.9925394,coinmetrics-community,2.97276592,9858101001.482508,
2014-01-04,828.602062618352,828.602062618352,828.602062618352,828.602062618352,828.602062618352,33036042.1287194,coinmetrics-community,3.00082617,10122111479.991652,
2014-01-05,902.487380263004,902.487380263004,902.487380263004,902.487380263004,902.487380263004,67448205.71814,coinmetrics-community,3.23751863,11029040879.340033,
2014-01-06,914.459960841613,914.459960841613,914.459960841613,914.459960841613,914.459960841613,76835643.8726741,coinmetrics-community,3.25855458,11179606610.7568,
2014-01-07,803.351796198714,803.351796198714,803.351796198714,803.351796198714,803.351796198714,78033477.489979,coinmetrics-community,2.85648041,9824823598.10845,
2014-01-08,820.690009503214,820.690009503214,820.690009503214,820.690009503214,820.690009503214,53588332.2012971,coinmetrics-community,2.89105715,10040826131.521135,
2014-01-09,831.334750487434,831.334750487434,831.334750487434,831.334750487434,831.334750487434,50168741.4328682,coinmetrics-community,2.91922133,10175362594.378292,
2014-01-10,853.298854844603,853.298854844603,853.298854844603,853.298854844603,853.298854844603,25163378.6160146,coinmetrics-community,2.98942387,10448187786.868984,
2014-01-11,889.555837119345,889.555837119345,889.555837119345,889.555837119345,889.555837119345,36419938.6817892,coinmetrics-community,3.08800818,10896805298.01208,
2014-01-12,845.191332220924,845.191332220924,845.191332220924,845.191332220924,845.191332220924,31432593.6936678,coinmetrics-community,2.92251348,10357726631.175535,
2014-01-13,822.877012197545,822.877012197545,822.877012197545,822.877012197545,822.877012197545,38582689.3652146,coinmetrics-community,2.83904175,10087743753.83846,
2014-01-14,815.293602711864,815.293602711864,815.293602711864,815.293602711864,815.293602711864,16672656.6919448,coinmetrics-community,2.80186801,9998079805.514894,
2014-01-15,841.089857364115,841.089857364115,841.089857364115,841.089857364115,841.089857364115,24060294.849279,coinmetrics-community,2.87183201,10318292540.726217,
2014-01-16,815.854800298071,815.854800298071,815.854800298071,815.854800298071,815.854800298071,15891950.0376363,coinmetrics-community,2.77584537,10012488124.529272,
2014-01-17,792.829506475745,792.829506475745,792.829506475745,792.829506475745,792.829506475745,34641225.5860399,coinmetrics-community,2.69438096,9732925495.745895,
2014-01-18,809.783528356386,809.783528356386,809.783528356386,809.783528356386,809.783528356386,13773271.058802,coinmetrics-community,2.74847429,9944578844.4719,
2014-01-19,838.428474734073,838.428474734073,838.428474734073,838.428474734073,838.428474734073,20868754.5678717,coinmetrics-community,2.83776277,10299896608.664618,
2014-01-20,828.885216592636,828.885216592636,828.885216592636,828.885216592636,828.885216592636,22440609.8418548,coinmetrics-community,2.79830469,10186700742.459932,
2014-01-21,823.817963763881,823.817963763881,823.817963763881,823.817963763881,823.817963763881,16137492.3050066,coinmetrics-community,2.77609902,10127844874.99924,
2014-01-22,818.976386323787,818.976386323787,818.976386323787,818.976386323787,818.976386323787,14978977.2483372,coinmetrics-community,2.75067841,10072254626.333914,
2014-01-23,810.922425195792,810.922425195792,810.922425195792,810.922425195792,810.922425195792,10947752.9190404,coinmetrics-community,2.72035724,9976790593.935715,
2014-01-24,781.042513950906,781.042513950906,781.042513950906,781.042513950906,781.042513950906,28930968.4668114,coinmetrics-community,2.61463948,9612868029.726164,
2014-01-25,804.403240800701,804.403240800701,804.403240800701,804.403240800701,804.403240800701,20371035.7644745,coinmetrics-community,2.68630023,9903703940.55946,
2014-01-26,814.499381373466,814.499381373466,814.499381373466,814.499381373466,814.499381373466,30859411.155521,coinmetrics-community,2.7159709,10031101355.88135,
2014-01-27,742.701374970777,742.701374970777,742.701374970777,742.701374970777,742.701374970777,42391034.7574631,coinmetrics-community,2.47713004,9150091927.132542,
2014-01-28,790.176401876096,790.176401876096,790.176401876096,790.176401876096,790.176401876096,38199354.2153151,coinmetrics-community,2.62930512,9738027140.096825,
2014-01-29,793.38442490941,793.38442490941,793.38442490941,793.38442490941,793.38442490941,15965746.1853078,coinmetrics-community,2.63373693,9780577243.029943,
2014-01-30,799.474479836353,799.474479836353,799.474479836353,799.474479836353,799.474479836353,23605994.6195941,coinmetrics-community,2.64884556,9859171086.457367,
2014-01-31,803.237598784921,803.237598784921,803.237598784921,803.237598784921,803.237598784921,13872339.0395437,coinmetrics-community,2.65797129,9909273006.112879,
2014-02-01,813.219549216833,813.219549216833,813.219549216833,813.219549216833,813.219549216833,15866999.1786629,coinmetrics-community,2.67963991,10036259444.951324,
2014-02-02,814.490870426651,814.490870426651,814.490870426651,814.490870426651,814.490870426651,8540023.69688461,coinmetrics-community,2.68024654,10055736698.102499,
2014-02-03,806.997428372531,806.997428372531,806.997428372531,806.997428372531,806.997428372531,10402698.7550262,coinmetrics-community,2.65176796,9966874027.672005,
2014-02-04,800.078231893629,800.078231893629,800.078231893629,800.078231893629,800.078231893629,14507346.9444611,coinmetrics-community,2.627458,9884858379.634346,
2014-02-05,784.473692777791,784.473692777791,784.473692777791,784.473692777791,784.473692777791,19039934.8611349,coinmetrics-community,2.49283475,9695361198.195812,
2014-02-06,763.569382232612,763.569382232612,763.569382232612,763.569382232612,763.569382232612,52244867.0368105,coinmetrics-community,2.4248508,9440477710.384096,
2014-02-07,711.571273419053,711.571273419053,711.571273419053,711.571273419053,711.571273419053,122179726.785176,coinmetrics-community,2.26379227,8800350461.683466,
2014-02-08,677.682300941379,677.682300941379,677.682300941379,677.682300941379,677.682300941379,36236450.3863979,coinmetrics-community,2.15811443,8384312394.90741,
2014-02-09,687.406054576271,687.406054576271,687.406054576271,687.406054576271,687.406054576271,35256685.5789652,coinmetrics-community,2.18797536,8506986612.713221,
2014-02-10,685.457498836938,685.457498836938,685.457498836938,685.457498836938,685.457498836938,103891813.571764,coinmetrics-community,2.1809637,8485545565.293612,
2014-02-11,671.89969169024,671.89969169024,671.89969169024,671.89969169024,671.89969169024,65579722.3429576,coinmetrics-community,2.13932234,8320462974.609264,
2014-02-12,653.765780911747,653.765780911747,653.765780911747,653.765780911747,653.765780911747,33289814.4509312,coinmetrics-community,2.08400611,8098811133.284318,
2014-02-13,612.918414962011,612.918414962011,612.918414962011,612.918414962011,612.918414962011,46573943.6735931,coinmetrics-community,1.95543342,7595523910.103821,
2014-02-14,668.788602659264,668.788602659264,668.788602659264,668.788602659264,668.788602659264,108390786.974902,coinmetrics-community,2.12998114,8291082519.487446,
2014-02-15,654.377060198714,654.377060198714,654.377060198714,654.377060198714,654.377060198714,42970106.2999207,coinmetrics-community,2.08368328,8115479465.425321,
2014-02-16,623.250321948568,623.250321948568,623.250321948568,623.250321948568,623.250321948568,59755775.1503324,coinmetrics-community,1.98508729,7732488989.658061,
2014-02-17,631.334596306254,631.334596306254,631.334596306254,631.334596306254,631.334596306254,45024680.7852141,coinmetrics-community,2.01155832,7835234697.490662,
2014-02-18,627.271761415484,627.271761415484,627.271761415484,627.271761415484,627.271761415484,33547582.4624918,coinmetrics-community,1.99849686,7787368652.688505,
2014-02-19,623.54013694623,623.54013694623,623.54013694623,623.54013694623,623.54013694623,21447775.9971715,coinmetrics-community,1.9894402,7744159486.450519,
2014-02-20,563.768561098773,563.768561098773,563.768561098773,563.768561098773,563.768561098773,57866325.5766466,coinmetrics-community,1.80129677,7004311226.101359,
2014-02-21,580.324315973115,580.324315973115,580.324315973115,580.324315973115,580.324315973115,46183611.5058705,coinmetrics-community,1.85383269,7212206643.667632,
2014-02-22,607.12463333723,607.12463333723,607.12463333723,607.12463333723,607.12463333723,35139619.413371,coinmetrics-community,1.93944631,7548010095.161956,
2014-02-23,610.082323746347,610.082323746347,610.082323746347,610.082323746347,610.082323746347,37487135.6823186,coinmetrics-community,1.94857991,7587343600.977682,
2014-02-24,542.266650753945,542.266650753945,542.266650753945,542.266650753945,542.266650753945,72647008.9841452,coinmetrics-community,1.7420652,6746537217.627368,
2014-02-25,533.707644436002,533.707644436002,533.707644436002,533.707644436002,533.707644436002,107719098.589747,coinmetrics-community,1.72827883,6642199671.020907,
2014-02-26,587.57858829924,587.57858829924,587.57858829924,587.57858829924,587.57858829924,51472944.1380065,coinmetrics-community,1.89989181,7315347427.473482,
2014-02-27,585.393925650058,585.393925650058,585.393925650058,585.393925650058,585.393925650058,17798301.5209627,coinmetrics-community,1.89448535,7290899751.2384815,
2014-02-28,551.29477030976,551.29477030976,551.29477030976,551.29477030976,551.29477030976,22476338.3966084,coinmetrics-community,1.78120748,6868699958.074753,
2014-03-01,567.534235441262,567.534235441262,567.534235441262,567.534235441262,567.534235441262,13168250.6790401,coinmetrics-community,1.83532329,7073074065.534708,
2014-03-02,558.527707156633,558.527707156633,558.527707156633,558.527707156633,558.527707156633,5690358.21951552,coinmetrics-community,1.80787101,6962782218.561885,
2014-03-03,676.505732781999,676.505732781999,676.505732781999,676.505732781999,676.505732781999,75627275.7852946,coinmetrics-community,2.18083347,8436036495.988573,
2014-03-04,674.51139943308,674.51139943308,674.51139943308,674.51139943308,674.51139943308,38065481.8624346,coinmetrics-community,2.17294282,8413679684.586359,
2014-03-05,670.338851099514,670.338851099514,670.338851099514,670.338851099514,670.338851099514,14921525.1827659,coinmetrics-community,2.15549405,8364246723.915033,
2014-03-06,667.712834003507,667.712834003507,667.712834003507,667.712834003507,667.712834003507,12376195.5642505,coinmetrics-community,2.14266138,8334368086.505349,
2014-03-07,631.770295213326,631.770295213326,631.770295213326,631.770295213326,631.770295213326,25710143.7265659,coinmetrics-community,1.96402906,7888356429.445994,
2014-03-08,621.524114496201,621.524114496201,621.524114496201,621.524114496201,621.524114496201,13267149.3233622,coinmetrics-community,1.93041869,7763031842.093222,
2014-03-09,640.578889322034,640.578889322034,640.578889322034,640.578889322034,640.578889322034,11682254.4963,coinmetrics-community,1.95221351,8003898568.525569,
2014-03-10,628.151241165985,628.151241165985,628.151241165985,628.151241165985,628.151241165985,16173243.0634575,coinmetrics-community,1.9107893,7850957580.555817,
2014-03-11,633.73383823495,633.73383823495,633.73383823495,633.73383823495,633.73383823495,8585385.83453111,coinmetrics-community,1.92512349,7923393434.731565,
2014-03-12,634.646823717125,634.646823717125,634.646823717125,634.646823717125,634.646823717125,13663622.301166,coinmetrics-community,1.92370225,7937695874.874137,
2014-03-13,643.432100859147,643.432100859147,643.432100859147,643.432100859147,643.432100859147,6972241.71272404,coinmetrics-community,1.94782915,8050181562.351056,
2014-03-14,628.308590005845,628.308590005845,628.308590005845,628.308590005845,628.308590005845,9617092.44687852,coinmetrics-community,1.90343662,7863055683.338158,
2014-03-15,636.218650061368,636.218650061368,636.218650061368,636.218650061368,636.218650061368,2915633.34905717,coinmetrics-community,1.92641386,7964671637.61267,
2014-03-16,634.168900970894,634.168900970894,634.168900970894,634.168900970894,634.168900970894,3585019.40924926,coinmetrics-community,1.91927821,7941722382.914161,
2014-03-17,622.760208649912,622.760208649912,622.760208649912,622.760208649912,622.760208649912,8702117.17505827,coinmetrics-community,1.88442201,7801357484.821924,
2014-03-18,614.309513717125,614.309513717125,614.309513717125,614.309513717125,614.309513717125,15041990.8658466,coinmetrics-community,1.85742156,7697737311.570462,
2014-03-19,610.511203474576,610.511203474576,610.511203474576,610.511203474576,610.511203474576,7538781.57563204,coinmetrics-community,1.84533875,7652583814.03622,
2014-03-20,586.607595710111,586.607595710111,586.607595710111,586.607595710111,586.607595710111,12289369.3489811,coinmetrics-community,1.77477734,7355554646.774345,
2014-03-21,569.694517995324,569.694517995324,569.694517995324,569.694517995324,569.694517995324,25282531.5625059,coinmetrics-community,1.71786219,7146128280.472166,
2014-03-22,564.700026703682,564.700026703682,564.700026703682,564.700026703682,564.700026703682,12046636.3992267,coinmetrics-community,1.7024792,7085878406.695821,
2014-03-23,558.958861691408,558.958861691408,558.958861691408,558.958861691408,558.958861691408,6465605.71313201,coinmetrics-community,1.68536505,7016828469.400794,
2014-03-24,585.023250518995,585.023250518995,585.023250518995,585.023250518995,585.023250518995,13954999.3612531,coinmetrics-community,1.76264446,7346774511.36296,
2014-03-25,583.771189094097,583.771189094097,583.771189094097,583.771189094097,583.771189094097,8228569.46571808,coinmetrics-community,1.75724218,7333342313.479179,
2014-03-26,579.243850400994,579.243850400994,579.243850400994,579.243850400994,579.243850400994,11322230.7724058,coinmetrics-community,1.74314104,7278772312.146112,
2014-03-27,483.164012612507,483.164012612507,483.164012612507,483.164012612507,483.164012612507,49462003.9342579,coinmetrics-community,1.4579435,6073523735.479516,
2014-03-28,498.661328949153,498.661328949153,498.661328949153,498.661328949153,498.661328949153,36890312.3585037,coinmetrics-community,1.50668923,6270499057.068129,
2014-03-29,489.517023547633,489.517023547633,489.517023547633,489.517023547633,489.517023547633,6445949.85283238,coinmetrics-community,1.47991892,6157654118.851704,
2014-03-30,458.966328275862,458.966328275862,458.966328275862,458.966328275862,458.966328275862,27754449.6259734,coinmetrics-community,1.38999605,5774962089.454827,
2014-03-31,455.355354056108,455.355354056108,455.355354056108,455.355354056108,455.355354056108,20844995.4808232,coinmetrics-community,1.38223661,5731575961.734351,
2014-04-01,479.008465867913,479.008465867913,479.008465867913,479.008465867913,479.008465867913,21888236.2924135,coinmetrics-community,1.45469684,6031346382.543664,
2014-04-02,439.011492524839,439.011492524839,439.011492524839,439.011492524839,439.011492524839,30356800.6033515,coinmetrics-community,1.33564877,5529894031.990361,
2014-04-03,449.441151519579,449.441151519579,449.441151519579,449.441151519579,449.441151519579,23685218.8063574,coinmetrics-community,1.36778873,5663560667.076926,
2014-04-04,449.719869736996,449.719869736996,449.719869736996,449.719869736996,449.719869736996,12262802.7337143,coinmetrics-community,1.36964635,5669265274.405954,
2014-04-05,461.675331482174,461.675331482174,461.675331482174,461.675331482174,461.675331482174,5373647.44432756,coinmetrics-community,1.41084013,5821952055.152502,
2014-04-06,458.633480544535,458.633480544535,458.633480544535,458.633480544535,458.633480544535,4105020.5851007,coinmetrics-community,1.40141439,5785324166.341841,
2014-04-07,448.655275066394,448.655275066394,448.655275066394,448.655275066394,448.655275066394,6657746.34623137,coinmetrics-community,1.37167544,5661150113.948946,
2014-04-08,452.803098796026,452.803098796026,452.803098796026,452.803098796026,452.803098796026,5458398.04510259,coinmetrics-community,1.38533994,5715004409.203112,
2014-04-09,442.837984932203,442.837984932203,442.837984932203,442.837984932203,442.837984932203,6119143.94218404,coinmetrics-community,1.35469234,5591013245.689483,
2014-04-10,366.911866063413,366.911866063413,366.911866063413,366.911866063413,366.911866063413,39633278.9627326,coinmetrics-community,1.1286601,4633836284.859533,
2014-04-11,421.943528071303,421.943528071303,421.943528071303,421.943528071303,421.943528071303,33479914.1777781,coinmetrics-community,1.30082437,5330629803.531851,
2014-04-12,424.274212647575,424.274212647575,424.274212647575,424.274212647575,424.274212647575,9807872.90014896,coinmetrics-community,1.30827456,5361782245.308981,
2014-04-13,416.362321654004,416.362321654004,416.362321654004,416.362321654004,416.362321654004,9396735.11181694,coinmetrics-community,1.28401659,5263741901.896724,
2014-04-14,461.108246586649,461.108246586649,461.108246586649,461.108246586649,461.108246586649,30332372.8839838,coinmetrics-community,1.42132931,5831654343.278687,
2014-04-15,521.615299606078,521.615299606078,521.615299606078,521.615299606078,521.615299606078,30653618.927584,coinmetrics-community,1.60547388,6599262800.161744,
2014-04-16,531.481846731999,531.481846731999,531.481846731999,531.481846731999,531.481846731999,33808705.9215622,coinmetrics-community,1.62848084,6726202947.409041,
2014-04-17,499.837551544721,499.837551544721,499.837551544721,499.837551544721,499.837551544721,20804099.8127852,coinmetrics-community,1.53010414,6327838333.00547,
2014-04-18,483.020013533606,483.020013533606,483.020013533606,483.020013533606,483.020013533606,11071740.0983164,coinmetrics-community,1.48000554,6116863917.00978,
2014-04-19,504.365595178488,504.365595178488,504.365595178488,504.365595178488,504.365595178488,10497153.0267511,coinmetrics-community,1.54481447,6389184729.202242,
2014-04-20,501.55718444916,501.55718444916,501.55718444916,501.55718444916,501.55718444916,6047499.43433402,coinmetrics-community,1.53703688,6355840372.112891,
2014-04-21,498.084530300994,498.084530300994,498.084530300994,498.084530300994,498.084530300994,9094724.22106511,coinmetrics-community,1.52622244,6313963464.213945,
2014-04-22,489.503510029223,489.503510029223,489.503510029223,489.503510029223,489.503510029223,6683976.74457911,coinmetrics-community,1.50076937,6207070836.842335,
2014-04-23,490.63296754332,490.63296754332,490.63296754332,490.63296754332,490.63296754332,5706518.22437299,coinmetrics-community,1.5016104,6223416602.893509,
2014-04-24,503.291801028638,503.291801028638,503.291801028638,503.291801028638,503.291801028638,7291479.09601813,coinmetrics-community,1.53947611,6385887057.102331,
2014-04-25,466.426171344243,466.426171344243,466.426171344243,466.426171344243,466.426171344243,31225809.5661809,coinmetrics-community,1.42807837,5920249346.641045,
2014-04-26,459.22670981882,459.22670981882,459.22670981882,459.22670981882,459.22670981882,8530526.79092632,coinmetrics-community,1.4063299,5830739443.721431,
2014-04-27,438.709363717287,438.709363717287,438.709363717287,438.709363717287,438.709363717287,8435459.31766599,coinmetrics-community,1.34395279,5572174763.277723,
2014-04-28,441.547805468089,441.547805468089,441.547805468089,441.547805468089,441.547805468089,15653115.9246268,coinmetrics-community,1.35421878,5609904516.174706,
2014-04-29,447.709930772047,447.709930772047,447.709930772047,447.709930772047,447.709930772047,10625370.985867,coinmetrics-community,1.37364362,5690108831.428477,
2014-04-30,448.875715514009,448.875715514009,448.875715514009,448.875715514009,448.875715514009,8821638.42936961,coinmetrics-community,1.37742743,5706462614.309295,
2014-05-01,460.194698255991,460.194698255991,460.194698255991,460.194698255991,460.194698255991,7532805.23330324,coinmetrics-community,1.41200262,5852383319.24592,
2014-05-02,452.239779761701,452.239779761701,452.239779761701,452.239779761701,452.239779761701,6235248.04264071,coinmetrics-community,1.38757157,5753039376.083323,
2014-05-03,438.978588005844,438.978588005844,438.978588005844,438.978588005844,438.978588005844,7311108.16102601,coinmetrics-community,1.34737725,5585899281.339316,
2014-05-04,436.675398644705,436.675398644705,436.675398644705,436.675398644705,436.675398644705,4588784.03953523,coinmetrics-community,1.34079342,5558240188.076007,
2014-05-05,432.338179035394,432.338179035394,432.338179035394,432.338179035394,432.338179035394,6596299.25058383,coinmetrics-community,1.32836701,5504384772.499356,
2014-05-06,430.128205394506,430.128205394506,430.128205394506,430.128205394506,430.128205394506,7231016.3340584,coinmetrics-community,1.32260352,5478334250.699367,
2014-05-07,442.18287609585,442.18287609585,442.18287609585,442.18287609585,442.18287609585,11797434.590087,coinmetrics-community,1.36002582,5633626419.338814,
2014-05-08,440.402762711864,440.402762711864,440.402762711864,440.402762711864,440.402762711864,5114434.65791721,coinmetrics-community,1.35471389,5612785584.474883,
2014-05-09,452.697999723553,452.697999723553,452.697999723553,452.697999723553,452.697999723553,6073735.71292387,coinmetrics-community,1.39224562,5771408225.232617,
2014-05-10,456.75584628872,456.75584628872,456.75584628872,456.75584628872,456.75584628872,4192074.00140054,coinmetrics-community,1.4045981,5825185347.699633,
2014-05-11,439.114476037405,439.114476037405,439.114476037405,439.114476037405,439.114476037405,9383812.48566082,coinmetrics-community,1.3505933,5601866711.420653,
2014-05-12,441.280955581531,441.280955581531,441.280955581531,441.280955581531,441.280955581531,4156294.43879082,coinmetrics-community,1.3576711,5631314154.06441,
2014-05-13,439.005774985389,439.005774985389,439.005774985389,439.005774985389,439.005774985389,4249689.97230508,coinmetrics-community,1.35114784,5604057888.535578,
2014-05-14,444.848205727645,444.848205727645,444.848205727645,444.848205727645,444.848205727645,5021077.27015478,coinmetrics-community,1.36967388,5680306682.9458,
2014-05-15,446.96155873758,446.96155873758,446.96155873758,446.96155873758,446.96155873758,4163606.39243269,coinmetrics-community,1.37634402,5709203037.712363,
2014-05-16,448.74215371128,448.74215371128,448.74215371128,448.74215371128,448.74215371128,3308416.59342849,coinmetrics-community,1.38233452,5733977785.103604,
2014-05-17,449.2222893045,449.2222893045,449.2222893045,449.2222893045,449.2222893045,1997948.24510571,coinmetrics-community,1.38379554,5742055791.200181,
2014-05-18,446.962641437756,446.962641437756,446.962641437756,446.962641437756,446.962641437756,2064774.82595382,coinmetrics-community,1.37668474,5715094426.171577,
2014-05-19,447.404856808884,447.404856808884,447.404856808884,447.404856808884,447.404856808884,3658576.43520047,coinmetrics-community,1.37835145,5722627919.563457,
2014-05-20,490.335648158971,490.335648158971,490.335648158971,490.335648158971,490.335648158971,26934114.939174,coinmetrics-community,1.50867507,6273913162.718683,
2014-05-21,493.933491817651,493.933491817651,493.933491817651,493.933491817651,493.933491817651,8693314.65805535,coinmetrics-community,1.51856262,6322109034.304462,
2014-05-22,526.81428842782,526.81428842782,526.81428842782,526.81428842782,526.81428842782,20415911.9948754,coinmetrics-community,1.61686251,6745232578.297365,
2014-05-23,523.699320280538,523.699320280538,523.699320280538,523.699320280538,523.699320280538,22493047.4741902,coinmetrics-community,1.60608676,6707509362.755702,
2014-05-24,527.691243132671,527.691243132671,527.691243132671,527.691243132671,527.691243132671,6568832.07477216,coinmetrics-community,1.61622687,6760669281.582314,
2014-05-25,573.312458796026,573.312458796026,573.312458796026,573.312458796026,573.312458796026,32521965.5199909,coinmetrics-community,1.7510962,7347466289.319051,
2014-05-26,584.847974868498,584.847974868498,584.847974868498,584.847974868498,584.847974868498,18588221.070989,coinmetrics-community,1.78420425,7497613476.323515,
2014-05-27,573.928269245471,573.928269245471,573.928269245471,573.928269245471,573.928269245471,24382081.7062788,coinmetrics-community,1.7360648,7359576774.764472,
2014-05-28,579.189318819404,579.189318819404,579.189318819404,579.189318819404,579.189318819404,11211076.1082015,coinmetrics-community,1.74983943,7429487155.296797,
2014-05-29,570.349310929281,570.349310929281,570.349310929281,570.349310929281,570.349310929281,10216598.7990987,coinmetrics-community,1.72220405,7318103409.655447,
2014-05-30,620.846360607832,620.846360607832,620.846360607832,620.846360607832,620.846360607832,30078842.8815338,coinmetrics-community,1.86223265,7968618784.834808,
2014-05-31,627.892420689655,627.892420689655,627.892420689655,627.892420689655,627.892420689655,11667261.2045903,coinmetrics-community,1.87963895,8061363103.304023,
2014-06-01,630.074953535944,630.074953535944,630.074953535944,630.074953535944,630.074953535944,40782335.9285116,coinmetrics-community,1.88300736,8092140707.087941,
2014-06-02,663.505723845704,663.505723845704,663.505723845704,663.505723845704,663.505723845704,29254845.4663257,coinmetrics-community,1.97543263,8524698178.615511,
2014-06-03,672.387897136178,672.387897136178,672.387897136178,672.387897136178,672.387897136178,24841564.7430661,coinmetrics-community,1.99693718,8641808154.46159,
2014-06-04,643.887368790181,643.887368790181,643.887368790181,643.887368790181,643.887368790181,31515499.6866877,coinmetrics-community,1.90998921,8278421132.739146,
2014-06-05,661.503558153127,661.503558153127,661.503558153127,661.503558153127,661.503558153127,15362968.8064543,coinmetrics-community,1.95863649,8507425132.246882,
2014-06-06,650.133315897136,650.133315897136,650.133315897136,650.133315897136,650.133315897136,9231172.46023025,coinmetrics-community,1.92408683,8363454618.504367,
2014-06-07,656.800271770894,656.800271770894,656.800271770894,656.800271770894,656.800271770894,8901670.73469584,coinmetrics-community,1.94195206,8451764871.919811,
2014-06-08,657.819974868498,657.819974868498,657.819974868498,657.819974868498,657.819974868498,4617003.25443938,coinmetrics-community,1.94276934,8467123090.854523,
2014-06-09,648.336322326125,648.336322326125,648.336322326125,648.336322326125,648.336322326125,10196812.9672001,coinmetrics-community,1.91093556,8347582865.630778,
2014-06-10,650.936609585038,650.936609585038,650.936609585038,650.936609585038,650.936609585038,9958250.26653681,coinmetrics-community,1.91468487,8383780238.002946,
2014-06-11,631.489022209235,631.489022209235,631.489022209235,631.489022209235,631.489022209235,15734183.8912165,coinmetrics-community,1.8557786,8135608711.298166,
2014-06-12,591.975077147867,591.975077147867,591.975077147867,591.975077147867,591.975077147867,35696705.3155942,coinmetrics-community,1.71579412,7629087562.663397,
2014-06-13,597.044999707773,597.044999707773,597.044999707773,597.044999707773,597.044999707773,23058125.2856352,coinmetrics-community,1.72900225,7696859223.0173645,
2014-06-14,575.559461718293,575.559461718293,575.559461718293,575.559461718293,575.559461718293,26679759.5983281,coinmetrics-community,1.6672379,7422437719.846515,
2014-06-15,589.724646405611,589.724646405611,589.724646405611,589.724646405611,589.724646405611,15128591.5812632,coinmetrics-community,1.70763012,7607913697.277698,
2014-06-16,590.567482174167,590.567482174167,590.567482174167,590.567482174167,590.567482174167,17354059.77343,coinmetrics-community,1.70895309,7621562611.521574,
2014-06-17,609.080002922268,609.080002922268,609.080002922268,609.080002922268,609.080002922268,11002056.3947135,coinmetrics-community,1.76144005,7863277527.037326,
2014-06-18,607.629796025716,607.629796025716,607.629796025716,607.629796025716,607.629796025716,9470812.99929523,coinmetrics-community,1.75639628,7846955363.483022,
2014-06-19,595.751476914085,595.751476914085,595.751476914085,595.751476914085,595.751476914085,7363771.0390455,coinmetrics-community,1.72175665,7696045540.252879,
2014-06-20,591.531522793688,591.531522793688,591.531522793688,591.531522793688,591.531522793688,11074640.5398415,coinmetrics-community,1.70893923,7644281888.102515,
2014-06-21,592.764349503215,592.764349503215,592.764349503215,592.764349503215,592.764349503215,5728367.29857942,coinmetrics-community,1.71186032,7662969895.204458,
2014-06-22,599.634633547633,599.634633547633,599.634633547633,599.634633547633,599.634633547633,6538850.75081918,coinmetrics-community,1.73072722,7754483949.454893,
2014-06-23,589.552299824664,589.552299824664,589.552299824664,589.552299824664,589.552299824664,7839011.59843742,coinmetrics-community,1.70033791,7626693090.721797,
2014-06-24,579.973718585622,579.973718585622,579.973718585622,579.973718585622,579.973718585622,8643369.67312496,coinmetrics-community,1.67166269,7505506467.194577,
2014-06-25,562.236779953244,562.236779953244,562.236779953244,562.236779953244,562.236779953244,11929757.8589153,coinmetrics-community,1.62093285,7278599165.190248,
2014-06-26,580.749230274693,580.749230274693,580.749230274693,580.749230274693,580.749230274693,7458936.93618256,coinmetrics-community,1.67219737,7520740158.49939,
2014-06-27,600.638305376973,600.638305376973,600.638305376973,600.638305376973,600.638305376973,11767441.588746,coinmetrics-community,1.72780213,7781263113.330781,
2014-06-28,594.390304208065,594.390304208065,594.390304208065,594.390304208065,594.390304208065,6346602.08810701,coinmetrics-community,1.70918053,7703024797.867049,
2014-06-29,600.840518410286,600.840518410286,600.840518410286,600.840518410286,600.840518410286,3427242.52419679,coinmetrics-community,1.72411286,7788974904.506179,
2014-06-30,638.94611396844,638.94611396844,638.94611396844,638.94611396844,638.94611396844,26721606.3945755,coinmetrics-community,1.82938369,8285063972.982666,
2014-07-01,642.95659672706,642.95659672706,642.95659672706,642.95659672706,642.95659672706,21693148.8692157,coinmetrics-community,1.83761917,8339204790.290084,
2014-07-02,651.298347749854,651.298347749854,651.298347749854,651.298347749854,651.298347749854,10621164.0330824,coinmetrics-community,1.85565119,8449628746.898273,
2014-07-03,646.413389130333,646.413389130333,646.413389130333,646.413389130333,646.413389130333,8552524.86227931,coinmetrics-community,1.83854971,8388499950.529136,
2014-07-04,630.635502922268,630.635502922268,630.635502922268,630.635502922268,630.635502922268,11452709.1560854,coinmetrics-community,1.79270708,8186367619.644586,
2014-07-05,630.468341905318,630.468341905318,630.468341905318,630.468341905318,630.468341905318,4193749.43243687,coinmetrics-community,1.79121232,8186593458.815446,
2014-07-06,634.67267445938,634.67267445938,634.67267445938,634.67267445938,634.67267445938,5178776.15745841,coinmetrics-community,1.80217443,8243439551.879233,
2014-07-07,622.854978959673,622.854978959673,622.854978959673,622.854978959673,622.854978959673,9965049.16493813,coinmetrics-community,1.76756914,8092281240.717174,
2014-07-08,624.894331092928,624.894331092928,624.894331092928,624.894331092928,624.894331092928,4338531.01778656,coinmetrics-community,1.77273738,8121120346.389214,
2014-07-09,621.939091759205,621.939091759205,621.939091759205,621.939091759205,621.939091759205,5081222.48626459,coinmetrics-community,1.76136723,8085295133.413473,
2014-07-10,616.522849795441,616.522849795441,616.522849795441,616.522849795441,616.522849795441,9568487.36155628,coinmetrics-community,1.74495565,8017179778.299044,
2014-07-11,634.494378141438,634.494378141438,634.494378141438,634.494378141438,634.494378141438,8119244.25380085,coinmetrics-community,1.79446067,8253353630.980082,
2014-07-12,636.923957934541,636.923957934541,636.923957934541,636.923957934541,636.923957934541,5886418.80258349,coinmetrics-community,1.80030291,8287456960.000429,
2014-07-13,629.87575043834,629.87575043834,629.87575043834,629.87575043834,629.87575043834,5238279.62898963,coinmetrics-community,1.77957268,8198267373.456793,
2014-07-14,619.197459088252,619.197459088252,619.197459088252,619.197459088252,619.197459088252,6102461.34997086,coinmetrics-community,1.74898486,8061371837.189573,
2014-07-15,621.934601402689,621.934601402689,621.934601402689,621.934601402689,621.934601402689,5785948.10961555,coinmetrics-community,1.75571279,8099479060.359116,
2014-07-16,616.351882232612,616.351882232612,616.351882232612,616.351882232612,616.351882232612,6800208.3830233,coinmetrics-community,1.73946637,8028993953.251206,
2014-07-17,624.259274985389,624.259274985389,624.259274985389,624.259274985389,624.259274985389,6882769.49200784,coinmetrics-community,1.76036866,8134685025.076653,
2014-07-18,630.750140268849,630.750140268849,630.750140268849,630.750140268849,630.750140268849,7790848.40218968,coinmetrics-community,1.77738508,8221979325.367266,
2014-07-19,629.17336440678,629.17336440678,629.17336440678,629.17336440678,629.17336440678,3022760.49957539,coinmetrics-community,1.77274463,8204209766.049146,
2014-07-20,625.248676212741,625.248676212741,625.248676212741,625.248676212741,625.248676212741,2513127.27971061,coinmetrics-community,1.76080313,8155455986.217747,
2014-07-21,621.305331385155,621.305331385155,621.305331385155,621.305331385155,621.305331385155,5187660.4047787,coinmetrics-community,1.74762284,8106428368.504002,
2014-07-22,619.823264465225,619.823264465225,619.823264465225,619.823264465225,619.823264465225,4413368.96112319,coinmetrics-community,1.74270129,8089291599.245129,
2014-07-23,619.772816773817,619.772816773817,619.772816773817,619.772816773817,619.772816773817,5055517.41375405,coinmetrics-community,1.74066345,8090895378.982158,
2014-07-24,602.87964552893,602.87964552893,602.87964552893,602.87964552893,602.87964552893,14239444.5880384,coinmetrics-community,1.69279908,7872516830.517839,
2014-07-25,601.578514319112,601.578514319112,601.578514319112,601.578514319112,601.578514319112,6563153.82421612,coinmetrics-community,1.68863136,7857977844.637788,
2014-07-26,594.702607247224,594.702607247224,594.702607247224,594.702607247224,594.702607247224,5820777.39504845,coinmetrics-community,1.66914747,7770155179.104973,
2014-07-27,591.575444184687,591.575444184687,591.575444184687,591.575444184687,591.575444184687,4804176.54786773,coinmetrics-community,1.65995112,7731559647.2277975,
2014-07-28,587.493004967855,587.493004967855,587.493004967855,587.493004967855,587.493004967855,14668502.2819533,coinmetrics-community,1.64850401,7680407552.468035,
2014-07-29,584.11239333723,584.11239333723,584.11239333723,584.11239333723,584.11239333723,6166878.27720968,coinmetrics-community,1.63937643,7638387993.689982,
2014-07-30,562.914625073057,562.914625073057,562.914625073057,562.914625073057,562.914625073057,11974207.7284089,coinmetrics-community,1.58077127,7363607117.266952,
2014-07-31,581.975561952075,581.975561952075,581.975561952075,581.975561952075,581.975561952075,14500685.1507052,coinmetrics-community,1.63310806,7615187932.454972,
2014-08-01,596.506759205143,596.506759205143,596.506759205143,596.506759205143,596.506759205143,14683385.7730556,coinmetrics-community,1.67172212,7807670878.872718,
2014-08-02,589.757261542957,589.757261542957,589.757261542957,589.757261542957,589.757261542957,4653457.40747599,coinmetrics-community,1.65218507,7721730033.748468,
2014-08-03,586.753736703682,586.753736703682,586.753736703682,586.753736703682,586.753736703682,4161455.70409753,coinmetrics-community,1.64362281,7684663690.3259945,
2014-08-04,587.60833547633,587.60833547633,587.60833547633,587.60833547633,587.60833547633,6277955.03567041,coinmetrics-community,1.64417187,7697736644.3016205,
2014-08-05,581.881988603156,581.881988603156,581.881988603156,581.881988603156,581.881988603156,8273475.51397415,coinmetrics-community,1.61859835,7624684694.666701,
2014-08-06,582.248371420222,582.248371420222,582.248371420222,582.248371420222,582.248371420222,8607172.47679007,coinmetrics-community,1.61916711,7631872806.490933,
2014-08-07,586.046633547633,586.046633547633,586.046633547633,586.046633547633,586.046633547633,7892706.47240398,coinmetrics-community,1.62893008,7684003054.893186,
2014-08-08,589.024412624196,589.024412624196,589.024412624196,589.024412624196,589.024412624196,6508276.27644966,coinmetrics-community,1.63661291,7725373119.050059,
2014-08-09,588.978521332554,588.978521332554,588.978521332554,588.978521332554,588.978521332554,2878784.18628229,coinmetrics-community,1.63562717,7727451082.260734,
2014-08-10,589.373502045587,589.373502045587,589.373502045587,589.373502045587,589.373502045587,4066860.8842033,coinmetrics-community,1.63601768,7735241242.426253,
2014-08-11,573.441483927528,573.441483927528,573.441483927528,573.441483927528,573.441483927528,10436186.7979295,coinmetrics-community,1.59181557,7528750393.807313,
2014-08-12,568.307520163647,568.307520163647,568.307520163647,568.307520163647,568.307520163647,9978094.10999776,coinmetrics-community,1.57747585,7463818388.651986,
2014-08-13,548.370175336061,548.370175336061,548.370175336061,548.370175336061,548.370175336061,27147757.4284318,coinmetrics-community,1.52247712,7203960811.173461,
2014-08-14,505.107499707773,505.107499707773,505.107499707773,505.107499707773,505.107499707773,36842516.6682389,coinmetrics-community,1.40529956,6637890303.918651,
2014-08-15,500.323060132671,500.323060132671,500.323060132671,500.323060132671,500.323060132671,20466759.3238037,coinmetrics-community,1.39272818,6577079233.508922,
2014-08-16,521.7479628872,521.7479628872,521.7479628872,521.7479628872,521.7479628872,16044980.1955596,coinmetrics-community,1.4519714,6860784727.658821,
2014-08-17,497.764658971362,497.764658971362,497.764658971362,497.764658971362,497.764658971362,13995880.5188219,coinmetrics-community,1.38521881,6547529019.656277,
2014-08-18,468.957918176505,468.957918176505,468.957918176505,468.957918176505,468.957918176505,35779871.2336572,coinmetrics-community,1.30849176,6170930387.993115,
2014-08-19,486.794350672122,486.794350672122,486.794350672122,486.794350672122,486.794350672122,22959877.3032299,coinmetrics-community,1.35854035,6407900293.387209,
2014-08-20,515.120353886616,515.120353886616,515.120353886616,515.120353886616,515.120353886616,28524753.7851404,coinmetrics-community,1.43685004,6782945022.741427,
2014-08-21,519.307852133255,519.307852133255,519.307852133255,519.307852133255,519.307852133255,20162654.4561905,coinmetrics-community,1.44883851,6840226845.525137,
2014-08-22,516.159368790181,516.159368790181,516.159368790181,516.159368790181,516.159368790181,16019933.2073911,coinmetrics-community,1.43998218,6800781531.593974,
2014-08-23,497.12575949737,497.12575949737,497.12575949737,497.12575949737,497.12575949737,10787968.2455618,coinmetrics-community,1.38794257,6552013007.6780815,
2014-08-24,508.430741963764,508.430741963764,508.430741963764,508.430741963764,508.430741963764,6926949.31281473,coinmetrics-community,1.41936719,6702866072.334485,
2014-08-25,501.610286674459,501.610286674459,501.610286674459,501.610286674459,501.610286674459,8232488.47897245,coinmetrics-community,1.40049218,6614667025.942611,
2014-08-26,511.852321741672,511.852321741672,511.852321741672,511.852321741672,511.852321741672,11167087.5229981,coinmetrics-community,1.4286897,6751941118.805074,
2014-08-27,510.162323787259,510.162323787259,510.162323787259,510.162323787259,510.162323787259,9768964.61533996,coinmetrics-community,1.42412594,6731803470.867446,
2014-08-28,506.285151665693,506.285151665693,506.285151665693,506.285151665693,506.285151665693,7787447.3658325,coinmetrics-community,1.41962708,6682832259.805304,
2014-08-29,508.866571887785,508.866571887785,508.866571887785,508.866571887785,508.866571887785,7527568.50870417,coinmetrics-community,1.4275503,6719069017.947292,
2014-08-30,501.275723261251,501.275723261251,501.275723261251,501.275723261251,501.275723261251,5246827.64425389,coinmetrics-community,1.40634187,6621120334.482542,
2014-08-31,478.511425482174,478.511425482174,478.511425482174,478.511425482174,478.511425482174,14741701.9596734,coinmetrics-community,1.34266216,6322686205.265619,
2014-09-01,474.541489772063,474.541489772063,474.541489772063,474.541489772063,474.541489772063,9657092.05786489,coinmetrics-community,1.33136652,6271843933.857898,
2014-09-02,474.430670660433,474.430670660433,474.430670660433,474.430670660433,474.430670660433,9481459.24326828,coinmetrics-community,1.33208957,6272122810.292736,
2014-09-03,473.95920338983,473.95920338983,473.95920338983,473.95920338983,473.95920338983,4933558.30147667,coinmetrics-community,1.33099316,6267892342.198352,
2014-09-04,489.555201344243,489.555201344243,489.555201344243,489.555201344243,489.555201344243,11701691.1367735,coinmetrics-community,1.37428858,6476075980.695106,
2014-09-05,478.749782875511,478.749782875511,478.749782875511,478.749782875511,478.749782875511,6112208.48919633,coinmetrics-community,1.34365527,6334872080.810288,
2014-09-06,480.64249181765,480.64249181765,480.64249181765,480.64249181765,480.64249181765,2911157.04601939,coinmetrics-community,1.34865874,6362067497.940154,
2014-09-07,478.36550087668,478.36550087668,478.36550087668,478.36550087668,478.36550087668,3024008.00913914,coinmetrics-community,1.34317011,6333781569.223851,
2014-09-08,468.975495908825,468.975495908825,468.975495908825,468.975495908825,468.975495908825,15815178.6940983,coinmetrics-community,1.31734021,6211141850.891306,
2014-09-09,473.51202717709,473.51202717709,473.51202717709,473.51202717709,473.51202717709,10037207.4423458,coinmetrics-community,1.33112394,6272952283.811393,
2014-09-10,477.778417592051,477.778417592051,477.778417592051,477.778417592051,477.778417592051,11583919.9858856,coinmetrics-community,1.34373558,6331347487.483827,
2014-09-11,477.270682057276,477.270682057276,477.270682057276,477.270682057276,477.270682057276,7377521.05028298,coinmetrics-community,1.34256122,6326647559.46915,
2014-09-12,473.997282291058,473.997282291058,473.997282291058,473.997282291058,473.997282291058,5774123.05784427,coinmetrics-community,1.33422001,6285080622.479268,
2014-09-13,477.960973991818,477.960973991818,477.960973991818,477.960973991818,477.960973991818,7707644.50680403,coinmetrics-community,1.34529696,6339800916.430826,
2014-09-14,475.648063997662,475.648063997662,475.648063997662,475.648063997662,475.648063997662,4399728.05728449,coinmetrics-community,1.33870825,6311000675.694806,
2014-09-15,472.655629748685,472.655629748685,472.655629748685,472.655629748685,472.655629748685,6826509.89800242,coinmetrics-community,1.33078173,6273163405.083723,
2014-09-16,464.177754529515,464.177754529515,464.177754529515,464.177754529515,464.177754529515,6909125.36726341,coinmetrics-community,1.30741226,6162628008.039854,
2014-09-17,456.339891291642,456.339891291642,456.339891291642,456.339891291642,456.339891291642,11961580.8122486,coinmetrics-community,1.28560635,6060691069.1306095,
2014-09-18,426.880106954997,426.880106954997,426.880106954997,426.880106954997,426.880106954997,29729670.2581773,coinmetrics-community,1.20503333,5671343316.691176,
2014-09-19,393.893890707189,393.893890707189,393.893890707189,393.893890707189,393.893890707189,28559984.9728581,coinmetrics-community,1.11512348,5234786700.077503,
2014-09-20,411.041342781999,411.041342781999,411.041342781999,411.041342781999,411.041342781999,23384116.5423282,coinmetrics-community,1.16620763,5464482172.793501,
2014-09-21,400.404530683811,400.404530683811,400.404530683811,400.404530683811,400.404530683811,15423671.7670008,coinmetrics-community,1.1367134,5324715500.714623,
2014-09-22,400.881622150789,400.881622150789,400.881622150789,400.881622150789,400.881622150789,9823135.71474276,coinmetrics-community,1.13884767,5332743727.964326,
2014-09-23,438.491800993571,438.491800993571,438.491800993571,438.491800993571,438.491800993571,31004572.6640281,coinmetrics-community,1.2456203,5834698972.616526,
2014-09-24,423.700091759205,423.700091759205,423.700091759205,423.700091759205,423.700091759205,14358400.9648621,coinmetrics-community,1.20431489,5639528633.478035,
2014-09-25,409.537749853887,409.537749853887,409.537749853887,409.537749853887,409.537749853887,14279328.9074174,coinmetrics-community,1.16485544,5452786187.234507,
2014-09-26,405.298251899474,405.298251899474,405.298251899474,405.298251899474,405.298251899474,10379433.3722339,coinmetrics-community,1.15453429,5397697184.168389,
2014-09-27,400.599334599649,400.599334599649,400.599334599649,400.599334599649,400.599334599649,6007876.13764546,coinmetrics-community,1.14181027,5336459764.17459,
2014-09-28,375.549989772063,375.549989772063,375.549989772063,375.549989772063,375.549989772063,15296913.0355675,coinmetrics-community,1.07103907,5003993225.188914,
2014-09-29,373.0645578609,373.0645578609,373.0645578609,373.0645578609,373.0645578609,17647169.4811635,coinmetrics-community,1.0668785,4972153983.458165,
2014-09-30,389.264040411455,389.264040411455,389.264040411455,389.264040411455,389.264040411455,13719222.9067252,coinmetrics-community,1.1140296,5189547431.442713,
2014-10-01,382.909365867914,382.909365867914,382.909365867914,382.909365867914,382.909365867914,10229170.5623867,coinmetrics-community,1.09708972,5106312655.53271,
2014-10-02,372.525699006429,372.525699006429,372.525699006429,372.525699006429,372.525699006429,9464143.60591349,coinmetrics-community,1.06843242,4969125807.05118,
2014-10-03,357.665713617767,357.665713617767,357.665713617767,357.665713617767,357.665713617767,16550236.1190921,coinmetrics-community,1.02941189,4772213722.093183,
2014-10-04,328.826113091759,328.826113091759,328.826113091759,328.826113091759,328.826113091759,24808100.5412207,coinmetrics-community,0.9484552,4388682580.260336,
2014-10-05,322.826261542957,322.826261542957,322.826261542957,322.826261542957,322.826261542957,48099528.8741271,coinmetrics-community,0.93172895,4309969413.80805,
2014-10-06,326.803532729398,326.803532729398,326.803532729398,326.803532729398,326.803532729398,43136270.9744018,coinmetrics-community,0.95087199,4364384310.694091,
2014-10-07,333.570194915254,333.570194915254,333.570194915254,333.570194915254,333.570194915254,18477428.672367,coinmetrics-community,0.97154668,4455868952.722568,
2014-10-08,354.407334307423,354.407334307423,354.407334307423,354.407334307423,354.407334307423,23141182.0724032,coinmetrics-community,1.03194969,4735489718.929568,
2014-10-09,361.716424897721,361.716424897721,361.716424897721,361.716424897721,361.716424897721,42609455.1887046,coinmetrics-community,1.05462843,4834490053.51113,
2014-10-10,358.890390810053,358.890390810053,358.890390810053,358.890390810053,358.890390810053,20412939.5121345,coinmetrics-community,1.04743744,4798109635.995668,
2014-10-11,361.908376972531,361.908376972531,361.908376972531,361.908376972531,361.908376972531,10654465.8730207,coinmetrics-community,1.05694518,4839760837.727772,
2014-10-12,377.871243717124,377.871243717124,377.871243717124,377.871243717124,377.871243717124,14219719.7657601,coinmetrics-community,1.10393506,5054628618.96669,
2014-10-13,391.994208942139,391.994208942139,391.994208942139,391.994208942139,391.994208942139,28555638.6086753,coinmetrics-community,1.14335604,5245064708.897221,
2014-10-14,400.880592054354,400.880592054354,400.880592054354,400.880592054354,400.880592054354,31651261.4361978,coinmetrics-community,1.16884486,5365291551.155063,
2014-10-15,394.625879894798,394.625879894798,394.625879894798,394.625879894798,394.625879894798,21098690.3293539,coinmetrics-community,1.15308824,5283069667.506731,
2014-10-16,382.321476329632,382.321476329632,382.321476329632,382.321476329632,382.321476329632,22330890.7380349,coinmetrics-community,1.11729203,5119758564.702795,
2014-10-17,382.200789596727,382.200789596727,382.200789596727,382.200789596727,382.200789596727,10484373.0721424,coinmetrics-community,1.11813531,5119499232.526596,
2014-10-18,391.293177089421,391.293177089421,391.293177089421,391.293177089421,391.293177089421,8670779.86821979,coinmetrics-community,1.14449554,5242894153.666234,
2014-10-19,388.684497954413,388.684497954413,388.684497954413,388.684497954413,388.684497954413,4246521.74361887,coinmetrics-community,1.13688775,5209233125.406047,
2014-10-20,381.190858562244,381.190858562244,381.190858562244,381.190858562244,381.190858562244,13185795.1447539,coinmetrics-community,1.11540138,5110107339.437174,
2014-10-21,385.204633541204,385.204633541204,385.204633541204,385.204633541204,385.204633541204,10635923.2238043,coinmetrics-community,1.1273598,5165387968.708736,
2014-10-22,380.778763296318,380.778763296318,380.778763296318,380.778763296318,380.778763296318,8286692.60114959,coinmetrics-community,1.11497797,5107553013.098543,
2014-10-23,357.344793103448,357.344793103448,357.344793103448,357.344793103448,357.344793103448,22597737.5349563,coinmetrics-community,1.04769288,4794571841.573631,
2014-10-24,357.48843395675,357.48843395675,357.48843395675,357.48843395675,357.48843395675,12720531.5068452,coinmetrics-community,1.04955841,4797920118.279345,
2014-10-25,345.811246639392,345.811246639392,345.811246639392,345.811246639392,345.811246639392,15182037.199123,coinmetrics-community,1.01613431,4642538389.7121725,
2014-10-26,353.081956165985,353.081956165985,353.081956165985,353.081956165985,353.081956165985,9224189.43841415,coinmetrics-community,1.03785791,4741251517.256755,
2014-10-27,350.015711864407,350.015711864407,350.015711864407,350.015711864407,350.015711864407,9922614.28324863,coinmetrics-community,1.02988218,4701468719.300908,
2014-10-28,354.653805084746,354.653805084746,354.653805084746,354.653805084746,354.653805084746,5306998.16448847,coinmetrics-community,1.04388822,4764991907.390335,
2014-10-29,333.599350087668,333.599350087668,333.599350087668,333.599350087668,333.599350087668,15246708.4775421,coinmetrics-community,0.98355448,4483405058.008985,
2014-10-30,344.609382232613,344.609382232613,344.609382232613,344.609382232613,344.609382232613,25721707.6935768,coinmetrics-community,1.01672909,4632838862.435347,
2014-10-31,337.182912624196,337.182912624196,337.182912624196,337.182912624196,337.182912624196,10276912.9573181,coinmetrics-community,0.99675714,4534584097.182944,
2014-11-01,324.371315020456,324.371315020456,324.371315020456,324.371315020456,324.371315020456,14164678.3610058,coinmetrics-community,0.95963351,4363577474.228034,
2014-11-02,324.248566627703,324.248566627703,324.248566627703,324.248566627703,324.248566627703,6747470.45949772,coinmetrics-community,0.95980572,4363182675.130129,
2014-11-03,325.361865575687,325.361865575687,325.361865575687,325.361865575687,325.361865575687,9732519.63812798,coinmetrics-community,0.96404683,4379538202.274339,
2014-11-04,329.657703974284,329.657703974284,329.657703974284,329.657703974284,329.657703974284,12022760.2344503,coinmetrics-community,0.97805226,4438697512.256594,
2014-11-05,338.805765341905,338.805765341905,338.805765341905,338.805765341905,338.805765341905,15817336.3264326,coinmetrics-community,1.00559416,4563041057.094631,
2014-11-06,349.689911747516,349.689911747516,349.689911747516,349.689911747516,349.689911747516,15031083.4516824,coinmetrics-community,1.03634538,4710975207.975009,
2014-11-07,342.133288135593,342.133288135593,342.133288135593,342.133288135593,342.133288135593,10394357.9488067,coinmetrics-community,1.01476248,4610456396.269498,
2014-11-08,345.716332554062,345.716332554062,345.716332554062,345.716332554062,345.716332554062,4760848.29478922,coinmetrics-community,1.02534954,4660062487.584746,
2014-11-09,363.610051724138,363.610051724138,363.610051724138,363.610051724138,363.610051724138,18306397.1409816,coinmetrics-community,1.07917955,4902623335.337055,
2014-11-10,365.502253945061,365.502253945061,365.502253945061,365.502253945061,365.502253945061,21182150.3405083,coinmetrics-community,1.0847227,4929479477.777683,
2014-11-11,367.825466978375,367.825466978375,367.825466978375,367.825466978375,367.825466978375,7433740.23735037,coinmetrics-community,1.09194006,4961998574.957066,
2014-11-12,422.591419637639,422.591419637639,422.591419637639,422.591419637639,422.591419637639,64495368.9983399,coinmetrics-community,1.25193043,5702349216.989918,
2014-11-13,421.914471654004,421.914471654004,421.914471654004,421.914471654004,421.914471654004,88788091.9076277,coinmetrics-community,1.24597359,5694744080.086428,
2014-11-14,398.388882817066,398.388882817066,398.388882817066,398.388882817066,398.388882817066,35046120.8006281,coinmetrics-community,1.1770509,5378743834.818094,
2014-11-15,377.993840736411,377.993840736411,377.993840736411,377.993840736411,377.993840736411,24315365.1001688,coinmetrics-community,1.11736503,5104708459.692982,
2014-11-16,390.205823495032,390.205823495032,390.205823495032,390.205823495032,390.205823495032,14567246.0745971,coinmetrics-community,1.15327838,5271091380.888202,
2014-11-17,387.501031560491,387.501031560491,387.501031560491,387.501031560491,387.501031560491,31650743.8472331,coinmetrics-community,1.14624262,5235948730.382426,
2014-11-18,373.864564582116,373.864564582116,373.864564582116,373.864564582116,373.864564582116,22239686.2458434,coinmetrics-community,1.10670813,5053130942.788553,
2014-11-19,377.613398012858,377.613398012858,377.613398012858,377.613398012858,377.613398012858,11664814.8505748,coinmetrics-community,1.1187722,5105131036.931972,
2014-11-20,356.181265341905,356.181265341905,356.181265341905,356.181265341905,356.181265341905,15916205.9121525,coinmetrics-community,1.05691479,4816608899.340705,
2014-11-21,350.748858854471,350.748858854471,350.748858854471,350.748858854471,350.748858854471,19985345.9902173,coinmetrics-community,1.04171403,4744260556.958859,
2014-11-22,352.455514611338,352.455514611338,352.455514611338,352.455514611338,352.455514611338,9229339.96835792,coinmetrics-community,1.04704666,4768701889.690104,
2014-11-23,367.773242255991,367.773242255991,367.773242255991,367.773242255991,367.773242255991,9405577.17289398,coinmetrics-community,1.09252099,4977255417.379971,
2014-11-24,376.994223845704,376.994223845704,376.994223845704,376.994223845704,376.994223845704,25771889.6674103,coinmetrics-community,1.11975677,5103432931.307469,
2014-11-25,376.755630040912,376.755630040912,376.755630040912,376.755630040912,376.755630040912,19502803.3017734,coinmetrics-community,1.11940193,5101446341.234383,
2014-11-26,367.530208065459,367.530208065459,367.530208065459,367.530208065459,367.530208065459,14953367.8029912,coinmetrics-community,1.09262566,4977788630.808806,
2014-11-27,369.530227352425,369.530227352425,369.530227352425,369.530227352425,369.530227352425,6616648.96202667,coinmetrics-community,1.09877029,5006179265.651376,
2014-11-28,377.896931911163,377.896931911163,377.896931911163,377.896931911163,377.896931911163,19213640.3892262,coinmetrics-community,1.13429879,5120924701.3427725,
2014-11-29,376.07633547633,376.07633547633,376.07633547633,376.07633547633,376.07633547633,12535375.5642189,coinmetrics-community,1.12906205,5097729689.693371,
2014-11-30,378.690397136178,378.690397136178,378.690397136178,378.690397136178,378.690397136178,7817007.50429565,coinmetrics-community,1.13677757,5134678161.082396,
2014-12-01,379.111978959673,379.111978959673,379.111978959673,379.111978959673,379.111978959673,9078425.02866856,coinmetrics-community,1.13825789,5141626519.7315445,
2014-12-02,382.946796317943,382.946796317943,382.946796317943,382.946796317943,382.946796317943,8608492.06972627,coinmetrics-community,1.1510639,5195071474.5043125,
2014-12-03,375.916019286967,375.916019286967,375.916019286967,375.916019286967,375.916019286967,10617263.5007948,coinmetrics-community,1.13011906,5100781830.036416,
2014-12-04,368.845568088837,368.845568088837,368.845568088837,368.845568088837,368.845568088837,11551209.2795528,coinmetrics-community,1.11229742,5006189589.777437,
2014-12-05,378.428329631794,378.428329631794,378.428329631794,378.428329631794,378.428329631794,11687436.7541728,coinmetrics-community,1.1410958,5137728351.69543,
2014-12-06,375.13795119813,375.13795119813,375.13795119813,375.13795119813,375.13795119813,5362558.47287891,coinmetrics-community,1.13129289,5094341409.984036,
2014-12-07,376.639793103448,376.639793103448,376.639793103448,376.639793103448,376.639793103448,3551356.14565123,coinmetrics-community,1.13597735,5115922710.427437,
2014-12-08,363.215676797195,363.215676797195,363.215676797195,363.215676797195,363.215676797195,13263118.0009861,coinmetrics-community,1.10418082,4935062172.837815,
2014-12-09,351.106837814144,351.106837814144,351.106837814144,351.106837814144,351.106837814144,22379031.5935335,coinmetrics-community,1.06761307,4771784114.212253,
2014-12-10,347.881393921683,347.881393921683,347.881393921683,347.881393921683,347.881393921683,8175307.23430432,coinmetrics-community,1.06041309,4729191782.833354,
2014-12-11,348.593006136762,348.593006136762,348.593006136762,348.593006136762,348.593006136762,21012379.4481534,coinmetrics-community,1.06328138,4740155421.832263,
2014-12-12,353.190612507306,353.190612507306,353.190612507306,353.190612507306,353.190612507306,8487521.04063607,coinmetrics-community,1.07767689,4803918508.264444,
2014-12-13,349.242945061368,349.242945061368,349.242945061368,349.242945061368,349.242945061368,5891016.1420516,coinmetrics-community,1.06591465,4751499086.572427,
2014-12-14,356.07972150789,356.07972150789,356.07972150789,356.07972150789,356.07972150789,6475774.11157489,coinmetrics-community,1.08689147,4845769566.826181,
2014-12-15,347.095181472823,347.095181472823,347.095181472823,347.095181472823,347.095181472823,8119206.27373367,coinmetrics-community,1.06028962,4724725483.753984,
2014-12-16,328.613320280538,328.613320280538,328.613320280538,328.613320280538,328.613320280538,20019868.3980538,coinmetrics-community,1.00469489,4474321674.239947,
2014-12-17,320.297613383986,320.297613383986,320.297613383986,320.297613383986,320.297613383986,22419662.3031589,coinmetrics-community,0.98028857,4362121917.476236,
2014-12-18,313.511651179427,313.511651179427,313.511651179427,313.511651179427,313.511651179427,25465105.2753868,coinmetrics-community,0.96077271,4270715212.253361,
2014-12-19,318.242888661601,318.242888661601,318.242888661601,318.242888661601,318.242888661601,15131133.647828,coinmetrics-community,0.97619248,4336255009.048291,
2014-12-20,330.065758328463,330.065758328463,330.065758328463,330.065758328463,330.065758328463,13159576.8147131,coinmetrics-community,1.01306177,4498454597.075575,
2014-12-21,320.992670075979,320.992670075979,320.992670075979,320.992670075979,320.992670075979,8555824.77888976,coinmetrics-community,0.98778637,4375857072.600249,
2014-12-22,331.842584453536,331.842584453536,331.842584453536,331.842584453536,331.842584453536,12986789.4525058,coinmetrics-community,1.0214974,4525126532.888657,
2014-12-23,336.084128579778,336.084128579778,336.084128579778,336.084128579778,336.084128579778,8863837.84240136,coinmetrics-community,1.03954357,4584226091.329003,
2014-12-24,323.032297779077,323.032297779077,323.032297779077,323.032297779077,323.032297779077,8083373.12934432,coinmetrics-community,0.99961153,4407433219.58878,
2014-12-25,318.996144360023,318.996144360023,318.996144360023,318.996144360023,318.996144360023,5226310.51534043,coinmetrics-community,0.98749454,4353624220.145397,
2014-12-26,329.210341905319,329.210341905319,329.210341905319,329.210341905319,329.210341905319,8184340.62690587,coinmetrics-community,1.01929944,4494277461.787612,
2014-12-27,315.968443892461,315.968443892461,315.968443892461,315.968443892461,315.968443892461,9989574.17063746,coinmetrics-community,0.97876537,4314703858.034944,
2014-12-28,317.010480420807,317.010480420807,317.010480420807,317.010480420807,317.010480420807,5722565.7618363,coinmetrics-community,0.98276009,4330272746.483408,
2014-12-29,313.065531560491,313.065531560491,313.065531560491,313.065531560491,313.065531560491,6489540.31011888,coinmetrics-community,0.97130504,4277669438.8884907,
2014-12-30,310.442004091175,310.442004091175,310.442004091175,310.442004091175,310.442004091175,7358169.69964947,coinmetrics-community,0.9677018,4243025008.2295938,
2014-12-31,320.662287258913,320.662287258913,320.662287258913,320.662287258913,320.662287258913,7020092.01376764,coinmetrics-community,1.00093553,4383931184.775236,
2015-01-01,314.77647194623,314.77647194623,314.77647194623,314.77647194623,314.77647194623,3603247.13544995,coinmetrics-community,0.98274685,4304761773.784207,
2015-01-02,315.942731735827,315.942731735827,315.942731735827,315.942731735827,315.942731735827,3287344.94873674,coinmetrics-community,0.98668726,4322014357.174627,
2015-01-03,285.647309760374,285.647309760374,285.647309760374,285.647309760374,285.647309760374,22534237.8030123,coinmetrics-community,0.89443575,3908737739.4016304,
2015-01-04,263.334574810053,263.334574810053,263.334574810053,263.334574810053,263.334574810053,35897507.4312892,coinmetrics-community,0.826303,3604547303.485488,
2015-01-05,275.003851548802,275.003851548802,275.003851548802,275.003851548802,275.003851548802,18947301.0786369,coinmetrics-community,0.86470946,3765349926.232124,
2015-01-06,287.549521040327,287.549521040327,287.549521040327,287.549521040327,287.549521040327,12131710.9966225,coinmetrics-community,0.90423431,3938260925.3637357,
2015-01-07,297.535565166569,297.535565166569,297.535565166569,297.535565166569,297.535565166569,11297603.003985,coinmetrics-community,0.93577843,4076070558.8848286,
2015-01-08,284.342391876096,284.342391876096,284.342391876096,284.342391876096,284.342391876096,11703050.871638,coinmetrics-community,0.89651769,3896376434.1095347,
2015-01-09,292.501114552893,292.501114552893,292.501114552893,292.501114552893,292.501114552893,12940253.3803496,coinmetrics-community,0.9241025,4009200101.3493133,
2015-01-10,276.230532144944,276.230532144944,276.230532144944,276.230532144944,276.230532144944,17049851.9922344,coinmetrics-community,0.87375367,3787200643.1621666,
2015-01-11,268.755515488019,268.755515488019,268.755515488019,268.755515488019,268.755515488019,11000125.2576467,coinmetrics-community,0.85069708,3685757426.2708035,
2015-01-12,268.617232028054,268.617232028054,268.617232028054,268.617232028054,268.617232028054,9921595.30993499,coinmetrics-community,0.85146752,3684814575.287508,
2015-01-13,224.108117767388,224.108117767388,224.108117767388,224.108117767388,224.108117767388,54155527.4924865,coinmetrics-community,0.71350593,3074962783.802202,
2015-01-14,175.637640561075,175.637640561075,175.637640561075,175.637640561075,175.637640561075,81450210.8946484,coinmetrics-community,0.56357972,2410541394.6767755,
2015-01-15,212.341011396844,212.341011396844,212.341011396844,212.341011396844,212.341011396844,60850293.7638966,coinmetrics-community,0.68179854,2915078937.6187863,
2015-01-16,207.595204850964,207.595204850964,207.595204850964,207.595204850964,207.595204850964,27281700.964668,coinmetrics-community,0.66753485,2850648523.431976,
2015-01-17,199.824836645237,199.824836645237,199.824836645237,199.824836645237,199.824836645237,15375696.2332593,coinmetrics-community,0.64325099,2744637050.6273365,
2015-01-18,211.132518410286,211.132518410286,211.132518410286,211.132518410286,211.132518410286,19644398.4653558,coinmetrics-community,0.68000493,2900758070.2695274,
2015-01-19,216.894694915254,216.894694915254,216.894694915254,216.894694915254,216.894694915254,11342026.9617465,coinmetrics-community,0.69895138,2980705663.4190784,
2015-01-20,211.919853886616,211.919853886616,211.919853886616,211.919853886616,211.919853886616,15998623.1116892,coinmetrics-community,0.68366065,2912963378.745639,
2015-01-21,227.904210403273,227.904210403273,227.904210403273,227.904210403273,227.904210403273,20129703.5077973,coinmetrics-community,0.73912676,3133526729.5787454,
2015-01-22,233.647382817066,233.647382817066,233.647382817066,233.647382817066,233.647382817066,22158272.4224227,coinmetrics-community,0.75789177,3213279974.8754363,
2015-01-23,233.132852425482,233.132852425482,233.132852425482,233.132852425482,233.132852425482,14712969.3996887,coinmetrics-community,0.75661441,3206926509.857733,
2015-01-24,249.08212390415,249.08212390415,249.08212390415,249.08212390415,249.08212390415,15180829.3928739,coinmetrics-community,0.8081469,3427105944.2266946,
2015-01-25,254.51794126242,254.51794126242,254.51794126242,254.51794126242,254.51794126242,23849444.3177405,coinmetrics-community,0.8258294,3502692396.5058613,
2015-01-26,273.952244886032,273.952244886032,273.952244886032,273.952244886032,273.952244886032,82213165.4934539,coinmetrics-community,0.89147229,3771018340.3958287,
2015-01-27,264.753804500292,264.753804500292,264.753804500292,264.753804500292,264.753804500292,30033873.1883647,coinmetrics-community,0.86202293,3645385810.763192,
2015-01-28,235.735840444185,235.735840444185,235.735840444185,235.735840444185,235.735840444185,32513823.2196789,coinmetrics-community,0.76846781,3246805002.4986134,
2015-01-29,233.957373465809,233.957373465809,233.957373465809,233.957373465809,233.957373465809,24241456.3473052,coinmetrics-community,0.76357085,3223269286.819313,
2015-01-30,228.896189947399,228.896189947399,228.896189947399,228.896189947399,228.896189947399,19867177.9393425,coinmetrics-community,0.74804548,3154330219.336208,
2015-01-31,217.332156049094,217.332156049094,217.332156049094,217.332156049094,217.332156049094,18062621.6217067,coinmetrics-community,0.71163625,2995872651.2747865,
2015-02-01,227.111301285798,227.111301285798,227.111301285798,227.111301285798,227.111301285798,19931370.4501092,coinmetrics-community,0.74387279,3131555924.450037,
2015-02-02,240.092419929866,240.092419929866,240.092419929866,240.092419929866,240.092419929866,19815203.9752975,coinmetrics-community,0.78676033,3311502260.8039474,
2015-02-03,227.775695791935,227.775695791935,227.775695791935,227.775695791935,227.775695791935,28049691.9369054,coinmetrics-community,0.74694335,3142345617.194964,
2015-02-04,226.781134132087,226.781134132087,226.781134132087,226.781134132087,226.781134132087,17258380.936475,coinmetrics-community,0.7443882,3129526308.6160164,
2015-02-05,217.011151081239,217.011151081239,217.011151081239,217.011151081239,217.011151081239,14250640.1082712,coinmetrics-community,0.71333929,2995565459.8899717,
2015-02-06,222.724969316189,222.724969316189,222.724969316189,222.724969316189,222.724969316189,13007744.8261691,coinmetrics-community,0.73237364,3075423077.971155,
2015-02-07,228.647127410871,228.647127410871,228.647127410871,228.647127410871,228.647127410871,12264565.8419215,coinmetrics-community,0.75214553,3158106085.154654,
2015-02-08,224.035988895383,224.035988895383,224.035988895383,224.035988895383,224.035988895383,10761445.5218876,coinmetrics-community,0.73731062,3095155714.175765,
2015-02-09,220.768493863238,220.768493863238,220.768493863238,220.768493863238,220.768493863238,18078302.8307646,coinmetrics-community,0.72729218,3050902424.2926803,
2015-02-10,220.888154295734,220.888154295734,220.888154295734,220.888154295734,220.888154295734,10590883.1072165,coinmetrics-community,0.72810409,3053351264.779941,
2015-02-11,219.495859731151,219.495859731151,219.495859731151,219.495859731151,219.495859731151,9978079.2950717,coinmetrics-community,0.72439005,3034972495.474273,
2015-02-12,222.583227936879,222.583227936879,222.583227936879,222.583227936879,222.583227936879,8592650.00280995,coinmetrics-community,0.73482642,3078323766.372731,
2015-02-13,236.555363822326,236.555363822326,236.555363822326,236.555363822326,236.555363822326,26836189.6018096,coinmetrics-community,0.78098836,3272421689.876253,
2015-02-14,257.627695791935,257.627695791935,257.627695791935,257.627695791935,257.627695791935,31166468.1227424,coinmetrics-community,0.85038033,3564959250.3385587,
2015-02-15,234.445803039158,234.445803039158,234.445803039158,234.445803039158,234.445803039158,39905942.2571107,coinmetrics-community,0.7743708,3244997129.4419994,
2015-02-16,235.086126826417,235.086126826417,235.086126826417,235.086126826417,235.086126826417,18543508.1597716,coinmetrics-community,0.77684571,3254782653.53027,
2015-02-17,243.905794272355,243.905794272355,243.905794272355,243.905794272355,243.905794272355,18853276.2738745,coinmetrics-community,0.80607357,3377800069.693703,
2015-02-18,235.995232320281,235.995232320281,235.995232320281,235.995232320281,235.995232320281,16821184.3465043,coinmetrics-community,0.78023417,3269233640.3151255,
2015-02-19,241.872253945061,241.872253945061,241.872253945061,241.872253945061,241.872253945061,11152144.1610632,coinmetrics-community,0.80139075,3351651583.6376176,
2015-02-20,245.530775277615,245.530775277615,245.530775277615,245.530775277615,245.530775277615,14309770.0905413,coinmetrics-community,0.81236962,3403317980.169206,
2015-02-21,245.596002630041,245.596002630041,245.596002630041,245.596002630041,245.596002630041,6980720.76772694,coinmetrics-community,0.81269734,3405093966.41488,
2015-02-22,236.690668322618,236.690668322618,236.690668322618,236.690668322618,236.690668322618,13041854.7364076,coinmetrics-community,0.78366869,3282518444.0460014,
2015-02-23,239.066017825833,239.066017825833,239.066017825833,239.066017825833,239.066017825833,10969815.1556265,coinmetrics-community,0.79211394,3316309401.168135,
2015-02-24,239.869262127411,239.869262127411,239.869262127411,239.869262127411,239.869262127411,8694545.56636439,coinmetrics-community,0.79522354,3328225536.1133857,
2015-02-25,238.236111046172,238.236111046172,238.236111046172,238.236111046172,238.236111046172,7091595.09218956,coinmetrics-community,0.79086428,3306512284.302599,
2015-02-26,237.044402396259,237.044402396259,237.044402396259,237.044402396259,237.044402396259,8937559.58774837,coinmetrics-community,0.78721981,3290861309.890165,
2015-02-27,255.116774400935,255.116774400935,255.116774400935,255.116774400935,255.116774400935,31449065.2887652,coinmetrics-community,0.8470053,3542727502.119319,
2015-02-28,254.948448568089,254.948448568089,254.948448568089,254.948448568089,254.948448568089,8684510.00371073,coinmetrics-community,0.84675657,3541295080.490139,
2015-03-01,260.651330800701,260.651330800701,260.651330800701,260.651330800701,260.651330800701,18478055.9894291,coinmetrics-community,0.86514949,3621421761.2892585,
2015-03-02,276.322613676213,276.322613676213,276.322613676213,276.322613676213,276.322613676213,30489659.4871355,coinmetrics-community,0.91679724,3840245961.7741632,
2015-03-03,282.705900935126,282.705900935126,282.705900935126,282.705900935126,282.705900935126,36873056.189723,coinmetrics-community,0.9391453,3930075596.130802,
2015-03-04,273.447536528346,273.447536528346,273.447536528346,273.447536528346,273.447536528346,31263839.2132256,coinmetrics-community,0.90841341,3802326215.6505723,
2015-03-05,276.268809175921,276.268809175921,276.268809175921,276.268809175921,276.268809175921,26803834.1026708,coinmetrics-community,0.91835146,3842468093.219425,
2015-03-06,273.31811484512,273.31811484512,273.31811484512,273.31811484512,273.31811484512,17550230.4597301,coinmetrics-community,0.90850025,3802439815.8597436,
2015-03-07,276.403357393337,276.403357393337,276.403357393337,276.403357393337,276.403357393337,10548602.2178652,coinmetrics-community,0.91980286,3846329553.1709757,
2015-03-08,275.338033898305,275.338033898305,275.338033898305,275.338033898305,275.338033898305,7264034.84070764,coinmetrics-community,0.91749265,3832578713.5059977,
2015-03-09,290.130059029807,290.130059029807,290.130059029807,290.130059029807,290.130059029807,28170780.6022498,coinmetrics-community,0.96777239,4039521363.792741,
2015-03-10,292.320383109293,292.320383109293,292.320383109293,292.320383109293,292.320383109293,32621924.3251749,coinmetrics-community,0.9731036,4071128369.552176,
2015-03-11,296.693329339568,296.693329339568,296.693329339568,296.693329339568,296.693329339568,14862128.4010193,coinmetrics-community,0.98702529,4133172397.6432896,
2015-03-12,295.800344827586,295.800344827586,295.800344827586,295.800344827586,295.800344827586,15763687.3746801,coinmetrics-community,0.98143882,4121701164.266951,
2015-03-13,285.911026300409,285.911026300409,285.911026300409,285.911026300409,285.911026300409,22176800.3924061,coinmetrics-community,0.95005909,3984946334.609023,
2015-03-14,283.608306253653,283.608306253653,283.608306253653,283.608306253653,283.608306253653,11922458.97895,coinmetrics-community,0.94250473,3953780496.6016464,
2015-03-15,287.270142022209,287.270142022209,287.270142022209,287.270142022209,287.270142022209,6751751.13712015,coinmetrics-community,0.95476771,4005857102.306764,
2015-03-16,291.392118059614,291.392118059614,291.392118059614,291.392118059614,291.392118059614,13029220.1089522,coinmetrics-community,0.96883474,4064348851.7566133,
2015-03-17,285.248396551724,285.248396551724,285.248396551724,285.248396551724,285.248396551724,12345090.2275302,coinmetrics-community,0.94842564,3979568774.68936,
2015-03-18,257.286160140269,257.286160140269,257.286160140269,257.286160140269,257.286160140269,38755069.3017551,coinmetrics-community,0.85686576,3590445029.5322075,
2015-03-19,262.092947983635,262.092947983635,262.092947983635,262.092947983635,262.092947983635,31697092.9712954,coinmetrics-community,0.87346947,3658421733.5754147,
2015-03-20,262.966492109877,262.966492109877,262.966492109877,262.966492109877,262.966492109877,9374356.96204473,coinmetrics-community,0.87674824,3671509176.3995695,
2015-03-21,261.18429748685,261.18429748685,261.18429748685,261.18429748685,261.18429748685,7832534.3735247,coinmetrics-community,0.87101347,3647612342.244767,
2015-03-22,268.899415838691,268.899415838691,268.899415838691,268.899415838691,268.899415838691,9099617.42776936,coinmetrics-community,0.89689624,3756313691.744181,
2015-03-23,266.777992986558,266.777992986558,266.777992986558,266.777992986558,266.777992986558,14297180.6865877,coinmetrics-community,0.89015559,3727646150.526438,
2015-03-24,246.835082992402,246.835082992402,246.835082992402,246.835082992402,246.835082992402,27789038.803369,coinmetrics-community,0.8245462,3450054626.337365,
2015-03-25,246.719136762127,246.719136762127,246.719136762127,246.719136762127,246.719136762127,21801890.47521,coinmetrics-community,0.82488492,3449433239.2760797,
2015-03-26,249.532993571011,249.532993571011,249.532993571011,249.532993571011,249.532993571011,14985685.8679917,coinmetrics-community,0.834809,3489697647.733156,
2015-03-27,247.378898305085,247.378898305085,247.378898305085,247.378898305085,247.378898305085,10664513.3356969,coinmetrics-community,0.82811622,3460630353.820043,
2015-03-28,253.23161396844,253.23161396844,253.23161396844,253.23161396844,253.23161396844,8321115.29445925,coinmetrics-community,0.84785463,3543442060.8842163,
2015-03-29,242.967614260666,242.967614260666,242.967614260666,242.967614260666,242.967614260666,12802070.3513277,coinmetrics-community,0.81383575,3400748395.4846005,
2015-03-30,248.336934541204,248.336934541204,248.336934541204,248.336934541204,248.336934541204,14302534.4504823,coinmetrics-community,0.83226724,3476782836.084996,
2015-03-31,244.712485680888,244.712485680888,244.712485680888,244.712485680888,244.712485680888,11479623.7621278,coinmetrics-community,0.82051756,3426957264.211618,
2015-04-01,247.185819403857,247.185819403857,247.185819403857,247.185819403857,247.185819403857,11895192.3679791,coinmetrics-community,0.83080879,3462409579.406614,
2015-04-02,253.630070426651,253.630070426651,253.630070426651,253.630070426651,253.630070426651,13013814.7125779,coinmetrics-community,0.85233643,3553728796.7408247,
2015-04-03,254.83316364699,254.83316364699,254.83316364699,254.83316364699,254.83316364699,12341333.1032862,coinmetrics-community,0.85676268,3571516036.061579,
2015-04-04,253.945848626534,253.945848626534,253.945848626534,253.945848626534,253.945848626534,5185490.76961975,coinmetrics-community,0.85381712,3560051556.978542,
2015-04-05,261.112136177674,261.112136177674,261.112136177674,261.112136177674,261.112136177674,10115834.6765026,coinmetrics-community,0.87790912,3661481425.44315,
2015-04-06,256.367386908241,256.367386908241,256.367386908241,256.367386908241,256.367386908241,10500590.4098941,coinmetrics-community,0.86213123,3595755072.903167,
2015-04-07,254.831898012858,254.831898012858,254.831898012858,254.831898012858,254.831898012858,8205299.87446611,coinmetrics-community,0.85722526,3575186989.673343,
2015-04-08,245.825210403273,245.825210403273,245.825210403273,245.825210403273,245.825210403273,17881540.0165593,coinmetrics-community,0.82735719,3449595061.098264,
2015-04-09,243.860636177674,243.860636177674,243.860636177674,243.860636177674,243.860636177674,12499298.8041774,coinmetrics-community,0.82153081,3422837587.9593616,
2015-04-10,235.871900642899,235.871900642899,235.871900642899,235.871900642899,235.871900642899,16709507.9026004,coinmetrics-community,0.7967323,3311603691.4960895,
2015-04-11,237.40906779661,237.40906779661,237.40906779661,237.40906779661,237.40906779661,8273583.35957497,coinmetrics-community,0.80216867,3334016203.7726493,
2015-04-12,237.141042372881,237.141042372881,237.141042372881,237.141042372881,237.141042372881,5145953.34427465,coinmetrics-community,0.80176151,3331011083.015563,
2015-04-13,225.505635885447,225.505635885447,225.505635885447,225.505635885447,225.505635885447,18967826.8391525,coinmetrics-community,0.76357046,3168453355.0185876,
2015-04-14,219.757236703682,219.757236703682,219.757236703682,219.757236703682,219.757236703682,17931690.7197101,coinmetrics-community,0.74489185,3088504414.2315454,
2015-04-15,223.313907948568,223.313907948568,223.313907948568,223.313907948568,223.313907948568,11113852.6722988,coinmetrics-community,0.75926768,3139171565.3623433,
2015-04-16,228.493815312683,228.493815312683,228.493815312683,228.493815312683,228.493815312683,12709751.29922,coinmetrics-community,0.77719921,3212774939.335911,
2015-04-17,222.785060198714,222.785060198714,222.785060198714,222.785060198714,222.785060198714,10823799.3246374,coinmetrics-community,0.75827898,3133207820.3588495,
2015-04-18,223.398044126242,223.398044126242,223.398044126242,223.398044126242,223.398044126242,5725026.4105064,coinmetrics-community,0.76055574,3142644115.6342034,
2015-04-19,223.284135300994,223.284135300994,223.284135300994,223.284135300994,223.284135300994,7310154.267574,coinmetrics-community,0.76035314,3141851112.2383986,
2015-04-20,224.894903565167,224.894903565167,224.894903565167,224.894903565167,224.894903565167,9128127.01067993,coinmetrics-community,0.76631946,3165382222.462422,
2015-04-21,234.939356516657,234.939356516657,234.939356516657,234.939356516657,234.939356516657,13855471.6163151,coinmetrics-community,0.80085177,3307655935.8249736,
2015-04-22,233.822418760958,233.822418760958,233.822418760958,233.822418760958,233.822418760958,11229006.8774956,coinmetrics-community,0.79730639,3292819357.09004,
2015-04-23,235.933293687902,235.933293687902,235.933293687902,235.933293687902,235.933293687902,7537602.01636436,coinmetrics-community,0.80445024,3323312673.176487,
2015-04-24,231.458592343659,231.458592343659,231.458592343659,231.458592343659,231.458592343659,10095497.464725,coinmetrics-community,0.78956794,3261000380.5226417,
2015-04-25,226.445992986558,226.445992986558,226.445992986558,226.445992986558,226.445992986558,6527386.08843898,coinmetrics-community,0.77276772,3191301062.8211904,
2015-04-26,220.503406779661,220.503406779661,220.503406779661,220.503406779661,220.503406779661,15279136.8901745,coinmetrics-community,0.75294572,3108346068.4578934,
2015-04-27,227.325990356517,227.325990356517,227.325990356517,227.325990356517,227.325990356517,15776002.4676165,coinmetrics-community,0.77665961,3205299821.835456,
2015-04-28,225.549368790181,225.549368790181,225.549368790181,225.549368790181,225.549368790181,9059002.52754728,coinmetrics-community,0.77087913,3181112157.843448,
2015-04-29,225.66928842782,225.66928842782,225.66928842782,225.66928842782,225.66928842782,7838767.59704307,coinmetrics-community,0.77154151,3183519985.188851,
2015-04-30,236.327976037405,236.327976037405,236.327976037405,236.327976037405,236.327976037405,18045164.3647109,coinmetrics-community,0.80792304,3334673947.4553585,
2015-05-01,232.746582700175,232.746582700175,232.746582700175,232.746582700175,232.746582700175,9337695.91269531,coinmetrics-community,0.7959527,3285000343.434977,
2015-05-02,235.540077147867,235.540077147867,235.540077147867,235.540077147867,235.540077147867,5519639.91896703,coinmetrics-community,0.80559481,3325293514.7903585,
2015-05-03,240.464248977206,240.464248977206,240.464248977206,240.464248977206,240.464248977206,8214419.57117921,coinmetrics-community,0.8223728,3395659327.7417884,
2015-05-04,238.976661309176,238.976661309176,238.976661309176,238.976661309176,238.976661309176,11513914.0780965,coinmetrics-community,0.81741779,3375417433.7278066,
2015-05-05,236.02338340152,236.02338340152,236.02338340152,236.02338340152,236.02338340152,12000145.5536467,coinmetrics-community,0.80768013,3334612653.9885497,
2015-05-06,229.481219300429,229.481219300429,229.481219300429,229.481219300429,229.481219300429,16547130.0664731,coinmetrics-community,0.78562752,3243106562.193164,
2015-05-07,237.130687317358,237.130687317358,237.130687317358,237.130687317358,237.130687317358,12959212.3556649,coinmetrics-community,0.81202047,3352047328.9478006,
2015-05-08,244.383472822911,244.383472822911,244.383472822911,244.383472822911,244.383472822911,13830832.3924223,coinmetrics-community,0.83681725,3455488162.0896983,
2015-05-09,242.705950029223,242.705950029223,242.705950029223,242.705950029223,242.705950029223,8424705.20790229,coinmetrics-community,0.83113721,3432551362.706397,
2015-05-10,240.731483927528,240.731483927528,240.731483927528,240.731483927528,240.731483927528,6077152.4722335,coinmetrics-community,0.82457424,3405403163.984579,
2015-05-11,242.24983722969,242.24983722969,242.24983722969,242.24983722969,242.24983722969,9501272.58762545,coinmetrics-community,0.83050336,3427838774.9988203,
2015-05-12,242.209092051432,242.209092051432,242.209092051432,242.209092051432,242.209092051432,8100570.70343345,coinmetrics-community,0.83069449,3428170514.2198277,
2015-05-13,236.550265926359,236.550265926359,236.550265926359,236.550265926359,236.550265926359,12994272.7028599,coinmetrics-community,0.81161902,3349034848.944277,
2015-05-14,236.948916715371,236.948916715371,236.948916715371,236.948916715371,236.948916715371,10187911.9439971,coinmetrics-community,0.81336253,3355591126.3026547,
2015-05-15,237.484502337814,237.484502337814,237.484502337814,237.484502337814,237.484502337814,6739932.80650478,coinmetrics-community,0.81536167,3364048665.8897886,
2015-05-16,235.812134424313,235.812134424313,235.812134424313,235.812134424313,235.812134424313,3724656.5485597,coinmetrics-community,0.80981981,3341137186.217037,
2015-05-17,236.963682933957,236.963682933957,236.963682933957,236.963682933957,236.963682933957,3740258.61404013,coinmetrics-community,0.81389832,3358466081.9732075,
2015-05-18,232.88384961543,232.88384961543,232.88384961543,232.88384961543,232.88384961543,8395183.05057851,coinmetrics-community,0.80026593,3301481333.929694,
2015-05-19,231.974446814728,231.974446814728,231.974446814728,231.974446814728,231.974446814728,5738486.42738833,coinmetrics-community,0.79745588,3289343088.645178,
2015-05-20,234.190306253653,234.190306253653,234.190306253653,234.190306253653,234.190306253653,7521684.35191521,coinmetrics-community,0.80520035,3321612394.0908113,
2015-05-21,235.553821741672,235.553821741672,235.553821741672,235.553821741672,235.553821741672,6387901.84586316,coinmetrics-community,0.81004487,3341864436.7513227,
2015-05-22,240.323203682057,240.323203682057,240.323203682057,240.323203682057,240.323203682057,11472070.3054852,coinmetrics-community,0.82662537,3410358036.18389,
2015-05-23,238.963281706604,238.963281706604,238.963281706604,238.963281706604,238.963281706604,4669642.55534498,coinmetrics-community,0.8221977,3391728868.5088854,
2015-05-24,240.711758328463,240.711758328463,240.711758328463,240.711758328463,240.711758328463,4044225.31194769,coinmetrics-community,0.82826864,3417424495.160936,
2015-05-25,237.003543249562,237.003543249562,237.003543249562,237.003543249562,237.003543249562,5408509.61930762,coinmetrics-community,0.81597835,3365613792.1716657,
2015-05-26,236.796261250731,236.796261250731,236.796261250731,236.796261250731,236.796261250731,7205679.50832641,coinmetrics-community,0.8155281,3363522711.351782,
2015-05-27,237.203596434833,237.203596434833,237.203596434833,237.203596434833,237.203596434833,7056485.61665273,coinmetrics-community,0.81731823,3370126970.7481446,
2015-05-28,236.956881940386,236.956881940386,236.956881940386,236.956881940386,236.956881940386,5214635.79599725,coinmetrics-community,0.81693429,3367403673.12386,
2015-05-29,236.646526592636,236.646526592636,236.646526592636,236.646526592636,236.646526592636,6276119.34962601,coinmetrics-community,0.81601049,3363904289.7064414,
2015-05-30,232.788770017534,232.788770017534,232.788770017534,232.788770017534,232.788770017534,6963882.82530086,coinmetrics-community,0.80519424,3309858187.054192,
2015-05-31,229.45054792519,229.45054792519,229.45054792519,229.45054792519,229.45054792519,6206247.9362476,coinmetrics-community,0.79414393,3263243345.059638,
2015-06-01,223.282701928697,223.282701928697,223.282701928697,223.282701928697,223.282701928697,14459572.4124362,coinmetrics-community,0.77376466,3176261135.317753,
2015-06-02,225.320800993571,225.320800993571,225.320800993571,225.320800993571,225.320800993571,9296243.12018,coinmetrics-community,0.78141163,3206098638.097028,
2015-06-03,225.213063413209,225.213063413209,225.213063413209,225.213063413209,225.213063413209,8503911.24591715,coinmetrics-community,0.781559,3205365142.156569,
2015-06-04,223.54007685564,223.54007685564,223.54007685564,223.54007685564,223.54007685564,6393308.00542971,coinmetrics-community,0.77606861,3182342189.564728,
2015-06-05,224.731071887785,224.731071887785,224.731071887785,224.731071887785,224.731071887785,8877949.83168926,coinmetrics-community,0.78040202,3200072653.7183056,
2015-06-06,225.160513150205,225.160513150205,225.160513150205,225.160513150205,225.160513150205,3722899.21502774,coinmetrics-community,0.78204257,3207189674.6724687,
2015-06-07,223.411685856225,223.411685856225,223.411685856225,223.411685856225,223.411685856225,6118724.80643315,coinmetrics-community,0.77660755,3183111561.3986707,
2015-06-08,228.774291350088,228.774291350088,228.774291350088,228.774291350088,228.774291350088,12159634.4682401,coinmetrics-community,0.79532581,3260414508.051764,
2015-06-09,229.370529514904,229.370529514904,229.370529514904,229.370529514904,229.370529514904,8987834.06762067,coinmetrics-community,0.79751177,3269777768.24803,
2015-06-10,228.588487434249,228.588487434249,228.588487434249,228.588487434249,228.588487434249,6654595.33721421,coinmetrics-community,0.79522298,3259595200.829957,
2015-06-11,229.584411747516,229.584411747516,229.584411747516,229.584411747516,229.584411747516,6307552.55650841,coinmetrics-community,0.79912895,3274571594.9491153,
2015-06-12,229.811218510228,229.811218510228,229.811218510228,229.811218510228,229.811218510228,6311072.40325729,coinmetrics-community,0.79991673,3278622378.649739,
2015-06-13,233.015344535359,233.015344535359,233.015344535359,233.015344535359,233.015344535359,5605790.63237943,coinmetrics-community,0.81144066,3325260566.2108974,
2015-06-14,232.507108708358,232.507108708358,232.507108708358,232.507108708358,232.507108708358,4296416.46653206,coinmetrics-community,0.80992401,3318868030.2263055,
2015-06-15,236.7909628872,236.7909628872,236.7909628872,236.7909628872,236.7909628872,10271691.3828786,coinmetrics-community,0.8248878,3380869346.4704866,
2015-06-16,251.432676797195,251.432676797195,251.432676797195,251.432676797195,251.432676797195,23505767.77215,coinmetrics-community,0.87513216,3590663484.050795,
2015-06-17,247.969317650497,247.969317650497,247.969317650497,247.969317650497,247.969317650497,22740163.1930676,coinmetrics-community,0.86325931,3542183372.32402,
2015-06-18,249.012479544126,249.012479544126,249.012479544126,249.012479544126,249.012479544126,14686504.9609302,coinmetrics-community,0.86709753,3558055843.2596908,
2015-06-19,244.803484219755,244.803484219755,244.803484219755,244.803484219755,244.803484219755,11384868.269046,coinmetrics-community,0.85251691,3498814572.862747,
2015-06-20,245.582513150205,245.582513150205,245.582513150205,245.582513150205,245.582513150205,9620494.19087378,coinmetrics-community,0.85520736,3510771420.444903,
2015-06-21,244.300260081824,244.300260081824,244.300260081824,244.300260081824,244.300260081824,4330892.95410272,coinmetrics-community,0.85070324,3493198059.1425056,
2015-06-22,247.017892460549,247.017892460549,247.017892460549,247.017892460549,247.017892460549,9046789.80503532,coinmetrics-community,0.86017515,3533001756.575591,
2015-06-23,244.184763296318,244.184763296318,244.184763296318,244.184763296318,244.184763296318,7327172.10803201,coinmetrics-community,0.85051054,3493335248.1509166,
2015-06-24,240.451545295149,240.451545295149,240.451545295149,240.451545295149,240.451545295149,8480387.86679168,coinmetrics-community,0.8379559,3440865164.001367,
2015-06-25,242.347857685564,242.347857685564,242.347857685564,242.347857685564,242.347857685564,6529106.53825904,coinmetrics-community,0.8448489,3468922344.170873,
2015-06-26,242.967997369959,242.967997369959,242.967997369959,242.967997369959,242.967997369959,7173806.33642791,coinmetrics-community,0.84717268,3478734335.532736,
2015-06-27,251.529326709527,251.529326709527,251.529326709527,251.529326709527,251.529326709527,9936954.18959074,coinmetrics-community,0.87686139,3602123761.0580153,
2015-06-28,249.058285797779,249.058285797779,249.058285797779,249.058285797779,249.058285797779,8248466.65933092,coinmetrics-community,0.86825845,3567614187.0077357,
2015-06-29,256.65022238457,256.65022238457,256.65022238457,256.65022238457,256.65022238457,18814963.6857389,coinmetrics-community,0.89447788,3677262511.34254,
2015-06-30,263.854356864991,263.854356864991,263.854356864991,263.854356864991,263.854356864991,25634210.8360351,coinmetrics-community,0.91895089,3781439208.1940293,
2015-07-01,258.042647574518,258.042647574518,258.042647574518,258.042647574518,258.042647574518,14359179.2566635,coinmetrics-community,0.89877462,3699019359.316997,
2015-07-02,254.747113383986,254.747113383986,254.747113383986,254.747113383986,254.747113383986,11200330.8508933,coinmetrics-community,0.88759905,3652758933.862812,
2015-07-03,256.087042833431,256.087042833431,256.087042833431,256.087042833431,256.087042833431,8864135.1138407,coinmetrics-community,0.89360593,3673002617.3644547,
2015-07-04,260.50923962595,260.50923962595,260.50923962595,260.50923962595,260.50923962595,7088118.97099413,coinmetrics-community,0.90895603,3737419191.377554,
2015-07-05,271.302458211572,271.302458211572,271.302458211572,271.302458211572,271.302458211572,25174529.0692031,coinmetrics-community,0.94652746,3893228194.4129305,
2015-07-06,269.137940093513,269.137940093513,269.137940093513,269.137940093513,269.137940093513,29477223.191356,coinmetrics-community,0.93879668,3863384906.069908,
2015-07-07,266.469919053185,266.469919053185,266.469919053185,266.469919053185,266.469919053185,14849425.3204408,coinmetrics-community,0.92913382,3825979032.67402,
2015-07-08,270.576142898889,270.576142898889,270.576142898889,270.576142898889,270.576142898889,20385199.4972362,coinmetrics-community,0.94328042,3886025324.261598,
2015-07-09,269.680304792519,269.680304792519,269.680304792519,269.680304792519,269.680304792519,16468420.5401722,coinmetrics-community,0.94097662,3874055948.766721,
2015-07-10,285.558780829924,285.558780829924,285.558780829924,285.558780829924,285.558780829924,49285538.1207538,coinmetrics-community,0.99548676,4103255450.2768764,
2015-07-11,293.917453828171,293.917453828171,293.917453828171,293.917453828171,293.917453828171,21821570.0005622,coinmetrics-community,1.02415822,4224450512.315233,
2015-07-12,311.481879894798,311.481879894798,311.481879894798,311.481879894798,311.481879894798,36067232.9309702,coinmetrics-community,1.08367916,4477953762.4413595,
2015-07-13,292.649223845704,292.649223845704,292.649223845704,292.649223845704,292.649223845704,41274235.0562078,coinmetrics-community,1.0183322,4208292844.131372,
2015-07-14,287.740951490357,287.740951490357,287.740951490357,287.740951490357,287.740951490357,15465218.480718,coinmetrics-community,1.00130096,4138747805.314685,
2015-07-15,285.922885447107,285.922885447107,285.922885447107,285.922885447107,285.922885447107,14773584.5603315,coinmetrics-community,0.9949258,4113691144.2166467,
2015-07-16,278.532749269433,278.532749269433,278.532749269433,278.532749269433,278.532749269433,28588518.231651,coinmetrics-community,0.96964467,4008299274.556174,
2015-07-17,280.064724722385,280.064724722385,280.064724722385,280.064724722385,280.064724722385,15532187.7592977,coinmetrics-community,0.97483547,4031374810.791306,
2015-07-18,277.354635300994,277.354635300994,277.354635300994,277.354635300994,277.354635300994,10166235.3823023,coinmetrics-community,0.96571539,3993397737.8692427,
2015-07-19,275.281989479836,275.281989479836,275.281989479836,275.281989479836,275.281989479836,6373468.78282189,coinmetrics-community,0.95860718,3964601513.3931756,
2015-07-20,279.114393045003,279.114393045003,279.114393045003,279.114393045003,279.114393045003,9963985.43875678,coinmetrics-community,0.97272012,4020884200.643299,
2015-07-21,276.652412624196,276.652412624196,276.652412624196,276.652412624196,276.652412624196,10644073.7240764,coinmetrics-community,0.96438518,3986295615.052873,
2015-07-22,277.764369082408,277.764369082408,277.764369082408,277.764369082408,277.764369082408,9273427.96259063,coinmetrics-community,0.96830559,4003387232.6989675,
2015-07-23,276.811628579778,276.811628579778,276.811628579778,276.811628579778,276.811628579778,7052220.7889409,coinmetrics-community,0.96492102,3990624329.5583215,
2015-07-24,289.305976329632,289.305976329632,289.305976329632,289.305976329632,289.305976329632,19225566.3922806,coinmetrics-community,1.00796633,4171970034.3478165,
2015-07-25,289.507639976622,289.507639976622,289.507639976622,289.507639976622,289.507639976622,9198047.45316104,coinmetrics-community,1.00828547,4175992752.52741,
2015-07-26,293.314842781999,293.314842781999,293.314842781999,293.314842781999,293.314842781999,7671576.05535144,coinmetrics-community,1.02127006,4231965548.687132,
2015-07-27,294.426761835184,294.426761835184,294.426761835184,294.426761835184,294.426761835184,17130198.6059022,coinmetrics-community,1.02492676,4249105128.4895644,
2015-07-28,295.410125268849,295.410125268849,295.410125268849,295.410125268849,295.410125268849,11903497.1035339,coinmetrics-community,1.02815783,4264301217.2543716,
2015-07-29,289.85583635301,289.85583635301,289.85583635301,289.85583635301,289.85583635301,12720067.8043466,coinmetrics-community,1.00910193,4185225454.907616,
2015-07-30,288.236260666277,288.236260666277,288.236260666277,288.236260666277,288.236260666277,10704479.5174536,coinmetrics-community,1.00375693,4162806009.5636845,
2015-07-31,284.597324371712,284.597324371712,284.597324371712,284.597324371712,284.597324371712,12022717.2219526,coinmetrics-community,0.99098704,4111325610.108484,
2015-08-01,281.66884628872,281.66884628872,281.66884628872,281.66884628872,281.66884628872,9131950.61506963,coinmetrics-community,0.98089158,4070111946.4098125,
2015-08-02,282.423006428989,282.423006428989,282.423006428989,282.423006428989,282.423006428989,7869796.71336784,coinmetrics-community,0.98353023,4082075699.5219965,
2015-08-03,282.185052308591,282.185052308591,282.185052308591,282.185052308591,282.185052308591,10170049.1107724,coinmetrics-community,0.98277599,4079743942.970898,
2015-08-04,285.286617475161,285.286617475161,285.286617475161,285.286617475161,285.286617475161,9853571.75945476,coinmetrics-community,0.99397021,4125555384.437055,
2015-08-05,282.338886908241,282.338886908241,282.338886908241,282.338886908241,282.338886908241,8298647.52134678,coinmetrics-community,0.98382413,4083866764.8530917,
2015-08-06,278.99574868498,278.99574868498,278.99574868498,278.99574868498,278.99574868498,8645095.88386871,coinmetrics-community,0.97232925,4036507636.7728333,
2015-08-07,279.488715078901,279.488715078901,279.488715078901,279.488715078901,279.488715078901,11415150.621562,coinmetrics-community,0.97419688,4044597118.364282,
2015-08-08,261.450275569842,261.450275569842,261.450275569842,261.450275569842,261.450275569842,18874394.7274188,coinmetrics-community,0.91166096,3784607715.853803,
2015-08-09,266.342020455874,266.342020455874,266.342020455874,266.342020455874,266.342020455874,12270101.241687,coinmetrics-community,0.93317694,3856363388.4318957,
2015-08-10,264.928825248393,264.928825248393,264.928825248393,264.928825248393,264.928825248393,10362104.6640934,coinmetrics-community,0.92856137,3837007827.330854,
2015-08-11,271.421736119229,271.421736119229,271.421736119229,271.421736119229,271.421736119229,11422530.7501133,coinmetrics-community,0.95127646,3932144983.270839,
2015-08-12,268.143868497954,268.143868497954,268.143868497954,268.143868497954,268.143868497954,13347177.9573208,coinmetrics-community,0.93998135,3885502464.253271,
2015-08-13,264.691627995324,264.691627995324,264.691627995324,264.691627995324,264.691627995324,13987824.5507102,coinmetrics-community,0.92822959,3836450981.8437095,
2015-08-14,266.355941554646,266.355941554646,266.355941554646,266.355941554646,266.355941554646,14067685.4976702,coinmetrics-community,0.93435614,3861519172.347834,
2015-08-15,261.936836645237,261.936836645237,261.936836645237,261.936836645237,261.936836645237,9850567.91799367,coinmetrics-community,0.91933993,3798349935.904611,
2015-08-16,258.930817389831,258.930817389831,258.930817389831,258.930817389831,258.930817389831,16299943.0619714,coinmetrics-community,0.90950511,3755652917.4883876,
2015-08-17,258.009398305085,258.009398305085,258.009398305085,258.009398305085,258.009398305085,11154575.0512352,coinmetrics-community,0.90668516,3743236411.3783593,
2015-08-18,217.885883116937,217.885883116937,217.885883116937,217.885883116937,217.885883116937,33151433.1020967,coinmetrics-community,0.76798027,3161886892.890434,
2015-08-19,227.218251899474,227.218251899474,227.218251899474,227.218251899474,227.218251899474,33098044.997005,coinmetrics-community,0.80186184,3298201251.3114314,
2015-08-20,235.523883109293,235.523883109293,235.523883109293,235.523883109293,235.523883109293,17710370.0096621,coinmetrics-community,0.83203851,3419645393.4232545,
2015-08-21,232.80061783986,232.80061783986,232.80061783986,232.80061783986,232.80061783986,11519641.3765178,coinmetrics-community,0.82326318,3381065750.1088943,
2015-08-22,230.639173290473,230.639173290473,230.639173290473,230.639173290473,230.639173290473,13690523.8659239,coinmetrics-community,0.81611734,3350585165.1281605,
2015-08-23,228.673073933372,228.673073933372,228.673073933372,228.673073933372,228.673073933372,10040844.022486,coinmetrics-community,0.8092317,3322788928.251413,
2015-08-24,211.955917592051,211.955917592051,211.955917592051,211.955917592051,211.955917592051,30512365.3483096,coinmetrics-community,0.75213176,3080697609.050165,
2015-08-25,222.655039450614,222.655039450614,222.655039450614,222.655039450614,222.655039450614,36226428.8360059,coinmetrics-community,0.79407506,3236956684.2576046,
2015-08-26,226.116700175336,226.116700175336,226.116700175336,226.116700175336,226.116700175336,18734365.8271304,coinmetrics-community,0.80814493,3288192392.142522,
2015-08-27,224.939877264757,224.939877264757,224.939877264757,224.939877264757,224.939877264757,11495278.8257902,coinmetrics-community,0.80418084,3271849435.045794,
2015-08-28,232.17080829924,232.17080829924,232.17080829924,232.17080829924,232.17080829924,18490041.8525164,coinmetrics-community,0.82998858,3377926168.673827,
2015-08-29,229.826200175336,229.826200175336,229.826200175336,229.826200175336,229.826200175336,9442158.02894488,coinmetrics-community,0.82198826,3344733031.884487,
2015-08-30,229.019572472238,229.019572472238,229.019572472238,229.019572472238,229.019572472238,10024433.4350353,coinmetrics-community,0.81927215,3333852748.4216976,
2015-08-31,230.689466101695,230.689466101695,230.689466101695,230.689466101695,230.689466101695,12054053.0574737,coinmetrics-community,0.82540167,3359066951.922731,
2015-09-01,227.955570426651,227.955570426651,227.955570426651,227.955570426651,227.955570426651,13390298.2089181,coinmetrics-community,0.81598508,3320136353.914489,
2015-09-02,229.502180709527,229.502180709527,229.502180709527,229.502180709527,229.502180709527,11859277.2552764,coinmetrics-community,0.82188383,3343580491.3405457,
2015-09-03,227.107121566335,227.107121566335,227.107121566335,227.107121566335,227.107121566335,11033762.4419987,coinmetrics-community,0.81397546,3309516199.153644,
2015-09-04,231.177563413209,231.177563413209,231.177563413209,231.177563413209,231.177563413209,11761817.9408768,coinmetrics-community,0.82872426,3369734261.0245614,
2015-09-05,235.903006136762,235.903006136762,235.903006136762,235.903006136762,235.903006136762,12254182.5566889,coinmetrics-community,0.8456626,3439481099.355,
2015-09-06,240.805472238457,240.805472238457,240.805472238457,240.805472238457,240.805472238457,16564372.1494658,coinmetrics-community,0.86322379,3511826272.075711,
2015-09-07,240.6336157218,240.6336157218,240.6336157218,240.6336157218,240.6336157218,11580633.6935121,coinmetrics-community,0.86259401,3510234381.8466825,
2015-09-08,244.174952659264,244.174952659264,244.174952659264,244.174952659264,244.174952659264,16070199.1923487,coinmetrics-community,0.87516289,3562723704.108738,
2015-09-09,238.722463179427,238.722463179427,238.722463179427,238.722463179427,238.722463179427,14463986.9182187,coinmetrics-community,0.85581756,3484056329.619461,
2015-09-10,238.750477206312,238.750477206312,238.750477206312,238.750477206312,238.750477206312,12587570.2407935,coinmetrics-community,0.85661875,3485485743.384778,
2015-09-11,240.845008116891,240.845008116891,240.845008116891,240.845008116891,240.845008116891,11566160.6841377,coinmetrics-community,0.86421443,3517014443.873773,
2015-09-12,236.351832176505,236.351832176505,236.351832176505,236.351832176505,236.351832176505,10260676.4066429,coinmetrics-community,0.84831164,3452198889.67502,
2015-09-13,230.548837317358,230.548837317358,230.548837317358,230.548837317358,230.548837317358,11037703.7338351,coinmetrics-community,0.82782905,3368309570.3646874,
2015-09-14,230.948793980129,230.948793980129,230.948793980129,230.948793980129,230.948793980129,11746644.0466223,coinmetrics-community,0.82963832,3375030516.0714784,
2015-09-15,230.398590005845,230.398590005845,230.398590005845,230.398590005845,230.398590005845,10658200.268832,coinmetrics-community,0.82794791,3367911560.96047,
2015-09-16,229.043285797779,229.043285797779,229.043285797779,229.043285797779,229.043285797779,11525339.3167529,coinmetrics-community,0.82333716,3348913151.4073014,
2015-09-17,233.202697837522,233.202697837522,233.202697837522,233.202697837522,233.202697837522,11493904.4973912,coinmetrics-community,0.83834106,3410568738.8057647,
2015-09-18,233.175130917592,233.175130917592,233.175130917592,233.175130917592,233.175130917592,10943360.7215697,coinmetrics-community,0.83835706,3411022493.656878,
2015-09-19,232.241568088837,232.241568088837,232.241568088837,232.241568088837,232.241568088837,6416966.92355602,coinmetrics-community,0.83518355,3398091544.278299,
2015-09-20,231.362323787259,231.362323787259,231.362323787259,231.362323787259,231.362323787259,6819533.44092218,coinmetrics-community,0.83222368,3385967055.005891,
2015-09-21,226.773447983635,226.773447983635,226.773447983635,226.773447983635,226.773447983635,10575627.0493759,coinmetrics-community,0.81585049,3319557617.5923657,
2015-09-22,230.626304792519,230.626304792519,230.626304792519,230.626304792519,230.626304792519,14638025.5349319,coinmetrics-community,0.82986426,3376861757.3471384,
2015-09-23,230.132437755698,230.132437755698,230.132437755698,230.132437755698,230.132437755698,8318861.17584882,coinmetrics-community,0.82892525,3370539512.0771394,
2015-09-24,234.319868497954,234.319868497954,234.319868497954,234.319868497954,234.319868497954,15086510.8074352,coinmetrics-community,0.84398148,3432689103.06219,
2015-09-25,235.538221800117,235.538221800117,235.538221800117,235.538221800117,235.538221800117,12257069.5755859,coinmetrics-community,0.8484784,3451503181.4239817,
2015-09-26,234.591814436002,234.591814436002,234.591814436002,234.591814436002,234.591814436002,7555683.50510999,coinmetrics-community,0.84518839,3438496949.835321,
2015-09-27,233.243309760374,233.243309760374,233.243309760374,233.243309760374,233.243309760374,7226480.38327948,coinmetrics-community,0.84044962,3419600261.104865,
2015-09-28,240.017265341905,240.017265341905,240.017265341905,240.017265341905,240.017265341905,13752208.9406875,coinmetrics-community,0.86502832,3519771869.26679,
2015-09-29,237.336233781414,237.336233781414,237.336233781414,237.336233781414,237.336233781414,12010543.806594,coinmetrics-community,0.85547192,3481487862.484529,
2015-09-30,236.739848042081,236.739848042081,236.739848042081,236.739848042081,236.739848042081,10593252.4677215,coinmetrics-community,0.85345406,3473615410.713113,
2015-10-01,238.229813851549,238.229813851549,238.229813851549,238.229813851549,238.229813851549,11144214.6333569,coinmetrics-community,0.85908051,3496364654.7323823,
2015-10-02,237.937007305669,237.937007305669,237.937007305669,237.937007305669,237.937007305669,10726138.5792817,coinmetrics-community,0.85804128,3492888180.8293414,
2015-10-03,239.735897720631,239.735897720631,239.735897720631,239.735897720631,239.735897720631,9323814.51881912,coinmetrics-community,0.86449878,3520164729.9417467,
2015-10-04,239.516924897721,239.516924897721,239.516924897721,239.516924897721,239.516924897721,6896455.67831226,coinmetrics-community,0.86381713,3517865592.290263,
2015-10-05,240.961213833431,240.961213833431,240.961213833431,240.961213833431,240.961213833431,13129372.5024498,coinmetrics-community,0.86904243,3540000026.045972,
2015-10-06,246.940498246639,246.940498246639,246.940498246639,246.940498246639,246.940498246639,16802520.4704408,coinmetrics-community,0.89045639,3628719295.758303,
2015-10-07,243.734486849795,243.734486849795,243.734486849795,243.734486849795,243.734486849795,13462426.1288461,coinmetrics-community,0.87953074,3582418301.470667,
2015-10-08,243.029632963179,243.029632963179,243.029632963179,243.029632963179,243.029632963179,9474162.97173913,coinmetrics-community,0.87738611,3572908937.268152,
2015-10-09,244.448887492694,244.448887492694,244.448887492694,244.448887492694,244.448887492694,8045985.30208456,coinmetrics-community,0.88249178,3594544173.051464,
2015-10-10,245.955924313267,245.955924313267,245.955924313267,245.955924313267,245.955924313267,8210861.57984871,coinmetrics-community,0.88802862,3617688500.22872,
2015-10-11,248.528165400351,248.528165400351,248.528165400351,248.528165400351,248.528165400351,8812396.67092406,coinmetrics-community,0.89733993,3656429914.9134645,
2015-10-12,246.093637346581,246.093637346581,246.093637346581,246.093637346581,246.093637346581,8302167.35916882,coinmetrics-community,0.88965466,3621485952.2049403,
2015-10-13,250.471300701344,250.471300701344,250.471300701344,250.471300701344,250.471300701344,16953048.4501818,coinmetrics-community,0.9052258,3686765011.986784,
2015-10-14,253.142325540619,253.142325540619,253.142325540619,253.142325540619,253.142325540619,16015044.6659175,coinmetrics-community,0.91550869,3727042598.5500207,
2015-10-15,254.693015002922,254.693015002922,254.693015002922,254.693015002922,254.693015002922,14119472.7921304,coinmetrics-community,0.92101163,3750930547.8923373,
2015-10-16,262.737363237873,262.737363237873,262.737363237873,262.737363237873,262.737363237873,22698774.5317268,coinmetrics-community,0.94954679,3870347619.2551637,
2015-10-17,271.930938924605,271.930938924605,271.930938924605,271.930938924605,271.930938924605,27923512.0931786,coinmetrics-community,0.98206419,4006701466.0361586,
2015-10-18,263.481677381648,263.481677381648,263.481677381648,263.481677381648,263.481677381648,13143069.1503396,coinmetrics-community,0.9516082,3883162961.0010242,
2015-10-19,264.362728229106,264.362728229106,264.362728229106,264.362728229106,264.362728229106,13252084.281464,coinmetrics-community,0.95474467,3897238283.402315,
2015-10-20,270.832211864407,270.832211864407,270.832211864407,270.832211864407,270.832211864407,17214711.7341187,coinmetrics-community,0.97727168,3993478146.273724,
2015-10-21,268.040217708942,268.040217708942,268.040217708942,268.040217708942,268.040217708942,14286113.7995742,coinmetrics-community,0.96713256,3953274547.7456384,
2015-10-22,275.414956458212,275.414956458212,275.414956458212,275.414956458212,275.414956458212,24083853.4623168,coinmetrics-community,0.99332361,4063062212.0722036,
2015-10-23,278.612778026885,278.612778026885,278.612778026885,278.612778026885,278.612778026885,16638513.5522,coinmetrics-community,1.00428416,4111275942.9719906,
2015-10-24,283.61114289889,283.61114289889,283.61114289889,283.61114289889,283.61114289889,14620929.7729424,coinmetrics-community,1.02166516,4186061085.7083845,
2015-10-25,286.04969345412,286.04969345412,286.04969345412,286.04969345412,286.04969345412,29799013.7500306,coinmetrics-community,1.02981363,4223162195.837914,
2015-10-26,286.703382817066,286.703382817066,286.703382817066,286.703382817066,286.703382817066,17857116.0431675,coinmetrics-community,1.03170839,4233988576.9765773,
2015-10-27,295.562913793104,295.562913793104,295.562913793104,295.562913793104,295.562913793104,28889388.5864043,coinmetrics-community,1.06222316,4365910872.377493,
2015-10-28,304.442097019287,304.442097019287,304.442097019287,304.442097019287,304.442097019287,33413557.9287057,coinmetrics-community,1.09230955,4498127762.504589,
2015-10-29,314.879462302747,314.879462302747,314.879462302747,314.879462302747,314.879462302747,40557515.7160098,coinmetrics-community,1.12707436,4653528359.828375,
2015-10-30,328.492321157218,328.492321157218,328.492321157218,328.492321157218,328.492321157218,53953571.17419,coinmetrics-community,1.17145113,4856113853.881978,
2015-10-31,314.119508182349,314.119508182349,314.119508182349,314.119508182349,314.119508182349,38169562.0975839,coinmetrics-community,1.11900853,4644794429.499121,
2015-11-01,329.854227644652,329.854227644652,329.854227644652,329.854227644652,329.854227644652,21608268.4907914,coinmetrics-community,1.17301764,4878720873.406128,
2015-11-02,364.616627995324,364.616627995324,364.616627995324,364.616627995324,364.616627995324,61968106.2883092,coinmetrics-community,1.29040009,5394270070.549458,
2015-11-03,400.923105201637,400.923105201637,400.923105201637,400.923105201637,400.923105201637,138448316.230064,coinmetrics-community,1.40849617,5932954782.927946,
2015-11-04,405.481681472823,405.481681472823,405.481681472823,405.481681472823,405.481681472823,225903360.417949,coinmetrics-community,1.41400867,6001984912.541993,
2015-11-05,384.341222969024,384.341222969024,384.341222969024,384.341222969024,384.341222969024,119796930.775385,coinmetrics-community,1.33554498,5690464341.778327,
2015-11-06,372.975417884278,372.975417884278,372.975417884278,372.975417884278,372.975417884278,79971576.2614435,coinmetrics-community,1.29585462,5523536982.471544,
2015-11-07,386.504550847458,386.504550847458,386.504550847458,386.504550847458,386.504550847458,32592900.3735017,coinmetrics-community,1.33922357,5725363853.894036,
2015-11-08,372.400129748685,372.400129748685,372.400129748685,372.400129748685,372.400129748685,30964257.733615,coinmetrics-community,1.29084893,5517726529.270193,
2015-11-09,380.495644360023,380.495644360023,380.495644360023,380.495644360023,380.495644360023,38312375.5662342,coinmetrics-community,1.31634235,5639092372.258233,
2015-11-10,337.830502337814,337.830502337814,337.830502337814,337.830502337814,337.830502337814,66809521.9100142,coinmetrics-community,1.1732578,5008011574.29464,
2015-11-11,308.922185856225,308.922185856225,308.922185856225,308.922185856225,308.922185856225,73783329.5521658,coinmetrics-community,1.07637834,4580771119.302635,
2015-11-12,337.522988603156,337.522988603156,337.522988603156,337.522988603156,337.522988603156,48186420.405283,coinmetrics-community,1.17484219,5006229106.120829,
2015-11-13,337.278958211572,337.278958211572,337.278958211572,337.278958211572,337.278958211572,31766557.1626885,coinmetrics-community,1.17320189,5003958699.46066,
2015-11-14,333.047117475161,333.047117475161,333.047117475161,333.047117475161,333.047117475161,24340555.8472632,coinmetrics-community,1.15846495,4942356322.479359,
2015-11-15,319.928021624781,319.928021624781,319.928021624781,319.928021624781,319.928021624781,29245209.9784667,coinmetrics-community,1.113692,4748951129.880329,
2015-11-16,331.132725014611,331.132725014611,331.132725014611,331.132725014611,331.132725014611,28063415.3066915,coinmetrics-community,1.15257372,4916703779.86137,
2015-11-17,335.849786090006,335.849786090006,335.849786090006,335.849786090006,335.849786090006,31922532.4820633,coinmetrics-community,1.16708912,4987994385.318497,
2015-11-18,335.744504967855,335.744504967855,335.744504967855,335.744504967855,335.744504967855,25352924.6102583,coinmetrics-community,1.16637111,4987714987.43995,
2015-11-19,326.232145528931,326.232145528931,326.232145528931,326.232145528931,326.232145528931,25919385.571058,coinmetrics-community,1.13381269,4847511550.504216,
2015-11-20,321.940475452951,321.940475452951,321.940475452951,321.940475452951,321.940475452951,29269605.089537,coinmetrics-community,1.11922908,4785085356.666097,
2015-11-21,325.905231151373,325.905231151373,325.905231151373,325.905231151373,325.905231151373,13653655.0717007,coinmetrics-community,1.13292142,4845432243.699364,
2015-11-22,323.716966101695,323.716966101695,323.716966101695,323.716966101695,323.716966101695,9798476.48045346,coinmetrics-community,1.12503742,4814289952.834088,
2015-11-23,323.012556341321,323.012556341321,323.012556341321,323.012556341321,323.012556341321,12590437.6369233,coinmetrics-community,1.12274649,4805130309.641994,
2015-11-24,319.961356527177,319.961356527177,319.961356527177,319.961356527177,319.961356527177,13798184.4805696,coinmetrics-community,1.11232756,4760988552.801359,
2015-11-25,328.960457334892,328.960457334892,328.960457334892,328.960457334892,328.960457334892,21892810.4109219,coinmetrics-community,1.14323112,4896111301.831781,
2015-11-26,356.255292518995,356.255292518995,356.255292518995,356.255292518995,356.255292518995,64509306.0705345,coinmetrics-community,1.23571942,5303923855.628611,
2015-11-27,359.268824371712,359.268824371712,359.268824371712,359.268824371712,359.268824371712,29637546.064359,coinmetrics-community,1.24471977,5349983844.881412,
2015-11-28,356.567322618352,356.567322618352,356.567322618352,356.567322618352,356.567322618352,18132860.7237594,coinmetrics-community,1.23492724,5311127725.817877,
2015-11-29,371.707612507306,371.707612507306,371.707612507306,371.707612507306,371.707612507306,21189965.5120047,coinmetrics-community,1.28597204,5538029394.198577,
2015-11-30,377.389839859731,377.389839859731,377.389839859731,377.389839859731,377.389839859731,41562599.6031447,coinmetrics-community,1.30285581,5624216681.366006,
2015-12-01,362.532375803624,362.532375803624,362.532375803624,362.532375803624,362.532375803624,35696746.6780082,coinmetrics-community,1.25175777,5404310416.077196,
2015-12-02,359.22240414962,359.22240414962,359.22240414962,359.22240414962,359.22240414962,29326102.4719563,coinmetrics-community,1.2400996,5356414170.9545,
2015-12-03,361.210068088837,361.210068088837,361.210068088837,361.210068088837,361.210068088837,30118740.4708663,coinmetrics-community,1.24663471,5387334794.284118,
2015-12-04,363.241631794272,363.241631794272,363.241631794272,363.241631794272,363.241631794272,16908389.1937078,coinmetrics-community,1.25296246,5419024328.555151,
2015-12-05,389.362958796026,389.362958796026,389.362958796026,389.362958796026,389.362958796026,37100895.6696533,coinmetrics-community,1.34032565,5810419099.219202,
2015-12-06,393.319129748685,393.319129748685,393.319129748685,393.319129748685,393.319129748685,48184044.0976665,coinmetrics-community,1.35140208,5871020031.333293,
2015-12-07,395.346588252484,395.346588252484,395.346588252484,395.346588252484,395.346588252484,34392205.7042644,coinmetrics-community,1.35604281,5902736521.563241,
2015-12-08,413.798660432496,413.798660432496,413.798660432496,413.798660432496,413.798660432496,31755198.7208279,coinmetrics-community,1.41573376,6180046220.944395,
2015-12-09,417.632671244886,417.632671244886,417.632671244886,417.632671244886,417.632671244886,53692430.5974021,coinmetrics-community,1.4230962,6239060888.933594,
2015-12-10,415.729924313267,415.729924313267,415.729924313267,415.729924313267,415.729924313267,27036140.3026566,coinmetrics-community,1.4147374,6212880482.65345,
2015-12-11,453.86148012858,453.86148012858,453.86148012858,453.86148012858,453.86148012858,71039603.047879,coinmetrics-community,1.53766856,6784553388.968775,
2015-12-12,435.85572238457,435.85572238457,435.85572238457,435.85572238457,435.85572238457,94459449.6654582,coinmetrics-community,1.47529212,6517159334.528692,
2015-12-13,434.403466393922,434.403466393922,434.403466393922,434.403466393922,434.403466393922,31080633.2152205,coinmetrics-community,1.46917519,6496986520.352054,
2015-12-14,442.991689655173,442.991689655173,442.991689655173,442.991689655173,442.991689655173,105428279.229027,coinmetrics-community,1.49347951,6627592526.37731,
2015-12-15,464.617871712449,464.617871712449,464.617871712449,464.617871712449,464.617871712449,47226244.3799244,coinmetrics-community,1.5607304,6953267162.993503,
2015-12-16,454.142492402104,454.142492402104,454.142492402104,454.142492402104,454.142492402104,74097992.3185475,coinmetrics-community,1.52430436,6798347864.165865,
2015-12-17,456.240134611338,456.240134611338,456.240134611338,456.240134611338,456.240134611338,23105129.2509225,coinmetrics-community,1.52913908,6831516735.298596,
2015-12-18,463.175769725307,463.175769725307,463.175769725307,463.175769725307,463.175769725307,34988583.6684749,coinmetrics-community,1.54887254,6937324462.524803,
2015-12-19,461.399907948568,461.399907948568,461.399907948568,461.399907948568,461.399907948568,28920410.5401366,coinmetrics-community,1.5407991,6912537068.061339,
2015-12-20,442.15399006429,442.15399006429,442.15399006429,442.15399006429,442.15399006429,48277212.0571314,coinmetrics-community,1.47646827,6626025133.292231,
2015-12-21,437.640129456458,437.640129456458,437.640129456458,437.640129456458,437.640129456458,51056953.670495,coinmetrics-community,1.46115451,6560011593.067867,
2015-12-22,435.268379018118,435.268379018118,435.268379018118,435.268379018118,435.268379018118,28958759.4372749,coinmetrics-community,1.45244997,6526092469.887122,
2015-12-23,442.665727060199,442.665727060199,442.665727060199,442.665727060199,442.665727060199,25537914.5820934,coinmetrics-community,1.47498552,6638740303.75793,
2015-12-24,455.878713033314,455.878713033314,455.878713033314,455.878713033314,455.878713033314,30157219.9170338,coinmetrics-community,1.51648924,6838470695.339431,
2015-12-25,455.718825832846,455.718825832846,455.718825832846,455.718825832846,455.718825832846,21346663.1141181,coinmetrics-community,1.51327284,6837917946.867379,
2015-12-26,418.221531560491,418.221531560491,418.221531560491,418.221531560491,418.221531560491,88441623.6098983,coinmetrics-community,1.39046843,6277070712.492882,
2015-12-27,422.705894506137,422.705894506137,422.705894506137,422.705894506137,422.705894506137,31185122.1567139,coinmetrics-community,1.40524438,6346542709.362943,
2015-12-28,421.052879602572,421.052879602572,421.052879602572,421.052879602572,421.052879602572,31690209.2035563,coinmetrics-community,1.39984175,6323313675.840925,
2015-12-29,431.340021332554,431.340021332554,431.340021332554,431.340021332554,431.340021332554,28950099.6302064,coinmetrics-community,1.43330598,6479519118.389768,
2015-12-30,426.043646990064,426.043646990064,426.043646990064,426.043646990064,426.043646990064,27973921.3164306,coinmetrics-community,1.41549314,6401715280.957624,
2015-12-31,429.677153419053,429.677153419053,429.677153419053,429.677153419053,429.677153419053,28097244.7043436,coinmetrics-community,1.42597532,6457837561.2285595,
2016-01-01,434.678006428989,434.678006428989,434.678006428989,434.678006428989,434.678006428989,21092962.1748709,coinmetrics-community,1.44202141,6534464975.488938,
2016-01-02,434.439877264757,434.439877264757,434.439877264757,434.439877264757,434.439877264757,16724215.9961635,coinmetrics-community,1.44085731,6532460051.432983,
2016-01-03,430.136180011689,430.136180011689,430.136180011689,430.136180011689,430.136180011689,23556114.4786966,coinmetrics-community,1.42578556,6469306703.42351,
2016-01-04,433.44897106955,433.44897106955,433.44897106955,433.44897106955,433.44897106955,22647157.1939019,coinmetrics-community,1.4358758,6521092888.510424,
2016-01-05,432.669502630041,432.669502630041,432.669502630041,432.669502630041,432.669502630041,19330753.6552903,coinmetrics-community,1.43257229,6511064277.770981,
2016-01-06,430.677869666862,430.677869666862,430.677869666862,430.677869666862,430.677869666862,20064647.5353699,coinmetrics-community,1.42542709,6482611157.065961,
2016-01-07,459.208940093513,459.208940093513,459.208940093513,459.208940093513,459.208940093513,58260290.3009064,coinmetrics-community,1.51365061,6913751592.74705,
2016-01-08,454.134423728814,454.134423728814,454.134423728814,454.134423728814,454.134423728814,36581378.2362821,coinmetrics-community,1.49531085,6839314891.010367,
2016-01-09,449.845216247808,449.845216247808,449.845216247808,449.845216247808,449.845216247808,17766296.3934552,coinmetrics-community,1.48063286,6776417115.362054,
2016-01-10,448.580216247808,448.580216247808,448.580216247808,448.580216247808,448.580216247808,20364378.0028486,coinmetrics-community,1.47362064,6759323837.84895,
2016-01-11,449.033059029807,449.033059029807,449.033059029807,449.033059029807,449.033059029807,24165694.4019046,coinmetrics-community,1.4731839,6768055781.641483,
2016-01-12,441.768157218001,441.768157218001,441.768157218001,441.768157218001,441.768157218001,27072392.7545486,coinmetrics-community,1.44857001,6660432982.865688,
2016-01-13,432.310645236704,432.310645236704,432.310645236704,432.310645236704,432.310645236704,34472494.5990549,coinmetrics-community,1.41794151,6519443883.191552,
2016-01-14,429.823224722385,429.823224722385,429.823224722385,429.823224722385,429.823224722385,19404148.3474694,coinmetrics-community,1.4098903,6483361597.024275,
2016-01-15,367.823199883109,367.823199883109,367.823199883109,367.823199883109,367.823199883109,102766677.902611,coinmetrics-community,1.21085056,5549288342.816035,
2016-01-16,388.071204558738,388.071204558738,388.071204558738,388.071204558738,388.071204558738,65870989.6310315,coinmetrics-community,1.2771992,5856144324.168158,
2016-01-17,382.482086499123,382.482086499123,382.482086499123,382.482086499123,382.482086499123,27472171.0674959,coinmetrics-community,1.25902054,5773246244.378153,
2016-01-18,384.865166569258,384.865166569258,384.865166569258,384.865166569258,384.865166569258,27180307.1379823,coinmetrics-community,1.26741248,5810881380.77361,
2016-01-19,378.161725014611,378.161725014611,378.161725014611,378.161725014611,378.161725014611,23300969.9670213,coinmetrics-community,1.24584593,5710926949.14657,
2016-01-20,420.622924168323,420.622924168323,420.622924168323,420.622924168323,420.622924168323,71158519.3302152,coinmetrics-community,1.3822596,6353766326.386117,
2016-01-21,409.298459672706,409.298459672706,409.298459672706,409.298459672706,409.298459672706,34360672.2597873,coinmetrics-community,1.34524409,6184105216.642783,
2016-01-22,381.046459380479,381.046459380479,381.046459380479,381.046459380479,381.046459380479,55251402.5689064,coinmetrics-community,1.25973209,5758921327.7966585,
2016-01-23,386.370602571596,386.370602571596,386.370602571596,386.370602571596,386.370602571596,32700172.8761641,coinmetrics-community,1.27705234,5841116434.328446,
2016-01-24,403.446926651081,403.446926651081,403.446926651081,403.446926651081,403.446926651081,33322057.706638,coinmetrics-community,1.33208711,6100999519.862752,
2016-01-25,391.986097311514,391.986097311514,391.986097311514,391.986097311514,391.986097311514,34217980.4087799,coinmetrics-community,1.29373682,5929274269.037929,
2016-01-26,391.142935125657,391.142935125657,391.142935125657,391.142935125657,391.142935125657,34887154.1366215,coinmetrics-community,1.29079002,5918084970.456128,
2016-01-27,394.62753037405,394.62753037405,394.62753037405,394.62753037405,394.62753037405,24383522.6133299,coinmetrics-community,1.3020216,5972336901.073852,
2016-01-28,378.900995616599,378.900995616599,378.900995616599,378.900995616599,378.900995616599,33548294.5956976,coinmetrics-community,1.25165178,5735712764.941531,
2016-01-29,378.99999482291,378.99999482291,378.99999482291,378.99999482291,378.99999482291,53684877.9782992,coinmetrics-community,1.2534027,5738812666.135164,
2016-01-30,377.262779076564,377.262779076564,377.262779076564,377.262779076564,377.262779076564,17182574.9116346,coinmetrics-community,1.24726247,5714271472.877843,
2016-01-31,366.341687609585,366.341687609585,366.341687609585,366.341687609585,366.341687609585,22760716.2494319,coinmetrics-community,1.21190019,5550511097.358208,
2016-02-01,371.22343509059,371.22343509059,371.22343509059,371.22343509059,371.22343509059,29379272.2885557,coinmetrics-community,1.23041296,5625969536.4248085,
2016-02-02,372.927631209819,372.927631209819,372.927631209819,372.927631209819,372.927631209819,20377017.7170569,coinmetrics-community,1.236387,5653475162.744131,
2016-02-03,368.098206604325,368.098206604325,368.098206604325,368.098206604325,368.098206604325,22151474.6644271,coinmetrics-community,1.22129665,5581909720.258205,
2016-02-04,389.723081239042,389.723081239042,389.723081239042,389.723081239042,389.723081239042,37323460.8357357,coinmetrics-community,1.29128531,5911470181.268046,
2016-02-05,384.398413983051,384.398413983051,384.398413983051,384.398413983051,384.398413983051,23625366.5206585,coinmetrics-community,1.27387646,5832510244.835424,
2016-02-06,374.631555523086,374.631555523086,374.631555523086,374.631555523086,374.631555523086,30660544.6284351,coinmetrics-community,1.24218056,5686190017.949058,
2016-02-07,375.153917592051,375.153917592051,375.153917592051,375.153917592051,375.153917592051,19899213.602155,coinmetrics-community,1.24380766,5695769151.6617,
2016-02-08,370.814350327294,370.814350327294,370.814350327294,370.814350327294,370.814350327294,26786097.2701729,coinmetrics-community,1.23006764,5631255744.936521,
2016-02-09,373.5116128609,373.5116128609,373.5116128609,373.5116128609,373.5116128609,27342936.9882559,coinmetrics-community,1.23955252,5673860326.918467,
2016-02-10,379.082611630625,379.082611630625,379.082611630625,379.082611630625,379.082611630625,50502198.7726201,coinmetrics-community,1.25743769,5760041302.285284,
2016-02-11,377.639165108124,377.639165108124,377.639165108124,377.639165108124,377.639165108124,41688148.4167267,coinmetrics-community,1.25239109,5739921253.413235,
2016-02-12,382.294456458212,382.294456458212,382.294456458212,382.294456458212,382.294456458212,36212210.412082,coinmetrics-community,1.26735993,5812313598.536132,
2016-02-13,389.598432472238,389.598432472238,389.598432472238,389.598432472238,389.598432472238,35013672.0656791,coinmetrics-community,1.29090383,5924880939.0625105,
2016-02-14,406.150669491525,406.150669491525,406.150669491525,406.150669491525,406.150669491525,38783218.3964711,coinmetrics-community,1.34395157,6178287275.9265585,
2016-02-15,399.26761864699,399.26761864699,399.26761864699,399.26761864699,399.26761864699,42320337.5773663,coinmetrics-community,1.32080872,6075100823.409976,
2016-02-16,407.035309468147,407.035309468147,407.035309468147,407.035309468147,407.035309468147,37181661.5597303,coinmetrics-community,1.34439265,6194695258.165143,
2016-02-17,415.324113383986,415.324113383986,415.324113383986,415.324113383986,415.324113383986,48072673.3558164,coinmetrics-community,1.36891644,6322452452.613729,
2016-02-18,421.289662981882,421.289662981882,421.289662981882,421.289662981882,421.289662981882,43452598.7024553,coinmetrics-community,1.387065,6415045581.967839,
2016-02-19,419.626528541204,419.626528541204,419.626528541204,419.626528541204,419.626528541204,26751798.6573214,coinmetrics-community,1.37990407,6391241912.019307,
2016-02-20,440.195760081823,440.195760081823,440.195760081823,440.195760081823,440.195760081823,54515047.8800609,coinmetrics-community,1.44479793,6706178212.63841,
2016-02-21,438.718612681473,438.718612681473,438.718612681473,438.718612681473,438.718612681473,51906228.4528735,coinmetrics-community,1.43896168,6685078456.754302,
2016-02-22,437.535295094097,437.535295094097,437.535295094097,437.535295094097,437.535295094097,37168554.60487,coinmetrics-community,1.43388713,6668436550.1579485,
2016-02-23,420.032592609585,420.032592609585,420.032592609585,420.032592609585,420.032592609585,50431536.8714722,coinmetrics-community,1.37701655,6403107527.8156595,
2016-02-24,423.995112507306,423.995112507306,423.995112507306,423.995112507306,423.995112507306,39414636.1834214,coinmetrics-community,1.38888584,6464764199.589457,
2016-02-25,424.090870251315,424.090870251315,424.090870251315,424.090870251315,424.090870251315,41970947.9065231,coinmetrics-community,1.38869889,6467867594.878764,
2016-02-26,431.762241963764,431.762241963764,431.762241963764,431.762241963764,431.762241963764,32509127.8430995,coinmetrics-community,1.4125491,6586375896.899228,
2016-02-27,432.947845996493,432.947845996493,432.947845996493,432.947845996493,432.947845996493,27186668.795132,coinmetrics-community,1.41577688,6606052938.349629,
2016-02-28,433.102262711864,433.102262711864,433.102262711864,433.102262711864,433.102262711864,35435902.1070307,coinmetrics-community,1.41489813,6609859969.216783,
2016-02-29,437.775872589129,437.775872589129,437.775872589129,437.775872589129,437.775872589129,36937701.2451847,coinmetrics-community,1.42718873,6682642624.205122,
2016-03-01,432.807867153711,432.807867153711,432.807867153711,432.807867153711,432.807867153711,46506302.4548373,coinmetrics-community,1.40836687,6608331737.858998,
2016-03-02,423.079789392168,423.079789392168,423.079789392168,423.079789392168,423.079789392168,49449892.7922543,coinmetrics-community,1.37665947,6461459062.390082,
2016-03-03,419.268821332554,419.268821332554,419.268821332554,419.268821332554,419.268821332554,65162277.1115782,coinmetrics-community,1.36370699,6404671328.36886,
2016-03-04,407.990154295734,407.990154295734,407.990154295734,407.990154295734,407.990154295734,66472553.5363366,coinmetrics-community,1.32762119,6233961495.2066345,
2016-03-05,397.314453945061,397.314453945061,397.314453945061,397.314453945061,397.314453945061,110955785.870773,coinmetrics-community,1.29300875,6072330074.004093,
2016-03-06,403.705187463472,403.705187463472,403.705187463472,403.705187463472,403.705187463472,73643085.3661966,coinmetrics-community,1.31351951,6171496150.647176,
2016-03-07,413.22936616014,413.22936616014,413.22936616014,413.22936616014,413.22936616014,64422344.79546,coinmetrics-community,1.34309201,6318467554.398566,
2016-03-08,411.425953243717,411.425953243717,411.425953243717,411.425953243717,411.425953243717,50189516.4612639,coinmetrics-community,1.33712484,6292476529.245212,
2016-03-09,412.540703506721,412.540703506721,412.540703506721,412.540703506721,412.540703506721,48127103.2710465,coinmetrics-community,1.3411659,6311258537.536386,
2016-03-10,416.340928696669,416.340928696669,416.340928696669,416.340928696669,416.340928696669,60378368.2437305,coinmetrics-community,1.35270133,6371009645.926017,
2016-03-11,419.511934248977,419.511934248977,419.511934248977,419.511934248977,419.511934248977,49872764.4598521,coinmetrics-community,1.36229072,6421211644.993401,
2016-03-12,410.264163296318,410.264163296318,410.264163296318,410.264163296318,410.264163296318,71488846.2756047,coinmetrics-community,1.33231582,6281138643.087116,
2016-03-13,411.805882466394,411.805882466394,411.805882466394,411.805882466394,411.805882466394,58059335.2562489,coinmetrics-community,1.33700014,6306111596.723382,
2016-03-14,415.026957276446,415.026957276446,415.026957276446,415.026957276446,415.026957276446,78040029.1391951,coinmetrics-community,1.34667706,6357014019.848285,
2016-03-15,415.266400292227,415.266400292227,415.266400292227,415.266400292227,415.266400292227,49838040.2687926,coinmetrics-community,1.34702813,6362353042.38724,
2016-03-16,417.024118468732,417.024118468732,417.024118468732,417.024118468732,417.024118468732,45855739.1245504,coinmetrics-community,1.3520056,6390867973.469016,
2016-03-17,418.605363822326,418.605363822326,418.605363822326,418.605363822326,418.605363822326,65193983.2663317,coinmetrics-community,1.35638731,6416576041.291531,
2016-03-18,408.901587405026,408.901587405026,408.901587405026,408.901587405026,408.901587405026,80931353.6884223,coinmetrics-community,1.32505057,6269222347.2202015,
2016-03-19,409.124429865576,409.124429865576,409.124429865576,409.124429865576,409.124429865576,42506749.1172061,coinmetrics-community,1.32598423,6274029959.932988,
2016-03-20,412.056953828171,412.056953828171,412.056953828171,412.056953828171,412.056953828171,31590138.2302779,coinmetrics-community,1.33522284,6320504988.49434,
2016-03-21,411.601774050263,411.601774050263,411.601774050263,411.601774050263,411.601774050263,43745837.6751512,coinmetrics-community,1.33302131,6314953342.505004,
2016-03-22,416.581653828171,416.581653828171,416.581653828171,416.581653828171,416.581653828171,40079134.1695812,coinmetrics-community,1.34807127,6392897932.954729,
2016-03-23,417.378299532437,417.378299532437,417.378299532437,417.378299532437,417.378299532437,36939131.9246775,coinmetrics-community,1.35020487,6406678060.699835,
2016-03-24,413.560239918177,413.560239918177,413.560239918177,413.560239918177,413.560239918177,44534995.4182531,coinmetrics-community,1.33729801,6349591400.682366,
2016-03-25,416.373243834015,416.373243834015,416.373243834015,416.373243834015,416.373243834015,29841271.0290757,coinmetrics-community,1.34555077,6394300579.581249,
2016-03-26,416.823096668615,416.823096668615,416.823096668615,416.823096668615,416.823096668615,23632214.8081811,coinmetrics-community,1.34628144,6402803379.137973,
2016-03-27,425.454959848042,425.454959848042,425.454959848042,425.454959848042,425.454959848042,43340531.73858,coinmetrics-community,1.37287033,6536896822.507703,
2016-03-28,422.917446814728,422.917446814728,422.917446814728,422.917446814728,422.917446814728,42239714.6188321,coinmetrics-community,1.36375683,6499706636.847798,
2016-03-29,415.863828755114,415.863828755114,415.863828755114,415.863828755114,415.863828755114,46946469.212236,coinmetrics-community,1.3408893,6392933707.780907,
2016-03-30,412.777697779076,412.777697779076,412.777697779076,412.777697779076,412.777697779076,40153855.1561563,coinmetrics-community,1.3308193,6347008620.180961,
2016-03-31,415.956811221508,415.956811221508,415.956811221508,415.956811221508,415.956811221508,34222631.9607301,coinmetrics-community,1.34039332,6397181203.121416,
2016-04-01,417.20066025716,417.20066025716,417.20066025716,417.20066025716,417.20066025716,27453243.4598801,coinmetrics-community,1.3439179,6417906692.422298,
2016-04-02,419.763056691993,419.763056691993,419.763056691993,419.763056691993,419.763056691993,21706263.1790896,coinmetrics-community,1.35165651,6458783382.4675455,
2016-04-03,420.073578901227,420.073578901227,420.073578901227,420.073578901227,420.073578901227,16409465.0418141,coinmetrics-community,1.35223224,6465052566.962721,
2016-04-04,419.540727878434,419.540727878434,419.540727878434,419.540727878434,419.540727878434,26065546.1864291,coinmetrics-community,1.35014818,6458592931.288058,
2016-04-05,422.50136440678,422.50136440678,422.50136440678,422.50136440678,422.50136440678,36556275.9702046,coinmetrics-community,1.35890201,6505807453.958603,
2016-04-06,421.907191233197,421.907191233197,421.907191233197,421.907191233197,421.907191233197,32809642.2981356,coinmetrics-community,1.35566372,6498314176.299217,
2016-04-07,421.467220046756,421.467220046756,421.467220046756,421.467220046756,421.467220046756,30854487.2426039,coinmetrics-community,1.35117853,6493002234.767619,
2016-04-08,418.643460549386,418.643460549386,418.643460549386,418.643460549386,418.643460549386,34584348.8028027,coinmetrics-community,1.34214463,6451007327.940393,
2016-04-09,418.758635359439,418.758635359439,418.758635359439,418.758635359439,418.758635359439,29306828.7382593,coinmetrics-community,1.34233375,6454478064.87699,
2016-04-10,421.954488544711,421.954488544711,421.954488544711,421.954488544711,421.954488544711,52428216.9140144,coinmetrics-community,1.35084023,6505561857.240203,
2016-04-11,423.273044009351,423.273044009351,423.273044009351,423.273044009351,423.273044009351,31977174.3587838,coinmetrics-community,1.35449753,6527509950.906425,
2016-04-12,427.427664582116,427.427664582116,427.427664582116,427.427664582116,427.427664582116,46601821.7516366,coinmetrics-community,1.36654458,6593161960.587395,
2016-04-13,424.87251811806,424.87251811806,424.87251811806,424.87251811806,424.87251811806,48275516.8056291,coinmetrics-community,1.35807492,6555490264.285652,
2016-04-14,425.8565949737,425.8565949737,425.8565949737,425.8565949737,425.8565949737,27517355.3011463,coinmetrics-community,1.36084658,6572419903.533022,
2016-04-15,430.724418760959,430.724418760959,430.724418760959,430.724418760959,430.724418760959,35908552.2184335,coinmetrics-community,1.37555561,6649043796.601011,
2016-04-16,432.216313033314,432.216313033314,432.216313033314,432.216313033314,432.216313033314,26208651.5174355,coinmetrics-community,1.37971516,6673565144.849324,
2016-04-17,429.339968731736,429.339968731736,429.339968731736,429.339968731736,429.339968731736,38342904.7303532,coinmetrics-community,1.37038391,6630849314.945406,
2016-04-18,429.656933664524,429.656933664524,429.656933664524,429.656933664524,429.656933664524,36645845.1459628,coinmetrics-community,1.37101446,6637183962.7813425,
2016-04-19,437.568726183518,437.568726183518,437.568726183518,437.568726183518,437.568726183518,32407552.1638305,coinmetrics-community,1.39507656,6761043337.303436,
2016-04-20,442.661653302163,442.661653302163,442.661653302163,442.661653302163,442.661653302163,49408436.4724574,coinmetrics-community,1.41003606,6841562099.94025,
2016-04-21,452.164702805377,452.164702805377,452.164702805377,452.164702805377,452.164702805377,43504460.249883,coinmetrics-community,1.43844551,6990143508.851015,
2016-04-22,448.134421332554,448.134421332554,448.134421332554,448.134421332554,448.134421332554,38192502.4902359,coinmetrics-community,1.42445756,6929440315.019798,
2016-04-23,453.914722969024,453.914722969024,453.914722969024,453.914722969024,453.914722969024,35092299.7523456,coinmetrics-community,1.44126699,7020454409.392548,
2016-04-24,463.382871420222,463.382871420222,463.382871420222,463.382871420222,463.382871420222,49335479.0817686,coinmetrics-community,1.46984701,7168422322.656764,
2016-04-25,465.31600666277,465.31600666277,465.31600666277,465.31600666277,465.31600666277,60360804.2186229,coinmetrics-community,1.47288881,7199804841.369286,
2016-04-26,469.60876452367,469.60876452367,469.60876452367,469.60876452367,469.60876452367,54927381.5772244,coinmetrics-community,1.48393742,7267999182.169206,
2016-04-27,445.741113091759,445.741113091759,445.741113091759,445.741113091759,445.741113091759,68489168.5653245,coinmetrics-community,1.40953828,6900043951.22367,
2016-04-28,451.060061776739,451.060061776739,451.060061776739,451.060061776739,451.060061776739,52321488.628303,coinmetrics-community,1.4252343,6983903264.735502,
2016-04-29,457.009965225015,457.009965225015,457.009965225015,457.009965225015,457.009965225015,32257733.5254408,coinmetrics-community,1.44285983,7077832660.236304,
2016-04-30,449.900484511981,449.900484511981,449.900484511981,449.900484511981,449.900484511981,51296427.1733007,coinmetrics-community,1.42025882,6969368412.86222,
2016-05-01,455.010731151374,455.010731151374,455.010731151374,455.010731151374,455.010731151374,28514016.4989234,coinmetrics-community,1.43481218,7050293955.87122,
2016-05-02,444.933061192285,444.933061192285,444.933061192285,444.933061192285,444.933061192285,77624550.6333967,coinmetrics-community,1.40306525,6895888977.656668,
2016-05-03,451.628850379895,451.628850379895,451.628850379895,451.628850379895,451.628850379895,44766220.8594622,coinmetrics-community,1.42352585,7001369978.82311,
2016-05-04,448.367967562829,448.367967562829,448.367967562829,448.367967562829,448.367967562829,37429112.7529743,coinmetrics-community,1.41279571,6952690123.641801,
2016-05-05,449.336072472238,449.336072472238,449.336072472238,449.336072472238,449.336072472238,37144491.7423269,coinmetrics-community,1.41534562,6969443375.667429,
2016-05-06,461.693862361192,461.693862361192,461.693862361192,461.693862361192,461.693862361192,54931038.421348,coinmetrics-community,1.45231269,7162989182.068793,
2016-05-07,461.361842489772,461.361842489772,461.361842489772,461.361842489772,461.361842489772,28179285.8147962,coinmetrics-community,1.45028008,7159568138.094168,
2016-05-08,461.378872296902,461.378872296902,461.378872296902,461.378872296902,461.378872296902,32080093.1646442,coinmetrics-community,1.44965118,7161770203.628641,
2016-05-09,463.462231677382,463.462231677382,463.462231677382,463.462231677382,463.462231677382,38449511.1719496,coinmetrics-community,1.45525025,7196090525.87272,
2016-05-10,451.079668322618,451.079668322618,451.079668322618,451.079668322618,451.079668322618,44880199.1301322,coinmetrics-community,1.41626148,7005610568.348992,
2016-05-11,453.896305260082,453.896305260082,453.896305260082,453.896305260082,453.896305260082,37117008.8390163,coinmetrics-community,1.42414735,7050864288.957931,
2016-05-12,455.607255932203,455.607255932203,455.607255932203,455.607255932203,455.607255932203,48432439.3624473,coinmetrics-community,1.42876187,7079025579.234456,
2016-05-13,457.241902688486,457.241902688486,457.241902688486,457.241902688486,457.241902688486,45629115.2847406,coinmetrics-community,1.43336991,7106161522.326545,
2016-05-14,458.119524839275,458.119524839275,458.119524839275,458.119524839275,458.119524839275,26829749.8362182,coinmetrics-community,1.43505829,7121450195.375673,
2016-05-15,460.85772063121,460.85772063121,460.85772063121,460.85772063121,460.85772063121,19856399.2841187,coinmetrics-community,1.44303466,7165616823.04019,
2016-05-16,455.224077323203,455.224077323203,455.224077323203,455.224077323203,455.224077323203,42948056.9542853,coinmetrics-community,1.42545539,7079627144.895794,
2016-05-17,453.545777030976,453.545777030976,453.545777030976,453.545777030976,453.545777030976,49420119.0183054,coinmetrics-community,1.41546718,7055125032.882301,
2016-05-18,454.486184102864,454.486184102864,454.486184102864,454.486184102864,454.486184102864,74220226.3306857,coinmetrics-community,1.41776705,7071491931.675455,
2016-05-19,437.724187142022,437.724187142022,437.724187142022,437.724187142022,437.724187142022,80852444.1261371,coinmetrics-community,1.36583656,6811999978.674024,
2016-05-20,442.396799240211,442.396799240211,442.396799240211,442.396799240211,442.396799240211,69224275.0691739,coinmetrics-community,1.37946798,6886364549.898186,
2016-05-21,444.078207188778,444.078207188778,444.078207188778,444.078207188778,444.078207188778,33921377.0734183,coinmetrics-community,1.38433791,6914102782.413871,
2016-05-22,440.558668848627,440.558668848627,440.558668848627,440.558668848627,440.558668848627,30727003.5342824,coinmetrics-community,1.37324466,6861331685.040703,
2016-05-23,444.205057276447,444.205057276447,444.205057276447,444.205057276447,444.205057276447,39505955.7064761,coinmetrics-community,1.38378129,6920120048.621804,
2016-05-24,445.674454938632,445.674454938632,445.674454938632,445.674454938632,445.674454938632,55470506.9892531,coinmetrics-community,1.38792754,6944649150.4519615,
2016-05-25,450.54952717709,450.54952717709,450.54952717709,450.54952717709,450.54952717709,51121872.7571129,coinmetrics-community,1.40185071,7022168560.478537,
2016-05-26,454.43372238457,454.43372238457,454.43372238457,454.43372238457,454.43372238457,51926187.5882251,coinmetrics-community,1.41287581,7084240509.987028,
2016-05-27,471.820117299825,471.820117299825,471.820117299825,471.820117299825,471.820117299825,132958214.299723,coinmetrics-community,1.46115986,7356919396.270897,
2016-05-28,530.910597895967,530.910597895967,530.910597895967,530.910597895967,530.910597895967,140134307.218999,coinmetrics-community,1.63473944,8280061035.238692,
2016-05-29,527.54971244886,527.54971244886,527.54971244886,527.54971244886,527.54971244886,124324503.571677,coinmetrics-community,1.61944736,8229583541.719102,
2016-05-30,533.493149035652,533.493149035652,533.493149035652,533.493149035652,533.493149035652,62141505.418588,coinmetrics-community,1.63256643,8324219565.025169,
2016-05-31,530.943692811221,530.943692811221,530.943692811221,530.943692811221,530.943692811221,102065212.169792,coinmetrics-community,1.62098355,8286125543.8396,
2016-06-01,537.613678842782,537.613678842782,537.613678842782,537.613678842782,537.613678842782,60281247.9212229,coinmetrics-community,1.63749336,8392142056.8152075,
2016-06-02,538.771243191116,538.771243191116,538.771243191116,538.771243191116,538.771243191116,40207717.7945668,coinmetrics-community,1.63594156,8412070380.875514,
2016-06-03,570.175988252484,570.175988252484,570.175988252484,570.175988252484,570.175988252484,88775297.0167683,coinmetrics-community,1.72607424,8904430485.98866,
2016-06-04,574.26620163647,574.26620163647,574.26620163647,574.26620163647,574.26620163647,74349313.4122703,coinmetrics-community,1.73508921,8970015733.465609,
2016-06-05,575.137638047925,575.137638047925,575.137638047925,575.137638047925,575.137638047925,57221738.168337,coinmetrics-community,1.73449123,8986071871.279701,
2016-06-06,585.857149035652,585.857149035652,585.857149035652,585.857149035652,585.857149035652,55616754.0149911,coinmetrics-community,1.76124697,9156045666.777386,
2016-06-07,578.469240677966,578.469240677966,578.469240677966,578.469240677966,578.469240677966,79952427.8714489,coinmetrics-community,1.73648602,9042608670.669744,
2016-06-08,583.097585330216,583.097585330216,583.097585330216,583.097585330216,583.097585330216,52526192.3108457,coinmetrics-community,1.74643017,9117057925.561045,
2016-06-09,577.101699707773,577.101699707773,577.101699707773,577.101699707773,577.101699707773,43850842.5727005,coinmetrics-community,1.7262705,9025689433.957924,
2016-06-10,579.814993571011,579.814993571011,579.814993571011,579.814993571011,579.814993571011,41472525.2286358,coinmetrics-community,1.73124783,9070211832.259977,
2016-06-11,605.44955698422,605.44955698422,605.44955698422,605.44955698422,605.44955698422,54036471.2352459,coinmetrics-community,1.80308386,9473581895.175617,
2016-06-12,670.39237434249,670.39237434249,670.39237434249,670.39237434249,670.39237434249,200435628.870581,coinmetrics-community,1.97978904,10492201176.714144,
2016-06-13,704.321778141438,704.321778141438,704.321778141438,704.321778141438,704.321778141438,192893438.514387,coinmetrics-community,2.05438766,11026059609.860651,
2016-06-14,684.948319403857,684.948319403857,684.948319403857,684.948319403857,684.948319403857,147070402.368624,coinmetrics-community,1.99146107,10725031133.659046,
2016-06-15,695.001468439509,695.001468439509,695.001468439509,695.001468439509,695.001468439509,76821833.4632797,coinmetrics-community,2.00817303,10885085966.449417,
2016-06-16,767.420031268264,767.420031268264,767.420031268264,767.420031268264,767.420031268264,218840004.273244,coinmetrics-community,2.18424554,12022161320.349192,
2016-06-17,750.014633927528,750.014633927528,750.014633927528,750.014633927528,750.014633927528,327551782.584072,coinmetrics-community,2.12593041,11752287633.59202,
2016-06-18,758.28878012858,758.28878012858,758.28878012858,758.28878012858,758.28878012858,213252006.183904,coinmetrics-community,2.14155867,11884933872.63865,
2016-06-19,766.767132670952,766.767132670952,766.767132670952,766.767132670952,766.767132670952,123868012.556871,coinmetrics-community,2.15941186,12021211098.17071,
2016-06-20,722.497452367037,722.497452367037,722.497452367037,722.497452367037,722.497452367037,214029717.639471,coinmetrics-community,2.03279428,11330122758.994787,
2016-06-21,669.604204675628,669.604204675628,669.604204675628,669.604204675628,669.604204675628,254848279.194913,coinmetrics-community,1.88290437,10503151148.649954,
2016-06-22,594.832974634716,594.832974634716,594.832974634716,594.832974634716,594.832974634716,319290725.499972,coinmetrics-community,1.68209991,9332237048.747288,
2016-06-23,627.677855639977,627.677855639977,627.677855639977,627.677855639977,627.677855639977,190223524.473993,coinmetrics-community,1.77191858,9849731876.213673,
2016-06-24,664.126985680889,664.126985680889,664.126985680889,664.126985680889,664.126985680889,183078258.306527,coinmetrics-community,1.86988311,10423845685.070345,
2016-06-25,668.872684102864,668.872684102864,668.872684102864,668.872684102864,668.872684102864,100574146.947953,coinmetrics-community,1.87909186,10501041019.007792,
2016-06-26,630.4342421391,630.4342421391,630.4342421391,630.4342421391,630.4342421391,87297484.5552507,coinmetrics-community,1.7731205,9899873513.681551,
2016-06-27,652.244807714787,652.244807714787,652.244807714787,652.244807714787,652.244807714787,92453931.4021221,coinmetrics-community,1.83085813,10244767519.42704,
2016-06-28,647.218768381064,647.218768381064,647.218768381064,647.218768381064,647.218768381064,104879635.324948,coinmetrics-community,1.81560781,10168218550.195314,
2016-06-29,638.586345645821,638.586345645821,638.586345645821,638.586345645821,638.586345645821,91916382.3027262,coinmetrics-community,1.79144978,10034928538.06117,
2016-06-30,674.284814728229,674.284814728229,674.284814728229,674.284814728229,674.284814728229,89568142.6668696,coinmetrics-community,1.88463722,10598433062.777256,
2016-07-01,677.512385739334,677.512385739334,677.512385739334,677.512385739334,677.512385739334,95425280.1667479,coinmetrics-community,1.89054098,10651789500.955149,
2016-07-02,702.739316773817,702.739316773817,702.739316773817,702.739316773817,702.739316773817,71807920.452791,coinmetrics-community,1.95662702,11051022772.079668,
2016-07-03,662.55008591467,662.55008591467,662.55008591467,662.55008591467,662.55008591467,98461275.121131,coinmetrics-community,1.84470645,10421572370.09005,
2016-07-04,679.842453360608,679.842453360608,679.842453360608,679.842453360608,679.842453360608,82503383.4639707,coinmetrics-community,1.89000024,10696138828.81043,
2016-07-05,668.165981297487,668.165981297487,668.165981297487,668.165981297487,668.165981297487,90950007.2268851,coinmetrics-community,1.85502138,10514851946.741264,
2016-07-06,677.651333138515,677.651333138515,677.651333138515,677.651333138515,677.651333138515,63216616.7028538,coinmetrics-community,1.87853142,10666493627.992907,
2016-07-07,640.053236119229,640.053236119229,640.053236119229,640.053236119229,640.053236119229,155831280.949608,coinmetrics-community,1.77579285,10076877246.439484,
2016-07-08,665.051708357685,665.051708357685,665.051708357685,665.051708357685,665.051708357685,97578092.9629969,coinmetrics-community,1.8419359,10472859283.711637,
2016-07-09,651.941914026885,651.941914026885,651.941914026885,651.941914026885,651.941914026885,129998198.695466,coinmetrics-community,1.80354226,10268410207.25265,
2016-07-10,649.959340970193,649.959340970193,649.959340970193,649.959340970193,649.959340970193,58688291.356661,coinmetrics-community,1.79645545,10238451113.804316,
2016-07-11,650.272594681473,650.272594681473,650.272594681473,650.272594681473,650.272594681473,69131775.3951744,coinmetrics-community,1.79504742,10244547989.05448,
2016-07-12,670.023127995324,670.023127995324,670.023127995324,670.023127995324,670.023127995324,94017963.7700927,coinmetrics-community,1.84676287,10556900220.416677,
2016-07-13,658.333613383986,658.333613383986,658.333613383986,658.333613383986,658.333613383986,80553218.3928879,coinmetrics-community,1.81377039,10373781515.222033,
2016-07-14,660.905960198714,660.905960198714,660.905960198714,660.905960198714,660.905960198714,79014691.8915727,coinmetrics-community,1.81967435,10415480467.018543,
2016-07-15,666.758671127995,666.758671127995,666.758671127995,666.758671127995,666.758671127995,66862300.1603237,coinmetrics-community,1.83455167,10508840826.728903,
2016-07-16,665.275622150789,665.275622150789,665.275622150789,665.275622150789,665.275622150789,34156903.864,coinmetrics-community,1.82935184,10486771967.510086,
2016-07-17,681.089601987142,681.089601987142,681.089601987142,681.089601987142,681.089601987142,79875301.8630564,coinmetrics-community,1.86895135,10737317029.688564,
2016-07-18,675.118579193454,675.118579193454,675.118579193454,675.118579193454,675.118579193454,67742964.377335,coinmetrics-community,1.8515086,10644433355.51182,
2016-07-19,674.660360315605,674.660360315605,674.660360315605,674.660360315605,674.660360315605,59515947.0720173,coinmetrics-community,1.8472273,10638288184.507572,
2016-07-20,667.305364874343,667.305364874343,667.305364874343,667.305364874343,667.305364874343,101094861.525249,coinmetrics-community,1.82663887,10523563158.02516,
2016-07-21,666.851739333723,666.851739333723,666.851739333723,666.851739333723,666.851739333723,64832748.1800246,coinmetrics-community,1.82456417,10517518017.163048,
2016-07-22,650.562911630625,650.562911630625,650.562911630625,650.562911630625,650.562911630625,119565588.699261,coinmetrics-community,1.7803472,10261661310.93475,
2016-07-23,657.377942957335,657.377942957335,657.377942957335,657.377942957335,657.377942957335,60337185.2103421,coinmetrics-community,1.79860084,10370234739.627323,
2016-07-24,661.393979836353,661.393979836353,661.393979836353,661.393979836353,661.393979836353,92865259.3422078,coinmetrics-community,1.80565737,10434613478.86467,
2016-07-25,655.119577849211,655.119577849211,655.119577849211,655.119577849211,655.119577849211,70584487.5039025,coinmetrics-community,1.78771375,10336696888.097298,
2016-07-26,654.626339158387,654.626339158387,654.626339158387,654.626339158387,654.626339158387,208396659.190172,coinmetrics-community,1.78522608,10329969987.225431,
2016-07-27,656.275146873174,656.275146873174,656.275146873174,656.275146873174,656.275146873174,123161990.091476,coinmetrics-community,1.78796338,10357038128.458858,
2016-07-28,656.196453360608,656.196453360608,656.196453360608,656.196453360608,656.196453360608,78182533.6805173,coinmetrics-community,1.78683669,10356911756.936108,
2016-07-29,657.557567504383,657.557567504383,657.557567504383,657.557567504383,657.557567504383,52800749.6306194,coinmetrics-community,1.78935642,10379602821.876987,
2016-07-30,655.361730157803,655.361730157803,655.361730157803,655.361730157803,655.361730157803,35645378.1791853,coinmetrics-community,1.78228347,10345916190.862837,
2016-07-31,624.804487142022,624.804487142022,624.804487142022,624.804487142022,624.804487142022,96223123.5718682,coinmetrics-community,1.7008979,9864724773.474174,
2016-08-01,606.50924792519,606.50924792519,606.50924792519,606.50924792519,606.50924792519,111025814.804887,coinmetrics-community,1.6531908,9577030363.562576,
2016-08-02,526.981148334307,526.981148334307,526.981148334307,526.981148334307,526.981148334307,285699699.95239,coinmetrics-community,1.44664432,8322263415.3542185,
2016-08-03,570.347040911748,570.347040911748,570.347040911748,570.347040911748,570.347040911748,150197597.247281,coinmetrics-community,1.56457026,9008295636.527138,
2016-08-04,583.542158036236,583.542158036236,583.542158036236,583.542158036236,583.542158036236,90599028.9836513,coinmetrics-community,1.59778327,9217820765.3372,
2016-08-05,581.279805669199,581.279805669199,581.279805669199,581.279805669199,581.279805669199,42428398.8564184,coinmetrics-community,1.59141223,9183311868.828962,
2016-08-06,590.795402980713,590.795402980713,590.795402980713,590.795402980713,590.795402980713,46856253.0747427,coinmetrics-community,1.61723105,9334869325.414349,
2016-08-07,594.73232402104,594.73232402104,594.73232402104,594.73232402104,594.73232402104,51149337.2286721,coinmetrics-community,1.62732927,9398174944.82988,
2016-08-08,591.629283869083,591.629283869083,591.629283869083,591.629283869083,591.629283869083,36982752.3567634,coinmetrics-community,1.6187062,9350234098.001303,
2016-08-09,587.932138223261,587.932138223261,587.932138223261,587.932138223261,587.932138223261,66312575.0428216,coinmetrics-community,1.6089797,9292714922.542728,
2016-08-10,589.968758328463,589.968758328463,589.968758328463,589.968758328463,589.968758328463,74654390.5052806,coinmetrics-community,1.61532499,9326018819.417814,
2016-08-11,589.585884687317,589.585884687317,589.585884687317,589.585884687317,589.585884687317,52710738.0270944,coinmetrics-community,1.61439329,9321071960.972265,
2016-08-12,587.19164956166,587.19164956166,587.19164956166,587.19164956166,587.19164956166,48641941.5694366,coinmetrics-community,1.60770275,9284313888.685238,
2016-08-13,585.363581648159,585.363581648159,585.363581648159,585.363581648159,585.363581648159,29645858.808031,coinmetrics-community,1.60245343,9256602279.37682,
2016-08-14,571.387062536528,571.387062536528,571.387062536528,571.387062536528,571.387062536528,37348414.0610629,coinmetrics-community,1.56450982,9036749863.28509,
2016-08-15,566.564441320865,566.564441320865,566.564441320865,566.564441320865,566.564441320865,34669561.684652,coinmetrics-community,1.55189891,8961511865.131382,
2016-08-16,578.414924137931,578.414924137931,578.414924137931,578.414924137931,578.414924137931,33996542.5080884,coinmetrics-community,1.58343489,9149930417.512432,
2016-08-17,573.663744418469,573.663744418469,573.663744418469,573.663744418469,573.663744418469,30363863.5274504,coinmetrics-community,1.5706748,9075653638.946028,
2016-08-18,573.263191992987,573.263191992987,573.263191992987,573.263191992987,573.263191992987,30544031.9209165,coinmetrics-community,1.56943471,9070420226.495249,
2016-08-19,573.958457919345,573.958457919345,573.958457919345,573.958457919345,573.958457919345,26986261.1506713,coinmetrics-community,1.57097556,9082525897.222313,
2016-08-20,581.797070134424,581.797070134424,581.797070134424,581.797070134424,581.797070134424,25528471.6616623,coinmetrics-community,1.58942926,9207694159.296356,
2016-08-21,580.79219257744,580.79219257744,580.79219257744,580.79219257744,580.79219257744,17442878.646813,coinmetrics-community,1.5862522,9192974031.110725,
2016-08-22,584.971897720631,584.971897720631,584.971897720631,584.971897720631,584.971897720631,49376358.8530606,coinmetrics-community,1.5971444,9260287128.25507,
2016-08-23,582.627747399182,582.627747399182,582.627747399182,582.627747399182,582.627747399182,60062746.8204891,coinmetrics-community,1.5907111,9224249077.87687,
2016-08-24,578.701831677382,578.701831677382,578.701831677382,578.701831677382,578.701831677382,35406432.568943,coinmetrics-community,1.58033884,9163192930.24112,
2016-08-25,576.033436586791,576.033436586791,576.033436586791,576.033436586791,576.033436586791,38327662.9918242,coinmetrics-community,1.5702844,9121877486.946255,
2016-08-26,578.874653419053,578.874653419053,578.874653419053,578.874653419053,578.874653419053,30727108.1593471,coinmetrics-community,1.57746065,9167825212.519114,
2016-08-27,570.200993746347,570.200993746347,570.200993746347,570.200993746347,570.200993746347,24796838.9520481,coinmetrics-community,1.55410904,9031484019.237728,
2016-08-28,575.105232554062,575.105232554062,575.105232554062,575.105232554062,575.105232554062,68990798.1813384,coinmetrics-community,1.56720759,9110255563.839926,
2016-08-29,573.429267562829,573.429267562829,573.429267562829,573.429267562829,573.429267562829,82458385.0952807,coinmetrics-community,1.56317394,9084774574.864628,
2016-08-30,575.695698421976,575.695698421976,575.695698421976,575.695698421976,575.695698421976,46864735.6669958,coinmetrics-community,1.56851349,9121861557.011091,
2016-08-31,572.272758328463,572.272758328463,572.272758328463,572.272758328463,572.272758328463,50364166.8098976,coinmetrics-community,1.55808288,9068583846.810713,
2016-09-01,572.221702045587,572.221702045587,572.221702045587,572.221702045587,572.221702045587,56204269.3805686,coinmetrics-community,1.55789624,9068776165.73012,
2016-09-02,576.846767387493,576.846767387493,576.846767387493,576.846767387493,576.846767387493,59021187.6236411,coinmetrics-community,1.57001279,9143179090.842133,
2016-09-03,600.374406779661,600.374406779661,600.374406779661,600.374406779661,600.374406779661,107078437.117124,coinmetrics-community,1.63244029,9517044202.16175,
2016-09-04,610.538913325541,610.538913325541,610.538913325541,610.538913325541,610.538913325541,63998855.3473571,coinmetrics-community,1.65865731,9679536501.882923,
2016-09-05,607.526964172998,607.526964172998,607.526964172998,607.526964172998,607.526964172998,55437369.3809587,coinmetrics-community,1.64951295,9632847972.86406,
2016-09-06,612.995458270017,612.995458270017,612.995458270017,612.995458270017,612.995458270017,57844747.4904567,coinmetrics-community,1.66267259,9720597611.282675,
2016-09-07,615.659819111631,615.659819111631,615.659819111631,615.659819111631,615.659819111631,53858427.4858557,coinmetrics-community,1.6686166,9764017563.17909,
2016-09-08,630.550172004676,630.550172004676,630.550172004676,630.550172004676,630.550172004676,58399010.9758871,coinmetrics-community,1.70667998,10001305153.766212,
2016-09-09,622.977884044418,622.977884044418,622.977884044418,622.977884044418,622.977884044418,41725643.342758,coinmetrics-community,1.68507108,9882305092.323006,
2016-09-10,624.752640444185,624.752640444185,624.752640444185,624.752640444185,624.752640444185,27459640.6190167,coinmetrics-community,1.68900378,9911668531.040777,
2016-09-11,608.246675920514,608.246675920514,608.246675920514,608.246675920514,608.246675920514,54468625.0853314,coinmetrics-community,1.64409449,9651049157.894152,
2016-09-12,607.70737270602,607.70737270602,607.70737270602,607.70737270602,607.70737270602,43315310.5014759,coinmetrics-community,1.64235516,9643730238.313738,
2016-09-13,608.694296317943,608.694296317943,608.694296317943,608.694296317943,608.694296317943,50259528.2345602,coinmetrics-community,1.64324029,9660647196.728384,
2016-09-14,609.41308766803,609.41308766803,609.41308766803,609.41308766803,609.41308766803,28663954.3294763,coinmetrics-community,1.64445893,9673243560.642334,
2016-09-15,607.070262594974,607.070262594974,607.070262594974,607.070262594974,607.070262594974,41697386.1652875,coinmetrics-community,1.63757095,9637224394.641558,
2016-09-16,607.806438047925,607.806438047925,607.806438047925,607.806438047925,607.806438047925,45265454.2559452,coinmetrics-community,1.63843679,9649967224.21135,
2016-09-17,607.381449678551,607.381449678551,607.381449678551,607.381449678551,607.381449678551,23698742.9683259,coinmetrics-community,1.63684292,9644457346.260687,
2016-09-18,611.533460315605,611.533460315605,611.533460315605,611.533460315605,611.533460315605,32732647.8649106,coinmetrics-community,1.64735892,9711494483.76497,
2016-09-19,608.871306312098,608.871306312098,608.871306312098,608.871306312098,608.871306312098,36062827.263256,coinmetrics-community,1.63980889,9670230232.928843,
2016-09-20,608.371748626534,608.371748626534,608.371748626534,608.371748626534,608.371748626534,54877831.5314811,coinmetrics-community,1.63608322,9663444447.739109,
2016-09-21,596.945756633548,596.945756633548,596.945756633548,596.945756633548,596.945756633548,59832867.2378203,coinmetrics-community,1.60558003,9483191383.893663,
2016-09-22,595.564716540035,595.564716540035,595.564716540035,595.564716540035,595.564716540035,44847824.5681359,coinmetrics-community,1.60186568,9462301606.763851,
2016-09-23,602.378784921099,602.378784921099,602.378784921099,602.378784921099,602.378784921099,31422281.3015726,coinmetrics-community,1.61963842,9571587218.917587,
2016-09-24,602.687359731151,602.687359731151,602.687359731151,602.687359731151,602.687359731151,20484275.6362167,coinmetrics-community,1.62065676,9577740940.488804,
2016-09-25,600.610054880187,600.610054880187,600.610054880187,600.610054880187,600.610054880187,19249013.246505,coinmetrics-community,1.61373559,9546117896.70789,
2016-09-26,606.778810637055,606.778810637055,606.778810637055,606.778810637055,606.778810637055,38519277.8464871,coinmetrics-community,1.62933517,9645324787.899803,
2016-09-27,605.151613734658,605.151613734658,605.151613734658,605.151613734658,605.151613734658,29112482.2148397,coinmetrics-community,1.62414841,9620722203.564297,
2016-09-28,604.686494389246,604.686494389246,604.686494389246,604.686494389246,604.686494389246,29478070.8899862,coinmetrics-community,1.62251024,9614446389.372381,
2016-09-29,605.202561952075,605.202561952075,605.202561952075,605.202561952075,605.202561952075,29490409.3038893,coinmetrics-community,1.62353046,9623733604.422766,
2016-09-30,608.865840736412,608.865840736412,608.865840736412,608.865840736412,608.865840736412,31694762.6243897,coinmetrics-community,1.63296882,9683066604.838776,
2016-10-01,615.408478842782,615.408478842782,615.408478842782,615.408478842782,615.408478842782,33372177.5579708,coinmetrics-community,1.64973693,9788324852.837257,
2016-10-02,611.748578316774,611.748578316774,611.748578316774,611.748578316774,611.748578316774,21673284.3734854,coinmetrics-community,1.63963562,9731190837.240904,
2016-10-03,612.590347399182,612.590347399182,612.590347399182,612.590347399182,612.590347399182,25905117.7570007,coinmetrics-community,1.64023485,9745737268.449846,
2016-10-04,610.007881355932,610.007881355932,610.007881355932,610.007881355932,610.007881355932,30509127.7301096,coinmetrics-community,1.63178451,9705857423.934599,
2016-10-05,612.147780946815,612.147780946815,612.147780946815,612.147780946815,612.147780946815,48708097.4451483,coinmetrics-community,1.63673816,9741183302.076603,
2016-10-06,611.76086277031,611.76086277031,611.76086277031,611.76086277031,611.76086277031,38711593.7081902,coinmetrics-community,1.63502177,9736257394.045555,
2016-10-07,617.905705143191,617.905705143191,617.905705143191,617.905705143191,617.905705143191,40856102.2876408,coinmetrics-community,1.65057413,9835157903.195011,
2016-10-08,619.301001753361,619.301001753361,619.301001753361,619.301001753361,619.301001753361,24666888.0186428,coinmetrics-community,1.65345115,9858675006.110098,
2016-10-09,617.101041320865,617.101041320865,617.101041320865,617.101041320865,617.101041320865,20618561.9158326,coinmetrics-community,1.6471487,9824887958.640612,
2016-10-10,618.0852,618.0852,618.0852,618.0852,618.0852,33723702.9985446,coinmetrics-community,1.64905635,9841514816.56291,
2016-10-11,642.981387258913,642.981387258913,642.981387258913,642.981387258913,642.981387258913,62864230.1090873,coinmetrics-community,1.71172286,10239043682.012733,
2016-10-12,636.59793220339,636.59793220339,636.59793220339,636.59793220339,636.59793220339,36737404.7281776,coinmetrics-community,1.69165254,10138537354.268986,
2016-10-13,635.444095324372,635.444095324372,635.444095324372,635.444095324372,635.444095324372,32156368.6265721,coinmetrics-community,1.68770306,10121177916.067327,
2016-10-14,639.586090298071,639.586090298071,639.586090298071,639.586090298071,639.586090298071,34577310.9241391,coinmetrics-community,1.69764855,10188237763.530691,
2016-10-15,637.283759322034,637.283759322034,637.283759322034,637.283759322034,637.283759322034,20185071.2493978,coinmetrics-community,1.6909697,10152694136.809776,
2016-10-16,642.913042548217,642.913042548217,642.913042548217,642.913042548217,642.913042548217,19051556.1826493,coinmetrics-community,1.70485941,10243420099.577934,
2016-10-17,639.137536469901,639.137536469901,639.137536469901,639.137536469901,639.137536469901,30668208.6376958,coinmetrics-community,1.69213973,10184264279.6167,
2016-10-18,635.576508591467,635.576508591467,635.576508591467,635.576508591467,635.576508591467,37055908.5050753,coinmetrics-community,1.6808924,10128752915.953718,
2016-10-19,629.640708036236,629.640708036236,629.640708036236,629.640708036236,629.640708036236,35964683.2743568,coinmetrics-community,1.66452177,10035141891.057278,
2016-10-20,628.598901110462,628.598901110462,628.598901110462,628.598901110462,628.598901110462,28024828.0061875,coinmetrics-community,1.66126571,10019590594.072344,
2016-10-21,630.90620338983,630.90620338983,630.90620338983,630.90620338983,630.90620338983,26101570.8534706,coinmetrics-community,1.66533193,10057661337.450006,
2016-10-22,654.508630976037,654.508630976037,654.508630976037,654.508630976037,654.508630976037,37514203.6614091,coinmetrics-community,1.72581278,10435141081.4614,
2016-10-23,651.961956750438,651.961956750438,651.961956750438,651.961956750438,651.961956750438,25483135.1245029,coinmetrics-community,1.71807394,10395711779.677055,
2016-10-24,650.027167153711,650.027167153711,650.027167153711,650.027167153711,650.027167153711,31936450.6855298,coinmetrics-community,1.71141678,10366022953.71365,
2016-10-25,655.792505084746,655.792505084746,655.792505084746,655.792505084746,655.792505084746,51324205.8598369,coinmetrics-community,1.72432365,10459102589.22524,
2016-10-26,675.109869316189,675.109869316189,675.109869316189,675.109869316189,675.109869316189,45569375.2118113,coinmetrics-community,1.77111563,10768355905.425898,
2016-10-27,686.523327060199,686.523327060199,686.523327060199,686.523327060199,686.523327060199,53135384.7433064,coinmetrics-community,1.79615707,10951796742.256786,
2016-10-28,690.390654938632,690.390654938632,690.390654938632,690.390654938632,690.390654938632,47420665.4070523,coinmetrics-community,1.80415758,11014802220.446806,
2016-10-29,715.445469316189,715.445469316189,715.445469316189,715.445469316189,715.445469316189,89580798.7317766,coinmetrics-community,1.8651885,11415870485.886421,
2016-10-30,699.333410987726,699.333410987726,699.333410987726,699.333410987726,699.333410987726,54873278.8182306,coinmetrics-community,1.8226058,11160250070.845316,
2016-10-31,698.897727995325,698.897727995325,698.897727995325,698.897727995325,698.897727995325,50652309.6152496,coinmetrics-community,1.81838639,11154581487.060923,
2016-11-01,730.578480011689,730.578480011689,730.578480011689,730.578480011689,730.578480011689,84894098.4711778,coinmetrics-community,1.89570499,11661529206.407904,
2016-11-02,740.367055523086,740.367055523086,740.367055523086,740.367055523086,740.367055523086,46692707.2852991,coinmetrics-community,1.91748494,11819005784.7067,
2016-11-03,689.939206954997,689.939206954997,689.939206954997,689.939206954997,689.939206954997,105824057.88386,coinmetrics-community,1.78730294,11015326935.81564,
2016-11-04,705.432016656926,705.432016656926,705.432016656926,705.432016656926,705.432016656926,57919062.3942298,coinmetrics-community,1.82526343,11263702567.809874,
2016-11-05,706.819325569842,706.819325569842,706.819325569842,706.819325569842,706.819325569842,27279490.3816691,coinmetrics-community,1.82779984,11287152646.526197,
2016-11-06,715.896879777908,715.896879777908,715.896879777908,715.896879777908,715.896879777908,32550150.9347306,coinmetrics-community,1.84962453,11433480682.430628,
2016-11-07,706.181216773816,706.181216773816,706.181216773816,706.181216773816,706.181216773816,39876027.7547372,coinmetrics-community,1.82330887,11279602080.23292,
2016-11-08,711.835846580947,711.835846580947,711.835846580947,711.835846580947,711.835846580947,51919086.2028324,coinmetrics-community,1.83441017,11371425389.707573,
2016-11-09,721.50150993571,721.50150993571,721.50150993571,721.50150993571,721.50150993571,99155178.8505143,coinmetrics-community,1.85565551,11527158053.369602,
2016-11-10,713.407615604909,713.407615604909,713.407615604909,713.407615604909,713.407615604909,42505447.466764,coinmetrics-community,1.83311387,11399343106.154873,
2016-11-11,715.703310637055,715.703310637055,715.703310637055,715.703310637055,715.703310637055,37186402.5657926,coinmetrics-community,1.83712016,11437483628.03898,
2016-11-12,703.847551139685,703.847551139685,703.847551139685,703.847551139685,703.847551139685,44344063.0101267,coinmetrics-community,1.80622068,11249497647.672245,
2016-11-13,703.626435300994,703.626435300994,703.626435300994,703.626435300994,703.626435300994,51984532.1120952,coinmetrics-community,1.80498214,11247212520.857395,
2016-11-14,705.643584161309,705.643584161309,705.643584161309,705.643584161309,705.643584161309,49167697.6313556,coinmetrics-community,1.80858594,11280973045.061354,
2016-11-15,712.3471528346,712.3471528346,712.3471528346,712.3471528346,712.3471528346,51854234.2635275,coinmetrics-community,1.82341234,11389530640.510002,
2016-11-16,742.050117592051,742.050117592051,742.050117592051,742.050117592051,742.050117592051,111586159.65168,coinmetrics-community,1.89261677,11866029637.54296,
2016-11-17,735.318080537697,735.318080537697,735.318080537697,735.318080537697,735.318080537697,87524984.431228,coinmetrics-community,1.87204522,11759839928.48305,
2016-11-18,749.57872729398,749.57872729398,749.57872729398,749.57872729398,749.57872729398,63616745.8574365,coinmetrics-community,1.90458043,11989295191.841568,
2016-11-19,751.213819403858,751.213819403858,751.213819403858,751.213819403858,751.213819403858,47768520.8304028,coinmetrics-community,1.90689799,12016781422.212254,
2016-11-20,730.350813617767,730.350813617767,730.350813617767,730.350813617767,730.350813617767,66356342.4387789,coinmetrics-community,1.85356329,11684215201.375418,
2016-11-21,736.506983927528,736.506983927528,736.506983927528,736.506983927528,736.506983927528,43561792.0730544,coinmetrics-community,1.86694042,11783981824.937866,
2016-11-22,747.997677966102,747.997677966102,747.997677966102,747.997677966102,747.997677966102,66544891.5595379,coinmetrics-community,1.89259128,11969083798.737316,
2016-11-23,741.240317942724,741.240317942724,741.240317942724,741.240317942724,741.240317942724,69500093.8659346,coinmetrics-community,1.86965336,11862317940.850012,
2016-11-24,737.35497597896,737.35497597896,737.35497597896,737.35497597896,737.35497597896,62231011.0704131,coinmetrics-community,1.85483303,11801632651.349201,
2016-11-25,739.685200175336,739.685200175336,739.685200175336,739.685200175336,739.685200175336,38959553.1379421,coinmetrics-community,1.85929274,11840334132.94249,
2016-11-26,734.652925891292,734.652925891292,734.652925891292,734.652925891292,734.652925891292,31690698.6373242,coinmetrics-community,1.84525241,11761186228.251242,
2016-11-27,727.741115838691,727.741115838691,727.741115838691,727.741115838691,727.741115838691,29740670.7485444,coinmetrics-community,1.82681448,11651843795.124857,
2016-11-28,730.082483752192,730.082483752192,730.082483752192,730.082483752192,730.082483752192,37999279.6174913,coinmetrics-community,1.83082068,11690828044.04396,
2016-11-29,731.646435710111,731.646435710111,731.646435710111,731.646435710111,731.646435710111,45250511.3775173,coinmetrics-community,1.83343351,11717234335.108929,
2016-11-30,742.20445131502,742.20445131502,742.20445131502,742.20445131502,742.20445131502,62665227.7091482,coinmetrics-community,1.85741761,11887637165.367281,
2016-12-01,753.674910111046,753.674910111046,753.674910111046,753.674910111046,753.674910111046,66938727.411563,coinmetrics-community,1.88258493,12072731073.24807,
2016-12-02,772.302382729398,772.302382729398,772.302382729398,772.302382729398,772.302382729398,92108215.4240054,coinmetrics-community,1.92399804,12372495475.014801,
2016-12-03,766.110468147283,766.110468147283,766.110468147283,766.110468147283,766.110468147283,73141065.1272113,coinmetrics-community,1.89395129,12274946446.740053,
2016-12-04,766.380139099942,766.380139099942,766.380139099942,766.380139099942,766.380139099942,30361185.2433082,coinmetrics-community,1.89327742,12280685032.174324,
2016-12-05,752.670726241964,752.670726241964,752.670726241964,752.670726241964,752.670726241964,77469731.2225401,coinmetrics-community,1.85781173,12062431723.948215,
2016-12-06,759.117325774401,759.117325774401,759.117325774401,759.117325774401,759.117325774401,91566533.2357024,coinmetrics-community,1.87197007,12167169392.183826,
2016-12-07,764.987650087668,764.987650087668,764.987650087668,764.987650087668,764.987650087668,62593640.7216992,coinmetrics-community,1.88398255,12262923083.656824,
2016-12-08,767.659224634717,767.659224634717,767.659224634717,767.659224634717,767.659224634717,50820680.641302,coinmetrics-community,1.88724567,12307255552.189905,
2016-12-09,771.902321098773,771.902321098773,771.902321098773,771.902321098773,771.902321098773,35341778.9528944,coinmetrics-community,1.89591358,12376584249.49368,
2016-12-10,775.474561309176,775.474561309176,775.474561309176,775.474561309176,775.474561309176,26234546.9165589,coinmetrics-community,1.90150182,12435140630.466925,
2016-12-11,770.496150496786,770.496150496786,770.496150496786,770.496150496786,770.496150496786,31680977.4318043,coinmetrics-community,1.8880226,12357110240.990784,
2016-12-12,778.506599064874,778.506599064874,778.506599064874,778.506599064874,778.506599064874,39740945.6481004,coinmetrics-community,1.90486371,12487098790.320066,
2016-12-13,778.930694564582,778.930694564582,778.930694564582,778.930694564582,778.930694564582,46751251.6027347,coinmetrics-community,1.90337593,12495634322.765184,
2016-12-14,776.963961484512,776.963961484512,776.963961484512,776.963961484512,776.963961484512,35839479.5797323,coinmetrics-community,1.89626794,12465433894.53887,
2016-12-15,776.176781998831,776.176781998831,776.176781998831,776.176781998831,776.176781998831,36927768.5843184,coinmetrics-community,1.89136263,12454036745.728294,
2016-12-16,782.230215897136,782.230215897136,782.230215897136,782.230215897136,782.230215897136,31267927.7759802,coinmetrics-community,1.90373524,12552466736.264204,
2016-12-17,789.60293220339,789.60293220339,789.60293220339,789.60293220339,789.60293220339,30587309.7066262,coinmetrics-community,1.91920336,12672198174.115374,
2016-12-18,790.632966526008,790.632966526008,790.632966526008,790.632966526008,790.632966526008,21789482.6386458,coinmetrics-community,1.91892195,12690122503.858099,
2016-12-19,790.279031677382,790.279031677382,790.279031677382,790.279031677382,790.279031677382,30283509.3289826,coinmetrics-community,1.91635095,12685933293.70491,
2016-12-20,799.777520748101,799.777520748101,799.777520748101,799.777520748101,799.777520748101,47975649.3732211,coinmetrics-community,1.93543766,12839787154.972618,
2016-12-21,828.4836792519,828.4836792519,828.4836792519,828.4836792519,828.4836792519,90958822.4693217,coinmetrics-community,1.99546268,13302288135.986471,
2016-12-22,858.50143395675,858.50143395675,858.50143395675,858.50143395675,858.50143395675,124501909.67109,coinmetrics-community,2.05790608,13785965063.437326,
2016-12-23,915.562438340152,915.562438340152,915.562438340152,915.562438340152,915.562438340152,172525228.777643,coinmetrics-community,2.17751843,14704000146.30472,
2016-12-24,891.155272063121,891.155272063121,891.155272063121,891.155272063121,891.155272063121,86862875.8269889,coinmetrics-community,2.11635351,14313545362.84699,
2016-12-25,896.003279310345,896.003279310345,896.003279310345,896.003279310345,896.003279310345,92037972.4616878,coinmetrics-community,2.12388831,14393261024.898214,
2016-12-26,903.201246639392,903.201246639392,903.201246639392,903.201246639392,903.201246639392,97683959.8585897,coinmetrics-community,2.13574409,14510491264.44795,
2016-12-27,925.950810461719,925.950810461719,925.950810461719,925.950810461719,925.950810461719,100696306.379638,coinmetrics-community,2.18144466,14877782797.919584,
2016-12-28,979.960973991818,979.960973991818,979.960973991818,979.960973991818,979.960973991818,156114584.80383,coinmetrics-community,2.2923126,15747603995.545294,
2016-12-29,973.462559438925,973.462559438925,973.462559438925,973.462559438925,973.462559438925,140165081.547472,coinmetrics-community,2.26582772,15645002161.928385,
2016-12-30,961.182658153127,961.182658153127,961.182658153127,961.182658153127,961.182658153127,143910516.305177,coinmetrics-community,2.23030531,15449532066.495375,
2016-12-31,968.970597019287,968.970597019287,968.970597019287,968.970597019287,968.970597019287,59433767.143517,coinmetrics-community,2.2443903,15576503794.393776,
2017-01-01,997.257357977791,997.257357977791,997.257357977791,997.257357977791,997.257357977791,83786513.7077446,coinmetrics-community,2.30193946,16033166928.507767,
2017-01-02,1017.07788609001,1017.07788609001,1017.07788609001,1017.07788609001,1017.07788609001,162541538.265223,coinmetrics-community,2.33524167,16353848176.394016,
2017-01-03,1032.60905318527,1032.60905318527,1032.60905318527,1032.60905318527,1032.60905318527,134041692.625599,coinmetrics-community,2.35770988,16605694521.700779,
2017-01-04,1134.49644535359,1134.49644535359,1134.49644535359,1134.49644535359,1134.49644535359,387823993.811915,coinmetrics-community,2.55770131,18246345823.222515,
2017-01-05,1000.49812893045,1000.49812893045,1000.49812893045,1000.49812893045,1000.49812893045,501681642.858814,coinmetrics-community,2.23704042,16092973484.82236,
2017-01-06,892.463955639977,892.463955639977,892.463955639977,892.463955639977,892.463955639977,356214942.295172,coinmetrics-community,2.00164999,14357044093.610928,
2017-01-07,903.453283635301,903.453283635301,903.453283635301,903.453283635301,903.453283635301,243772327.276266,coinmetrics-community,2.0252978,14535387579.870792,
2017-01-08,912.484997077732,912.484997077732,912.484997077732,912.484997077732,912.484997077732,157344478.290986,coinmetrics-community,2.04304794,14682600907.602928,
2017-01-09,903.508666803039,903.508666803039,903.508666803039,903.508666803039,903.508666803039,145959698.65401,coinmetrics-community,2.02053011,14539700661.885653,
2017-01-10,906.498947399182,906.498947399182,906.498947399182,906.498947399182,906.498947399182,110760521.58373,coinmetrics-community,2.02492109,14589634708.700306,
2017-01-11,788.314655990649,788.314655990649,788.314655990649,788.314655990649,788.314655990649,316506131.507752,coinmetrics-community,1.76845775,12689026925.135506,
2017-01-12,807.109833547633,807.109833547633,807.109833547633,807.109833547633,807.109833547633,214685612.362611,coinmetrics-community,1.81077416,12993296880.857473,
2017-01-13,826.746927410871,826.746927410871,826.746927410871,826.746927410871,826.746927410871,171313459.383087,coinmetrics-community,1.85366729,13310975741.108202,
2017-01-14,820.045157276447,820.045157276447,820.045157276447,820.045157276447,820.045157276447,88399595.0482002,coinmetrics-community,1.83889611,13204837500.057323,
2017-01-15,824.547065166569,824.547065166569,824.547065166569,824.547065166569,824.547065166569,56895443.2779952,coinmetrics-community,1.84823542,13279051045.178684,
2017-01-16,830.838035067212,830.838035067212,830.838035067212,830.838035067212,830.838035067212,65344802.727493,coinmetrics-community,1.86155157,13382120128.68228,
2017-01-17,906.026828112215,906.026828112215,906.026828112215,906.026828112215,906.026828112215,140219194.686464,coinmetrics-community,2.0228738,14594958398.362688,
2017-01-18,881.259815371128,881.259815371128,881.259815371128,881.259815371128,881.259815371128,125191164.958645,coinmetrics-community,1.96641888,14197645178.668123,
2017-01-19,902.263869959088,902.263869959088,902.263869959088,902.263869959088,902.263869959088,83485977.9340083,coinmetrics-community,2.01003826,14537996019.982506,
2017-01-20,895.174516189363,895.174516189363,895.174516189363,895.174516189363,895.174516189363,60509118.61363,coinmetrics-community,1.99263298,14425881540.143623,
2017-01-21,924.46825949737,924.46825949737,924.46825949737,924.46825949737,924.46825949737,66402185.9013057,coinmetrics-community,2.05421871,14900046542.10908,
2017-01-22,922.467077381648,922.467077381648,922.467077381648,922.467077381648,922.467077381648,87784725.6399873,coinmetrics-community,2.04635127,14869799008.144333,
2017-01-23,919.115744126242,919.115744126242,919.115744126242,919.115744126242,919.115744126242,50732525.8743518,coinmetrics-community,2.03609568,14817362335.95439,
2017-01-24,887.743193804792,887.743193804792,887.743193804792,887.743193804792,887.743193804792,93749556.6431913,coinmetrics-community,1.96451725,14313248721.796083,
2017-01-25,895.690033255406,895.690033255406,895.690033255406,895.690033255406,895.690033255406,57756121.8138102,coinmetrics-community,1.97868447,14443045315.825674,
2017-01-26,916.6674685564,916.6674685564,916.6674685564,916.6674685564,916.6674685564,58685813.3107567,coinmetrics-community,2.02100235,14783083522.672857,
2017-01-27,920.454463471654,920.454463471654,920.454463471654,920.454463471654,920.454463471654,49299862.6361134,coinmetrics-community,2.02710253,14846112302.75287,
2017-01-28,922.774948568089,922.774948568089,922.774948568089,922.774948568089,922.774948568089,29319988.8077781,coinmetrics-community,2.03067894,14885292937.069485,
2017-01-29,915.63202314436,915.63202314436,915.63202314436,915.63202314436,915.63202314436,25460283.5703522,coinmetrics-community,2.00928142,14771981709.629528,
2017-01-30,920.313260783168,920.313260783168,920.313260783168,920.313260783168,920.313260783168,39750491.7693907,coinmetrics-community,2.01726706,14849161141.890285,
2017-01-31,968.499105669199,968.499105669199,968.499105669199,968.499105669199,968.499105669199,110112588.421045,coinmetrics-community,2.11732767,15628390267.653969,
2017-02-01,987.532590414962,987.532590414962,987.532590414962,987.532590414962,987.532590414962,89620612.5069097,coinmetrics-community,2.1532295,15937898190.3776,
2017-02-02,1007.7043659848,1007.7043659848,1007.7043659848,1007.7043659848,1007.7043659848,91726444.8278959,coinmetrics-community,2.19051199,16265430337.177128,
2017-02-03,1015.30203945061,1015.30203945061,1015.30203945061,1015.30203945061,1015.30203945061,133595701.107072,coinmetrics-community,2.19895326,16389955943.816654,
2017-02-04,1033.78597299825,1033.78597299825,1033.78597299825,1033.78597299825,1033.78597299825,82947639.7106867,coinmetrics-community,2.23392412,16690201716.68176,
2017-02-05,1014.56787574518,1014.56787574518,1014.56787574518,1014.56787574518,1014.56787574518,62222294.107569,coinmetrics-community,2.18915215,16381947061.863186,
2017-02-06,1023.3174811806,1023.3174811806,1023.3174811806,1023.3174811806,1023.3174811806,59129674.8349173,coinmetrics-community,2.20253705,16524823455.991669,
2017-02-07,1053.62445902981,1053.62445902981,1053.62445902981,1053.62445902981,1053.62445902981,82189049.4737269,coinmetrics-community,2.25911131,17016217921.256575,
2017-02-08,1052.36764535359,1052.36764535359,1052.36764535359,1052.36764535359,1052.36764535359,137767493.505924,coinmetrics-community,2.25075614,16997840733.15491,
2017-02-09,982.751939450614,982.751939450614,982.751939450614,982.751939450614,982.751939450614,308997695.512927,coinmetrics-community,2.10032332,15875484012.417988,
2017-02-10,996.650153126827,996.650153126827,996.650153126827,996.650153126827,996.650153126827,134790688.734512,coinmetrics-community,2.12395089,16101828644.843327,
2017-02-11,1011.37532220923,1011.37532220923,1011.37532220923,1011.37532220923,1011.37532220923,57660055.3610095,coinmetrics-community,2.15345527,16341484984.268703,
2017-02-12,1006.29646487434,1006.29646487434,1006.29646487434,1006.29646487434,1006.29646487434,33248775.2610122,coinmetrics-community,2.14002159,16261183420.522736,
2017-02-13,999.953184979545,999.953184979545,999.953184979545,999.953184979545,999.953184979545,77433125.1717845,coinmetrics-community,2.12270941,16160716998.968725,
2017-02-14,1012.2134635301,1012.2134635301,1012.2134635301,1012.2134635301,1012.2134635301,103061852.508827,coinmetrics-community,2.14502476,16360999468.01771,
2017-02-15,1013.90384050263,1013.90384050263,1013.90384050263,1013.90384050263,1013.90384050263,53581440.2248173,coinmetrics-community,2.14664641,16390083679.675186,
2017-02-16,1036.80686475745,1036.80686475745,1036.80686475745,1036.80686475745,1036.80686475745,71937573.944787,coinmetrics-community,2.19057597,16762275451.099983,
2017-02-17,1058.66992033898,1058.66992033898,1058.66992033898,1058.66992033898,1058.66992033898,93719560.9730752,coinmetrics-community,2.22822443,17117738325.423428,
2017-02-18,1060.66880488019,1060.66880488019,1060.66880488019,1060.66880488019,1060.66880488019,57145697.9757984,coinmetrics-community,2.22851853,17152060499.02682,
2017-02-19,1058.78640035067,1058.78640035067,1058.78640035067,1058.78640035067,1058.78640035067,46740731.5689429,coinmetrics-community,2.22135058,17123393628.768436,
2017-02-20,1088.68842922268,1088.68842922268,1088.68842922268,1088.68842922268,1088.68842922268,82888039.0508958,coinmetrics-community,2.27876692,17609003081.472546,
2017-02-21,1128.85529316189,1128.85529316189,1128.85529316189,1128.85529316189,1128.85529316189,154149964.558267,coinmetrics-community,2.35331243,18260629743.437252,
2017-02-22,1129.70179064874,1129.70179064874,1129.70179064874,1129.70179064874,1129.70179064874,110041080.684834,coinmetrics-community,2.3431243,18276271622.23027,
2017-02-23,1188.86178550555,1188.86178550555,1188.86178550555,1188.86178550555,1188.86178550555,157591112.474787,coinmetrics-community,2.45151251,19235588833.46992,
2017-02-24,1185.48889158387,1185.48889158387,1185.48889158387,1185.48889158387,1185.48889158387,330836649.051699,coinmetrics-community,2.42731203,19183431396.255405,
2017-02-25,1151.60473687902,1151.60473687902,1151.60473687902,1151.60473687902,1151.60473687902,153596278.904731,coinmetrics-community,2.35507801,18637526262.688427,
2017-02-26,1181.71086586791,1181.71086586791,1181.71086586791,1181.71086586791,1181.71086586791,105586007.697565,coinmetrics-community,2.41199874,19127391989.752533,
2017-02-27,1194.15245014611,1194.15245014611,1194.15245014611,1194.15245014611,1194.15245014611,110694061.502582,coinmetrics-community,2.42985611,19330923262.65187,
2017-02-28,1188.39994073641,1188.39994073641,1188.39994073641,1188.39994073641,1188.39994073641,191923777.938572,coinmetrics-community,2.41245373,19240074535.181675,
2017-03-01,1228.45965061368,1228.45965061368,1228.45965061368,1228.45965061368,1228.45965061368,166850517.00262,coinmetrics-community,2.48115883,19890848403.35754,
2017-03-02,1262.93146738749,1262.93146738749,1262.93146738749,1262.93146738749,1262.93146738749,274524914.443126,coinmetrics-community,2.53571034,20451484173.712147,
2017-03-03,1289.36319111631,1289.36319111631,1289.36319111631,1289.36319111631,1289.36319111631,232866834.65759,coinmetrics-community,2.57132568,20881944223.053173,
2017-03-04,1268.94066440678,1268.94066440678,1268.94066440678,1268.94066440678,1268.94066440678,139586436.565785,coinmetrics-community,2.52422599,20553283951.317654,
2017-03-05,1276.27368293396,1276.27368293396,1276.27368293396,1276.27368293396,1276.27368293396,89820851.8645914,coinmetrics-community,2.53213829,20674403461.622402,
2017-03-06,1282.25465663355,1282.25465663355,1282.25465663355,1282.25465663355,1282.25465663355,94111277.6838917,coinmetrics-community,2.53275359,20773565472.502632,
2017-03-07,1234.47646206897,1234.47646206897,1234.47646206897,1234.47646206897,1234.47646206897,262375957.190488,coinmetrics-community,2.43376828,20001880903.960194,
2017-03-08,1152.13938924606,1152.13938924606,1152.13938924606,1152.13938924606,1152.13938924606,312237712.229709,coinmetrics-community,2.27006537,18669841118.503216,
2017-03-09,1193.45552659264,1193.45552659264,1193.45552659264,1193.45552659264,1193.45552659264,193092335.79443,coinmetrics-community,2.34691879,19341556300.890316,
2017-03-10,1098.53014903565,1098.53014903565,1098.53014903565,1098.53014903565,1098.53014903565,564405174.067557,coinmetrics-community,2.16260738,17805304675.138165,
2017-03-11,1176.822921391,1176.822921391,1176.822921391,1176.822921391,1176.822921391,250811230.005801,coinmetrics-community,2.31121876,19076489140.27723,
2017-03-12,1231.74835663355,1231.74835663355,1231.74835663355,1231.74835663355,1231.74835663355,198457893.162099,coinmetrics-community,2.41252703,19969225806.410828,
2017-03-13,1239.39629631794,1239.39629631794,1239.39629631794,1239.39629631794,1239.39629631794,316320540.805685,coinmetrics-community,2.41079093,20095461364.369675,
2017-03-14,1246.53656487434,1246.53656487434,1246.53656487434,1246.53656487434,1246.53656487434,193616551.41652,coinmetrics-community,2.41809563,20213663790.264263,
2017-03-15,1258.65138147282,1258.65138147282,1258.65138147282,1258.65138147282,1258.65138147282,226522973.113775,coinmetrics-community,2.43048179,20412350079.661594,
2017-03-16,1178.02075037989,1178.02075037989,1178.02075037989,1178.02075037989,1178.02075037989,559054626.180559,coinmetrics-community,2.27079494,19106964810.720158,
2017-03-17,1072.08253816482,1072.08253816482,1072.08253816482,1072.08253816482,1072.08253816482,647743768.139101,coinmetrics-community,2.07020764,17390758588.155197,
2017-03-18,962.569056165985,962.569056165985,962.569056165985,962.569056165985,962.569056165985,604049760.265272,coinmetrics-community,1.86260387,15616177573.01267,
2017-03-19,1020.22025353594,1020.22025353594,1020.22025353594,1020.22025353594,1020.22025353594,345601425.812099,coinmetrics-community,1.97134108,16553582293.813686,
2017-03-20,1037.7563458796,1037.7563458796,1037.7563458796,1037.7563458796,1037.7563458796,232902141.064847,coinmetrics-community,2.00477708,16839878321.345238,
2017-03-21,1111.81826358854,1111.81826358854,1111.81826358854,1111.81826358854,1111.81826358854,278385680.296126,coinmetrics-community,2.1395375,18043669246.004887,
2017-03-22,1037.30257013442,1037.30257013442,1037.30257013442,1037.30257013442,1037.30257013442,331498418.653745,coinmetrics-community,1.99485875,16836417663.129028,
2017-03-23,1028.17285628288,1028.17285628288,1028.17285628288,1028.17285628288,1028.17285628288,171359423.669442,coinmetrics-community,1.97800188,16690135752.548922,
2017-03-24,935.063496201052,935.063496201052,935.063496201052,935.063496201052,935.063496201052,395891169.721598,coinmetrics-community,1.8009221,15180766238.538742,
2017-03-25,968.543329281122,968.543329281122,968.543329281122,968.543329281122,968.543329281122,344257746.641471,coinmetrics-community,1.86294639,15725921903.451391,
2017-03-26,962.95805458796,962.95805458796,962.95805458796,962.95805458796,962.95805458796,258634388.991242,coinmetrics-community,1.85054884,15637233759.264332,
2017-03-27,1042.91919777908,1042.91919777908,1042.91919777908,1042.91919777908,1042.91919777908,262851560.009164,coinmetrics-community,1.99869446,16937423477.86234,
2017-03-28,1045.16293161894,1045.16293161894,1045.16293161894,1045.16293161894,1045.16293161894,232847310.630377,coinmetrics-community,1.9993941,16975887612.950308,
2017-03-29,1039.68861578025,1039.68861578025,1039.68861578025,1039.68861578025,1039.68861578025,227333157.324012,coinmetrics-community,1.98727297,16888765398.051573,
2017-03-30,1037.98766142607,1037.98766142607,1037.98766142607,1037.98766142607,1037.98766142607,239088591.100753,coinmetrics-community,1.98163667,16863262866.30244,
2017-03-31,1081.74353109293,1081.74353109293,1081.74353109293,1081.74353109293,1081.74353109293,350406254.129673,coinmetrics-community,2.0572416,17575951028.326206,
2017-04-01,1089.52477182934,1089.52477182934,1089.52477182934,1089.52477182934,1089.52477182934,200086981.456751,coinmetrics-community,2.06862352,17704176776.53059,
2017-04-02,1105.56295575687,1105.56295575687,1105.56295575687,1105.56295575687,1105.56295575687,411303952.085352,coinmetrics-community,2.09581972,17966971908.710365,
2017-04-03,1144.6647710111,1144.6647710111,1144.6647710111,1144.6647710111,1144.6647710111,463396700.975072,coinmetrics-community,2.16252803,18604950334.22082,
2017-04-04,1141.92191870251,1141.92191870251,1141.92191870251,1141.92191870251,1141.92191870251,313512781.885102,coinmetrics-community,2.15325451,18562153298.20923,
2017-04-05,1135.81164377557,1135.81164377557,1135.81164377557,1135.81164377557,1135.81164377557,306675770.651844,coinmetrics-community,2.13735782,18465129660.738804,
2017-04-06,1194.59645938048,1194.59645938048,1194.59645938048,1194.59645938048,1194.59645938048,370159157.207833,coinmetrics-community,2.23959041,19423001888.39507,
2017-04-07,1191.73145108124,1191.73145108124,1191.73145108124,1191.73145108124,1191.73145108124,207434815.68784,coinmetrics-community,2.22647362,19378832835.411617,
2017-04-08,1184.41772033898,1184.41772033898,1184.41772033898,1184.41772033898,1184.41772033898,139974434.460904,coinmetrics-community,2.21001181,19261932036.87983,
2017-04-09,1213.63413980129,1213.63413980129,1213.63413980129,1213.63413980129,1213.63413980129,163779722.275443,coinmetrics-community,2.2586269,19739484515.00571,
2017-04-10,1211.64987621274,1211.64987621274,1211.64987621274,1211.64987621274,1211.64987621274,135635775.918956,coinmetrics-community,2.24975256,19709437323.6261,
2017-04-11,1229.78493290473,1229.78493290473,1229.78493290473,1229.78493290473,1229.78493290473,124447239.826398,coinmetrics-community,2.27711178,20007000413.811848,
2017-04-12,1216.11436785506,1216.11436785506,1216.11436785506,1216.11436785506,1216.11436785506,197270154.640129,coinmetrics-community,2.24625621,19786756714.344746,
2017-04-13,1172.5583396844,1172.5583396844,1172.5583396844,1172.5583396844,1172.5583396844,249803877.33582,coinmetrics-community,2.16504122,19079940944.324066,
2017-04-14,1174.33323354763,1174.33323354763,1174.33323354763,1174.33323354763,1174.33323354763,166106108.352504,coinmetrics-community,2.16522828,19110862529.702187,
2017-04-15,1175.56218901227,1175.56218901227,1175.56218901227,1175.56218901227,1175.56218901227,129627904.443838,coinmetrics-community,2.1659084,19133066482.241875,
2017-04-16,1173.6913798948,1173.6913798948,1173.6913798948,1173.6913798948,1173.6913798948,92645001.1672223,coinmetrics-community,2.16125164,19104759790.450478,
2017-04-17,1191.90120146113,1191.90120146113,1191.90120146113,1191.90120146113,1191.90120146113,150530782.193284,coinmetrics-community,2.18766073,19403226165.034462,
2017-04-18,1202.13145803624,1202.13145803624,1202.13145803624,1202.13145803624,1202.13145803624,168954103.885201,coinmetrics-community,2.20166725,19571960689.193977,
2017-04-19,1209.56090888369,1209.56090888369,1209.56090888369,1209.56090888369,1209.56090888369,166188051.905102,coinmetrics-community,2.21134437,19695082029.620502,
2017-04-20,1235.80307451783,1235.80307451783,1235.80307451783,1235.80307451783,1235.80307451783,204340907.119254,coinmetrics-community,2.25276621,20124510671.795033,
2017-04-21,1247.33607025132,1247.33607025132,1247.33607025132,1247.33607025132,1247.33607025132,167969111.991932,coinmetrics-community,2.26940479,20314924259.50391,
2017-04-22,1243.55039257744,1243.55039257744,1243.55039257744,1243.55039257744,1243.55039257744,158977331.980022,coinmetrics-community,2.26016436,20255522192.61148,
2017-04-23,1250.00148322618,1250.00148322618,1250.00148322618,1250.00148322618,1250.00148322618,163779509.922196,coinmetrics-community,2.26874872,20362991159.518238,
2017-04-24,1257.23944225599,1257.23944225599,1257.23944225599,1257.23944225599,1257.23944225599,162071118.686222,coinmetrics-community,2.27570599,20482848937.334652,
2017-04-25,1279.86471741672,1279.86471741672,1279.86471741672,1279.86471741672,1279.86471741672,169966740.381428,coinmetrics-community,2.3093693,20853825941.35865,
2017-04-26,1296.48545745178,1296.48545745178,1296.48545745178,1296.48545745178,1296.48545745178,251970934.181479,coinmetrics-community,2.33216845,21127120044.954502,
2017-04-27,1345.8899556692,1345.8899556692,1345.8899556692,1345.8899556692,1345.8899556692,339642845.391305,coinmetrics-community,2.4099622,21934673309.824898,
2017-04-28,1347.98515552309,1347.98515552309,1347.98515552309,1347.98515552309,1347.98515552309,429677015.11302,coinmetrics-community,2.40107994,21971111453.645775,
2017-04-29,1357.71525341905,1357.71525341905,1357.71525341905,1357.71525341905,1357.71525341905,352723893.97893,coinmetrics-community,2.41223986,22132640553.973972,
2017-04-30,1381.9563722969,1381.9563722969,1381.9563722969,1381.9563722969,1381.9563722969,324011538.299904,coinmetrics-community,2.44637619,22530412834.84568,
2017-05-01,1436.9414880187,1436.9414880187,1436.9414880187,1436.9414880187,1436.9414880187,580389979.398418,coinmetrics-community,2.52560356,23429544485.437233,
2017-05-02,1463.81906846873,1463.81906846873,1463.81906846873,1463.81906846873,1463.81906846873,361395957.742418,coinmetrics-community,2.55708418,23870678471.227386,
2017-05-03,1519.40894447691,1519.40894447691,1519.40894447691,1519.40894447691,1519.40894447691,457724781.067154,coinmetrics-community,2.6373993,24779696474.70419,
2017-05-04,1539.8300515488,1539.8300515488,1539.8300515488,1539.8300515488,1539.8300515488,775032541.935768,coinmetrics-community,2.64748386,25115973329.48209,
2017-05-05,1529.85044301578,1529.85044301578,1529.85044301578,1529.85044301578,1529.85044301578,799183562.64846,coinmetrics-community,2.61101197,24955664079.914165,
2017-05-06,1573.28550961426,1573.28550961426,1573.28550961426,1573.28550961426,1573.28550961426,458353179.120517,coinmetrics-community,2.6710611,25667501899.429752,
2017-05-07,1526.26777171245,1526.26777171245,1526.26777171245,1526.26777171245,1526.26777171245,899178865.648535,coinmetrics-community,2.58516798,24903613050.38768,
2017-05-08,1685.08649631794,1685.08649631794,1685.08649631794,1685.08649631794,1685.08649631794,1044918231.42173,coinmetrics-community,2.82026827,27498797785.21458,
2017-05-09,1719.22801355932,1719.22801355932,1719.22801355932,1719.22801355932,1719.22801355932,963142517.103534,coinmetrics-community,2.8500152,28059281600.752792,
2017-05-10,1782.499,1782.499,1782.499,1782.499,1782.499,717797650.857325,coinmetrics-community,2.92992045,29095216204.956818,
2017-05-11,1835.48754821742,1835.48754821742,1835.48754821742,1835.48754821742,1835.48754821742,609900100.11985,coinmetrics-community,2.98180004,29963230354.115524,
2017-05-12,1704.66164108708,1704.66164108708,1704.66164108708,1704.66164108708,1704.66164108708,580034112.753416,coinmetrics-community,2.75847679,27830857573.16526,
2017-05-13,1779.84025669199,1779.84025669199,1779.84025669199,1779.84025669199,1779.84025669199,395461142.807659,coinmetrics-community,2.86505128,29061763163.49681,
2017-05-14,1794.59355055523,1794.59355055523,1794.59355055523,1794.59355055523,1794.59355055523,295823022.720021,coinmetrics-community,2.87984317,29306338267.74101,
2017-05-15,1736.88284611338,1736.88284611338,1736.88284611338,1736.88284611338,1736.88284611338,547266582.681886,coinmetrics-community,2.77569902,28367593222.56364,
2017-05-16,1757.02694856809,1757.02694856809,1757.02694856809,1757.02694856809,1757.02694856809,728328963.286469,coinmetrics-community,2.7951762,28699495338.474575,
2017-05-17,1808.74606469901,1808.74606469901,1808.74606469901,1808.74606469901,1808.74606469901,791843491.09353,coinmetrics-community,2.85141326,29547786219.06943,
2017-05-18,1894.24726455289,1894.24726455289,1894.24726455289,1894.24726455289,1894.24726455289,654052468.243531,coinmetrics-community,2.96696988,30947901332.491673,
2017-05-19,1967.54554769141,1967.54554769141,1967.54554769141,1967.54554769141,1967.54554769141,899411350.198226,coinmetrics-community,3.05210147,32149470136.858227,
2017-05-20,2048.11767799532,2048.11767799532,2048.11767799532,2048.11767799532,2048.11767799532,703978533.905056,coinmetrics-community,3.14988555,33470233811.201008,
2017-05-21,2045.22249316189,2045.22249316189,2045.22249316189,2045.22249316189,2045.22249316189,852701143.509162,coinmetrics-community,3.12275546,33426678945.809875,
2017-05-22,2078.94350002922,2078.94350002922,2078.94350002922,2078.94350002922,2078.94350002922,1516210145.62009,coinmetrics-community,3.12461059,33981601940.85976,
2017-05-23,2257.28836382233,2257.28836382233,2257.28836382233,2257.28836382233,2257.28836382233,936087237.589801,coinmetrics-community,3.32739524,36901498030.8539,
2017-05-24,2415.00722665108,2415.00722665108,2415.00722665108,2415.00722665108,2415.00722665108,1324739604.58179,coinmetrics-community,3.49513899,39484489321.17492,
2017-05-25,2319.60137866745,2319.60137866745,2319.60137866745,2319.60137866745,2319.60137866745,1640852296.60869,coinmetrics-community,3.29706174,37929364613.17056,
2017-05-26,2279.4185836353,2279.4185836353,2279.4185836353,2279.4185836353,2279.4185836353,1120289065.54803,coinmetrics-community,3.20703848,37276668052.73387,
2017-05-27,2044.30049982466,2044.30049982466,2044.30049982466,2044.30049982466,2044.30049982466,1102801174.45847,coinmetrics-community,2.87538901,33435937257.82765,
2017-05-28,2225.7008666277,2225.7008666277,2225.7008666277,2225.7008666277,2225.7008666277,728119810.395665,coinmetrics-community,3.1100624,36407455222.71084,
2017-05-29,2284.71579748685,2284.71579748685,2284.71579748685,2284.71579748685,2284.71579748685,627884573.772283,coinmetrics-community,3.1715195,37377119026.090485,
2017-05-30,2167.26447790766,2167.26447790766,2167.26447790766,2167.26447790766,2167.26447790766,1023167188.86099,coinmetrics-community,2.99605054,35460507433.233086,
2017-05-31,2299.43261025716,2299.43261025716,2299.43261025716,2299.43261025716,2299.43261025716,950221925.639722,coinmetrics-community,3.14282004,37627739544.79904,
2017-06-01,2399.88763194039,2399.88763194039,2399.88763194039,2399.88763194039,2399.88763194039,1064400077.19693,coinmetrics-community,3.24185226,39276677605.518524,
2017-06-02,2479.4238943308,2479.4238943308,2479.4238943308,2479.4238943308,2479.4238943308,779648681.371231,coinmetrics-community,3.32189022,40582896889.352356,
2017-06-03,2549.55195151958,2549.55195151958,2549.55195151958,2549.55195151958,2549.55195151958,912050902.332217,coinmetrics-community,3.38499502,41736862989.52303,
2017-06-04,2524.99383354763,2524.99383354763,2524.99383354763,2524.99383354763,2524.99383354763,843788975.006923,coinmetrics-community,3.33016911,41339921429.448494,
2017-06-05,2685.31891671537,2685.31891671537,2685.31891671537,2685.31891671537,2685.31891671537,765113757.89952,coinmetrics-community,3.49837338,43970314462.95908,
2017-06-06,2871.34167735243,2871.34167735243,2871.34167735243,2871.34167735243,2871.34167735243,1286549011.11639,coinmetrics-community,3.68734337,47021733324.255165,
2017-06-07,2706.76000885447,2706.76000885447,2706.76000885447,2706.76000885447,2706.76000885447,979427049.148671,coinmetrics-community,3.45563714,44332089813.91061,
2017-06-08,2802.56354681473,2802.56354681473,2802.56354681473,2802.56354681473,2802.56354681473,744344311.255312,coinmetrics-community,3.54000799,45906967852.94542,
2017-06-09,2804.87226691993,2804.87226691993,2804.87226691993,2804.87226691993,2804.87226691993,854891179.708818,coinmetrics-community,3.50908106,45950079689.465645,
2017-06-10,2916.3278597896,2916.3278597896,2916.3278597896,2916.3278597896,2916.3278597896,1367343169.45176,coinmetrics-community,3.60375711,47781111553.67634,
2017-06-11,2974.21455920514,2974.21455920514,2974.21455920514,2974.21455920514,2974.21455920514,1145526072.00593,coinmetrics-community,3.64019441,48734955097.06732,
2017-06-12,2665.43326995909,2665.43326995909,2665.43326995909,2665.43326995909,2665.43326995909,1801532389.91672,coinmetrics-community,3.22800548,43680217096.06594,
2017-06-13,2707.13782402104,2707.13782402104,2707.13782402104,2707.13782402104,2707.13782402104,1181259461.41071,coinmetrics-community,3.24114582,44368428524.5129,
2017-06-14,2443.82445137347,2443.82445137347,2443.82445137347,2443.82445137347,2443.82445137347,1149249857.37221,coinmetrics-community,2.919798,40057150815.08547,
2017-06-15,2409.886764173,2409.886764173,2409.886764173,2409.886764173,2409.886764173,1237237745.94318,coinmetrics-community,2.87371971,39505481201.24847,
2017-06-16,2476.35909538282,2476.35909538282,2476.35909538282,2476.35909538282,2476.35909538282,661611436.15084,coinmetrics-community,2.93413098,40599749113.94862,
2017-06-17,2652.75536335476,2652.75536335476,2652.75536335476,2652.75536335476,2652.75536335476,894219845.341556,coinmetrics-community,3.1272984,43496562773.6185,
2017-06-18,2508.21420742256,2508.21420742256,2508.21420742256,2508.21420742256,2508.21420742256,730638978.905776,coinmetrics-community,2.93677553,41131103916.58712,
2017-06-19,2589.64221338399,2589.64221338399,2589.64221338399,2589.64221338399,2589.64221338399,785136389.131483,coinmetrics-community,3.00723619,42471293996.764114,
2017-06-20,2733.22655628288,2733.22655628288,2733.22655628288,2733.22655628288,2733.22655628288,1114022968.15576,coinmetrics-community,3.14552423,44830856447.15172,
2017-06-21,2639.26131420222,2639.26131420222,2639.26131420222,2639.26131420222,2639.26131420222,970208422.522981,coinmetrics-community,3.02520974,43294240942.06711,
2017-06-22,2686.64751431911,2686.64751431911,2686.64751431911,2686.64751431911,2686.64751431911,571934082.872164,coinmetrics-community,3.0574306,44076228598.23767,
2017-06-23,2685.87047101111,2685.87047101111,2685.87047101111,2685.87047101111,2685.87047101111,467521405.508407,coinmetrics-community,3.04158628,44068852430.01314,
2017-06-24,2562.18914874342,2562.18914874342,2562.18914874342,2562.18914874342,2562.18914874342,497922742.296261,coinmetrics-community,2.89910643,42044207205.81662,
2017-06-25,2497.72894137931,2497.72894137931,2497.72894137931,2497.72894137931,2497.72894137931,637784555.987663,coinmetrics-community,2.82389576,40990257366.11176,
2017-06-26,2426.36505119813,2426.36505119813,2426.36505119813,2426.36505119813,2426.36505119813,989771379.82635,coinmetrics-community,2.74177101,39823410570.62217,
2017-06-27,2530.34553600234,2530.34553600234,2530.34553600234,2530.34553600234,2530.34553600234,802082419.813345,coinmetrics-community,2.84709982,41534163466.451126,
2017-06-28,2562.79226420222,2562.79226420222,2562.79226420222,2562.79226420222,2562.79226420222,693181988.686579,coinmetrics-community,2.86973355,42071787287.172806,
2017-06-29,2540.44303161894,2540.44303161894,2540.44303161894,2540.44303161894,2540.44303161894,520257646.109759,coinmetrics-community,2.83338619,41708704320.70874,
2017-06-30,2452.71206428989,2452.71206428989,2452.71206428989,2452.71206428989,2452.71206428989,436453563.828495,coinmetrics-community,2.7235698,40273068762.93179,
2017-07-01,2412.3662131502,2412.3662131502,2412.3662131502,2412.3662131502,2412.3662131502,413727646.478469,coinmetrics-community,2.67604439,39615542859.298134,
2017-07-02,2518.8721873758,2518.8721873758,2518.8721873758,2518.8721873758,2518.8721873758,407216555.829325,coinmetrics-community,2.78455696,41370488523.31204,
2017-07-03,2551.92743173583,2551.92743173583,2551.92743173583,2551.92743173583,2551.92743173583,497918915.918013,coinmetrics-community,2.8067694,41918817680.22455,
2017-07-04,2599.74474991233,2599.74474991233,2599.74474991233,2599.74474991233,2599.74474991233,548147864.317195,coinmetrics-community,2.84851858,42709253031.520996,
2017-07-05,2608.10489117475,2608.10489117475,2608.10489117475,2608.10489117475,2608.10489117475,499129387.051444,coinmetrics-community,2.84213614,42851453105.791214,
2017-07-06,2603.19547369959,2603.19547369959,2603.19547369959,2603.19547369959,2603.19547369959,390694499.651506,coinmetrics-community,2.82784137,42775411503.2349,
2017-07-07,2495.78092220923,2495.78092220923,2495.78092220923,2495.78092220923,2495.78092220923,489579837.958742,coinmetrics-community,2.70091753,41015005023.054794,
2017-07-08,2553.4941581239,2553.4941581239,2553.4941581239,2553.4941581239,2553.4941581239,415645524.470462,coinmetrics-community,2.7563821,41968715692.885605,
2017-07-09,2506.17321355932,2506.17321355932,2506.17321355932,2506.17321355932,2506.17321355932,264520566.95336,coinmetrics-community,2.70314378,41195281327.55585,
2017-07-10,2319.36689736996,2319.36689736996,2319.36689736996,2319.36689736996,2319.36689736996,655176361.927883,coinmetrics-community,2.50667922,38130359538.742516,
2017-07-11,2319.16744061952,2319.16744061952,2319.16744061952,2319.16744061952,2319.16744061952,809719500.020052,coinmetrics-community,2.5040635,38132095672.12927,
2017-07-12,2374.88626645237,2374.88626645237,2374.88626645237,2374.88626645237,2374.88626645237,630836774.195396,coinmetrics-community,2.5607933,39053487321.79894,
2017-07-13,2343.73834824664,2343.73834824664,2343.73834824664,2343.73834824664,2343.73834824664,487393716.465514,coinmetrics-community,2.52324473,38545879294.01802,
2017-07-14,2214.82523728814,2214.82523728814,2214.82523728814,2214.82523728814,2214.82523728814,483119826.844463,coinmetrics-community,2.38547763,36429580814.58528,
2017-07-15,1989.63319023963,1989.63319023963,1989.63319023963,1989.63319023963,1989.63319023963,573039004.941278,coinmetrics-community,2.15162881,32728766809.625706,
2017-07-16,1910.74954161309,1910.74954161309,1910.74954161309,1910.74954161309,1910.74954161309,751163877.713871,coinmetrics-community,2.0725336,31435051662.128307,
2017-07-17,2215.74629614261,2215.74629614261,2215.74629614261,2215.74629614261,2215.74629614261,660953452.920236,coinmetrics-community,2.38704005,36456861657.865685,
2017-07-18,2303.7611458796,2303.7611458796,2303.7611458796,2303.7611458796,2303.7611458796,891188853.53074,coinmetrics-community,2.47286929,37909768672.15024,
2017-07-19,2257.06523588545,2257.06523588545,2257.06523588545,2257.06523588545,2257.06523588545,711538774.861668,coinmetrics-community,2.41800668,37145563305.32494,
2017-07-20,2823.89792635885,2823.89792635885,2823.89792635885,2823.89792635885,2823.89792635885,1221725362.71128,coinmetrics-community,2.98008325,46479908648.678116,
2017-07-21,2666.1397182934,2666.1397182934,2666.1397182934,2666.1397182934,2666.1397182934,905016721.63959,coinmetrics-community,2.80324324,43888421935.82964,
2017-07-22,2829.75405496786,2829.75405496786,2829.75405496786,2829.75405496786,2829.75405496786,626470216.977315,coinmetrics-community,2.956705,46587404300.74615,
2017-07-23,2753.24386493279,2753.24386493279,2753.24386493279,2753.24386493279,2753.24386493279,571004797.795848,coinmetrics-community,2.86830102,45333705063.658104,
2017-07-24,2755.1595242256,2755.1595242256,2755.1595242256,2755.1595242256,2755.1595242256,432766998.904666,coinmetrics-community,2.8571688,45371377698.71976,
2017-07-25,2558.69299894798,2558.69299894798,2558.69299894798,2558.69299894798,2558.69299894798,844294774.013697,coinmetrics-community,2.63175728,42140742567.94084,
2017-07-26,2522.32464628872,2522.32464628872,2522.32464628872,2522.32464628872,2522.32464628872,529970980.254389,coinmetrics-community,2.58755545,41546403805.85626,
2017-07-27,2665.14754649328,2665.14754649328,2665.14754649328,2665.14754649328,2665.14754649328,460851654.556444,coinmetrics-community,2.70895213,43904037844.165405,
2017-07-28,2793.83348486265,2793.83348486265,2793.83348486265,2793.83348486265,2793.83348486265,826624231.937704,coinmetrics-community,2.77596935,46029171038.01704,
2017-07-29,2706.4507654588,2706.4507654588,2706.4507654588,2706.4507654588,2706.4507654588,512289061.78389,coinmetrics-community,2.65045335,44594828238.11444,
2017-07-30,2749.3845277031,2749.3845277031,2749.3845277031,2749.3845277031,2749.3845277031,446284248.329076,coinmetrics-community,2.63429117,45307309969.06875,
2017-07-31,2862.61129088252,2862.61129088252,2862.61129088252,2862.61129088252,2862.61129088252,513068612.298079,coinmetrics-community,2.66440296,47178370615.22996,
2017-08-01,2727.38918199883,2727.38918199883,2727.38918199883,2727.38918199883,2727.38918199883,753834053.491761,coinmetrics-community,2.51234417,44954870203.73565,
2017-08-02,2690.14567197545,2690.14567197545,2690.14567197545,2690.14567197545,2690.14567197545,461742756.642292,coinmetrics-community,2.45667542,44346106068.054535,
2017-08-03,2789.74631244886,2789.74631244886,2789.74631244886,2789.74631244886,2789.74631244886,367455080.141599,coinmetrics-community,2.51633659,45992799938.31519,
2017-08-04,2860.27284324956,2860.27284324956,2860.27284324956,2860.27284324956,2860.27284324956,479954173.824682,coinmetrics-community,2.52690325,47161926533.840645,
2017-08-05,3237.42336329632,3237.42336329632,3237.42336329632,3237.42336329632,3237.42336329632,997212821.343995,coinmetrics-community,2.8058202,53387777581.820465,
2017-08-06,3230.11670894214,3230.11670894214,3230.11670894214,3230.11670894214,3230.11670894214,503868572.513963,coinmetrics-community,2.74360243,53272937538.04711,
2017-08-07,3392.56241864407,3392.56241864407,3392.56241864407,3392.56241864407,3392.56241864407,640934384.655932,coinmetrics-community,2.8173808,55958573635.89146,
2017-08-08,3425.67661659848,3425.67661659848,3425.67661659848,3425.67661659848,3425.67661659848,884861179.34063,coinmetrics-community,2.79701154,56511797950.61418,
2017-08-09,3347.21543161894,3347.21543161894,3347.21543161894,3347.21543161894,3347.21543161894,781124965.582267,coinmetrics-community,2.70304955,55223234127.2744,
2017-08-10,3437.03215546464,3437.03215546464,3437.03215546464,3437.03215546464,3437.03215546464,572648471.238559,coinmetrics-community,2.74911842,56710810916.71009,
2017-08-11,3660.52053728813,3660.52053728813,3660.52053728813,3660.52053728813,3660.52053728813,787886167.140635,coinmetrics-community,2.89608699,60404943871.39993,
2017-08-12,3871.08240619521,3871.08240619521,3871.08240619521,3871.08240619521,3871.08240619521,1031068507.36802,coinmetrics-community,3.02040239,63886112715.032646,
2017-08-13,4063.80105271771,4063.80105271771,4063.80105271771,4063.80105271771,4063.80105271771,1633648563.42663,coinmetrics-community,3.12865374,67074148204.91928,
2017-08-14,4304.60393120982,4304.60393120982,4304.60393120982,4304.60393120982,4304.60393120982,1185945933.59295,coinmetrics-community,3.25544228,71055660577.93753,
2017-08-15,4160.0305458796,4160.0305458796,4160.0305458796,4160.0305458796,4160.0305458796,1719777834.04504,coinmetrics-community,3.11536106,68677106425.0005,
2017-08-16,4364.67857463472,4364.67857463472,4364.67857463472,4364.67857463472,4364.67857463472,1048949624.32786,coinmetrics-community,3.22936466,72062692116.97246,
2017-08-17,4308.51686142607,4308.51686142607,4308.51686142607,4308.51686142607,4308.51686142607,1099396333.24016,coinmetrics-community,3.14349195,71145078748.63457,
2017-08-18,4108.50716218586,4108.50716218586,4108.50716218586,4108.50716218586,4108.50716218586,1323093423.68685,coinmetrics-community,2.97541172,67850038464.24486,
2017-08-19,4160.33245686733,4160.33245686733,4160.33245686733,4160.33245686733,4160.33245686733,1254516232.51436,coinmetrics-community,2.97749577,68713761143.51765,
2017-08-20,4085.8103943308,4085.8103943308,4085.8103943308,4085.8103943308,4085.8103943308,799192360.921864,coinmetrics-community,2.88932289,67489563565.01475,
2017-08-21,3992.62603524255,3992.62603524255,3992.62603524255,3992.62603524255,3992.62603524255,1294446221.82627,coinmetrics-community,2.8086644,65956080358.16499,
2017-08-22,4074.33046125073,4074.33046125073,4074.33046125073,4074.33046125073,4074.33046125073,1510534487.98017,coinmetrics-community,2.84203031,67310327158.72248,
2017-08-23,4146.9153452367,4146.9153452367,4146.9153452367,4146.9153452367,4146.9153452367,1215576016.53246,coinmetrics-community,2.86484514,68517713977.949295,
2017-08-24,4325.81642799532,4325.81642799532,4325.81642799532,4325.81642799532,4325.81642799532,1002575715.89157,coinmetrics-community,2.96780825,71479081623.50027,
2017-08-25,4353.13177255991,4353.13177255991,4353.13177255991,4353.13177255991,4353.13177255991,866327422.74072,coinmetrics-community,2.96751747,71935931728.76527,
2017-08-26,4341.97871677382,4341.97871677382,4341.97871677382,4341.97871677382,4341.97871677382,783260987.724608,coinmetrics-community,2.94348577,71757325229.35551,
2017-08-27,4344.90344476914,4344.90344476914,4344.90344476914,4344.90344476914,4344.90344476914,708047735.401475,coinmetrics-community,2.93116239,71814078736.96461,
2017-08-28,4379.76392068966,4379.76392068966,4379.76392068966,4379.76392068966,4379.76392068966,978890864.58762,coinmetrics-community,2.93365297,72397327204.41,
2017-08-29,4600.45683097604,4600.45683097604,4600.45683097604,4600.45683097604,4600.45683097604,1072298591.98807,coinmetrics-community,3.03875355,76053940775.73611,
2017-08-30,4586.63273670368,4586.63273670368,4586.63273670368,4586.63273670368,4586.63273670368,800894735.436105,coinmetrics-community,3.00669499,75835035216.64296,
2017-08-31,4740.35621770894,4740.35621770894,4740.35621770894,4740.35621770894,4740.35621770894,856990633.279669,coinmetrics-community,3.06677185,78386345981.646,
2017-09-01,4918.16624488603,4918.16624488603,4918.16624488603,4918.16624488603,4918.16624488603,1246122053.3132,coinmetrics-community,3.14249768,81337302684.4743,
2017-09-02,4595.02001782583,4595.02001782583,4595.02001782583,4595.02001782583,4595.02001782583,1435531148.25576,coinmetrics-community,2.91990917,76002486194.54489,
2017-09-03,4625.296314436,4625.296314436,4625.296314436,4625.296314436,4625.296314436,954764546.520403,coinmetrics-community,2.92473488,76512165470.08018,
2017-09-04,4374.75349649328,4374.75349649328,4374.75349649328,4374.75349649328,4374.75349649328,1522119470.05723,coinmetrics-community,2.75162247,72377228115.3783,
2017-09-05,4454.05253769725,4454.05253769725,4454.05253769725,4454.05253769725,4454.05253769725,1205647974.48916,coinmetrics-community,2.78742564,73700143235.54442,
2017-09-06,4607.51652980713,4607.51652980713,4607.51652980713,4607.51652980713,4607.51652980713,996762952.438384,coinmetrics-community,2.86204183,76248805470.28903,
2017-09-07,4635.11187580362,4635.11187580362,4635.11187580362,4635.11187580362,4635.11187580362,759973650.641959,coinmetrics-community,2.84583752,76715672194.46526,
2017-09-08,4345.45765634132,4345.45765634132,4345.45765634132,4345.45765634132,4345.45765634132,1263508639.05371,coinmetrics-community,2.66619471,71931114925.08025,
2017-09-09,4335.593449737,4335.593449737,4335.593449737,4335.593449737,4335.593449737,608730655.685425,coinmetrics-community,2.65540041,71776989941.96732,
2017-09-10,4261.84352104033,4261.84352104033,4261.84352104033,4261.84352104033,4261.84352104033,761807791.355614,coinmetrics-community,2.59879339,70563390453.15257,
2017-09-11,4212.54757334892,4212.54757334892,4212.54757334892,4212.54757334892,4212.54757334892,655778360.309403,coinmetrics-community,2.56454296,69756359191.37338,
2017-09-12,4164.31943424898,4164.31943424898,4164.31943424898,4164.31943424898,4164.31943424898,783037647.671598,coinmetrics-community,2.53102364,68967526611.78394,
2017-09-13,3887.11858679135,3887.11858679135,3887.11858679135,3887.11858679135,3887.11858679135,1136308969.71426,coinmetrics-community,2.36797159,64385886678.33505,
2017-09-14,3247.4687390415,3247.4687390415,3247.4687390415,3247.4687390415,3247.4687390415,1655610566.12934,coinmetrics-community,1.99521056,53797846714.2644,
2017-09-15,3699.22294389246,3699.22294389246,3699.22294389246,3699.22294389246,3699.22294389246,2293161443.93158,coinmetrics-community,2.26320938,61289969016.14447,
2017-09-16,3711.23435067212,3711.23435067212,3711.23435067212,3711.23435067212,3711.23435067212,1097909251.60733,coinmetrics-community,2.26588756,61496818023.18139,
2017-09-17,3711.85620397428,3711.85620397428,3711.85620397428,3711.85620397428,3711.85620397428,655220409.60622,coinmetrics-community,2.26478555,61515288495.00572,
2017-09-18,4080.42844301578,4080.42844301578,4080.42844301578,4080.42844301578,4080.42844301578,975497295.322462,coinmetrics-community,2.47915064,67629984373.80914,
2017-09-19,3925.73619023963,3925.73619023963,3925.73619023963,3925.73619023963,3925.73619023963,806813723.548855,coinmetrics-community,2.38109715,65073733640.12093,
2017-09-20,3895.777078609,3895.777078609,3895.777078609,3895.777078609,3895.777078609,595449144.786429,coinmetrics-community,2.3596557,64582823404.49912,
2017-09-21,3617.24346580947,3617.24346580947,3617.24346580947,3617.24346580947,3617.24346580947,855706819.533621,coinmetrics-community,2.19309389,59973348985.818275,
2017-09-22,3619.2137182934,3619.2137182934,3619.2137182934,3619.2137182934,3619.2137182934,716752456.897214,coinmetrics-community,2.19168978,60012303857.526596,
2017-09-23,3775.60059409702,3775.60059409702,3775.60059409702,3775.60059409702,3775.60059409702,544629796.506286,coinmetrics-community,2.28253357,62613280673.655174,
2017-09-24,3676.89694418469,3676.89694418469,3676.89694418469,3676.89694418469,3676.89694418469,485813961.56911,coinmetrics-community,2.22242941,60983077170.61433,
2017-09-25,3918.73807130333,3918.73807130333,3918.73807130333,3918.73807130333,3918.73807130333,718719474.886708,coinmetrics-community,2.34287282,65000249826.28987,
2017-09-26,3890.09093687902,3890.09093687902,3890.09093687902,3890.09093687902,3890.09093687902,574997389.351045,coinmetrics-community,2.32052467,64531789180.50936,
2017-09-27,4207.78748538866,4207.78748538866,4207.78748538866,4207.78748538866,4207.78748538866,906136769.545696,coinmetrics-community,2.4968666,69809713133.19463,
2017-09-28,4187.76979631794,4187.76979631794,4187.76979631794,4187.76979631794,4187.76979631794,925067586.055304,coinmetrics-community,2.47501585,69486873129.74437,
2017-09-29,4155.01011981298,4155.01011981298,4155.01011981298,4155.01011981298,4155.01011981298,786636773.250169,coinmetrics-community,2.44954557,68952075464.79512,
2017-09-30,4334.54461250731,4334.54461250731,4334.54461250731,4334.54461250731,4334.54461250731,646635967.371816,coinmetrics-community,2.54204123,71938913742.75099,
2017-10-01,4382.08689801286,4382.08689801286,4382.08689801286,4382.08689801286,4382.08689801286,654002854.106184,coinmetrics-community,2.56194858,72735077239.78511,
2017-10-02,4386.8757150789,4386.8757150789,4386.8757150789,4386.8757150789,4386.8757150789,758663427.775949,coinmetrics-community,2.55136556,72822788727.59785,
2017-10-03,4306.56464202221,4306.56464202221,4306.56464202221,4306.56464202221,4306.56464202221,719419392.13149,coinmetrics-community,2.49742904,71499464247.8438,
2017-10-04,4216.68482144944,4216.68482144944,4216.68482144944,4216.68482144944,4216.68482144944,613893418.334163,coinmetrics-community,2.44055834,70014303217.84541,
2017-10-05,4319.42091583869,4319.42091583869,4319.42091583869,4319.42091583869,4319.42091583869,712232227.595428,coinmetrics-community,2.48286744,71726893837.48569,
2017-10-06,4365.91571040327,4365.91571040327,4365.91571040327,4365.91571040327,4365.91571040327,629237823.848733,coinmetrics-community,2.50112549,72507648477.25464,
2017-10-07,4438.85593308007,4438.85593308007,4438.85593308007,4438.85593308007,4438.85593308007,527732816.784127,coinmetrics-community,2.535902,73727781715.95787,
2017-10-08,4600.73979661017,4600.73979661017,4600.73979661017,4600.73979661017,4600.73979661017,806161344.970242,coinmetrics-community,2.61523452,76427080461.49495,
2017-10-09,4777.53465692577,4777.53465692577,4777.53465692577,4777.53465692577,4777.53465692577,1256046814.72021,coinmetrics-community,2.68982061,79373595751.18408,
2017-10-10,4741.07791496201,4741.07791496201,4741.07791496201,4741.07791496201,4741.07791496201,1084571485.15738,coinmetrics-community,2.65170924,78777388381.59265,
2017-10-11,4814.96711805962,4814.96711805962,4814.96711805962,4814.96711805962,4814.96711805962,752083954.019321,coinmetrics-community,2.68235621,80013491738.5039,
2017-10-12,5393.66898275862,5393.66898275862,5393.66898275862,5393.66898275862,5393.66898275862,1821644518.88409,coinmetrics-community,2.9735157,89640478588.78906,
2017-10-13,5614.07751461134,5614.07751461134,5614.07751461134,5614.07751461134,5614.07751461134,2816204648.88849,coinmetrics-community,3.05039678,93313118335.95172,
2017-10-14,5785.73831502046,5785.73831502046,5785.73831502046,5785.73831502046,5785.73831502046,2050095077.64202,coinmetrics-community,3.12159957,96176536827.74107,
2017-10-15,5689.86505961426,5689.86505961426,5689.86505961426,5689.86505961426,5689.86505961426,1305010203.06357,coinmetrics-community,3.05072713,94596701288.40845,
2017-10-16,5756.14881180596,5756.14881180596,5756.14881180596,5756.14881180596,5756.14881180596,1191979278.50982,coinmetrics-community,3.05813234,95711219683.11389,
2017-10-17,5590.41632437171,5590.41632437171,5590.41632437171,5590.41632437171,5590.41632437171,1068117120.12031,coinmetrics-community,2.95026635,92966938475.27013,
2017-10-18,5583.8704257744,5583.8704257744,5583.8704257744,5583.8704257744,5583.8704257744,1587705956.47652,coinmetrics-community,2.93164856,92868621710.0148,
2017-10-19,5708.31299094097,5708.31299094097,5708.31299094097,5708.31299094097,5708.31299094097,1068457139.48748,coinmetrics-community,2.96891932,94950999937.29617,
2017-10-20,6000.88313033314,6000.88313033314,6000.88313033314,6000.88313033314,6000.88313033314,1511958029.37771,coinmetrics-community,3.09805688,99830983341.49812,
2017-10-21,6030.20789275278,6030.20789275278,6030.20789275278,6030.20789275278,6030.20789275278,1468120811.15559,coinmetrics-community,3.09579617,100330364282.38658,
2017-10-22,5996.59813880772,5996.59813880772,5996.59813880772,5996.59813880772,5996.59813880772,1389205460.08276,coinmetrics-community,3.04834116,99784808761.18231,
2017-10-23,5888.25001665693,5888.25001665693,5888.25001665693,5888.25001665693,5888.25001665693,1506695220.09635,coinmetrics-community,2.93951363,97994456562.60483,
2017-10-24,5517.77535330216,5517.77535330216,5517.77535330216,5517.77535330216,5517.77535330216,1788946230.25609,coinmetrics-community,2.73999189,91840397164.74437,
2017-10-25,5736.01780157802,5736.01780157802,5736.01780157802,5736.01780157802,5736.01780157802,1150688732.41374,coinmetrics-community,2.83167233,95486189643.46216,
2017-10-26,5900.31772910579,5900.31772910579,5900.31772910579,5900.31772910579,5900.31772910579,1141333034.8766,coinmetrics-community,2.89701261,98234529051.36249,
2017-10-27,5771.94504617183,5771.94504617183,5771.94504617183,5771.94504617183,5771.94504617183,1035517277.27575,coinmetrics-community,2.82258819,96104752753.63956,
2017-10-28,5762.38857685564,5762.38857685564,5762.38857685564,5762.38857685564,5762.38857685564,742409573.724096,coinmetrics-community,2.81072114,95951756985.02437,
2017-10-29,6174.72884482758,6174.72884482758,6174.72884482758,6174.72884482758,6174.72884482758,1802278983.20184,coinmetrics-community,2.99284618,102829680333.08315,
2017-10-30,6119.25638398597,6119.25638398597,6119.25638398597,6119.25638398597,6119.25638398597,1012862525.19433,coinmetrics-community,2.94639905,101917124316.81866,
2017-10-31,6428.51463705435,6428.51463705435,6428.51463705435,6428.51463705435,6428.51463705435,1431725634.25744,coinmetrics-community,3.07051562,107078955661.09213,
2017-11-01,6726.41183459965,6726.41183459965,6726.41183459965,6726.41183459965,6726.41183459965,1727732581.96046,coinmetrics-community,3.17194342,112054108123.36008,
2017-11-02,7043.77793892461,7043.77793892461,7043.77793892461,7043.77793892461,7043.77793892461,3310475922.22559,coinmetrics-community,3.26783421,117354261151.30888,
2017-11-03,7198.63211075394,7198.63211075394,7198.63211075394,7198.63211075394,7198.63211075394,2204244475.98446,coinmetrics-community,3.2996631,119944947796.13875,
2017-11-04,7420.498078609,7420.498078609,7420.498078609,7420.498078609,7420.498078609,1576406929.5315,coinmetrics-community,3.37458714,123653778148.13254,
2017-11-05,7371.13902980713,7371.13902980713,7371.13902980713,7371.13902980713,7371.13902980713,1597041443.14525,coinmetrics-community,3.31955857,122844259916.039,
2017-11-06,6985.26384395091,6985.26384395091,6985.26384395091,6985.26384395091,6985.26384395091,2180664561.43492,coinmetrics-community,3.12842422,116425041611.90807,
2017-11-07,7118.20254383402,7118.20254383402,7118.20254383402,7118.20254383402,7118.20254383402,1500349701.18212,coinmetrics-community,3.16064437,118654642802.81985,
2017-11-08,7451.21278667446,7451.21278667446,7451.21278667446,7451.21278667446,7451.21278667446,3012091905.81496,coinmetrics-community,3.2777098,124219064692.37192,
2017-11-09,7117.73804967855,7117.73804967855,7117.73804967855,7117.73804967855,7117.73804967855,2037311731.70076,coinmetrics-community,3.10220792,118673324665.81557,
2017-11-10,6620.56733635301,6620.56733635301,6620.56733635301,6620.56733635301,6620.56733635301,3277737302.26683,coinmetrics-community,2.86889448,110393978633.48741,
2017-11-11,6346.72144915254,6346.72144915254,6346.72144915254,6346.72144915254,6346.72144915254,2882300228.9614,coinmetrics-community,2.7353594,105834109880.54944,
2017-11-12,5829.09782758621,5829.09782758621,5829.09782758621,5829.09782758621,5829.09782758621,6096731643.32953,coinmetrics-community,2.4696982,97208358771.0979,
2017-11-13,6519.44517212157,6519.44517212157,6519.44517212157,6519.44517212157,6519.44517212157,4043575956.20516,coinmetrics-community,2.72664306,108732275280.58282,
2017-11-14,6592.37439713618,6592.37439713618,6592.37439713618,6592.37439713618,6592.37439713618,1842117548.12476,coinmetrics-community,2.74071229,109959147530.6921,
2017-11-15,7257.37321215664,7257.37321215664,7257.37321215664,7257.37321215664,7257.37321215664,2539810201.27911,coinmetrics-community,2.97614814,121064949584.29532,
2017-11-16,7833.7044333723,7833.7044333723,7833.7044333723,7833.7044333723,7833.7044333723,3083827915.98911,coinmetrics-community,3.15562228,130693988524.30933,
2017-11-17,7729.03327001753,7729.03327001753,7729.03327001753,7729.03327001753,7729.03327001753,2855768020.54928,coinmetrics-community,3.06551771,128963836441.85411,
2017-11-18,7796.15424108708,7796.15424108708,7796.15424108708,7796.15424108708,7796.15424108708,2062765588.70993,coinmetrics-community,3.06748215,130097046001.08449,
2017-11-19,8018.32068848626,8018.32068848626,8018.32068848626,8018.32068848626,8018.32068848626,1807874526.2646,coinmetrics-community,3.12664738,133820448817.29451,
2017-11-20,8269.87425745178,8269.87425745178,8269.87425745178,8269.87425745178,8269.87425745178,1923399957.66513,coinmetrics-community,3.18401839,138036801223.38797,
2017-11-21,8091.99808357686,8091.99808357686,8091.99808357686,8091.99808357686,8091.99808357686,2614111762.64027,coinmetrics-community,3.07693153,135085275817.58249,
2017-11-22,8249.59733021625,8249.59733021625,8249.59733021625,8249.59733021625,8249.59733021625,1873753572.33572,coinmetrics-community,3.11368282,137731449923.46707,
2017-11-23,8071.66982144945,8071.66982144945,8071.66982144945,8071.66982144945,8071.66982144945,2162023612.34767,coinmetrics-community,3.0255203,134776695432.14293,
2017-11-24,8232.42233313851,8232.42233313851,8232.42233313851,8232.42233313851,8232.42233313851,2485311911.66282,coinmetrics-community,3.04932356,137476193155.39874,
2017-11-25,8760.1654421391,8760.1654421391,8760.1654421391,8760.1654421391,8760.1654421391,2280261586.35204,coinmetrics-community,3.19796528,146306248215.9796,
2017-11-26,9319.90331472823,9319.90331472823,9319.90331472823,9319.90331472823,9319.90331472823,3140672474.7161,coinmetrics-community,3.34857257,155672428867.92276,
2017-11-27,9730.72857948568,9730.72857948568,9730.72857948568,9730.72857948568,9730.72857948568,3160400861.5744,coinmetrics-community,3.43189779,162555212918.26862,
2017-11-28,9932.19418001169,9932.19418001169,9932.19418001169,9932.19418001169,9932.19418001169,3280278183.5941,coinmetrics-community,3.42405668,165940133781.83997,
2017-11-29,9800.02755172414,9800.02755172414,9800.02755172414,9800.02755172414,9800.02755172414,8921736543.43183,coinmetrics-community,3.31618599,163753179019.47836,
2017-11-30,9996.71497194623,9996.71497194623,9996.71497194623,9996.71497194623,9996.71497194623,5391735831.37959,coinmetrics-community,3.33958212,167060587956.13336,
2017-12-01,10808.9583325541,10808.9583325541,10808.9583325541,10808.9583325541,10808.9583325541,3874871945.49477,coinmetrics-community,3.55287307,180659157832.9406,
2017-12-02,10934.8599856809,10934.8599856809,10934.8599856809,10934.8599856809,10934.8599856809,2830907832.5274,coinmetrics-community,3.54526509,182785463832.0054,
2017-12-03,11213.9426554646,11213.9426554646,11213.9426554646,11213.9426554646,11213.9426554646,5646087292.27006,coinmetrics-community,3.59996863,187475238156.98578,
2017-12-04,11562.1285669199,11562.1285669199,11562.1285669199,11562.1285669199,11562.1285669199,3278054098.53244,coinmetrics-community,3.65371219,193322386457.61035,
2017-12-05,11736.7540672122,11736.7540672122,11736.7540672122,11736.7540672122,11736.7540672122,3668168320.95028,coinmetrics-community,3.65310274,196268293423.8813,
2017-12-06,13992.1323372297,13992.1323372297,13992.1323372297,13992.1323372297,13992.1323372297,7070289391.88574,coinmetrics-community,4.21096815,234016819443.28604,
2017-12-07,17032.2933763881,17032.2933763881,17032.2933763881,17032.2933763881,17032.2933763881,14272986057.4069,coinmetrics-community,4.7166582,284895527864.3471,
2017-12-08,16298.4873386908,16298.4873386908,16298.4873386908,16298.4873386908,16298.4873386908,22819828751.8978,coinmetrics-community,4.34686442,272653093293.32822,
2017-12-09,15050.0219541204,15050.0219541204,15050.0219541204,15050.0219541204,15050.0219541204,9655451874.88594,coinmetrics-community,3.96460494,251800579159.83594,
2017-12-10,15474.9995432496,15474.9995432496,15474.9995432496,15474.9995432496,15474.9995432496,9456248700.83903,coinmetrics-community,4.00840979,258942565166.25024,
2017-12-11,16873.4977849211,16873.4977849211,16873.4977849211,16873.4977849211,16873.4977849211,7036409324.66293,coinmetrics-community,4.25607302,282379648924.78217,
2017-12-12,17433.9307381648,17433.9307381648,17433.9307381648,17433.9307381648,17433.9307381648,7674229480.80272,coinmetrics-community,4.23927385,291792545813.21326,
2017-12-13,16515.15257218,16515.15257218,16515.15257218,16515.15257218,16515.15257218,7353198572.5849,coinmetrics-community,3.93575963,276453308738.91064,
2017-12-14,16602.8928033314,16602.8928033314,16602.8928033314,16602.8928033314,16602.8928033314,7021694798.81526,coinmetrics-community,3.8994793,277960419436.3015,
2017-12-15,17702.0021721216,17702.0021721216,17702.0021721216,17702.0021721216,17702.0021721216,7764363971.16502,coinmetrics-community,4.07868942,296398758942.56946,
2017-12-16,19640.5138834015,19640.5138834015,19640.5138834015,19640.5138834015,19640.5138834015,6416250465.98838,coinmetrics-community,4.43076633,328898790191.6652,
2017-12-17,19250.467650789,19250.467650789,19250.467650789,19250.467650789,19250.467650789,7153309803.18771,coinmetrics-community,4.25193445,322411617616.1133,
2017-12-18,18982.0250242548,18982.0250242548,18982.0250242548,18982.0250242548,18982.0250242548,7069309090.6677,coinmetrics-community,4.12995773,317958857882.7149,
2017-12-19,17653.3260894214,17653.3260894214,17653.3260894214,17653.3260894214,17653.3260894214,9075437766.62071,coinmetrics-community,3.80550806,295733348356.47894,
2017-12-20,16453.6272603741,16453.6272603741,16453.6272603741,16453.6272603741,16453.6272603741,10576466793.363,coinmetrics-community,3.49226172,275663636517.57117,
2017-12-21,15633.8336504968,15633.8336504968,15633.8336504968,15633.8336504968,15633.8336504968,8632057025.42646,coinmetrics-community,3.30154348,261954631857.07037,
2017-12-22,14305.7183436587,14305.7183436587,14305.7183436587,14305.7183436587,14305.7183436587,13100759149.3745,coinmetrics-community,3.01016272,239728949025.9045,
2017-12-23,14910.8581049094,14910.8581049094,14910.8581049094,14910.8581049094,14910.8581049094,6549802884.9827,coinmetrics-community,3.11960008,249895523156.7115,
2017-12-24,14026.3468661601,14026.3468661601,14026.3468661601,14026.3468661601,14026.3468661601,5713081925.63923,coinmetrics-community,2.92511724,235098385262.42294,
2017-12-25,14080.9422600818,14080.9422600818,14080.9422600818,14080.9422600818,14080.9422600818,4985179774.84297,coinmetrics-community,2.92950297,236037231091.89944,
2017-12-26,15727.1454792519,15727.1454792519,15727.1454792519,15727.1454792519,15727.1454792519,6725106485.65536,coinmetrics-community,3.23788307,263660263812.7842,
2017-12-27,15389.0005739334,15389.0005739334,15389.0005739334,15389.0005739334,15389.0005739334,6145528612.34565,coinmetrics-community,3.13118795,258021387628.2183,
2017-12-28,14289.4522095266,14289.4522095266,14289.4522095266,14289.4522095266,14289.4522095266,6156511564.87912,coinmetrics-community,2.90015736,239612301936.4987,
2017-12-29,14571.7460821157,14571.7460821157,14571.7460821157,14571.7460821157,14571.7460821157,6428963791.56415,coinmetrics-community,2.94080172,244375993508.84506,
2017-12-30,12948.7158828171,12948.7158828171,12948.7158828171,12948.7158828171,12948.7158828171,8275639110.7472,coinmetrics-community,2.60242905,217180538389.026,
2017-12-31,13921.4806414378,13921.4806414378,13921.4806414378,13921.4806414378,13921.4806414378,5641943211.38193,coinmetrics-community,2.78726716,233524465189.33484,
2018-01-01,13464.6536116306,13464.6536116306,13464.6536116306,13464.6536116306,13464.6536116306,4860751725.77271,coinmetrics-community,2.69423548,225887722580.94855,
2018-01-02,14754.322204851,14754.322204851,14754.322204851,14754.322204851,14754.322204851,8485367891.59939,coinmetrics-community,2.92544313,247555189825.18143,
2018-01-03,15010.2861595558,15010.2861595558,15010.2861595558,15010.2861595558,15010.2861595558,8041485823.53283,coinmetrics-community,2.96026687,251879335164.3486,
2018-01-04,15070.3007986558,15070.3007986558,15070.3007986558,15070.3007986558,15070.3007986558,11381775713.9547,coinmetrics-community,2.94402195,252918055361.86145,
2018-01-05,16997.2274079486,16997.2274079486,16997.2274079486,16997.2274079486,16997.2274079486,12881652708.6974,coinmetrics-community,3.26196426,285287177348.30896,
2018-01-06,17103.589279661,17103.589279661,17103.589279661,17103.589279661,17103.589279661,9992472193.43469,coinmetrics-community,3.24692954,287108308287.37244,
2018-01-07,16231.6949994155,16231.6949994155,16231.6949994155,16231.6949994155,16231.6949994155,8419255304.31544,coinmetrics-community,3.04278121,272505179860.49536,
2018-01-08,14937.4150894214,14937.4150894214,14937.4150894214,14937.4150894214,14937.4150894214,9159319115.28084,coinmetrics-community,2.80152545,250807207092.34378,
2018-01-09,14378.5862174167,14378.5862174167,14378.5862174167,14378.5862174167,14378.5862174167,8137540691.94447,coinmetrics-community,2.69017079,241453646852.43872,
2018-01-10,14669.0882656341,14669.0882656341,14669.0882656341,14669.0882656341,14669.0882656341,8521803305.32674,coinmetrics-community,2.73334467,246362365863.32315,
2018-01-11,13186.7549427236,13186.7549427236,13186.7549427236,13186.7549427236,13186.7549427236,8391225799.33931,coinmetrics-community,2.45400706,221498893134.71695,
2018-01-12,13789.4436639392,13789.4436639392,13789.4436639392,13789.4436639392,13789.4436639392,5227365279.55324,coinmetrics-community,2.55762013,231652981446.4985,
2018-01-13,14231.2250645821,14231.2250645821,14231.2250645821,14231.2250645821,14231.2250645821,6330581687.77252,coinmetrics-community,2.63127775,239101104762.35962,
2018-01-14,13681.0654611338,13681.0654611338,13681.0654611338,13681.0654611338,13681.0654611338,5290916471.00426,coinmetrics-community,2.52606465,229884291706.0993,
2018-01-15,13591.6961966686,13591.6961966686,13591.6961966686,13591.6961966686,13591.6961966686,5649578565.76578,coinmetrics-community,2.50804935,228408095575.09323,
2018-01-16,11431.0401052016,11431.0401052016,11431.0401052016,11431.0401052016,11431.0401052016,10837286895.8856,coinmetrics-community,2.12079726,192121046221.58783,
2018-01-17,11159.6085905903,11159.6085905903,11159.6085905903,11159.6085905903,11159.6085905903,9676976776.29438,coinmetrics-community,2.07376393,187582403000.91153,
2018-01-18,11246.0397302747,11246.0397302747,11246.0397302747,11246.0397302747,11246.0397302747,7330701976.12835,coinmetrics-community,2.09352287,189059547788.1338,
2018-01-19,11440.2555616598,11440.2555616598,11440.2555616598,11440.2555616598,11440.2555616598,4851711332.08828,coinmetrics-community,2.129939,192348146652.9038,
2018-01-20,12768.4045856224,12768.4045856224,12768.4045856224,12768.4045856224,12768.4045856224,5071200170.09332,coinmetrics-community,2.37080852,214707089256.08002,
2018-01-21,11422.3942589129,11422.3942589129,11422.3942589129,11422.3942589129,11422.3942589129,4399739749.26528,coinmetrics-community,2.12617327,192099954357.02213,
2018-01-22,10737.3505774401,10737.3505774401,10737.3505774401,10737.3505774401,10737.3505774401,5067688042.54421,coinmetrics-community,2.00268788,180601416229.53214,
2018-01-23,10849.3918793103,10849.3918793103,10849.3918793103,10849.3918793103,10849.3918793103,4366408648.92985,coinmetrics-community,2.02766184,182509946645.00696,
2018-01-24,11225.8961747516,11225.8961747516,11225.8961747516,11225.8961747516,11225.8961747516,4053152171.77945,coinmetrics-community,2.09753554,188868250111.49985,
2018-01-25,11130.4649473992,11130.4649473992,11130.4649473992,11130.4649473992,11130.4649473992,3816742551.68815,coinmetrics-community,2.08000559,187284665737.68317,
2018-01-26,11035.5546098773,11035.5546098773,11035.5546098773,11035.5546098773,11035.5546098773,4519503151.64297,coinmetrics-community,2.05791562,185709056259.20752,
2018-01-27,11320.9701852718,11320.9701852718,11320.9701852718,11320.9701852718,11320.9701852718,3083476118.42893,coinmetrics-community,2.10883443,190534317916.2448,
2018-01-28,11615.95871128,11615.95871128,11615.95871128,11615.95871128,11615.95871128,3550604072.8944,coinmetrics-community,2.15410037,195521978595.36047,
2018-01-29,11132.5543138515,11132.5543138515,11132.5543138515,11132.5543138515,11132.5543138515,2903057773.27411,coinmetrics-community,2.06552658,187405821048.53976,
2018-01-30,9959.54671537113,9959.54671537113,9959.54671537113,9959.54671537113,9959.54671537113,4277479108.09302,coinmetrics-community,1.85916763,167680159360.35452,
2018-01-31,10050.0957971946,10050.0957971946,10050.0957971946,10050.0957971946,10050.0957971946,3356067064.59929,coinmetrics-community,1.87794381,169219353157.635,
2018-02-01,9039.86507510228,9039.86507510228,9039.86507510228,9039.86507510228,9039.86507510228,5030837955.34331,coinmetrics-community,1.69691999,152227586137.8496,
2018-02-02,8786.0773798948,8786.0773798948,8786.0773798948,8786.0773798948,8786.0773798948,6299179054.14657,coinmetrics-community,1.66151934,147972357159.3378,
2018-02-03,9132.10032232613,9132.10032232613,9132.10032232613,9132.10032232613,9132.10032232613,3033162135.9753,coinmetrics-community,1.72878243,153818002832.4506,
2018-02-04,8250.52689596727,8250.52689596727,8250.52689596727,8250.52689596727,8250.52689596727,3260391297.52981,coinmetrics-community,1.56184746,138987436238.7948,
2018-02-05,6849.54255932203,6849.54255932203,6849.54255932203,6849.54255932203,6849.54255932203,4907155622.83965,coinmetrics-community,1.30831891,115402453262.58665,
2018-02-06,7738.64395967271,7738.64395967271,7738.64395967271,7738.64395967271,7738.64395967271,6353806064.74921,coinmetrics-community,1.48101152,130398654837.18138,
2018-02-07,7624.59538953828,7624.59538953828,7624.59538953828,7624.59538953828,7624.59538953828,4237061278.33995,coinmetrics-community,1.46484643,128490337875.27019,
2018-02-08,8218.58085184103,8218.58085184103,8218.58085184103,8218.58085184103,8218.58085184103,2655056802.7579,coinmetrics-community,1.58085047,138513689945.96112,
2018-02-09,8660.45346785505,8660.45346785505,8660.45346785505,8660.45346785505,8660.45346785505,2902952628.23414,coinmetrics-community,1.6660923,145975503391.69897,
2018-02-10,8530.29280479252,8530.29280479252,8530.29280479252,8530.29280479252,8530.29280479252,3791122188.48017,coinmetrics-community,1.64139497,143796839806.93958,
2018-02-11,8096.72848129749,8096.72848129749,8096.72848129749,8096.72848129749,8096.72848129749,2561266444.38687,coinmetrics-community,1.55971533,136503442480.99644,
2018-02-12,8907.67017913501,8907.67017913501,8907.67017913501,8907.67017913501,8907.67017913501,2668412728.30761,coinmetrics-community,1.71364615,150193661791.17108,
2018-02-13,8523.96693191116,8523.96693191116,8523.96693191116,8523.96693191116,8523.96693191116,2383698259.21943,coinmetrics-community,1.64241903,143741453662.46918,
2018-02-14,9467.3010327294,9467.3010327294,9467.3010327294,9467.3010327294,9467.3010327294,3469500397.24145,coinmetrics-community,1.81957973,159670278815.20184,
2018-02-15,10106.7330835769,10106.7330835769,10106.7330835769,10106.7330835769,10106.7330835769,4097044315.66497,coinmetrics-community,1.93482187,170471136968.4026,
2018-02-16,10189.3164833431,10189.3164833431,10189.3164833431,10189.3164833431,10189.3164833431,2996920473.7275,coinmetrics-community,1.9474862,171884074815.1278,
2018-02-17,11085.5984143776,11085.5984143776,11085.5984143776,11085.5984143776,11085.5984143776,3752018832.15383,coinmetrics-community,2.11360732,187024145183.5038,
2018-02-18,10452.0919772063,10452.0919772063,10452.0919772063,10452.0919772063,10452.0919772063,4279315355.15402,coinmetrics-community,1.99108492,176357479895.8642,
2018-02-19,11139.3557305669,11139.3557305669,11139.3557305669,11139.3557305669,11139.3557305669,3267334278.01134,coinmetrics-community,2.11485368,187976194475.8602,
2018-02-20,11245.9323179427,11245.9323179427,11245.9323179427,11245.9323179427,11245.9323179427,4752309023.28305,coinmetrics-community,2.12780635,189794491196.21036,
2018-02-21,10458.8650888369,10458.8650888369,10458.8650888369,10458.8650888369,10458.8650888369,4756550133.59898,coinmetrics-community,1.97827013,176533469479.53174,
2018-02-22,9878.15894272355,9878.15894272355,9878.15894272355,9878.15894272355,9878.15894272355,4208590104.564,coinmetrics-community,1.84607258,166750223696.01346,
2018-02-23,10159.0656125073,10159.0656125073,10159.0656125073,10159.0656125073,10159.0656125073,3716950706.91194,coinmetrics-community,1.89577059,171510918790.7929,
2018-02-24,9686.60177995325,9686.60177995325,9686.60177995325,9686.60177995325,9686.60177995325,3323797821.06575,coinmetrics-community,1.8093287,163552082148.23416,
2018-02-25,9603.22747749854,9603.22747749854,9603.22747749854,9603.22747749854,9603.22747749854,2337924904.86122,coinmetrics-community,1.7940982,162164887219.03528,
2018-02-26,10312.3657130333,10312.3657130333,10312.3657130333,10312.3657130333,10312.3657130333,3084180111.77062,coinmetrics-community,1.92409125,174157924575.1811,
2018-02-27,10654.1072948568,10654.1072948568,10654.1072948568,10654.1072948568,10654.1072948568,2983422098.24557,coinmetrics-community,1.98459986,179950653847.5196,
2018-02-28,10307.0249663939,10307.0249663939,10307.0249663939,10307.0249663939,10307.0249663939,3026890585.82187,coinmetrics-community,1.91774992,174108312562.12915,
2018-03-01,10923.6308617767,10923.6308617767,10923.6308617767,10923.6308617767,10923.6308617767,2750860691.5708,coinmetrics-community,2.0275908,184546671784.81293,
2018-03-02,11014.0584672706,11014.0584672706,11014.0584672706,11014.0584672706,11014.0584672706,2761232283.89375,coinmetrics-community,2.0411051,186095856775.3983,
2018-03-03,11425.6805654588,11425.6805654588,11425.6805654588,11425.6805654588,11425.6805654588,2504802418.85409,coinmetrics-community,2.11464502,193076418415.27505,
2018-03-04,11462.5831975453,11462.5831975453,11462.5831975453,11462.5831975453,11462.5831975453,2228561808.51921,coinmetrics-community,2.11715719,193721221886.46194,
2018-03-05,11540.6623205728,11540.6623205728,11540.6623205728,11540.6623205728,11540.6623205728,2565685751.97016,coinmetrics-community,2.124487,195062277838.50427,
2018-03-06,10677.0352308591,10677.0352308591,10677.0352308591,10677.0352308591,10677.0352308591,3164460584.02025,coinmetrics-community,1.96727059,180485923073.3736,
2018-03-07,9903.0850490941,9903.0850490941,9903.0850490941,9903.0850490941,9903.0850490941,4489280669.15321,coinmetrics-community,1.82720774,167422408355.8916,
2018-03-08,9330.47545295149,9330.47545295149,9330.47545295149,9330.47545295149,9330.47545295149,3380900955.26333,coinmetrics-community,1.72480924,157760715442.68668,
2018-03-09,9278.13918439509,9278.13918439509,9278.13918439509,9278.13918439509,9278.13918439509,4426464627.66292,coinmetrics-community,1.72471755,156892740604.1144,
2018-03-10,8786.56042314436,8786.56042314436,8786.56042314436,8786.56042314436,8786.56042314436,2532356631.16666,coinmetrics-community,1.6363096,148595551650.91345,
2018-03-11,9513.53539976622,9513.53539976622,9513.53539976622,9513.53539976622,9513.53539976622,2943405217.56528,coinmetrics-community,1.76958222,160908118884.28043,
2018-03-12,9147.89018059615,9147.89018059615,9147.89018059615,9147.89018059615,9147.89018059615,3144949082.36809,coinmetrics-community,1.70331347,154742152551.3773,
2018-03-13,9160.54293278784,9160.54293278784,9160.54293278784,9160.54293278784,9160.54293278784,3150661118.50854,coinmetrics-community,1.70702426,154974273658.9103,
2018-03-14,8222.12723904149,8222.12723904149,8222.12723904149,8222.12723904149,8222.12723904149,3506911720.58039,coinmetrics-community,1.53691592,139113345204.6385,
2018-03-15,8268.58912244302,8268.58912244302,8268.58912244302,8268.58912244302,8268.58912244302,3541862888.09283,coinmetrics-community,1.54749227,139914335208.6044,
2018-03-16,8376.90449824664,8376.90449824664,8376.90449824664,8376.90449824664,8376.90449824664,2594125864.48675,coinmetrics-community,1.56958433,141763494802.30853,
2018-03-17,7881.66192051432,7881.66192051432,7881.66192051432,7881.66192051432,7881.66192051432,2130351160.58523,coinmetrics-community,1.47896206,133397116859.14586,
2018-03-18,8189.01671917008,8189.01671917008,8189.01671917008,8189.01671917008,8189.01671917008,3440096963.45024,coinmetrics-community,1.5372127,138614553160.81686,
2018-03-19,8537.0156233197,8537.0156233197,8537.0156233197,8537.0156233197,8537.0156233197,3370976777.80987,coinmetrics-community,1.60262445,144521631437.1412,
2018-03-20,8895.54717913501,8895.54717913501,8895.54717913501,8895.54717913501,8895.54717913501,3011666769.39697,coinmetrics-community,1.66984764,150605270576.6591,
2018-03-21,8879.5942565751,8879.5942565751,8879.5942565751,8879.5942565751,8879.5942565751,2877253201.20721,coinmetrics-community,1.66685407,150352052268.78598,
2018-03-22,8710.66493512566,8710.66493512566,8710.66493512566,8710.66493512566,8710.66493512566,2614855846.34052,coinmetrics-community,1.6366036,147507258760.04517,
2018-03-23,8771.74632349503,8771.74632349503,8771.74632349503,8771.74632349503,8771.74632349503,2610052109.39162,coinmetrics-community,1.64830412,148556200040.7051,
2018-03-24,8610.9885163647,8610.9885163647,8610.9885163647,8610.9885163647,8610.9885163647,2711529107.89857,coinmetrics-community,1.61787156,145850435654.06192,
2018-03-25,8440.61092255991,8440.61092255991,8440.61092255991,8440.61092255991,8440.61092255991,2101728352.44922,coinmetrics-community,1.58785272,142978872725.61987,
2018-03-26,8171.18435447107,8171.18435447107,8171.18435447107,8171.18435447107,8171.18435447107,2923808298.38174,coinmetrics-community,1.54056226,138430269669.80038,
2018-03-27,7837.26531940386,7837.26531940386,7837.26531940386,7837.26531940386,7837.26531940386,2537834744.65582,coinmetrics-community,1.47972397,132788146745.2988,
2018-03-28,7933.64272969024,7933.64272969024,7933.64272969024,7933.64272969024,7933.64272969024,1897096623.32438,coinmetrics-community,1.49995286,134434473959.64537,
2018-03-29,7108.5708132671,7108.5708132671,7108.5708132671,7108.5708132671,7108.5708132671,3263772733.7828,coinmetrics-community,1.34902071,120467251234.3931,
2018-03-30,6832.14906633548,6832.14906633548,6832.14906633548,6832.14906633548,6832.14906633548,3348780122.27085,coinmetrics-community,1.30076662,115796633032.06473,
2018-03-31,6922.2812969024,6922.2812969024,6922.2812969024,6922.2812969024,6922.2812969024,2191801990.69951,coinmetrics-community,1.31875342,117335340577.46039,
2018-04-01,6804.52487931035,6804.52487931035,6804.52487931035,6804.52487931035,6804.52487931035,2080295669.18854,coinmetrics-community,1.29804435,115353102998.06737,
2018-04-02,7033.25960958504,7033.25960958504,7033.25960958504,7033.25960958504,7033.25960958504,1801120139.34515,coinmetrics-community,1.34269917,119244423031.53572,
2018-04-03,7420.80051548802,7420.80051548802,7420.80051548802,7420.80051548802,7420.80051548802,2458133235.08993,coinmetrics-community,1.41752889,125830051366.80844,
2018-04-04,6780.54360140269,6780.54360140269,6780.54360140269,6780.54360140269,6780.54360140269,2360364204.59413,coinmetrics-community,1.29795987,114986059183.08643,
2018-04-05,6798.42261659848,6798.42261659848,6798.42261659848,6798.42261659848,6798.42261659848,2427639510.47249,coinmetrics-community,1.30312944,115302512667.86041,
2018-04-06,6610.49234979544,6610.49234979544,6610.49234979544,6610.49234979544,6610.49234979544,1727229667.59611,coinmetrics-community,1.26963243,112126583471.01807,
2018-04-07,6886.46947194623,6886.46947194623,6886.46947194623,6886.46947194623,6886.46947194623,1811342125.07231,coinmetrics-community,1.32349168,116823177434.98444,
2018-04-08,7009.99610432496,7009.99610432496,7009.99610432496,7009.99610432496,7009.99610432496,1348823780.66944,coinmetrics-community,1.34758367,118932810742.21153,
2018-04-09,6736.89282378726,6736.89282378726,6736.89282378726,6736.89282378726,6736.89282378726,2266121450.49503,coinmetrics-community,1.29733763,114311672118.16815,
2018-04-10,6816.71861542957,6816.71861542957,6816.71861542957,6816.71861542957,6816.71861542957,1688350217.66266,coinmetrics-community,1.3143587,115680131308.85144,
2018-04-11,6944.78585710111,6944.78585710111,6944.78585710111,6944.78585710111,6944.78585710111,1921606952.92542,coinmetrics-community,1.33919481,117867416604.65047,
2018-04-12,7904.33027527762,7904.33027527762,7904.33027527762,7904.33027527762,7904.33027527762,4266007430.44373,coinmetrics-community,1.52215846,134168090914.60822,
2018-04-13,7919.06469462303,7919.06469462303,7919.06469462303,7919.06469462303,7919.06469462303,3661932728.02589,coinmetrics-community,1.52369622,134434525998.6731,
2018-04-14,8006.41794330801,8006.41794330801,8006.41794330801,8006.41794330801,8006.41794330801,1926565807.34713,coinmetrics-community,1.54037773,135931151075.12418,
2018-04-15,8342.27110140269,8342.27110140269,8342.27110140269,8342.27110140269,8342.27110140269,2118257602.2295,coinmetrics-community,1.60406337,141650187328.7155,
2018-04-16,8046.98213354763,8046.98213354763,8046.98213354763,8046.98213354763,8046.98213354763,2403882663.88993,coinmetrics-community,1.54777167,136650419244.81303,
2018-04-17,7887.73795791935,7887.73795791935,7887.73795791935,7887.73795791935,7887.73795791935,2904706586.35072,coinmetrics-community,1.51791712,133962175227.62909,
2018-04-18,8162.83486177674,8162.83486177674,8162.83486177674,8162.83486177674,8162.83486177674,2514493797.42572,coinmetrics-community,1.57002305,138650636284.67514,
2018-04-19,8272.96731589714,8272.96731589714,8272.96731589714,8272.96731589714,8272.96731589714,2743277476.96127,coinmetrics-community,1.58612722,140539709293.91605,
2018-04-20,8839.5011320865,8839.5011320865,8839.5011320865,8839.5011320865,8839.5011320865,3497128496.45055,coinmetrics-community,1.69131108,150179023464.44382,
2018-04-21,8863.54082904734,8863.54082904734,8863.54082904734,8863.54082904734,8863.54082904734,2992931628.71428,coinmetrics-community,1.69378446,150605063050.8505,
2018-04-22,8800.95908708358,8800.95908708358,8800.95908708358,8800.95908708358,8800.95908708358,2533489559.06669,coinmetrics-community,1.68092587,149559305824.3162,
2018-04-23,8930.78463354763,8930.78463354763,8930.78463354763,8930.78463354763,8930.78463354763,2405363583.83001,coinmetrics-community,1.70339486,151782579435.7192,
2018-04-24,9652.21378872005,9652.21378872005,9652.21378872005,9652.21378872005,9652.21378872005,4629536193.53334,coinmetrics-community,1.83531084,164062766307.80725,
2018-04-25,8855.50893658679,8855.50893658679,8855.50893658679,8855.50893658679,8855.50893658679,5511346901.47436,coinmetrics-community,1.68455575,150534451808.20685,
2018-04-26,9264.72742694331,9264.72742694331,9264.72742694331,9264.72742694331,9264.72742694331,3482411384.91468,coinmetrics-community,1.75708104,157507070083.4661,
2018-04-27,8981.33079018118,8981.33079018118,8981.33079018118,8981.33079018118,8981.33079018118,2987561331.91315,coinmetrics-community,1.70402847,152705064058.87262,
2018-04-28,9341.82468468732,9341.82468468732,9341.82468468732,9341.82468468732,9341.82468468732,3205283086.83839,coinmetrics-community,1.77091583,158849307909.90692,
2018-04-29,9396.99762974869,9396.99762974869,9396.99762974869,9396.99762974869,9396.99762974869,3610016817.37009,coinmetrics-community,1.78054751,159806033177.31946,
2018-04-30,9228.7264836353,9228.7264836353,9228.7264836353,9228.7264836353,9228.7264836353,3667417865.89074,coinmetrics-community,1.74740041,156962282341.70627,
2018-05-01,9072.16875745178,9072.16875745178,9072.16875745178,9072.16875745178,9072.16875745178,3128629926.35322,coinmetrics-community,1.71724649,154317464332.452,
2018-05-02,9204.12764056108,9204.12764056108,9204.12764056108,9204.12764056108,9204.12764056108,2434746727.21087,coinmetrics-community,1.7386519,156578190321.4114,
2018-05-03,9750.70014640561,9750.70014640561,9750.70014640561,9750.70014640561,9750.70014640561,4167439407.46073,coinmetrics-community,1.83904816,165894741989.1293,
2018-05-04,9696.64290999416,9696.64290999416,9696.64290999416,9696.64290999416,9696.64290999416,3152376087.7931,coinmetrics-community,1.82662477,164991759225.75504,
2018-05-05,9795.92577206312,9795.92577206312,9795.92577206312,9795.92577206312,9795.92577206312,2671364347.56876,coinmetrics-community,1.84393794,166700806032.8765,
2018-05-06,9595.08681940386,9595.08681940386,9595.08681940386,9595.08681940386,9595.08681940386,2473240234.29096,coinmetrics-community,1.80577797,163299488641.55853,
2018-05-07,9339.5108471654,9339.5108471654,9339.5108471654,9339.5108471654,9339.5108471654,2784524994.36716,coinmetrics-community,1.75762436,158967333946.10678,
2018-05-08,9212.36963471654,9212.36963471654,9212.36963471654,9212.36963471654,9212.36963471654,2631685417.13612,coinmetrics-community,1.73387152,156819276398.11127,
2018-05-09,9293.04227352425,9293.04227352425,9293.04227352425,9293.04227352425,9293.04227352425,2814445637.50939,coinmetrics-community,1.74723256,158211127488.79486,
2018-05-10,9037.53050905903,9037.53050905903,9037.53050905903,9037.53050905903,9037.53050905903,2659822682.79102,coinmetrics-community,1.69887071,153878517153.77625,
2018-05-11,8419.75858737581,8419.75858737581,8419.75858737581,8419.75858737581,8419.75858737581,3673204923.43886,coinmetrics-community,1.58493865,143373321270.30786,
2018-05-12,8485.77526680304,8485.77526680304,8485.77526680304,8485.77526680304,8485.77526680304,2662348815.39531,coinmetrics-community,1.5974431,144514968309.05743,
2018-05-13,8695.83309380479,8695.83309380479,8695.83309380479,8695.83309380479,8695.83309380479,2162747142.61486,coinmetrics-community,1.63680889,148108395237.23602,
2018-05-14,8671.07417475161,8671.07417475161,8671.07417475161,8671.07417475161,8671.07417475161,2901419821.25292,coinmetrics-community,1.62361239,147701005849.94635,
2018-05-15,8488.463421391,8488.463421391,8488.463421391,8488.463421391,8488.463421391,2410484680.65151,coinmetrics-community,1.58958164,144605949351.01572,
2018-05-16,8327.75620134424,8327.75620134424,8327.75620134424,8327.75620134424,8327.75620134424,2353573010.43316,coinmetrics-community,1.56132079,141886841023.80402,
2018-05-17,8050.51623933372,8050.51623933372,8050.51623933372,8050.51623933372,8050.51623933372,2076860044.22042,coinmetrics-community,1.50426871,137176558811.93735,
2018-05-18,8233.08645528931,8233.08645528931,8233.08645528931,8233.08645528931,8233.08645528931,1910016213.18732,coinmetrics-community,1.5392871,140302690393.97842,
2018-05-19,8229.48293571011,8229.48293571011,8229.48293571011,8229.48293571011,8229.48293571011,1531623641.31902,coinmetrics-community,1.53821787,140257123405.43295,
2018-05-20,8511.44883021625,8511.44883021625,8511.44883021625,8511.44883021625,8511.44883021625,1665434822.69478,coinmetrics-community,1.59036292,145078058846.0959,
2018-05-21,8398.62312653419,8398.62312653419,8398.62312653419,8398.62312653419,8398.62312653419,1767401793.83813,coinmetrics-community,1.56883389,143171421543.00043,
2018-05-22,8007.52653214495,8007.52653214495,8007.52653214495,8007.52653214495,8007.52653214495,1806444333.05227,coinmetrics-community,1.49717102,136519507769.17958,
2018-05-23,7520.86767913501,7520.86767913501,7520.86767913501,7520.86767913501,7520.86767913501,2715947661.48009,coinmetrics-community,1.40810171,128237740095.40971,
2018-05-24,7575.62448597312,7575.62448597312,7575.62448597312,7575.62448597312,7575.62448597312,2214309045.9573,coinmetrics-community,1.41826534,129184935653.3735,
2018-05-25,7425.37567445938,7425.37567445938,7425.37567445938,7425.37567445938,7425.37567445938,1692324446.24225,coinmetrics-community,1.39150485,126639121906.13663,
2018-05-26,7326.30318644068,7326.30318644068,7326.30318644068,7326.30318644068,7326.30318644068,1237994129.71207,coinmetrics-community,1.37360478,124964285195.887,
2018-05-27,7338.19304441847,7338.19304441847,7338.19304441847,7338.19304441847,7338.19304441847,1261247355.91929,coinmetrics-community,1.37644815,125182133039.21864,
2018-05-28,7110.82388164816,7110.82388164816,7110.82388164816,7110.82388164816,7110.82388164816,1881511560.29624,coinmetrics-community,1.33597351,121317311761.56834,
2018-05-29,7453.63372501461,7453.63372501461,7453.63372501461,7453.63372501461,7453.63372501461,2164969633.41483,coinmetrics-community,1.40088628,127178919277.39346,
2018-05-30,7374.6690490941,7374.6690490941,7374.6690490941,7374.6690490941,7374.6690490941,1931206143.03947,coinmetrics-community,1.38664652,125847610692.34056,
2018-05-31,7478.74186703682,7478.74186703682,7478.74186703682,7478.74186703682,7478.74186703682,1900662429.2591,coinmetrics-community,1.40689168,127639489898.6821,
2018-06-01,7519.83573728814,7519.83573728814,7519.83573728814,7519.83573728814,7519.83573728814,1624858997.02645,coinmetrics-community,1.41524122,128356441555.94876,
2018-06-02,7637.44825306838,7637.44825306838,7637.44825306838,7637.44825306838,7637.44825306838,1735868076.63539,coinmetrics-community,1.43730299,130378486453.76413,
2018-06-03,7702.15793308007,7702.15793308007,7702.15793308007,7702.15793308007,7702.15793308007,1535154038.93529,coinmetrics-community,1.44919617,131498835221.02681,
2018-06-04,7486.65319959088,7486.65319959088,7486.65319959088,7486.65319959088,7486.65319959088,1733884753.13009,coinmetrics-community,1.40952829,127836651623.76183,
2018-06-05,7611.14985271771,7611.14985271771,7611.14985271771,7611.14985271771,7611.14985271771,1665255408.55444,coinmetrics-community,1.43371987,129979115426.49301,
2018-06-06,7650.77580713033,7650.77580713033,7650.77580713033,7650.77580713033,7650.77580713033,1579709620.19637,coinmetrics-community,1.44133056,130669884421.28532,
2018-06-07,7665.9478962595,7665.9478962595,7665.9478962595,7665.9478962595,7665.9478962595,1413674344.47318,coinmetrics-community,1.44450247,130942715943.34392,
2018-06-08,7622.60233021625,7622.60233021625,7622.60233021625,7622.60233021625,7622.60233021625,1325058554.55448,coinmetrics-community,1.43712165,130216094923.58316,
2018-06-09,7556.17169783752,7556.17169783752,7556.17169783752,7556.17169783752,7556.17169783752,1089914042.62797,coinmetrics-community,1.42518183,129094774239.7812,
2018-06-10,6744.73580099357,6744.73580099357,6744.73580099357,6744.73580099357,6744.73580099357,2514395605.08185,coinmetrics-community,1.27551954,115242359003.23732,
2018-06-11,6849.45268731736,6849.45268731736,6849.45268731736,6849.45268731736,6849.45268731736,1617109247.61428,coinmetrics-community,1.29750932,117043566259.5198,
2018-06-12,6526.69968001169,6526.69968001169,6526.69968001169,6526.69968001169,6526.69968001169,1817962799.54857,coinmetrics-community,1.23858038,111540186918.58978,
2018-06-13,6306.51316803039,6306.51316803039,6306.51316803039,6306.51316803039,6306.51316803039,2100030992.91144,coinmetrics-community,1.20092906,107788509788.87523,
2018-06-14,6629.77012419638,6629.77012419638,6629.77012419638,6629.77012419638,6629.77012419638,1980634417.47285,coinmetrics-community,1.2632478,113326173419.85922,
2018-06-15,6399.67404646406,6399.67404646406,6399.67404646406,6399.67404646406,6399.67404646406,1294591077.58207,coinmetrics-community,1.22097074,109405258626.73557,
2018-06-16,6495.31530917592,6495.31530917592,6495.31530917592,6495.31530917592,6495.31530917592,944008732.37368,coinmetrics-community,1.23955794,111053766097.57834,
2018-06-17,6450.69397282291,6450.69397282291,6450.69397282291,6450.69397282291,6450.69397282291,828273986.231632,coinmetrics-community,1.23172728,110303511512.67043,
2018-06-18,6703.81258971362,6703.81258971362,6703.81258971362,6703.81258971362,6703.81258971362,1442624553.26639,coinmetrics-community,1.28056779,114645451013.78528,
2018-06-19,6732.50880917592,6732.50880917592,6732.50880917592,6732.50880917592,6732.50880917592,1318946990.85709,coinmetrics-community,1.28664559,115149244502.89522,
2018-06-20,6753.20682583285,6753.20682583285,6753.20682583285,6753.20682583285,6753.20682583285,1287807987.90898,coinmetrics-community,1.29123078,115516336692.91388,
2018-06-21,6720.37323436587,6720.37323436587,6720.37323436587,6720.37323436587,6720.37323436587,1208723754.05465,coinmetrics-community,1.28466547,114968985603.38638,
2018-06-22,6059.5758591467,6059.5758591467,6059.5758591467,6059.5758591467,6059.5758591467,2255997829.49552,coinmetrics-community,1.16113556,103675812241.77997,
2018-06-23,6174.22577936879,6174.22577936879,6174.22577936879,6174.22577936879,6174.22577936879,1073224872.20511,coinmetrics-community,1.18384639,105649754025.73975,
2018-06-24,6146.48719491526,6146.48719491526,6146.48719491526,6146.48719491526,6146.48719491526,1767904908.4493,coinmetrics-community,1.17963703,105188245647.2729,
2018-06-25,6243.53544097019,6243.53544097019,6243.53544097019,6243.53544097019,6243.53544097019,1367782378.18984,coinmetrics-community,1.19907224,106861339065.99004,
2018-06-26,6096.12876621859,6096.12876621859,6096.12876621859,6096.12876621859,6096.12876621859,945795453.76712,coinmetrics-community,1.17183193,104349523004.1154,
2018-06-27,6139.18968322618,6139.18968322618,6139.18968322618,6139.18968322618,6139.18968322618,1010806587.96073,coinmetrics-community,1.19000509,105095896985.98285,
2018-06-28,5858.63577819988,5858.63577819988,5858.63577819988,5858.63577819988,5858.63577819988,1203038143.2898,coinmetrics-community,1.13776355,100304632985.26031,
2018-06-29,6220.9137150789,6220.9137150789,6220.9137150789,6220.9137150789,6220.9137150789,1466605118.6961,coinmetrics-community,1.20834141,106518869341.18805,
2018-06-30,6375.5412314436,6375.5412314436,6375.5412314436,6375.5412314436,6375.5412314436,1784356456.91135,coinmetrics-community,1.23851505,109177747554.53374,
2018-07-01,6361.40253886616,6361.40253886616,6361.40253886616,6361.40253886616,6361.40253886616,1240081376.49149,coinmetrics-community,1.23860628,108947319052.50594,
2018-07-02,6608.367157218,6608.367157218,6608.367157218,6608.367157218,6608.367157218,1659031934.35181,coinmetrics-community,1.28633397,113188557636.73059,
2018-07-03,6498.3078591467,6498.3078591467,6498.3078591467,6498.3078591467,6498.3078591467,1998948489.48135,coinmetrics-community,1.26579418,111312877114.31287,
2018-07-04,6579.33337638808,6579.33337638808,6579.33337638808,6579.33337638808,6579.33337638808,1411178209.17051,coinmetrics-community,1.28137705,112711825499.79326,
2018-07-05,6535.29840268849,6535.29840268849,6535.29840268849,6535.29840268849,6535.29840268849,1441666771.76391,coinmetrics-community,1.27324533,111968645594.2585,
2018-07-06,6598.45909585038,6598.45909585038,6598.45909585038,6598.45909585038,6598.45909585038,1285002355.28508,coinmetrics-community,1.28661278,113063968657.09964,
2018-07-07,6737.85608036236,6737.85608036236,6737.85608036236,6737.85608036236,6737.85608036236,1128957682.49045,coinmetrics-community,1.31378163,115465661540.18742,
2018-07-08,6704.91998012858,6704.91998012858,6704.91998012858,6704.91998012858,6704.91998012858,1127196029.9809,coinmetrics-community,1.30865599,114914482588.6505,
2018-07-09,6664.02409351257,6664.02409351257,6664.02409351257,6664.02409351257,6664.02409351257,1260295202.11475,coinmetrics-community,1.30098801,114224903787.80823,
2018-07-10,6309.08400409118,6309.08400409118,6309.08400409118,6309.08400409118,6309.08400409118,1485176664.33616,coinmetrics-community,1.2330456,108152793264.32472,
2018-07-11,6377.97651139684,6377.97651139684,6377.97651139684,6377.97651139684,6377.97651139684,1100404638.38452,coinmetrics-community,1.24746562,109344538488.59866,
2018-07-12,6159.46667621274,6159.46667621274,6159.46667621274,6159.46667621274,6159.46667621274,1209381025.83633,coinmetrics-community,1.20621817,105609244489.61113,
2018-07-13,6208.98557188779,6208.98557188779,6208.98557188779,6208.98557188779,6208.98557188779,1161975140.69522,coinmetrics-community,1.21722522,106469386228.24222,
2018-07-14,6255.11247866744,6255.11247866744,6255.11247866744,6255.11247866744,6255.11247866744,766398964.094005,coinmetrics-community,1.22667095,107270752475.55956,
2018-07-15,6347.60427381648,6347.60427381648,6347.60427381648,6347.60427381648,6347.60427381648,886996945.113804,coinmetrics-community,1.24480827,108867474201.12538,
2018-07-16,6710.80743746347,6710.80743746347,6710.80743746347,6710.80743746347,6710.80743746347,1549584089.25227,coinmetrics-community,1.31568081,115106821467.19035,
2018-07-17,7320.59482787843,7320.59482787843,7320.59482787843,7320.59482787843,7320.59482787843,2129630606.53165,coinmetrics-community,1.43309368,125580721821.32155,
2018-07-18,7376.03833927528,7376.03833927528,7376.03833927528,7376.03833927528,7376.03833927528,2364258882.37175,coinmetrics-community,1.44339934,126547867223.5179,
2018-07-19,7467.0342980713,7467.0342980713,7467.0342980713,7467.0342980713,7467.0342980713,1641872319.64411,coinmetrics-community,1.46018625,128125010853.07114,
2018-07-20,7327.25668293396,7327.25668293396,7327.25668293396,7327.25668293396,7327.25668293396,1881026756.90368,coinmetrics-community,1.43265396,125740705992.64911,
2018-07-21,7410.56562039743,7410.56562039743,7410.56562039743,7410.56562039743,7410.56562039743,1118598290.4372,coinmetrics-community,1.44833778,127183034589.34174,
2018-07-22,7399.48374693162,7399.48374693162,7399.48374693162,7399.48374693162,7399.48374693162,1214588348.23238,coinmetrics-community,1.44583406,127009676954.65717,
2018-07-23,7716.15862741087,7716.15862741087,7716.15862741087,7716.15862741087,7716.15862741087,2111584059.04808,coinmetrics-community,1.50619599,132461306959.85504,
2018-07-24,8397.61652162478,8397.61652162478,8397.61652162478,8397.61652162478,8397.61652162478,2876871972.68311,coinmetrics-community,1.63581402,144176409303.4392,
2018-07-25,8202.72039538282,8202.72039538282,8202.72039538282,8202.72039538282,8202.72039538282,2206882302.2846,coinmetrics-community,1.59635249,140848438885.07907,
2018-07-26,7913.93077819989,7913.93077819989,7913.93077819989,7913.93077819989,7913.93077819989,1934008085.93901,coinmetrics-community,1.5404035,135905971504.21309,
2018-07-27,8173.7746113384,8173.7746113384,8173.7746113384,8173.7746113384,8173.7746113384,1829842770.70253,coinmetrics-community,1.58953743,140385333661.0855,
2018-07-28,8190.36005669199,8190.36005669199,8190.36005669199,8190.36005669199,8190.36005669199,1103053459.80409,coinmetrics-community,1.59195773,140685035244.01862,
2018-07-29,8229.60583869083,8229.60583869083,8229.60583869083,8229.60583869083,8229.60583869083,1139693846.97653,coinmetrics-community,1.59809411,141376644218.03387,
2018-07-30,8171.83951928697,8171.83951928697,8171.83951928697,8171.83951928697,8171.83951928697,1825073747.31943,coinmetrics-community,1.5863148,140397962724.8378,
2018-07-31,7725.13303594389,7725.13303594389,7725.13303594389,7725.13303594389,7725.13303594389,2084294833.10272,coinmetrics-community,1.50002457,132737425419.33081,
2018-08-01,7596.6980119813,7596.6980119813,7596.6980119813,7596.6980119813,7596.6980119813,1672383550.76106,coinmetrics-community,1.47548838,130544828991.5115,
2018-08-02,7542.69466189363,7542.69466189363,7542.69466189363,7542.69466189363,7542.69466189363,1304425013.12319,coinmetrics-community,1.46550321,129631238285.99739,
2018-08-03,7411.34425014611,7411.34425014611,7411.34425014611,7411.34425014611,7411.34425014611,1739595343.1425,coinmetrics-community,1.44098379,127389185324.80107,
2018-08-04,7002.2086528346,7002.2086528346,7002.2086528346,7002.2086528346,7002.2086528346,1518949490.48875,coinmetrics-community,1.36290424,120372201905.84555,
2018-08-05,7031.58775102279,7031.58775102279,7031.58775102279,7031.58775102279,7031.58775102279,1222798293.09494,coinmetrics-community,1.36894032,120891309546.94946,
2018-08-06,6929.99089421391,6929.99089421391,6929.99089421391,6929.99089421391,6929.99089421391,1318167083.87613,coinmetrics-community,1.35040999,119155942795.52562,
2018-08-07,6722.57843278784,6722.57843278784,6722.57843278784,6722.57843278784,6722.57843278784,1818960439.0049,coinmetrics-community,1.31126727,115602331537.64192,
2018-08-08,6267.3886735827,6267.3886735827,6267.3886735827,6267.3886735827,6267.3886735827,2172338512.78752,coinmetrics-community,1.22457474,107787129090.23807,
2018-08-09,6558.09690794857,6558.09690794857,6558.09690794857,6558.09690794857,6558.09690794857,1582603738.15597,coinmetrics-community,1.28263103,112798970602.05666,
2018-08-10,6135.75185856224,6135.75185856224,6135.75185856224,6135.75185856224,6135.75185856224,1774718479.97264,coinmetrics-community,1.20148237,105548153481.91736,
2018-08-11,6313.74931180596,6313.74931180596,6313.74931180596,6313.74931180596,6313.74931180596,1494723203.5168,coinmetrics-community,1.23709272,108623509949.61084,
2018-08-12,6314.69165575687,6314.69165575687,6314.69165575687,6314.69165575687,6314.69165575687,1167110201.03149,coinmetrics-community,1.237715,108651957013.71867,
2018-08-13,6265.84804383402,6265.84804383402,6265.84804383402,6265.84804383402,6265.84804383402,1572758037.75784,coinmetrics-community,1.22859486,107823291676.77014,
2018-08-14,6184.82908562244,6184.82908562244,6184.82908562244,6184.82908562244,6184.82908562244,1904629415.25713,coinmetrics-community,1.21462636,106439624172.66588,
2018-08-15,6270.21479865576,6270.21479865576,6270.21479865576,6270.21479865576,6270.21479865576,2167939897.21049,coinmetrics-community,1.23272558,107921713369.36865,
2018-08-16,6290.7504552893,6290.7504552893,6290.7504552893,6290.7504552893,6290.7504552893,1431050091.45364,coinmetrics-community,1.23701888,108287593315.59192,
2018-08-17,6563.07828872005,6563.07828872005,6563.07828872005,6563.07828872005,6563.07828872005,1735845485.17525,coinmetrics-community,1.28997856,112987854531.11531,
2018-08-18,6399.28744681473,6399.28744681473,6399.28744681473,6399.28744681473,6399.28744681473,1425754502.52297,coinmetrics-community,1.25820087,110180882411.00536,
2018-08-19,6490.71612711865,6490.71612711865,6490.71612711865,6490.71612711865,6490.71612711865,1072754570.17199,coinmetrics-community,1.27574994,111766836577.27118,
2018-08-20,6272.95272881356,6272.95272881356,6272.95272881356,6272.95272881356,6272.95272881356,1438260229.48352,coinmetrics-community,1.23354388,108028823193.54257,
2018-08-21,6473.07603945061,6473.07603945061,6473.07603945061,6473.07603945061,6473.07603945061,1246443411.13923,coinmetrics-community,1.27272294,111487195428.2082,
2018-08-22,6365.00983167738,6365.00983167738,6365.00983167738,6365.00983167738,6365.00983167738,2212904841.48433,coinmetrics-community,1.25162869,109638677665.23563,
2018-08-23,6516.40902542373,6516.40902542373,6516.40902542373,6516.40902542373,6516.40902542373,1137021175.42868,coinmetrics-community,1.28108729,112258698492.89713,
2018-08-24,6697.73187872589,6697.73187872589,6697.73187872589,6697.73187872589,6697.73187872589,1221165357.61385,coinmetrics-community,1.31632801,115394585122.42714,
2018-08-25,6745.43893921683,6745.43893921683,6745.43893921683,6745.43893921683,6745.43893921683,1079330847.47952,coinmetrics-community,1.32478942,116227908455.6044,
2018-08-26,6689.86933313852,6689.86933313852,6689.86933313852,6689.86933313852,6689.86933313852,1137029030.43433,coinmetrics-community,1.31333891,115284878069.69078,
2018-08-27,6839.15895236704,6839.15895236704,6839.15895236704,6839.15895236704,6839.15895236704,1559899816.27513,coinmetrics-community,1.34163355,117873365030.67722,
2018-08-28,7092.97380829924,7092.97380829924,7092.97380829924,7092.97380829924,7092.97380829924,2048902504.64367,coinmetrics-community,1.38993223,122261446474.46252,
2018-08-29,7033.42806808884,7033.42806808884,7033.42806808884,7033.42806808884,7033.42806808884,1619412417.97694,coinmetrics-community,1.37670606,121247278332.5186,
2018-08-30,6966.96374371713,6966.96374371713,6966.96374371713,6966.96374371713,6966.96374371713,1776891640.7047,coinmetrics-community,1.36359134,120114930037.10118,
2018-08-31,7025.14078024547,7025.14078024547,7025.14078024547,7025.14078024547,7025.14078024547,1689360960.97213,coinmetrics-community,1.37493819,121131550725.81134,
2018-09-01,7192.35254734074,7192.35254734074,7192.35254734074,7192.35254734074,7192.35254734074,1699376039.5606,coinmetrics-community,1.40711254,124028288534.0295,
2018-09-02,7286.66779105786,7286.66779105786,7286.66779105786,7286.66779105786,7286.66779105786,1836315069.69379,coinmetrics-community,1.42507788,125667820675.12169,
2018-09-03,7257.47021391,7257.47021391,7257.47021391,7257.47021391,7257.47021391,1614808358.07288,coinmetrics-community,1.41924297,125177334900.4002,
2018-09-04,7358.81147895967,7358.81147895967,7358.81147895967,7358.81147895967,7358.81147895967,1510907280.11637,coinmetrics-community,1.43842941,126936865991.23831,
2018-09-05,6790.89732846289,6790.89732846289,6790.89732846289,6790.89732846289,6790.89732846289,2751108983.98961,coinmetrics-community,1.32907873,117151754999.24129,
2018-09-06,6488.07593687902,6488.07593687902,6488.07593687902,6488.07593687902,6488.07593687902,2514639162.82042,coinmetrics-community,1.27139307,111939859791.32008,
2018-09-07,6408.65362244301,6408.65362244301,6408.65362244301,6408.65362244301,6408.65362244301,1505600414.93514,coinmetrics-community,1.25683206,110581749752.2956,
2018-09-08,6187.79050233781,6187.79050233781,6187.79050233781,6187.79050233781,6187.79050233781,1422768386.16212,coinmetrics-community,1.21428401,106782343851.2759,
2018-09-09,6249.24631034483,6249.24631034483,6249.24631034483,6249.24631034483,6249.24631034483,1319252536.20101,coinmetrics-community,1.22689803,107855616025.27687,
2018-09-10,6295.3886025716,6295.3886025716,6295.3886025716,6295.3886025716,6295.3886025716,1328654348.88305,coinmetrics-community,1.23657997,108662608384.24086,
2018-09-11,6278.42463968439,6278.42463968439,6278.42463968439,6278.42463968439,6278.42463968439,1387106154.96434,coinmetrics-community,1.23448848,108380864787.66785,
2018-09-12,6327.53636323787,6327.53636323787,6327.53636323787,6327.53636323787,6327.53636323787,1355376972.84262,coinmetrics-community,1.24485106,109241940295.64648,
2018-09-13,6490.91231648159,6490.91231648159,6490.91231648159,6490.91231648159,6490.91231648159,1658870552.5607,coinmetrics-community,1.27856168,112074557501.76231,
2018-09-14,6494.69547895967,6494.69547895967,6494.69547895967,6494.69547895967,6494.69547895967,1472860826.8027,coinmetrics-community,1.27941999,112150595269.43169,
2018-09-15,6524.16566744594,6524.16566744594,6524.16566744594,6524.16566744594,6524.16566744594,1039501474.69841,coinmetrics-community,1.28532707,112670904653.23538,
2018-09-16,6497.40470134424,6497.40470134424,6497.40470134424,6497.40470134424,6497.40470134424,1051012380.76958,coinmetrics-community,1.28016559,112220037901.27625,
2018-09-17,6258.59487492694,6258.59487492694,6258.59487492694,6258.59487492694,6258.59487492694,1770409871.541,coinmetrics-community,1.23381568,108105991224.44568,
2018-09-18,6340.34779018118,6340.34779018118,6340.34779018118,6340.34779018118,6340.34779018118,1364203626.67642,coinmetrics-community,1.25024052,109529380192.13356,
2018-09-19,6383.95187580362,6383.95187580362,6383.95187580362,6383.95187580362,6383.95187580362,1609206843.78763,coinmetrics-community,1.25910583,110295088597.76112,
2018-09-20,6498.60711104617,6498.60711104617,6498.60711104617,6498.60711104617,6498.60711104617,1508570764.65276,coinmetrics-community,1.28206545,112288488870.22539,
2018-09-21,6741.14289888954,6741.14289888954,6741.14289888954,6741.14289888954,6741.14289888954,2756661145.92297,coinmetrics-community,1.3314931,116491363596.52647,
2018-09-22,6705.47605113969,6705.47605113969,6705.47605113969,6705.47605113969,6705.47605113969,1700519067.41475,coinmetrics-community,1.32462421,115888008971.52519,
2018-09-23,6703.13684950321,6703.13684950321,6703.13684950321,6703.13684950321,6703.13684950321,1415350841.02958,coinmetrics-community,1.32411544,115860149884.85667,
2018-09-24,6576.5450032145,6576.5450032145,6576.5450032145,6576.5450032145,6576.5450032145,1563000948.44802,coinmetrics-community,1.29944603,113684243861.49074,
2018-09-25,6416.44402162478,6416.44402162478,6416.44402162478,6416.44402162478,6416.44402162478,1810098707.28267,coinmetrics-community,1.26947306,110930242226.68497,
2018-09-26,6463.25040356517,6463.25040356517,6463.25040356517,6463.25040356517,6463.25040356517,1545368200.19234,coinmetrics-community,1.27892467,111750680973.86246,
2018-09-27,6677.90048860316,6677.90048860316,6677.90048860316,6677.90048860316,6677.90048860316,1559007833.9346,coinmetrics-community,1.3210537,115473953608.52666,
2018-09-28,6623.12615984804,6623.12615984804,6623.12615984804,6623.12615984804,6623.12615984804,1849768596.63754,coinmetrics-community,1.31014502,114539547907.19229,
2018-09-29,6584.49914757452,6584.49914757452,6584.49914757452,6584.49914757452,6584.49914757452,1450989598.68385,coinmetrics-community,1.30289231,113884047547.05751,
2018-09-30,6604.485028346,6604.485028346,6604.485028346,6604.485028346,6604.485028346,1279580853.51621,coinmetrics-community,1.3069717,114243175578.83427,
2018-10-01,6561.81383226184,6561.81383226184,6561.81383226184,6561.81383226184,6561.81383226184,1274278471.6432,coinmetrics-community,1.29942083,113518016605.85883,
2018-10-02,6508.72093863238,6508.72093863238,6508.72093863238,6508.72093863238,6508.72093863238,1349240486.11748,coinmetrics-community,1.28953035,112610666756.30328,
2018-10-03,6464.45684365868,6464.45684365868,6464.45684365868,6464.45684365868,6464.45684365868,1306105699.74555,coinmetrics-community,1.2814305,111856548131.17674,
2018-10-04,6545.28566773816,6545.28566773816,6545.28566773816,6545.28566773816,6545.28566773816,1193876379.55076,coinmetrics-community,1.29764795,113267427334.0738,
2018-10-05,6585.14957977791,6585.14957977791,6585.14957977791,6585.14957977791,6585.14957977791,1098697228.07277,coinmetrics-community,1.30556584,113967980867.00937,
2018-10-06,6550.47831589714,6550.47831589714,6550.47831589714,6550.47831589714,6550.47831589714,835309516.348811,coinmetrics-community,1.298913,113378166758.79816,
2018-10-07,6564.56826008182,6564.56826008182,6564.56826008182,6564.56826008182,6564.56826008182,912751252.388599,coinmetrics-community,1.30175802,113633692973.18515,
2018-10-08,6604.68527410871,6604.68527410871,6604.68527410871,6604.68527410871,6604.68527410871,1221444360.98544,coinmetrics-community,1.30960738,114339270103.70224,
2018-10-09,6590.42862215079,6590.42862215079,6590.42862215079,6590.42862215079,6590.42862215079,1022003987.48798,coinmetrics-community,1.30696334,114103170639.18616,
2018-10-10,6529.10243600234,6529.10243600234,6529.10243600234,6529.10243600234,6529.10243600234,1210825519.91896,coinmetrics-community,1.29493068,113053154102.98314,
2018-10-11,6159.25164260666,6159.25164260666,6159.25164260666,6159.25164260666,6159.25164260666,2228949850.96534,coinmetrics-community,1.22741162,106661330255.67244,
2018-10-12,6191.67722326125,6191.67722326125,6191.67722326125,6191.67722326125,6191.67722326125,1202575298.51993,coinmetrics-community,1.23438108,107233068566.12045,
2018-10-13,6197.68569637639,6197.68569637639,6197.68569637639,6197.68569637639,6197.68569637639,913229848.325919,coinmetrics-community,1.23595286,107348052161.21346,
2018-10-14,6182.87934424313,6182.87934424313,6182.87934424313,6182.87934424313,6182.87934424313,1040744529.863,coinmetrics-community,1.23348719,107100406864.61185,
2018-10-15,6442.71541408533,6442.71541408533,6442.71541408533,6442.71541408533,6442.71541408533,3213905136.07974,coinmetrics-community,1.28526524,111614357755.55243,
2018-10-16,6461.93715926359,6461.93715926359,6461.93715926359,6461.93715926359,6461.93715926359,1382574953.52774,coinmetrics-community,1.28989252,111958262043.08226,
2018-10-17,6442.73070017534,6442.73070017534,6442.73070017534,6442.73070017534,6442.73070017534,1300928005.36425,coinmetrics-community,1.28666145,111636608391.73184,
2018-10-18,6396.47981209819,6396.47981209819,6396.47981209819,6396.47981209819,6396.47981209819,1272436513.75793,coinmetrics-community,1.27802221,110846228676.42818,
2018-10-19,6383.07784015196,6383.07784015196,6383.07784015196,6383.07784015196,6383.07784015196,1113671327.48225,coinmetrics-community,1.2749913,110625312452.34442,
2018-10-20,6408.25274634717,6408.25274634717,6408.25274634717,6408.25274634717,6408.25274634717,975757010.333803,coinmetrics-community,1.28642152,111073074254.35513,
2018-10-21,6415.34050292227,6415.34050292227,6415.34050292227,6415.34050292227,6415.34050292227,924549773.297116,coinmetrics-community,1.28793139,111206991506.71556,
2018-10-22,6408.03363559322,6408.03363559322,6408.03363559322,6408.03363559322,6408.03363559322,1298091339.17554,coinmetrics-community,1.28689576,111092745870.69739,
2018-10-23,6395.98766686149,6395.98766686149,6395.98766686149,6395.98766686149,6395.98766686149,1422512931.2479,coinmetrics-community,1.28492912,110896223452.83104,
2018-10-24,6413.80364114553,6413.80364114553,6413.80364114553,6413.80364114553,6413.80364114553,1317225597.26764,coinmetrics-community,1.2887609,111214183524.86855,
2018-10-25,6402.3248591467,6402.3248591467,6402.3248591467,6402.3248591467,6402.3248591467,1218965066.03775,coinmetrics-community,1.28694965,111026107522.98996,
2018-10-26,6404.10855230859,6404.10855230859,6404.10855230859,6404.10855230859,6404.10855230859,1051618824.68055,coinmetrics-community,1.28863398,111068486835.02596,
2018-10-27,6409.40532758621,6409.40532758621,6409.40532758621,6409.40532758621,6409.40532758621,1117622659.87198,coinmetrics-community,1.28980748,111171246478.54549,
2018-10-28,6406.63325306838,6406.63325306838,6406.63325306838,6406.63325306838,6406.63325306838,969283792.703221,coinmetrics-community,1.28937475,111134376406.18802,
2018-10-29,6263.0417346581,6263.0417346581,6263.0417346581,6263.0417346581,6263.0417346581,1551571899.26706,coinmetrics-community,1.26107732,108654957796.83513,
2018-10-30,6272.16772822911,6272.16772822911,6272.16772822911,6272.16772822911,6272.16772822911,1184332255.75702,coinmetrics-community,1.26329155,108825354861.77649,
2018-10-31,6306.31693132671,6306.31693132671,6306.31693132671,6306.31693132671,6306.31693132671,1375069155.35582,coinmetrics-community,1.27073654,109430710322.48329,
2018-11-01,6342.97750058445,6342.97750058445,6342.97750058445,6342.97750058445,6342.97750058445,1258656951.9856,coinmetrics-community,1.27883905,110079075092.29424,
2018-11-02,6348.16858270018,6348.16858270018,6348.16858270018,6348.16858270018,6348.16858270018,1313737540.32822,coinmetrics-community,1.27995054,110180510973.50606,
2018-11-03,6332.43413296318,6332.43413296318,6332.43413296318,6332.43413296318,6332.43413296318,1017187780.79336,coinmetrics-community,1.276901,109920163681.27742,
2018-11-04,6420.42200029223,6420.42200029223,6420.42200029223,6420.42200029223,6420.42200029223,1422653639.38309,coinmetrics-community,1.29459494,111457353102.79346,
2018-11-05,6402.94683898305,6402.94683898305,6402.94683898305,6402.94683898305,6402.94683898305,1493678949.86327,coinmetrics-community,1.29123581,111165512798.9743,
2018-11-06,6441.14521887785,6441.14521887785,6441.14521887785,6441.14521887785,6441.14521887785,1586784672.24823,coinmetrics-community,1.2989943,111839004285.48558,
2018-11-07,6500.86980508475,6500.86980508475,6500.86980508475,6500.86980508475,6500.86980508475,1576989087.17659,coinmetrics-community,1.31084446,112886579168.95438,
2018-11-08,6406.75293746347,6406.75293746347,6406.75293746347,6406.75293746347,6406.75293746347,1389627875.15092,coinmetrics-community,1.29195817,111261944815.82118,
2018-11-09,6331.37876709527,6331.37876709527,6331.37876709527,6331.37876709527,6331.37876709527,1327243352.79002,coinmetrics-community,1.2768824,109963021291.86082,
2018-11-10,6353.11273407364,6353.11273407364,6353.11273407364,6353.11273407364,6353.11273407364,1108201194.08243,coinmetrics-community,1.28133653,110350898799.03009,
2018-11-11,6335.41420397428,6335.41420397428,6335.41420397428,6335.41420397428,6335.41420397428,918132891.008625,coinmetrics-community,1.27781403,110055044898.53026,
2018-11-12,6320.65605376972,6320.65605376972,6320.65605376972,6320.65605376972,6320.65605376972,851865682.055401,coinmetrics-community,1.27501457,109809736244.71678,
2018-11-13,6267.9379912332,6267.9379912332,6267.9379912332,6267.9379912332,6267.9379912332,951099225.418517,coinmetrics-community,1.26499475,108903259088.7863,
2018-11-14,5574.25834891876,5574.25834891876,5574.25834891876,5574.25834891876,5574.25834891876,2726969486.65853,coinmetrics-community,1.12750028,96860221302.46278,
2018-11-15,5538.56060783168,5538.56060783168,5538.56060783168,5538.56060783168,5538.56060783168,2155173533.8517,coinmetrics-community,1.12835655,96248717597.61153,
2018-11-16,5496.01623115137,5496.01623115137,5496.01623115137,5496.01623115137,5496.01623115137,1241309989.76312,coinmetrics-community,1.12138354,95518040630.44852,
2018-11-17,5501.09234044418,5501.09234044418,5501.09234044418,5501.09234044418,5501.09234044418,851989956.579273,coinmetrics-community,1.12295891,95616231626.28333,
2018-11-18,5555.3763383986,5555.3763383986,5555.3763383986,5555.3763383986,5555.3763383986,891879321.127263,coinmetrics-community,1.13432294,96568300411.74496,
2018-11-19,4792.20002367037,4792.20002367037,4792.20002367037,4792.20002367037,4792.20002367037,2981035202.52055,coinmetrics-community,0.98256686,83309665038.67567,
2018-11-20,4317.53067007598,4317.53067007598,4317.53067007598,4317.53067007598,4317.53067007598,3756336960.77346,coinmetrics-community,0.89259762,75064932894.56099,
2018-11-21,4549.32200993571,4549.32200993571,4549.32200993571,4549.32200993571,4549.32200993571,1835395091.65791,coinmetrics-community,0.94205218,79100846618.07188,
2018-11-22,4303.61554850964,4303.61554850964,4303.61554850964,4303.61554850964,4303.61554850964,1113678497.55738,coinmetrics-community,0.89310508,74835214989.06078,
2018-11-23,4289.89285330216,4289.89285330216,4289.89285330216,4289.89285330216,4289.89285330216,1348937839.47158,coinmetrics-community,0.89181194,74603295134.03229,
2018-11-24,3806.31692489772,3806.31692489772,3806.31692489772,3806.31692489772,3806.31692489772,1607683794.70681,coinmetrics-community,0.79317203,66200481496.8158,
2018-11-25,3946.85087434249,3946.85087434249,3946.85087434249,3946.85087434249,3946.85087434249,2345526078.22576,coinmetrics-community,0.82453777,68650951140.12603,
2018-11-26,3700.28599269433,3700.28599269433,3700.28599269433,3700.28599269433,3700.28599269433,2098455852.48463,coinmetrics-community,0.77562836,64367371529.51591,
2018-11-27,3776.55590531853,3776.55590531853,3776.55590531853,3776.55590531853,3776.55590531853,1555379870.9734,coinmetrics-community,0.7940544,65700289252.32035,
2018-11-28,4208.47526914085,4208.47526914085,4208.47526914085,4208.47526914085,4208.47526914085,2130741850.67745,coinmetrics-community,0.88549955,73220546017.23141,
2018-11-29,4239.03948831093,4239.03948831093,4239.03948831093,4239.03948831093,4239.03948831093,1753695642.69483,coinmetrics-community,0.89130855,73757876886.60487,
2018-11-30,3973.33405230859,3973.33405230859,3973.33405230859,3973.33405230859,3973.33405230859,1654279493.14878,coinmetrics-community,0.8373706,69139707027.07187,
2018-12-01,4148.07372559906,4148.07372559906,4148.07372559906,4148.07372559906,4148.07372559906,1015367586.8996,coinmetrics-community,0.8734641,72186769334.42615,
2018-12-02,4098.74676388077,4098.74676388077,4098.74676388077,4098.74676388077,4098.74676388077,972559612.487064,coinmetrics-community,0.86368527,71334198592.28998,
2018-12-03,3843.9766659848,3843.9766659848,3843.9766659848,3843.9766659848,3843.9766659848,1207067903.44291,coinmetrics-community,0.80763958,66905681722.15498,
2018-12-04,3892.95164699006,3892.95164699006,3892.95164699006,3892.95164699006,3892.95164699006,1207623092.49462,coinmetrics-community,0.81335924,67764822761.35066,
2018-12-05,3709.52085827002,3709.52085827002,3709.52085827002,3709.52085827002,3709.52085827002,1171330214.94725,coinmetrics-community,0.78473772,64577860936.27737,
2018-12-06,3511.96898158971,3511.96898158971,3511.96898158971,3511.96898158971,3511.96898158971,1602945528.97261,coinmetrics-community,0.74841821,61144670013.323586,
2018-12-07,3372.99569257744,3372.99569257744,3372.99569257744,3372.99569257744,3372.99569257744,1981588845.2996,coinmetrics-community,0.72100902,58729900521.63702,
2018-12-08,3407.95119462303,3407.95119462303,3407.95119462303,3407.95119462303,3407.95119462303,1166039781.29385,coinmetrics-community,0.72908961,59343948586.489395,
2018-12-09,3540.43957597896,3540.43957597896,3540.43957597896,3540.43957597896,3540.43957597896,870340523.951032,coinmetrics-community,0.75773343,61656683797.12884,
2018-12-10,3413.59258416131,3413.59258416131,3413.59258416131,3413.59258416131,3413.59258416131,872883726.922516,coinmetrics-community,0.73200608,59452937061.822815,
2018-12-11,3352.56420017534,3352.56420017534,3352.56420017534,3352.56420017534,3352.56420017534,739334740.459309,coinmetrics-community,0.7222971,58395272773.26061,
2018-12-12,3423.01291788428,3423.01291788428,3423.01291788428,3423.01291788428,3423.01291788428,727074135.308349,coinmetrics-community,0.73845418,59627489561.96775,
2018-12-13,3260.34158240795,3260.34158240795,3260.34158240795,3260.34158240795,3260.34158240795,840342435.834371,coinmetrics-community,0.7044642,56799160023.82104,
2018-12-14,3198.94747369959,3198.94747369959,3198.94747369959,3198.94747369959,3198.94747369959,929101772.751839,coinmetrics-community,0.69277432,55735437225.00024,
2018-12-15,3185.07404383402,3185.07404383402,3185.07404383402,3185.07404383402,3185.07404383402,604470352.383936,coinmetrics-community,0.69048064,55499651896.21167,
2018-12-16,3195.41455523086,3195.41455523086,3195.41455523086,3195.41455523086,3195.41455523086,630290849.570724,coinmetrics-community,0.69338644,55684427860.85024,
2018-12-17,3499.15648188194,3499.15648188194,3499.15648188194,3499.15648188194,3499.15648188194,1282663156.93461,coinmetrics-community,0.75972613,60984540763.57042,
2018-12-18,3659.52737931035,3659.52737931035,3659.52737931035,3659.52737931035,3659.52737931035,1364223753.64419,coinmetrics-community,0.79650093,63785396911.68198,
2018-12-19,3697.72530333139,3697.72530333139,3697.72530333139,3697.72530333139,3697.72530333139,2021784890.32476,coinmetrics-community,0.80573894,64458072015.152504,
2018-12-20,4067.73770777323,4067.73770777323,4067.73770777323,4067.73770777323,4067.73770777323,2532479374.17579,coinmetrics-community,0.88611656,70914924965.58305,
2018-12-21,3839.08510841613,3839.08510841613,3839.08510841613,3839.08510841613,3839.08510841613,1933193833.85168,coinmetrics-community,0.8376707,66935427169.69911,
2018-12-22,3964.94611630625,3964.94611630625,3964.94611630625,3964.94611630625,3964.94611630625,1077693154.10041,coinmetrics-community,0.86519497,69138519234.73888,
2018-12-23,3942.66699590883,3942.66699590883,3942.66699590883,3942.66699590883,3942.66699590883,1210618373.96879,coinmetrics-community,0.86090691,68758702225.0924,
2018-12-24,4040.04578959673,4040.04578959673,4040.04578959673,4040.04578959673,4040.04578959673,1886361945.49007,coinmetrics-community,0.88260111,70464629644.18283,
2018-12-25,3761.58401081239,3761.58401081239,3761.58401081239,3761.58401081239,3761.58401081239,1433468932.2414,coinmetrics-community,0.82260882,65615302891.15366,
2018-12-26,3807.65745353594,3807.65745353594,3807.65745353594,3807.65745353594,3807.65745353594,1053950179.76444,coinmetrics-community,0.83308567,66426458891.30887,
2018-12-27,3585.46053594389,3585.46053594389,3585.46053594389,3585.46053594389,3585.46053594389,1055364522.87317,coinmetrics-community,0.78552581,62557922646.83627,
2018-12-28,3881.05488486265,3881.05488486265,3881.05488486265,3881.05488486265,3881.05488486265,1185204470.32796,coinmetrics-community,0.85252346,67723456212.588776,
2018-12-29,3823.13832612507,3823.13832612507,3823.13832612507,3823.13832612507,3823.13832612507,958641706.662053,coinmetrics-community,0.84031284,66719421375.7622,
2018-12-30,3825.4074628872,3825.4074628872,3825.4074628872,3825.4074628872,3825.4074628872,826508203.430291,coinmetrics-community,0.8415034,66767437066.6105,
2018-12-31,3687.19994009351,3687.19994009351,3687.19994009351,3687.19994009351,3687.19994009351,810127756.5338,coinmetrics-community,0.81213582,64362351163.8135,
2019-01-01,3808.11783167738,3808.11783167738,3808.11783167738,3808.11783167738,3808.11783167738,665138362.982127,coinmetrics-community,0.8391035,66480140226.796745,
2019-01-02,3898.1974880187,3898.1974880187,3898.1974880187,3898.1974880187,3898.1974880187,907331210.632897,coinmetrics-community,0.85907301,68060061857.88494,
2019-01-03,3784.38863471654,3784.38863471654,3784.38863471654,3784.38863471654,3784.38863471654,741905483.098637,coinmetrics-community,0.83487141,66080363535.8541,
2019-01-04,3827.52459438925,3827.52459438925,3827.52459438925,3827.52459438925,3827.52459438925,924367155.186942,coinmetrics-community,0.8447265,66840702441.1711,
2019-01-05,3798.61395499708,3798.61395499708,3798.61395499708,3798.61395499708,3798.61395499708,825443658.133947,coinmetrics-community,0.83856669,66343570783.85974,
2019-01-06,4045.99377498539,4045.99377498539,4045.99377498539,4045.99377498539,4045.99377498539,1030998166.86515,coinmetrics-community,0.89346662,70671241074.1243,
2019-01-07,4001.01827819988,4001.01827819988,4001.01827819988,4001.01827819988,4001.01827819988,1053956184.35001,coinmetrics-community,0.8841578,69892707335.84886,
2019-01-08,3992.6227893045,3992.6227893045,3992.6227893045,3992.6227893045,3992.6227893045,1123494744.94983,coinmetrics-community,0.88278743,69754483224.10101,
2019-01-09,4004.25903565167,4004.25903565167,4004.25903565167,4004.25903565167,4004.25903565167,1075230754.37069,coinmetrics-community,0.88542141,69965986980.18709,
2019-01-10,3627.90345002922,3627.90345002922,3627.90345002922,3627.90345002922,3627.90345002922,1629540261.36053,coinmetrics-community,0.80976747,63397040767.49162,
2019-01-11,3624.16142109877,3624.16142109877,3624.16142109877,3624.16142109877,3624.16142109877,974204297.31489,coinmetrics-community,0.80976244,63338354100.478355,
2019-01-12,3617.02207831677,3617.02207831677,3617.02207831677,3617.02207831677,3617.02207831677,658144955.363762,coinmetrics-community,0.80855945,63219821366.34437,
2019-01-13,3508.6701081239,3508.6701081239,3508.6701081239,3508.6701081239,3508.6701081239,700895357.802798,coinmetrics-community,0.784834,61332009010.65437,
2019-01-14,3666.94519374635,3666.94519374635,3666.94519374635,3666.94519374635,3666.94519374635,925378890.022718,coinmetrics-community,0.82050798,64105507741.0617,
2019-01-15,3581.29301548802,3581.29301548802,3581.29301548802,3581.29301548802,3581.29301548802,940784213.830291,coinmetrics-community,0.80090242,62614046151.32581,
2019-01-16,3606.98657568673,3606.98657568673,3606.98657568673,3606.98657568673,3606.98657568673,826890285.364818,coinmetrics-community,0.80691139,63069259783.033424,
2019-01-17,3640.12913062536,3640.12913062536,3640.12913062536,3640.12913062536,3640.12913062536,843658221.552801,coinmetrics-community,0.81482992,63654546163.778786,
2019-01-18,3609.42673611923,3609.42673611923,3609.42673611923,3609.42673611923,3609.42673611923,680285114.808071,coinmetrics-community,0.80838072,63123882957.88896,
2019-01-19,3687.30196113384,3687.30196113384,3687.30196113384,3687.30196113384,3687.30196113384,727113518.066218,coinmetrics-community,0.82616434,64491943106.93511,
2019-01-20,3538.31372296903,3538.31372296903,3538.31372296903,3538.31372296903,3538.31372296903,769693147.278172,coinmetrics-community,0.79319975,61893041071.17983,
2019-01-21,3535.623393045,3535.623393045,3535.623393045,3535.623393045,3535.623393045,672607286.524668,coinmetrics-community,0.79297133,61852610462.07104,
2019-01-22,3577.30834979544,3577.30834979544,3577.30834979544,3577.30834979544,3577.30834979544,840575740.383188,coinmetrics-community,0.80398567,62587665112.30323,
2019-01-23,3551.89382115722,3551.89382115722,3551.89382115722,3551.89382115722,3551.89382115722,796849698.849144,coinmetrics-community,0.79874618,62149501274.10998,
2019-01-24,3567.58893366452,3567.58893366452,3567.58893366452,3567.58893366452,3567.58893366452,668730948.724065,coinmetrics-community,0.80256605,62431351929.499405,
2019-01-25,3561.35049795441,3561.35049795441,3561.35049795441,3561.35049795441,3561.35049795441,674019496.172586,coinmetrics-community,0.80172488,62328325177.42316,
2019-01-26,3557.03991525424,3557.03991525424,3557.03991525424,3557.03991525424,3557.03991525424,652271703.141471,coinmetrics-community,0.8011809,62259553751.56424,
2019-01-27,3537.61413062536,3537.61413062536,3537.61413062536,3537.61413062536,3537.61413062536,735110776.353289,coinmetrics-community,0.79718191,61925598671.300476,
2019-01-28,3435.05251402689,3435.05251402689,3435.05251402689,3435.05251402689,3435.05251402689,1094503328.35146,coinmetrics-community,0.77522856,60136493366.521126,
2019-01-29,3395.82376329632,3395.82376329632,3395.82376329632,3395.82376329632,3395.82376329632,725337975.874217,coinmetrics-community,0.76708054,59455924094.6892,
2019-01-30,3437.89586616014,3437.89586616014,3437.89586616014,3437.89586616014,3437.89586616014,739732092.365871,coinmetrics-community,0.77747695,60198389711.43856,
2019-01-31,3410.13161601403,3410.13161601403,3410.13161601403,3410.13161601403,3410.13161601403,679507855.350405,coinmetrics-community,0.77173662,59718838093.358894,
2019-02-01,3445.04989129164,3445.04989129164,3445.04989129164,3445.04989129164,3445.04989129164,637091686.5035,coinmetrics-community,0.78014383,60337137182.804214,
2019-02-02,3461.93511747516,3461.93511747516,3461.93511747516,3461.93511747516,3461.93511747516,499732373.953866,coinmetrics-community,0.78422167,60639099131.68267,
2019-02-03,3413.02161630625,3413.02161630625,3413.02161630625,3413.02161630625,3413.02161630625,512452779.012544,coinmetrics-community,0.77343528,59788219917.066,
2019-02-04,3411.38796171829,3411.38796171829,3411.38796171829,3411.38796171829,3411.38796171829,608532445.89001,coinmetrics-community,0.77384742,59765870504.42587,
2019-02-05,3426.46501139684,3426.46501139684,3426.46501139684,3426.46501139684,3426.46501139684,668174092.945875,coinmetrics-community,0.77765737,60036309266.967636,
2019-02-06,3367.50636499123,3367.50636499123,3367.50636499123,3367.50636499123,3367.50636499123,818692463.076086,coinmetrics-community,0.76510945,59010177291.22384,
2019-02-07,3358.87359906487,3358.87359906487,3358.87359906487,3358.87359906487,3358.87359906487,532905618.117249,coinmetrics-community,0.76378864,58866207389.19751,
2019-02-08,3612.47961922852,3612.47961922852,3612.47961922852,3612.47961922852,3612.47961922852,1299396370.65385,coinmetrics-community,0.8216013,63318160367.38653,
2019-02-09,3621.26812098188,3621.26812098188,3621.26812098188,3621.26812098188,3621.26812098188,690499396.747154,coinmetrics-community,0.82367897,63478991740.72384,
2019-02-10,3642.0223591467,3642.0223591467,3642.0223591467,3642.0223591467,3642.0223591467,744518465.746495,coinmetrics-community,0.8284814,63849176538.515076,
2019-02-11,3590.6184836353,3590.6184836353,3590.6184836353,3590.6184836353,3590.6184836353,757347590.185715,coinmetrics-community,0.81717159,62954510736.379906,
2019-02-12,3587.90246580947,3587.90246580947,3587.90246580947,3587.90246580947,3587.90246580947,865368517.872786,coinmetrics-community,0.81707553,62912631290.85425,
2019-02-13,3576.08537258913,3576.08537258913,3576.08537258913,3576.08537258913,3576.08537258913,869771399.371547,coinmetrics-community,0.81622357,62712261903.432846,
2019-02-14,3561.91638340152,3561.91638340152,3561.91638340152,3561.91638340152,3561.91638340152,755538425.185984,coinmetrics-community,0.81324408,62470064348.19539,
2019-02-15,3565.00692372881,3565.00692372881,3565.00692372881,3565.00692372881,3565.00692372881,691890064.174443,coinmetrics-community,0.81432592,62529926712.27091,
2019-02-16,3584.73600263004,3584.73600263004,3584.73600263004,3584.73600263004,3584.73600263004,693193200.615665,coinmetrics-community,0.81951471,62882694505.14064,
2019-02-17,3622.7574289889,3622.7574289889,3622.7574289889,3622.7574289889,3622.7574289889,983619690.069489,coinmetrics-community,0.82849268,63556858700.69298,
2019-02-18,3866.12921712449,3866.12921712449,3866.12921712449,3866.12921712449,3866.12921712449,1891532865.86476,coinmetrics-community,0.88420768,67834010393.17628,
2019-02-19,3895.43521098773,3895.43521098773,3895.43521098773,3895.43521098773,3895.43521098773,1648071622.72836,coinmetrics-community,0.89133025,68355801176.12653,
2019-02-20,3931.61382904734,3931.61382904734,3931.61382904734,3931.61382904734,3931.61382904734,1117881087.42803,coinmetrics-community,0.89885411,68997040402.63634,
2019-02-21,3892.26179427236,3892.26179427236,3892.26179427236,3892.26179427236,3892.26179427236,986996840.691185,coinmetrics-community,0.89047082,68312229780.10759,
2019-02-22,3948.30051052016,3948.30051052016,3948.30051052016,3948.30051052016,3948.30051052016,928917101.19323,coinmetrics-community,0.90331002,69303748259.26967,
2019-02-23,4110.15112127411,4110.15112127411,4110.15112127411,4110.15112127411,4110.15112127411,1214184350.72704,coinmetrics-community,0.94072884,72152027336.08414,
2019-02-24,3754.18378988895,3754.18378988895,3754.18378988895,3754.18378988895,3754.18378988895,2029618402.33717,coinmetrics-community,0.8599356,65909594991.648926,
2019-02-25,3822.01869666861,3822.01869666861,3822.01869666861,3822.01869666861,3822.01869666861,1254080208.6791,coinmetrics-community,0.87606044,67107357151.37915,
2019-02-26,3796.17506838106,3796.17506838106,3796.17506838106,3796.17506838106,3796.17506838106,1069239136.67157,coinmetrics-community,0.87035678,66661232142.14775,
2019-02-27,3799.3819924021,3799.3819924021,3799.3819924021,3799.3819924021,3799.3819924021,1138635730.81671,coinmetrics-community,0.8713884,66724242474.867226,
2019-02-28,3792.94772296902,3792.94772296902,3792.94772296902,3792.94772296902,3792.94772296902,1189384297.58336,coinmetrics-community,0.87032071,66618356465.697655,
2019-03-01,3810.63269257744,3810.63269257744,3810.63269257744,3810.63269257744,3810.63269257744,902934675.317666,coinmetrics-community,0.87459349,66936687246.14098,
2019-03-02,3809.64339099942,3809.64339099942,3809.64339099942,3809.64339099942,3809.64339099942,759257683.250815,coinmetrics-community,0.87461492,66925595316.40048,
2019-03-03,3782.38187025132,3782.38187025132,3782.38187025132,3782.38187025132,3782.38187025132,735336203.269313,coinmetrics-community,0.86848471,66453583651.36554,
2019-03-04,3698.16185505552,3698.16185505552,3698.16185505552,3698.16185505552,3698.16185505552,1147707594.91774,coinmetrics-community,0.85007558,64980234897.770874,
2019-03-05,3840.1280490941,3840.1280490941,3840.1280490941,3840.1280490941,3840.1280490941,1329815355.60261,coinmetrics-community,0.88264283,67481868718.641136,
2019-03-06,3851.99842548218,3851.99842548218,3851.99842548218,3851.99842548218,3851.99842548218,1017405086.03937,coinmetrics-community,0.88556451,67696627871.9912,
2019-03-07,3855.92316832262,3855.92316832262,3855.92316832262,3855.92316832262,3855.92316832262,1137006555.1052,coinmetrics-community,0.88659022,67772447204.172585,
2019-03-08,3839.23355289304,3839.23355289304,3839.23355289304,3839.23355289304,3839.23355289304,1537739577.42144,coinmetrics-community,0.88315552,67486113914.75439,
2019-03-09,3910.36116656926,3910.36116656926,3910.36116656926,3910.36116656926,3910.36116656926,1344657570.16058,coinmetrics-community,0.89955742,68743141713.30267,
2019-03-10,3903.9119509059,3903.9119509059,3903.9119509059,3903.9119509059,3903.9119509059,1044597918.9828,coinmetrics-community,0.89825462,68636402814.046906,
2019-03-11,3851.56892168323,3851.56892168323,3851.56892168323,3851.56892168323,3851.56892168323,1338115650.36599,coinmetrics-community,0.88665284,67722973399.369606,
2019-03-12,3858.91482378726,3858.91482378726,3858.91482378726,3858.91482378726,3858.91482378726,1325388424.83358,coinmetrics-community,0.88880804,67859035802.774185,
2019-03-13,3851.95746639392,3851.95746639392,3851.95746639392,3851.95746639392,3851.95746639392,1198001107.07723,coinmetrics-community,0.88736975,67743190817.63356,
2019-03-14,3853.78326504968,3853.78326504968,3853.78326504968,3853.78326504968,3853.78326504968,1228047512.93689,coinmetrics-community,0.88808394,67782767281.89608,
2019-03-15,3901.91420689655,3901.91420689655,3901.91420689655,3901.91420689655,3901.91420689655,1224292852.62009,coinmetrics-community,0.89930632,68636787012.15806,
2019-03-16,3989.79607685564,3989.79607685564,3989.79607685564,3989.79607685564,3989.79607685564,1775465895.72383,coinmetrics-community,0.92006352,70190805974.9429,
2019-03-17,3967.14349444769,3967.14349444769,3967.14349444769,3967.14349444769,3967.14349444769,1277355179.69878,coinmetrics-community,0.91484274,69799528647.52408,
2019-03-18,3969.44014582116,3969.44014582116,3969.44014582116,3969.44014582116,3969.44014582116,1562509984.77751,coinmetrics-community,0.91560369,69847925359.80466,
2019-03-19,3996.16790356517,3996.16790356517,3996.16790356517,3996.16790356517,3996.16790356517,1385445369.96133,coinmetrics-community,0.92168535,70326929804.44753,
2019-03-20,4030.65527586207,4030.65527586207,4030.65527586207,4030.65527586207,4030.65527586207,1593580616.9284,coinmetrics-community,0.92967286,70941970703.64531,
2019-03-21,3976.27385008767,3976.27385008767,3976.27385008767,3976.27385008767,3976.27385008767,1710223011.30551,coinmetrics-community,0.91748018,69991932308.15556,
2019-03-22,3983.88764582116,3983.88764582116,3983.88764582116,3983.88764582116,3983.88764582116,1364432461.37632,coinmetrics-community,0.9194745,70133970901.15828,
2019-03-23,3981.77603302163,3981.77603302163,3981.77603302163,3981.77603302163,3981.77603302163,1312218517.29064,coinmetrics-community,0.91913227,70104014183.65794,
2019-03-24,3970.6669880187,3970.6669880187,3970.6669880187,3970.6669880187,3970.6669880187,1382156830.28264,coinmetrics-community,0.91670464,69915870923.6467,
2019-03-25,3908.23883869082,3908.23883869082,3908.23883869082,3908.23883869082,3908.23883869082,1871750542.17762,coinmetrics-community,0.90273487,68823860548.3261,
2019-03-26,3917.76340210403,3917.76340210403,3917.76340210403,3917.76340210403,3917.76340210403,1869820027.48237,coinmetrics-community,0.90526912,68998149814.37549,
2019-03-27,4027.00791788428,4027.00791788428,4027.00791788428,4027.00791788428,4027.00791788428,2112828496.80567,coinmetrics-community,0.93039612,70929622723.56209,
2019-03-28,4010.93746201052,4010.93746201052,4010.93746201052,4010.93746201052,4010.93746201052,1657818271.09735,coinmetrics-community,0.92674903,70653886033.99002,
2019-03-29,4089.46104003507,4089.46104003507,4089.46104003507,4089.46104003507,4089.46104003507,1965206520.56767,coinmetrics-community,0.94438915,72044617181.57042,
2019-03-30,4091.89103834015,4091.89103834015,4091.89103834015,4091.89103834015,4091.89103834015,1609683401.84088,coinmetrics-community,0.944965,72094536468.24364,
2019-03-31,4094.31781472823,4094.31781472823,4094.31781472823,4094.31781472823,4094.31781472823,1472493243.01307,coinmetrics-community,0.94641855,72144407426.98994,
2019-04-01,4138.41780771479,4138.41780771479,4138.41780771479,4138.41780771479,4138.41780771479,2000646682.93836,coinmetrics-community,0.95655086,72928511837.76434,
2019-04-02,4903.71946206897,4903.71946206897,4903.71946206897,4903.71946206897,4903.71946206897,5552027496.62499,coinmetrics-community,1.12892016,86424523990.81316,
2019-04-03,4960.22760274693,4960.22760274693,4960.22760274693,4960.22760274693,4960.22760274693,5982014666.64459,coinmetrics-community,1.14051964,87429243678.5721,
2019-04-04,4911.26970245471,4911.26970245471,4911.26970245471,4911.26970245471,4911.26970245471,3574470042.43801,coinmetrics-community,1.12838804,86574903765.80412,
2019-04-05,5033.22548369375,5033.22548369375,5033.22548369375,5033.22548369375,5033.22548369375,2727383250.81156,coinmetrics-community,1.15614507,88734657095.24022,
2019-04-06,5044.35684593805,5044.35684593805,5044.35684593805,5044.35684593805,5044.35684593805,2688535690.85905,coinmetrics-community,1.15841744,88939665130.79738,
2019-04-07,5189.11195558153,5189.11195558153,5189.11195558153,5189.11195558153,5189.11195558153,2697431147.44982,coinmetrics-community,1.19121228,91501063164.41449,
2019-04-08,5283.42302483928,5283.42302483928,5283.42302483928,5283.42302483928,5283.42302483928,3605935112.29891,coinmetrics-community,1.21179209,93173850971.95099,
2019-04-09,5195.57790882525,5195.57790882525,5195.57790882525,5195.57790882525,5195.57790882525,2877010524.03311,coinmetrics-community,1.19099798,91633263649.93098,
2019-04-10,5311.74160327294,5311.74160327294,5311.74160327294,5311.74160327294,5311.74160327294,2738402006.47421,coinmetrics-community,1.21651316,93691843864.06364,
2019-04-11,5050.66600859147,5050.66600859147,5050.66600859147,5050.66600859147,5050.66600859147,3122282237.0661,coinmetrics-community,1.15695368,89096740025.25392,
2019-04-12,5082.86143202805,5082.86143202805,5082.86143202805,5082.86143202805,5082.86143202805,2104021194.04677,coinmetrics-community,1.16368455,89674280265.74156,
2019-04-13,5074.79069257744,5074.79069257744,5074.79069257744,5074.79069257744,5074.79069257744,1396002522.41292,coinmetrics-community,1.16156591,89540456117.10837,
2019-04-14,5156.80404061952,5156.80404061952,5156.80404061952,5156.80404061952,5156.80404061952,1516552390.19722,coinmetrics-community,1.18135304,90995377478.97461,
2019-04-15,5042.89773845704,5042.89773845704,5042.89773845704,5042.89773845704,5042.89773845704,2067319311.91298,coinmetrics-community,1.15555322,88994562169.30713,
2019-04-16,5205.96295745178,5205.96295745178,5205.96295745178,5205.96295745178,5205.96295745178,1861365895.42547,coinmetrics-community,1.19224124,91881692216.0707,
2019-04-17,5226.35221519579,5226.35221519579,5226.35221519579,5226.35221519579,5226.35221519579,2078145816.92076,coinmetrics-community,1.1961381,92250564153.54716,
2019-04-18,5278.5023395675,5278.5023395675,5278.5023395675,5278.5023395675,5278.5023395675,2020199626.90644,coinmetrics-community,1.20765693,93180899416.67142,
2019-04-19,5289.95121911163,5289.95121911163,5289.95121911163,5289.95121911163,5289.95121911163,1957676845.64217,coinmetrics-community,1.20719787,93393056304.89937,
2019-04-20,5313.97326212741,5313.97326212741,5313.97326212741,5313.97326212741,5313.97326212741,1737709999.80533,coinmetrics-community,1.21246475,93825862417.04706,
2019-04-21,5295.73382817066,5295.73382817066,5295.73382817066,5295.73382817066,5295.73382817066,1833857640.95496,coinmetrics-community,1.20835451,93514542764.359,
2019-04-22,5383.79997533606,5383.79997533606,5383.79997533606,5383.79997533606,5383.79997533606,2106540890.92483,coinmetrics-community,1.22794551,95078673811.43846,
2019-04-23,5544.86271186441,5544.86271186441,5544.86271186441,5544.86271186441,5544.86271186441,2809295229.07778,coinmetrics-community,1.2632969,97931104712.61539,
2019-04-24,5431.94791963764,5431.94791963764,5431.94791963764,5431.94791963764,5431.94791963764,2833506449.24197,coinmetrics-community,1.238908,95947917278.75014,
2019-04-25,5127.67316738749,5127.67316738749,5127.67316738749,5127.67316738749,5127.67316738749,2748757184.75485,coinmetrics-community,1.17030753,90582486405.8315,
2019-04-26,5150.16466066628,5150.16466066628,5150.16466066628,5150.16466066628,5150.16466066628,2607894455.22368,coinmetrics-community,1.17673094,90989528956.62267,
2019-04-27,5181.80776364699,5181.80776364699,5181.80776364699,5181.80776364699,5181.80776364699,1333625966.59975,coinmetrics-community,1.18413668,91557451148.37279,
2019-04-28,5148.66961542957,5148.66961542957,5148.66961542957,5148.66961542957,5148.66961542957,1353174552.96712,coinmetrics-community,1.17650667,90982423047.75708,
2019-04-29,5148.80049327878,5148.80049327878,5148.80049327878,5148.80049327878,5148.80049327878,1742358887.3071,coinmetrics-community,1.17708337,90995226478.38274,
2019-04-30,5266.61820251315,5266.61820251315,5266.61820251315,5266.61820251315,5266.61820251315,1818125736.36112,coinmetrics-community,1.20333737,93086646312.97389,
2019-05-01,5315.17532904734,5315.17532904734,5315.17532904734,5315.17532904734,5315.17532904734,1464761935.59127,coinmetrics-community,1.21799733,93956247055.46428,
2019-05-02,5393.12937638808,5393.12937638808,5393.12937638808,5393.12937638808,5393.12937638808,1627819953.69866,coinmetrics-community,1.23567987,95346643375.08406,
2019-05-03,5658.43038836938,5658.43038836938,5658.43038836938,5658.43038836938,5658.43038836938,3397133854.31398,coinmetrics-community,1.2951638,100047725220.7183,
2019-05-04,5774.71242869667,5774.71242869667,5774.71242869667,5774.71242869667,5774.71242869667,2894146490.28933,coinmetrics-community,1.32099457,102113257161.60286,
2019-05-05,5728.35170222092,5728.35170222092,5728.35170222092,5728.35170222092,5728.35170222092,2258952185.16901,coinmetrics-community,1.30956777,101302705291.91556,
2019-05-06,5691.68837405026,5691.68837405026,5691.68837405026,5691.68837405026,5691.68837405026,2345685195.18313,coinmetrics-community,1.29939268,100665077841.2352,
2019-05-07,5825.744893045,5825.744893045,5825.744893045,5825.744893045,5825.744893045,3217477832.00711,coinmetrics-community,1.32870246,103045294021.27489,
2019-05-08,5931.8005949737,5931.8005949737,5931.8005949737,5931.8005949737,5931.8005949737,2395664547.59075,coinmetrics-community,1.35126305,104932468929.8699,
2019-05-09,6150.14044476914,6150.14044476914,6150.14044476914,6150.14044476914,6150.14044476914,2771290436.99662,coinmetrics-community,1.39928506,108806392500.6892,
2019-05-10,6357.46349357101,6357.46349357101,6357.46349357101,6357.46349357101,6357.46349357101,3381896487.91386,coinmetrics-community,1.44472955,112484221628.55664,
2019-05-11,7325.08286031561,7325.08286031561,7325.08286031561,7325.08286031561,7325.08286031561,6255761093.7559,coinmetrics-community,1.6543368,129616460917.03906,
2019-05-12,6942.62317451783,6942.62317451783,6942.62317451783,6942.62317451783,6942.62317451783,6359816149.92525,coinmetrics-community,1.56569495,122862594419.89809,
2019-05-13,7798.90573600234,7798.90573600234,7798.90573600234,7798.90573600234,7798.90573600234,6591408537.26072,coinmetrics-community,1.74753483,138032382814.8289,
2019-05-14,7955.5576823495,7955.5576823495,7955.5576823495,7955.5576823495,7955.5576823495,6646763723.33978,coinmetrics-community,1.77133721,140820072137.7831,
2019-05-15,8215.2068383986,8215.2068383986,8215.2068383986,8215.2068383986,8215.2068383986,4984322857.8303,coinmetrics-community,1.81667469,145431381731.40323,
2019-05-16,7862.07160233782,7862.07160233782,7862.07160233782,7862.07160233782,7862.07160233782,6059669430.67824,coinmetrics-community,1.72799889,139194281165.00555,
2019-05-17,7326.92068188194,7326.92068188194,7326.92068188194,7326.92068188194,7326.92068188194,6675524145.5645,coinmetrics-community,1.61073752,129733515296.03603,
2019-05-18,7277.98756341321,7277.98756341321,7277.98756341321,7277.98756341321,7277.98756341321,3322019491.76198,coinmetrics-community,1.59950822,128881004230.6199,
2019-05-19,8219.74278696669,8219.74278696669,8219.74278696669,8219.74278696669,8219.74278696669,4927746654.93802,coinmetrics-community,1.80201739,145574664069.0613,
2019-05-20,7981.13937895967,7981.13937895967,7981.13937895967,7981.13937895967,7981.13937895967,4717229323.13566,coinmetrics-community,1.74723194,141364972111.36505,
2019-05-21,7983.80847738165,7983.80847738165,7983.80847738165,7983.80847738165,7983.80847738165,4252440487.17991,coinmetrics-community,1.74497388,141427517230.1168,
2019-05-22,7667.90211484512,7667.90211484512,7667.90211484512,7667.90211484512,7667.90211484512,4349866393.95111,coinmetrics-community,1.67542929,135847466322.5975,
2019-05-23,7897.4712936879,7897.4712936879,7897.4712936879,7897.4712936879,7897.4712936879,3819765251.69418,coinmetrics-community,1.72268374,139930198596.70416,
2019-05-24,7987.10036762127,7987.10036762127,7987.10036762127,7987.10036762127,7987.10036762127,3852790045.71981,coinmetrics-community,1.73899884,141533553660.64325,
2019-05-25,8061.59176072472,8061.59176072472,8061.59176072472,8061.59176072472,8061.59176072472,2728830257.89348,coinmetrics-community,1.75307893,142867668845.3807,
2019-05-26,8731.52495587376,8731.52495587376,8731.52495587376,8731.52495587376,8731.52495587376,4472574766.82847,coinmetrics-community,1.89396436,154758245306.18896,
2019-05-27,8816.78670835769,8816.78670835769,8816.78670835769,8816.78670835769,8816.78670835769,4817882962.45709,coinmetrics-community,1.90714924,156287836455.38348,
2019-05-28,8719.12584833431,8719.12584833431,8719.12584833431,8719.12584833431,8719.12584833431,3665733830.75041,coinmetrics-community,1.88105961,154574557917.51138,
2019-05-29,8655.48850613676,8655.48850613676,8655.48850613676,8655.48850613676,8655.48850613676,3763005320.34807,coinmetrics-community,1.84071984,153465206972.54276,
2019-05-30,8271.62196317942,8271.62196317942,8271.62196317942,8271.62196317942,8271.62196317942,6415436885.94231,coinmetrics-community,1.75787076,146675645809.6508,
2019-05-31,8556.222185564,8556.222185564,8556.222185564,8556.222185564,8556.222185564,4195375757.26029,coinmetrics-community,1.81476063,151734802083.51242,
2019-06-01,8554.80732963179,8554.80732963179,8554.80732963179,8554.80732963179,8554.80732963179,3232248633.76264,coinmetrics-community,1.81246057,151725858432.60037,
2019-06-02,8744.35374547049,8744.35374547049,8744.35374547049,8744.35374547049,8744.35374547049,3046387170.53247,coinmetrics-community,1.8504971,155101923701.62546,
2019-06-03,8173.40127054354,8173.40127054354,8173.40127054354,8173.40127054354,8173.40127054354,4460847811.33517,coinmetrics-community,1.72701182,144986880726.59973,
2019-06-04,7649.93933196961,7649.93933196961,7649.93933196961,7649.93933196961,7649.93933196961,5193024886.21079,coinmetrics-community,1.62636908,135715984982.1195,
2019-06-05,7798.54446639392,7798.54446639392,7798.54446639392,7798.54446639392,7798.54446639392,3970680440.10215,coinmetrics-community,1.65612566,138367954899.15906,
2019-06-06,7776.71332612507,7776.71332612507,7776.71332612507,7776.71332612507,7776.71332612507,3397075927.6424,coinmetrics-community,1.651342,137995871311.0676,
2019-06-07,8023.950093045,8023.950093045,8023.950093045,8023.950093045,8023.950093045,3212730619.90899,coinmetrics-community,1.70183629,142398874425.0517,
2019-06-08,7939.80515488019,7939.80515488019,7939.80515488019,7939.80515488019,7939.80515488019,2373251161.08667,coinmetrics-community,1.6835165,140917883639.34723,
2019-06-09,7634.06575073057,7634.06575073057,7634.06575073057,7634.06575073057,7634.06575073057,2693764042.36463,coinmetrics-community,1.61842434,135505562736.9976,
2019-06-10,7993.30253857393,7993.30253857393,7993.30253857393,7993.30253857393,7993.30253857393,3207401975.75875,coinmetrics-community,1.69111483,141897744724.65903,
2019-06-11,7922.48362711864,7922.48362711864,7922.48362711864,7922.48362711864,7922.48362711864,2866092602.06918,coinmetrics-community,1.67511723,140654723194.91714,
2019-06-12,8146.75612507306,8146.75612507306,8146.75612507306,8146.75612507306,8146.75612507306,3386520748.54206,coinmetrics-community,1.72008481,144649767681.24728,
2019-06-13,8232.77734137931,8232.77734137931,8232.77734137931,8232.77734137931,8232.77734137931,3166496613.70048,coinmetrics-community,1.73649236,146192657169.59814,
2019-06-14,8698.00481502046,8698.00481502046,8698.00481502046,8698.00481502046,8698.00481502046,3909154832.42281,coinmetrics-community,1.82901577,154472258474.26538,
2019-06-15,8850.58481601403,8850.58481601403,8850.58481601403,8850.58481601403,8850.58481601403,3262994704.70516,coinmetrics-community,1.85878621,157198156055.29382,
2019-06-16,9019.51700672121,9019.51700672121,9019.51700672121,9019.51700672121,9019.51700672121,5312082179.9558,coinmetrics-community,1.88896018,160213273127.52393,
2019-06-17,9340.57218877849,9340.57218877849,9340.57218877849,9340.57218877849,9340.57218877849,4378063504.10716,coinmetrics-community,1.9511578,165931690523.78326,
2019-06-18,9047.13274447691,9047.13274447691,9047.13274447691,9047.13274447691,9047.13274447691,4006854169.91479,coinmetrics-community,1.88755922,160737284620.8722,
2019-06-19,9285.05567656341,9285.05567656341,9285.05567656341,9285.05567656341,9285.05567656341,2966851941.87917,coinmetrics-community,1.93150882,164984922415.72528,
2019-06-20,9546.71977819988,9546.71977819988,9546.71977819988,9546.71977819988,9546.71977819988,3668333538.37527,coinmetrics-community,1.98086596,169651581216.84033,
2019-06-21,10083.4863136762,10083.4863136762,10083.4863136762,10083.4863136762,10083.4863136762,4866326143.17148,coinmetrics-community,2.08422475,179207044545.61118,
2019-06-22,10685.2952327878,10685.2952327878,10685.2952327878,10685.2952327878,10685.2952327878,8758120005.32387,coinmetrics-community,2.19688103,189921423980.12433,
2019-06-23,10794.4276963764,10794.4276963764,10794.4276963764,10794.4276963764,10794.4276963764,5084432580.82021,coinmetrics-community,2.2136737,191885576856.1899,
2019-06-24,11004.2069094681,11004.2069094681,11004.2069094681,11004.2069094681,11004.2069094681,4240632970.28913,coinmetrics-community,2.24706654,195639033390.66058,
2019-06-25,11726.2638308007,11726.2638308007,11726.2638308007,11726.2638308007,11726.2638308007,6286248211.9118,coinmetrics-community,2.37982686,208497571410.05035,
2019-06-26,12863.4606849795,12863.4606849795,12863.4606849795,12863.4606849795,12863.4606849795,15478090676.3095,coinmetrics-community,2.57176389,228743908514.98795,
2019-06-27,11109.7978418469,11109.7978418469,11109.7978418469,11109.7978418469,11109.7978418469,14276790287.2838,coinmetrics-community,2.21524309,197579198121.0736,
2019-06-28,12358.2079582116,12358.2079582116,12358.2079582116,12358.2079582116,12358.2079582116,8482978268.50795,coinmetrics-community,2.44168454,219806390394.21695,
2019-06-29,11944.3515473407,11944.3515473407,11944.3515473407,11944.3515473407,11944.3515473407,6830382892.00902,coinmetrics-community,2.35329242,212471408601.20145,
2019-06-30,10842.6167109877,10842.6167109877,10842.6167109877,10842.6167109877,10842.6167109877,6520975426.61514,coinmetrics-community,2.13021037,192893862979.7983,
2019-07-01,10569.5517282291,10569.5517282291,10569.5517282291,10569.5517282291,10569.5517282291,7316694889.3176,coinmetrics-community,2.07558255,188054836533.45306,
2019-07-02,10766.0833162186,10766.0833162186,10766.0833162186,10766.0833162186,10766.0833162186,8038305218.53056,coinmetrics-community,2.11000412,191572815076.09036,
2019-07-03,11952.0248935126,11952.0248935126,11952.0248935126,11952.0248935126,11952.0248935126,7737755898.37384,coinmetrics-community,2.33157806,212701280671.49295,
2019-07-04,11177.0103787551,11177.0103787551,11177.0103787551,11177.0103787551,11177.0103787551,6224644096.21617,coinmetrics-community,2.17425127,198932256881.84424,
2019-07-05,10998.3991004676,10998.3991004676,10998.3991004676,10998.3991004676,10998.3991004676,5394906427.96404,coinmetrics-community,2.13840364,195779255924.42004,
2019-07-06,11208.225600526,11208.225600526,11208.225600526,11208.225600526,11208.225600526,4631180839.87542,coinmetrics-community,2.17712562,199539253818.18237,
2019-07-07,11456.1836039158,11456.1836039158,11456.1836039158,11456.1836039158,11456.1836039158,3665527173.84519,coinmetrics-community,2.22256119,203975542702.9202,
2019-07-08,12319.6228758036,12319.6228758036,12319.6228758036,12319.6228758036,12319.6228758036,5160744694.80725,coinmetrics-community,2.37905472,219376353956.16107,
2019-07-09,12579.107616014,12579.107616014,12579.107616014,12579.107616014,12579.107616014,6677916449.70465,coinmetrics-community,2.41917807,224021230975.77808,
2019-07-10,12106.7829313267,12106.7829313267,12106.7829313267,12106.7829313267,12106.7829313267,9370609407.31373,coinmetrics-community,2.31328701,215629126479.17886,
2019-07-11,11294.678028346,11294.678028346,11294.678028346,11294.678028346,11294.678028346,7580395572.66604,coinmetrics-community,2.15704038,201183259641.46622,
2019-07-12,11813.3237158971,11813.3237158971,11813.3237158971,11813.3237158971,11813.3237158971,5165099264.74028,coinmetrics-community,2.24857787,210445706655.52036,
2019-07-13,11346.837148159,11346.837148159,11346.837148159,11346.837148159,11346.837148159,4961599586.68162,coinmetrics-community,2.15890911,202155589033.93988,
2019-07-14,10283.0757891292,10283.0757891292,10283.0757891292,10283.0757891292,10283.0757891292,6117898372.89966,coinmetrics-community,1.95875859,183222223011.25137,
2019-07-15,10926.3802741087,10926.3802741087,10926.3802741087,10926.3802741087,10926.3802741087,6453280391.20142,coinmetrics-community,2.07837284,194704461534.6134,
2019-07-16,9471.14086475745,9471.14086475745,9471.14086475745,9471.14086475745,9471.14086475745,7431041887.63311,coinmetrics-community,1.80452153,168791758444.18518,
2019-07-17,9674.88246113384,9674.88246113384,9674.88246113384,9674.88246113384,9674.88246113384,6711163154.98114,coinmetrics-community,1.84011447,172438862979.07385,
2019-07-18,10679.8906896552,10679.8906896552,10679.8906896552,10679.8906896552,10679.8906896552,6712774767.15793,coinmetrics-community,2.02312657,190367634570.60638,
2019-07-19,10532.2027291058,10532.2027291058,10532.2027291058,10532.2027291058,10532.2027291058,5196937207.04595,coinmetrics-community,1.9920017,187750651266.95526,
2019-07-20,10862.6485479252,10862.6485479252,10862.6485479252,10862.6485479252,10862.6485479252,4303502391.9142,coinmetrics-community,2.0519756,193665325162.42923,
2019-07-21,10589.7064907656,10589.7064907656,10589.7064907656,10589.7064907656,10589.7064907656,3366994906.35353,coinmetrics-community,1.99813946,188818886061.12653,
2019-07-22,10318.5609251899,10318.5609251899,10318.5609251899,10318.5609251899,10318.5609251899,3580559060.00537,coinmetrics-community,1.94697902,184004626629.3892,
2019-07-23,9866.64894038574,9866.64894038574,9866.64894038574,9866.64894038574,9866.64894038574,3772683619.86069,coinmetrics-community,1.86302934,175963591454.68414,
2019-07-24,9792.78753652835,9792.78753652835,9792.78753652835,9792.78753652835,9792.78753652835,3664194732.67495,coinmetrics-community,1.84274782,174663348864.6462,
2019-07-25,9897.18678603156,9897.18678603156,9897.18678603156,9897.18678603156,9897.18678603156,2984323382.54262,coinmetrics-community,1.86177246,176543962471.52692,
2019-07-26,9836.69678813559,9836.69678813559,9836.69678813559,9836.69678813559,9836.69678813559,2421934003.96289,coinmetrics-community,1.84937883,175485365597.111,
2019-07-27,9446.67205207481,9446.67205207481,9446.67205207481,9446.67205207481,9446.67205207481,3160535708.62832,coinmetrics-community,1.7764295,168545324729.98972,
2019-07-28,9529.78879193454,9529.78879193454,9529.78879193454,9529.78879193454,9529.78879193454,1991923919.00508,coinmetrics-community,1.79184692,170049120676.19733,
2019-07-29,9504.15891595558,9504.15891595558,9504.15891595558,9504.15891595558,9504.15891595558,2259595970.89633,coinmetrics-community,1.75506806,169611741059.69104,
2019-07-30,9589.10920601987,9589.10920601987,9589.10920601987,9589.10920601987,9589.10920601987,2213234530.28729,coinmetrics-community,1.76975529,171144789262.24023,
2019-07-31,10059.0040189947,10059.0040189947,10059.0040189947,10059.0040189947,10059.0040189947,3073179171.57218,coinmetrics-community,1.85482085,179552893039.96872,
2019-08-01,10400.3070143776,10400.3070143776,10400.3070143776,10400.3070143776,10400.3070143776,2765065978.28941,coinmetrics-community,1.91516898,185663600899.71167,
2019-08-02,10529.6944544126,10529.6944544126,10529.6944544126,10529.6944544126,10529.6944544126,3015086868.01847,coinmetrics-community,1.93668955,187995636118.57104,
2019-08-03,10810.4216686148,10810.4216686148,10810.4216686148,10810.4216686148,10810.4216686148,2536440739.74446,coinmetrics-community,1.98633631,193031076581.09784,
2019-08-04,10986.5089291058,10986.5089291058,10986.5089291058,10986.5089291058,10986.5089291058,2878202212.32654,coinmetrics-community,2.0166431,196198228092.13153,
2019-08-05,11790.0239375804,11790.0239375804,11790.0239375804,11790.0239375804,11790.0239375804,5094972588.99718,coinmetrics-community,2.15209305,210568558007.91815,
2019-08-06,11423.4970017534,11423.4970017534,11423.4970017534,11423.4970017534,11423.4970017534,5642249746.77056,coinmetrics-community,2.07763358,204045416188.37363,
2019-08-07,11967.2735473407,11967.2735473407,11967.2735473407,11967.2735473407,11967.2735473407,4968518210.42606,coinmetrics-community,2.16935722,213781188501.16107,
2019-08-08,11938.2346108708,11938.2346108708,11938.2346108708,11938.2346108708,11938.2346108708,3806386357.40298,coinmetrics-community,2.15713659,213283632611.2499,
2019-08-09,11858.3410984804,11858.3410984804,11858.3410984804,11858.3410984804,11858.3410984804,3399125281.80275,coinmetrics-community,2.13982687,211878077389.7985,
2019-08-10,11303.7305618936,11303.7305618936,11303.7305618936,11303.7305618936,11303.7305618936,3551770908.75023,coinmetrics-community,2.03923311,201989948339.88333,
2019-08-11,11530.195242256,11530.195242256,11530.195242256,11530.195242256,11530.195242256,2436075120.50169,coinmetrics-community,2.07768124,206058769073.2262,
2019-08-12,11384.6962465809,11384.6962465809,11384.6962465809,11384.6962465809,11384.6962465809,1948933844.9384,coinmetrics-community,2.04944243,203477450140.01297,
2019-08-13,10867.05475827,10867.05475827,10867.05475827,10867.05475827,10867.05475827,3180485481.39371,coinmetrics-community,1.95417056,194247026152.71277,
2019-08-14,10024.3795917008,10024.3795917008,10024.3795917008,10024.3795917008,10024.3795917008,4826262513.93139,coinmetrics-community,1.8019476,179203376208.94943,
2019-08-15,10310.0858696669,10310.0858696669,10310.0858696669,10310.0858696669,10310.0858696669,5200667726.32583,coinmetrics-community,1.85280853,184331110834.93024,
2019-08-16,10373.3219028054,10373.3219028054,10373.3219028054,10373.3219028054,10373.3219028054,4689284830.36163,coinmetrics-community,1.86332594,185480750975.0089,
2019-08-17,10207.1555616598,10207.1555616598,10207.1555616598,10207.1555616598,10207.1555616598,2562024956.82751,coinmetrics-community,1.83353888,182525936050.2775,
2019-08-18,10331.3099760374,10331.3099760374,10331.3099760374,10331.3099760374,10331.3099760374,2246302587.80289,coinmetrics-community,1.85527013,184762356323.27872,
2019-08-19,10884.6297744009,10884.6297744009,10884.6297744009,10884.6297744009,10884.6297744009,3091908196.05964,coinmetrics-community,1.95283046,194679955535.78104,
2019-08-20,10771.3923793688,10771.3923793688,10771.3923793688,10771.3923793688,10771.3923793688,2648030278.23446,coinmetrics-community,1.92992501,192675218123.9638,
2019-08-21,10096.8302238457,10096.8302238457,10096.8302238457,10096.8302238457,10096.8302238457,3819147867.64908,coinmetrics-community,1.80967076,180626030877.01562,
2019-08-22,10119.7145248393,10119.7145248393,10119.7145248393,10119.7145248393,10119.7145248393,2969900518.7752,coinmetrics-community,1.81392145,181053252826.25583,
2019-08-23,10414.1441725891,10414.1441725891,10414.1441725891,10414.1441725891,10414.1441725891,2515841972.22133,coinmetrics-community,1.85888092,186340852608.8203,
2019-08-24,10147.0871548802,10147.0871548802,10147.0871548802,10147.0871548802,10147.0871548802,2538322255.68279,coinmetrics-community,1.81099778,181582680924.55023,
2019-08-25,10100.3567783752,10100.3567783752,10100.3567783752,10100.3567783752,10100.3567783752,2347126751.25905,coinmetrics-community,1.8021966,180766007715.36856,
2019-08-26,10362.6434723553,10362.6434723553,10362.6434723553,10362.6434723553,10362.6434723553,3500916725.33547,coinmetrics-community,1.8474094,185477896690.72598,
2019-08-27,10168.221571654,10168.221571654,10168.221571654,10168.221571654,10168.221571654,2360211727.66544,coinmetrics-community,1.81156248,182015155352.97934,
2019-08-28,9724.79997808299,9724.79997808299,9724.79997808299,9724.79997808299,9724.79997808299,3375252138.40437,coinmetrics-community,1.73309226,174096090423.8244,
2019-08-29,9482.31173495032,9482.31173495032,9482.31173495032,9482.31173495032,9482.31173495032,2978410496.43355,coinmetrics-community,1.69107373,169774555309.59164,
2019-08-30,9577.67882349503,9577.67882349503,9577.67882349503,9577.67882349503,9577.67882349503,2088904962.90574,coinmetrics-community,1.70811556,171501195666.0512,
2019-08-31,9605.02446142607,9605.02446142607,9605.02446142607,9605.02446142607,9605.02446142607,1429027349.42378,coinmetrics-community,1.71310224,172010786445.15015,
2019-09-01,9762.93655689655,9762.93655689655,9762.93655689655,9762.93655689655,9762.93655689655,1522046487.36048,coinmetrics-community,1.7403943,174856193400.15393,
2019-09-02,10377.3383845704,10377.3383845704,10377.3383845704,10377.3383845704,10377.3383845704,2914214042.7217,coinmetrics-community,1.84745992,185879583769.66742,
2019-09-03,10618.7815058445,10618.7815058445,10618.7815058445,10618.7815058445,10618.7815058445,3588062776.13492,coinmetrics-community,1.88765943,190226097714.498,
2019-09-04,10577.2410839275,10577.2410839275,10577.2410839275,10577.2410839275,10577.2410839275,3022257528.99483,coinmetrics-community,1.87870879,189499919032.44812,
2019-09-05,10580.1846995909,10580.1846995909,10580.1846995909,10580.1846995909,10580.1846995909,2239418033.18516,coinmetrics-community,1.8773914,189574477943.6522,
2019-09-06,10330.8497312098,10330.8497312098,10330.8497312098,10330.8497312098,10330.8497312098,3957256552.31458,coinmetrics-community,1.81873604,185127327372.95374,
2019-09-07,10494.5069649328,10494.5069649328,10494.5069649328,10494.5069649328,10494.5069649328,2174967419.7241,coinmetrics-community,1.84632204,188079718442.2555,
2019-09-08,10407.2656573933,10407.2656573933,10407.2656573933,10407.2656573933,10407.2656573933,1877805807.85365,coinmetrics-community,1.83013043,186539229374.468,
2019-09-09,10332.4644424313,10332.4644424313,10332.4644424313,10332.4644424313,10332.4644424313,2885550441.72445,coinmetrics-community,1.81652807,185217353459.46936,
2019-09-10,10085.9519243133,10085.9519243133,10085.9519243133,10085.9519243133,10085.9519243133,2236309305.68442,coinmetrics-community,1.77328813,180821372958.31525,
2019-09-11,10142.1480603741,10142.1480603741,10142.1480603741,10142.1480603741,10142.1480603741,2390584919.30764,coinmetrics-community,1.77786135,181852186603.98663,
2019-09-12,10403.3599707773,10403.3599707773,10403.3599707773,10403.3599707773,10403.3599707773,2147088226.21711,coinmetrics-community,1.82231036,186556352212.0695,
2019-09-13,10345.3387469316,10345.3387469316,10345.3387469316,10345.3387469316,10345.3387469316,1801888221.65805,coinmetrics-community,1.81108514,185535294724.80197,
2019-09-14,10363.4528963179,10363.4528963179,10363.4528963179,10363.4528963179,10363.4528963179,1601540372.8134,coinmetrics-community,1.813611,185880236553.63382,
2019-09-15,10306.1696674459,10306.1696674459,10306.1696674459,10306.1696674459,10306.1696674459,1255232938.71985,coinmetrics-community,1.80307986,184871734710.72018,
2019-09-16,10257.822761543,10257.822761543,10257.822761543,10257.822761543,10257.822761543,1918540102.58688,coinmetrics-community,1.79436332,184025389806.38568,
2019-09-17,10195.6111811806,10195.6111811806,10195.6111811806,10195.6111811806,10195.6111811806,2022772007.24139,coinmetrics-community,1.78283665,182928175635.3786,
2019-09-18,10161.3188664524,10161.3188664524,10161.3188664524,10161.3188664524,10161.3188664524,2203130166.44814,coinmetrics-community,1.77473473,182335008771.54584,
2019-09-19,10268.3926291642,10268.3926291642,10268.3926291642,10268.3926291642,10268.3926291642,3387229930.25148,coinmetrics-community,1.79282081,184275340089.0727,
2019-09-20,10170.1251161309,10170.1251161309,10170.1251161309,10170.1251161309,10170.1251161309,1887618065.43947,coinmetrics-community,1.77523927,182531039220.80652,
2019-09-21,9986.4061081239,9986.4061081239,9986.4061081239,9986.4061081239,9986.4061081239,1531125918.29687,coinmetrics-community,1.74318445,179254415005.12704,
2019-09-22,10047.0134748685,10047.0134748685,10047.0134748685,10047.0134748685,10047.0134748685,1615954411.77832,coinmetrics-community,1.7535283,180363155234.70972,
2019-09-23,9692.74104792519,9692.74104792519,9692.74104792519,9692.74104792519,9692.74104792519,2250884768.72206,coinmetrics-community,1.69241697,174017098072.72244,
2019-09-24,8613.67124850965,8613.67124850965,8613.67124850965,8613.67124850965,8613.67124850965,6190614542.51747,coinmetrics-community,1.5076985,154661092904.12317,
2019-09-25,8424.15764640561,8424.15764640561,8424.15764640561,8424.15764640561,8424.15764640561,3927084419.74582,coinmetrics-community,1.47778949,151274745517.82642,
2019-09-26,8091.69529924021,8091.69529924021,8091.69529924021,8091.69529924021,8091.69529924021,3730606494.65935,coinmetrics-community,1.42454001,145321930429.69055,
2019-09-27,8186.77963927528,8186.77963927528,8186.77963927528,8186.77963927528,8186.77963927528,2560670813.69674,coinmetrics-community,1.44132571,147043095582.47012,
2019-09-28,8201.97901344243,8201.97901344243,8201.97901344243,8201.97901344243,8201.97901344243,1963112129.59517,coinmetrics-community,1.44491153,147332393618.44446,
2019-09-29,8064.50806236119,8064.50806236119,8064.50806236119,8064.50806236119,8064.50806236119,1844017267.23937,coinmetrics-community,1.42120643,144876708488.21008,
2019-09-30,8282.3654541204,8282.3654541204,8282.3654541204,8282.3654541204,8282.3654541204,2816400210.77721,coinmetrics-community,1.45994759,148803916514.7677,
2019-10-01,8314.55139012273,8314.55139012273,8314.55139012273,8314.55139012273,8314.55139012273,2458912563.35305,coinmetrics-community,1.46687818,149397042721.8758,
2019-10-02,8362.53073232028,8362.53073232028,8362.53073232028,8362.53073232028,8362.53073232028,1653832495.8245,coinmetrics-community,1.47560342,150274613052.58777,
2019-10-03,8254.33991028638,8254.33991028638,8254.33991028638,8254.33991028638,8254.33991028638,1740214221.50426,coinmetrics-community,1.45721375,148345592160.90897,
2019-10-04,8165.68615125658,8165.68615125658,8165.68615125658,8165.68615125658,8165.68615125658,1538747807.1044,coinmetrics-community,1.44209083,146767326338.79993,
2019-10-05,8141.63371379311,8141.63371379311,8141.63371379311,8141.63371379311,8141.63371379311,1305285189.4111,coinmetrics-community,1.43793767,146351095556.08786,
2019-10-06,7854.60981297487,7854.60981297487,7854.60981297487,7854.60981297487,7854.60981297487,1770999078.45378,coinmetrics-community,1.38789488,141206285787.88336,
2019-10-07,8226.02342928112,8226.02342928112,8226.02342928112,8226.02342928112,8226.02342928112,2541351449.61179,coinmetrics-community,1.45350223,147899313786.38907,
2019-10-08,8190.1151207481,8190.1151207481,8190.1151207481,8190.1151207481,8190.1151207481,1869372756.52091,coinmetrics-community,1.44711351,147270287407.1788,
2019-10-09,8598.3319207481,8598.3319207481,8598.3319207481,8598.3319207481,8598.3319207481,2884143209.99873,coinmetrics-community,1.5187746,154625456579.23492,
2019-10-10,8578.09037931034,8578.09037931034,8578.09037931034,8578.09037931034,8578.09037931034,2136490747.58171,coinmetrics-community,1.51523934,154278819679.684,
2019-10-11,8289.85402893045,8289.85402893045,8289.85402893045,8289.85402893045,8289.85402893045,2466926317.46892,coinmetrics-community,1.4650268,149110991493.22113,
2019-10-12,8323.7501440678,8323.7501440678,8323.7501440678,8323.7501440678,8323.7501440678,1292482290.14882,coinmetrics-community,1.47085893,149734524822.10382,
2019-10-13,8291.25065143191,8291.25065143191,8291.25065143191,8291.25065143191,8291.25065143191,1443796843.46029,coinmetrics-community,1.46532541,149164613949.68323,
2019-10-14,8346.36843658679,8346.36843658679,8346.36843658679,8346.36843658679,8346.36843658679,1553344543.17552,coinmetrics-community,1.46837588,150170300737.75723,
2019-10-15,8160.71262752776,8160.71262752776,8160.71262752776,8160.71262752776,8160.71262752776,1812128178.40827,coinmetrics-community,1.43701211,146845534512.75482,
2019-10-16,8003.85592314436,8003.85592314436,8003.85592314436,8003.85592314436,8003.85592314436,1838387966.47305,coinmetrics-community,1.41022441,144037329738.8034,
2019-10-17,8072.48938229106,8072.48938229106,8072.48938229106,8072.48938229106,8072.48938229106,1521741546.14407,coinmetrics-community,1.42275851,145287592860.18317,
2019-10-18,7959.33199357101,7959.33199357101,7959.33199357101,7959.33199357101,7959.33199357101,1646081648.72565,coinmetrics-community,1.40337963,143266919855.44705,
2019-10-19,7948.47733722969,7948.47733722969,7948.47733722969,7948.47733722969,7948.47733722969,1459247613.54937,coinmetrics-community,1.40147566,143085646028.7517,
2019-10-20,8213.70903927528,8213.70903927528,8213.70903927528,8213.70903927528,8213.70903927528,1644544244.69793,coinmetrics-community,1.4480022,147875242280.4089,
2019-10-21,8211.65455873758,8211.65455873758,8211.65455873758,8211.65455873758,8211.65455873758,1727638131.69029,coinmetrics-community,1.44819078,147854575170.57556,
2019-10-22,8029.20537288136,8029.20537288136,8029.20537288136,8029.20537288136,8029.20537288136,1724838819.90733,coinmetrics-community,1.41660892,144586456293.4322,
2019-10-23,7458.03585680889,7458.03585680889,7458.03585680889,7458.03585680889,7458.03585680889,3168838487.47805,coinmetrics-community,1.31849373,134316744655.84586,
2019-10-24,7454.37113816482,7454.37113816482,7454.37113816482,7454.37113816482,7454.37113816482,1716643558.45492,coinmetrics-community,1.32043974,134263137184.01082,
2019-10-25,8656.65517755699,8656.65517755699,8656.65517755699,8656.65517755699,8656.65517755699,4626216758.08334,coinmetrics-community,1.53033296,155932804286.95422,
2019-10-26,9249.64676095851,9249.64676095851,9249.64676095851,9249.64676095851,9249.64676095851,9560555719.46189,coinmetrics-community,1.63052996,166630581069.47726,
2019-10-27,9558.15604400935,9558.15604400935,9558.15604400935,9558.15604400935,9558.15604400935,5292340366.76702,coinmetrics-community,1.68313273,172202055438.67203,
2019-10-28,9319.17814167154,9319.17814167154,9319.17814167154,9319.17814167154,9319.17814167154,4399831306.29749,coinmetrics-community,1.63844571,167912181263.83618,
2019-10-29,9431.20712390415,9431.20712390415,9431.20712390415,9431.20712390415,9431.20712390415,3607855541.89427,coinmetrics-community,1.65571824,169946389584.88412,
2019-10-30,9182.85506516657,9182.85506516657,9182.85506516657,9182.85506516657,9182.85506516657,3101384022.60393,coinmetrics-community,1.61181743,165486571120.74417,
2019-10-31,9155.27729877265,9155.27729877265,9155.27729877265,9155.27729877265,9155.27729877265,2960215774.67316,coinmetrics-community,1.60646394,165004691372.6371,
2019-11-01,9251.38129345412,9251.38129345412,9251.38129345412,9251.38129345412,9251.38129345412,2650531125.10375,coinmetrics-community,1.62077063,166751798016.37442,
2019-11-02,9300.19083752192,9300.19083752192,9300.19083752192,9300.19083752192,9300.19083752192,1771687602.44275,coinmetrics-community,1.62876338,167647144918.66403,
2019-11-03,9209.63869608416,9209.63869608416,9209.63869608416,9209.63869608416,9209.63869608416,1682217629.88112,coinmetrics-community,1.61294847,166030720096.80835,
2019-11-04,9418.36013062537,9418.36013062537,9418.36013062537,9418.36013062537,9418.36013062537,2344417760.66097,coinmetrics-community,1.64848919,169809075765.17932,
2019-11-05,9330.78722296902,9330.78722296902,9330.78722296902,9330.78722296902,9330.78722296902,2469313248.33917,coinmetrics-community,1.63757092,168246968452.96802,
2019-11-06,9354.93338229106,9354.93338229106,9354.93338229106,9354.93338229106,9354.93338229106,1975862124.4025,coinmetrics-community,1.64148312,168697792662.7137,
2019-11-07,9210.74822238457,9210.74822238457,9210.74822238457,9210.74822238457,9210.74822238457,1982345279.59818,coinmetrics-community,1.61571232,166113240511.8508,
2019-11-08,8791.33393495032,8791.33393495032,8791.33393495032,8791.33393495032,8791.33393495032,2897213151.16994,coinmetrics-community,1.54350145,158563288531.54916,
2019-11-09,8810.78456195208,8810.78456195208,8810.78456195208,8810.78456195208,8810.78456195208,1500247871.91916,coinmetrics-community,1.54712396,158929965624.4699,
2019-11-10,9042.89072320281,9042.89072320281,9042.89072320281,9042.89072320281,9042.89072320281,1933955975.9473,coinmetrics-community,1.58742033,163135487790.44418,
2019-11-11,8713.20792957335,8713.20792957335,8713.20792957335,8713.20792957335,8713.20792957335,2166741731.67612,coinmetrics-community,1.52978275,157204392968.14206,
2019-11-12,8788.95814295734,8788.95814295734,8788.95814295734,8788.95814295734,8788.95814295734,2176240691.25951,coinmetrics-community,1.5426696,158585915731.34256,
2019-11-13,8766.72943050848,8766.72943050848,8766.72943050848,8766.72943050848,8766.72943050848,1720878681.47974,coinmetrics-community,1.5361222,158199619871.92133,
2019-11-14,8645.43580362361,8645.43580362361,8645.43580362361,8645.43580362361,8645.43580362361,1973489965.01234,coinmetrics-community,1.51523438,156029084690.90356,
2019-11-15,8465.87788854471,8465.87788854471,8465.87788854471,8465.87788854471,8465.87788854471,2634362570.06439,coinmetrics-community,1.48420069,152805221239.1656,
2019-11-16,8477.69024284044,8477.69024284044,8477.69024284044,8477.69024284044,8477.69024284044,1529114395.89724,coinmetrics-community,1.48640991,153034112554.8939,
2019-11-17,8505.16122326125,8505.16122326125,8505.16122326125,8505.16122326125,8505.16122326125,1617929780.94906,coinmetrics-community,1.4912036,153546374435.28494,
2019-11-18,8183.53341350088,8183.53341350088,8183.53341350088,8183.53341350088,8183.53341350088,2450296847.1549,coinmetrics-community,1.43585132,147754246709.6443,
2019-11-19,8116.82067258913,8116.82067258913,8116.82067258913,8116.82067258913,8116.82067258913,2205945538.76196,coinmetrics-community,1.42462588,146564658339.2131,
2019-11-20,8076.55466008182,8076.55466008182,8076.55466008182,8076.55466008182,8076.55466008182,1834441700.85988,coinmetrics-community,1.41836156,145851914668.34354,
2019-11-21,7612.2774880187,7612.2774880187,7612.2774880187,7612.2774880187,7612.2774880187,2961122421.84839,coinmetrics-community,1.33896278,137480717894.71866,
2019-11-22,7277.52427323203,7277.52427323203,7277.52427323203,7277.52427323203,7277.52427323203,5303455515.95791,coinmetrics-community,1.28344958,131446951419.7561,
2019-11-23,7324.83617855056,7324.83617855056,7324.83617855056,7324.83617855056,7324.83617855056,2491217255.98446,coinmetrics-community,1.29339001,132317341014.17213,
2019-11-24,6943.38065604909,6943.38065604909,6943.38065604909,6943.38065604909,6943.38065604909,2703709304.47972,coinmetrics-community,1.22636138,125438020111.19061,
2019-11-25,7139.04468597312,7139.04468597312,7139.04468597312,7139.04468597312,7139.04468597312,4878950421.38036,coinmetrics-community,1.26222308,128984010381.1333,
2019-11-26,7165.43773027469,7165.43773027469,7165.43773027469,7165.43773027469,7165.43773027469,2659106030.0183,coinmetrics-community,1.26841696,129471791489.54347,
2019-11-27,7526.86381654004,7526.86381654004,7526.86381654004,7526.86381654004,7526.86381654004,3626313596.36237,coinmetrics-community,1.33297166,136015452003.77501,
2019-11-28,7436.3363817066,7436.3363817066,7436.3363817066,7436.3363817066,7436.3363817066,2475661019.87434,coinmetrics-community,1.31736129,134394712380.75812,
2019-11-29,7747.73804208066,7747.73804208066,7747.73804208066,7747.73804208066,7747.73804208066,2603760261.76476,coinmetrics-community,1.37249236,140035753824.32825,
2019-11-30,7556.19372121567,7556.19372121567,7556.19372121567,7556.19372121567,7556.19372121567,2064306143.48588,coinmetrics-community,1.33947241,136585605232.84554,
2019-12-01,7417.72720601987,7417.72720601987,7417.72720601987,7417.72720601987,7417.72720601987,2363123206.16141,coinmetrics-community,1.31531292,134095575599.21852,
2019-12-02,7318.31252180012,7318.31252180012,7318.31252180012,7318.31252180012,7318.31252180012,2047024454.0742,coinmetrics-community,1.29871273,132311649481.68289,
2019-12-03,7306.44623331385,7306.44623331385,7306.44623331385,7306.44623331385,7306.44623331385,1803569973.53961,coinmetrics-community,1.29767248,132111542796.43445,
2019-12-04,7215.02034482759,7215.02034482759,7215.02034482759,7215.02034482759,7215.02034482759,3293666946.83248,coinmetrics-community,1.28246605,130473486507.8814,
2019-12-05,7404.0867949737,7404.0867949737,7404.0867949737,7404.0867949737,7404.0867949737,2607397088.14381,coinmetrics-community,1.31656246,133905907021.29042,
2019-12-06,7534.2083559322,7534.2083559322,7534.2083559322,7534.2083559322,7534.2083559322,2376740576.16285,coinmetrics-community,1.34019312,136272863879.84613,
2019-12-07,7512.06140263004,7512.06140263004,7512.06140263004,7512.06140263004,7512.06140263004,1816277477.46231,coinmetrics-community,1.33632666,135886841741.42656,
2019-12-08,7528.94026943308,7528.94026943308,7528.94026943308,7528.94026943308,7528.94026943308,1654811642.27345,coinmetrics-community,1.33937263,136206094715.73811,
2019-12-09,7340.22745908825,7340.22745908825,7340.22745908825,7340.22745908825,7340.22745908825,2352550127.38412,coinmetrics-community,1.30638835,132805669774.6542,
2019-12-10,7232.09178375219,7232.09178375219,7232.09178375219,7232.09178375219,7232.09178375219,2329880029.72466,coinmetrics-community,1.28784015,130862566069.28896,
2019-12-11,7200.46444599649,7200.46444599649,7200.46444599649,7200.46444599649,7200.46444599649,1685858897.93258,coinmetrics-community,1.28292787,130302159494.60497,
2019-12-12,7192.84902425482,7192.84902425482,7192.84902425482,7192.84902425482,7192.84902425482,1917989846.73404,coinmetrics-community,1.28218893,130176306232.11562,
2019-12-13,7244.90372004676,7244.90372004676,7244.90372004676,7244.90372004676,7244.90372004676,1493114459.51122,coinmetrics-community,1.29164777,131132158335.25366,
2019-12-14,7071.10709029807,7071.10709029807,7071.10709029807,7071.10709029807,7071.10709029807,1527046388.22116,coinmetrics-community,1.26106197,127999800420.60495,
2019-12-15,7111.28666995909,7111.28666995909,7111.28666995909,7111.28666995909,7111.28666995909,1470970600.15202,coinmetrics-community,1.26826677,128738145823.27989,
2019-12-16,6882.39579532437,6882.39579532437,6882.39579532437,6882.39579532437,6882.39579532437,2136738468.36579,coinmetrics-community,1.22841184,124607959806.08746,
2019-12-17,6608.96197983635,6608.96197983635,6608.96197983635,6608.96197983635,6608.96197983635,2487560117.37739,coinmetrics-community,1.18120445,119669002105.71835,
2019-12-18,7284.6254836353,7284.6254836353,7284.6254836353,7284.6254836353,7284.6254836353,3614527040.7765,coinmetrics-community,1.30300236,131915496849.08093,
2019-12-19,7146.16763763881,7146.16763763881,7146.16763763881,7146.16763763881,7146.16763763881,2433425618.23328,coinmetrics-community,1.27839546,129422222016.77725,
2019-12-20,7184.21917206312,7184.21917206312,7184.21917206312,7184.21917206312,7184.21917206312,1655671255.37829,coinmetrics-community,1.28507153,130125371827.72862,
2019-12-21,7140.29801127995,7140.29801127995,7140.29801127995,7140.29801127995,7140.29801127995,1201977875.54609,coinmetrics-community,1.27731542,129345551109.71739,
2019-12-22,7479.40240789012,7479.40240789012,7479.40240789012,7479.40240789012,7479.40240789012,1845575455.95782,coinmetrics-community,1.33772206,135504182500.00662,
2019-12-23,7321.7487238457,7321.7487238457,7321.7487238457,7321.7487238457,7321.7487238457,2739131018.67642,coinmetrics-community,1.30974111,132661061513.20563,
2019-12-24,7235.62908381064,7235.62908381064,7235.62908381064,7235.62908381064,7235.62908381064,2151128166.59758,coinmetrics-community,1.29430833,131111985464.01056,
2019-12-25,7191.17416569258,7191.17416569258,7191.17416569258,7191.17416569258,7191.17416569258,1548366130.51357,coinmetrics-community,1.28852354,130317953564.19281,
2019-12-26,7194.63975832846,7194.63975832846,7194.63975832846,7194.63975832846,7194.63975832846,1647879659.63595,coinmetrics-community,1.28945009,130395775601.22531,
2019-12-27,7237.15044728229,7237.15044728229,7237.15044728229,7237.15044728229,7237.15044728229,1632964072.14151,coinmetrics-community,1.29743017,131179357399.31564,
2019-12-28,7306.64330829924,7306.64330829924,7306.64330829924,7306.64330829924,7306.64330829924,1281519155.26999,coinmetrics-community,1.30991222,132452581795.07286,
2019-12-29,7391.578521391,7391.578521391,7391.578521391,7391.578521391,7391.578521391,1329428975.97806,coinmetrics-community,1.32663778,134006582388.63812,
2019-12-30,7229.3971006429,7229.3971006429,7229.3971006429,7229.3971006429,7229.3971006429,1388117169.99834,coinmetrics-community,1.29751611,131081294265.51053,
2019-12-31,7167.39505464641,7167.39505464641,7167.39505464641,7167.39505464641,7167.39505464641,1193447000.25988,coinmetrics-community,1.28681852,129970082372.67699,
2020-01-01,7170.63186879018,7170.63186879018,7170.63186879018,7170.63186879018,7170.63186879018,945065382.602609,coinmetrics-community,1.28743526,130044373322.33379,
2020-01-02,6946.82526914085,6946.82526914085,6946.82526914085,6946.82526914085,6946.82526914085,1401933680.01155,coinmetrics-community,1.24755453,125997729470.88751,
2020-01-03,7315.3093603156,7315.3093603156,7315.3093603156,7315.3093603156,7315.3093603156,2601699503.84954,coinmetrics-community,1.31328518,132696546617.94122,
2020-01-04,7343.16419438925,7343.16419438925,7343.16419438925,7343.16419438925,7343.16419438925,1308073500.72553,coinmetrics-community,1.31850725,133217241900.65343,
2020-01-05,7345.53069181765,7345.53069181765,7345.53069181765,7345.53069181765,7345.53069181765,1410304397.94888,coinmetrics-community,1.31891454,133275140628.50085,
2020-01-06,7765.7977346581,7765.7977346581,7765.7977346581,7765.7977346581,7765.7977346581,2186981744.12543,coinmetrics-community,1.39343235,140913446583.57416,
2020-01-07,8136.08684190532,8136.08684190532,8136.08684190532,8136.08684190532,8136.08684190532,3294368677.78956,coinmetrics-community,1.45871525,147650387097.9029,
2020-01-08,8059.69952887201,8059.69952887201,8059.69952887201,8059.69952887201,8059.69952887201,4155481473.80313,coinmetrics-community,1.44434936,146278447249.11566,
2020-01-09,7817.13609322034,7817.13609322034,7817.13609322034,7817.13609322034,7817.13609322034,2280454593.74479,coinmetrics-community,1.40023893,141891415486.24527,
2020-01-10,8129.81791992987,8129.81791992987,8129.81791992987,8129.81791992987,8129.81791992987,2967393864.65457,coinmetrics-community,1.45520178,147582148237.8166,
2020-01-11,8032.00549503215,8032.00549503215,8032.00549503215,8032.00549503215,8032.00549503215,2200366656.05997,coinmetrics-community,1.43755242,145822905688.42953,
2020-01-12,8164.54999316189,8164.54999316189,8164.54999316189,8164.54999316189,8164.54999316189,1646123030.21673,coinmetrics-community,1.46084233,148244692101.63885,
2020-01-13,8121.92566762127,8121.92566762127,8121.92566762127,8121.92566762127,8121.92566762127,1442610887.81786,coinmetrics-community,1.45276596,147485275164.18646,
2020-01-14,8830.16787346581,8830.16787346581,8830.16787346581,8830.16787346581,8830.16787346581,5488577279.71819,coinmetrics-community,1.57463765,160362182649.78302,
2020-01-15,8811.44820251315,8811.44820251315,8811.44820251315,8811.44820251315,8811.44820251315,4276007143.4959,coinmetrics-community,1.56868373,160038851605.64972,
2020-01-16,8718.68699801286,8718.68699801286,8718.68699801286,8718.68699801286,8718.68699801286,2679418644.1477,coinmetrics-community,1.55078627,158371394895.92358,
2020-01-17,8912.54190414962,8912.54190414962,8912.54190414962,8912.54190414962,8912.54190414962,3669705640.10839,coinmetrics-community,1.58368313,161910403912.36758,
2020-01-18,8928.1807565751,8928.1807565751,8928.1807565751,8928.1807565751,8928.1807565751,2327249026.65105,coinmetrics-community,1.58583813,162209239871.51685,
2020-01-19,8687.35483664524,8687.35483664524,8687.35483664524,8687.35483664524,8687.35483664524,3776303430.89513,coinmetrics-community,1.54314165,157850148001.62515,
2020-01-20,8636.2587862069,8636.2587862069,8636.2587862069,8636.2587862069,8636.2587862069,2145628154.66481,coinmetrics-community,1.53413892,156938136300.68027,
2020-01-21,8730.86756019871,8730.86756019871,8730.86756019871,8730.86756019871,8730.86756019871,1890398954.69724,coinmetrics-community,1.5503965,158674065182.0027,
2020-01-22,8647.90047399182,8647.90047399182,8647.90047399182,8647.90047399182,8647.90047399182,1635103228.87982,coinmetrics-community,1.53544323,157183091622.76913,
2020-01-23,8366.38461396844,8366.38461396844,8366.38461396844,8366.38461396844,8366.38461396844,2453926186.98359,coinmetrics-community,1.48547764,152082924891.57297,
2020-01-24,8423.39095815313,8423.39095815313,8423.39095815313,8423.39095815313,8423.39095815313,2070431546.63823,coinmetrics-community,1.49494018,153135182382.82776,
2020-01-25,8344.77456896552,8344.77456896552,8344.77456896552,8344.77456896552,8344.77456896552,1291608710.61797,coinmetrics-community,1.4807681,151723062490.33078,
2020-01-26,8573.87480958504,8573.87480958504,8573.87480958504,8573.87480958504,8573.87480958504,1538174485.09648,coinmetrics-community,1.52095733,155903844151.00034,
2020-01-27,8901.95928486265,8901.95928486265,8901.95928486265,8901.95928486265,8901.95928486265,2688053085.4901,coinmetrics-community,1.5779271,161883952905.7292,
2020-01-28,9297.3883176505,9297.3883176505,9297.3883176505,9297.3883176505,9297.3883176505,4264458654.16236,coinmetrics-community,1.64585254,169091413723.46133,
2020-01-29,9311.94754354179,9311.94754354179,9311.94754354179,9311.94754354179,9311.94754354179,3430011578.12039,coinmetrics-community,1.64528656,169374825966.0464,
2020-01-30,9508.92096493279,9508.92096493279,9508.92096493279,9508.92096493279,9508.92096493279,3631946262.53472,coinmetrics-community,1.67702648,172976113948.8801,
2020-01-31,9357.28478240795,9357.28478240795,9357.28478240795,9357.28478240795,9357.28478240795,2904868261.04128,coinmetrics-community,1.64732688,170234553906.81723,
2020-02-01,9381.88602863822,9381.88602863822,9381.88602863822,9381.88602863822,9381.88602863822,1839937615.43724,coinmetrics-community,1.650978,170699826042.57834,
2020-02-02,9339.38706312098,9339.38706312098,9339.38706312098,9339.38706312098,9339.38706312098,2676907925.2753,coinmetrics-community,1.64356756,169943267782.81882,
2020-02-03,9279.81252051432,9279.81252051432,9279.81252051432,9279.81252051432,9279.81252051432,2840504498.26668,coinmetrics-community,1.6319591,168876392941.6707,
2020-02-04,9161.62719772063,9161.62719772063,9161.62719772063,9161.62719772063,9161.62719772063,2850859566.71171,coinmetrics-community,1.61069803,166740743006.20746,
2020-02-05,9628.13677586207,9628.13677586207,9628.13677586207,9628.13677586207,9628.13677586207,3802777133.93842,coinmetrics-community,1.69086813,175250308848.13208,
2020-02-06,9739.2804364699,9739.2804364699,9739.2804364699,9739.2804364699,9739.2804364699,4027336370.03203,coinmetrics-community,1.70571675,177289768826.43756,
2020-02-07,9800.27939982466,9800.27939982466,9800.27939982466,9800.27939982466,9800.27939982466,3204016496.95045,coinmetrics-community,1.7097118,178417196310.33414,
2020-02-08,9911.29340841613,9911.29340841613,9911.29340841613,9911.29340841613,9911.29340841613,3152523510.1564,coinmetrics-community,1.72664271,180455462436.1386,
2020-02-09,10151.0832026885,10151.0832026885,10151.0832026885,10151.0832026885,10151.0832026885,3476114931.16888,coinmetrics-community,1.76640757,184840742312.64767,
2020-02-10,9872.36187305669,9872.36187305669,9872.36187305669,9872.36187305669,9872.36187305669,4010514552.22661,coinmetrics-community,1.71346985,179780570081.514,
2020-02-11,10272.2225558738,10272.2225558738,10272.2225558738,10272.2225558738,10272.2225558738,4370445351.24182,coinmetrics-community,1.7792319,187081233587.23752,
2020-02-12,10360.1352229106,10360.1352229106,10360.1352229106,10360.1352229106,10360.1352229106,4744741905.31054,coinmetrics-community,1.79208365,188700718413.703,
2020-02-13,10235.4973226184,10235.4973226184,10235.4973226184,10235.4973226184,10235.4973226184,5975938489.19516,coinmetrics-community,1.76851563,186448589139.1426,
2020-02-14,10361.6156901812,10361.6156901812,10361.6156901812,10361.6156901812,10361.6156901812,4085105103.35771,coinmetrics-community,1.7883096,188763431392.39105,
2020-02-15,9911.72432700175,9911.72432700175,9911.72432700175,9911.72432700175,9911.72432700175,4666240169.01034,coinmetrics-community,1.71075719,180585098507.1185,
2020-02-16,9952.04661157218,9952.04661157218,9952.04661157218,9952.04661157218,9952.04661157218,4544928856.34677,coinmetrics-community,1.71695434,181337408895.616,
2020-02-17,9683.0796277031,9683.0796277031,9683.0796277031,9683.0796277031,9683.0796277031,5180150978.57692,coinmetrics-community,1.67061779,176455532970.77463,
2020-02-18,10195.3037904734,10195.3037904734,10195.3037904734,10195.3037904734,10195.3037904734,4948194712.68366,coinmetrics-community,1.75425426,185808950969.89786,
2020-02-19,9636.00229865576,9636.00229865576,9636.00229865576,9636.00229865576,9636.00229865576,4862622064.37049,coinmetrics-community,1.65794069,175632690004.1369,
2020-02-20,9614.03012244302,9614.03012244302,9614.03012244302,9614.03012244302,9614.03012244302,4187890598.32206,coinmetrics-community,1.65435215,175247351456.8183,
2020-02-21,9701.79750268849,9701.79750268849,9701.79750268849,9701.79750268849,9701.79750268849,3341448919.96072,coinmetrics-community,1.66881312,176865876880.39227,
2020-02-22,9675.24905756868,9675.24905756868,9675.24905756868,9675.24905756868,9675.24905756868,2341150366.34234,coinmetrics-community,1.66379813,176399792167.0473,
2020-02-23,9972.84242308591,9972.84242308591,9972.84242308591,9972.84242308591,9972.84242308591,3245500485.5733,coinmetrics-community,1.71384131,181843236236.8033,
2020-02-24,9648.00788310929,9648.00788310929,9648.00788310929,9648.00788310929,9648.00788310929,4226843640.64124,coinmetrics-community,1.65765413,175937259068.28143,
2020-02-25,9344.28714009351,9344.28714009351,9344.28714009351,9344.28714009351,9344.28714009351,4091015797.03447,coinmetrics-community,1.60369037,170415547339.4431,
2020-02-26,8798.88894856809,8798.88894856809,8798.88894856809,8798.88894856809,8798.88894856809,6124355982.69872,coinmetrics-community,1.51151916,160483857843.05478,
2020-02-27,8779.02948188194,8779.02948188194,8779.02948188194,8779.02948188194,8779.02948188194,4860025970.99748,coinmetrics-community,1.50901158,160137770415.14587,
2020-02-28,8750.59344599649,8750.59344599649,8750.59344599649,8750.59344599649,8750.59344599649,4506608793.56028,coinmetrics-community,1.50435395,159636352746.77158,
2020-02-29,8582.09029964933,8582.09029964933,8582.09029964933,8582.09029964933,8582.09029964933,2947746000.60964,coinmetrics-community,1.47581569,156577275161.49323,
2020-03-01,8541.77389392169,8541.77389392169,8541.77389392169,8541.77389392169,8541.77389392169,3234798108.79794,coinmetrics-community,1.46928146,155860614930.09494,
2020-03-02,8906.21475645821,8906.21475645821,8906.21475645821,8906.21475645821,8906.21475645821,3921850001.48672,coinmetrics-community,1.53109223,162527106819.9153,
2020-03-03,8768.81061420222,8768.81061420222,8768.81061420222,8768.81061420222,8768.81061420222,3911022772.22784,coinmetrics-community,1.50704354,160036426101.82806,
2020-03-04,8756.36957218001,8756.36957218001,8756.36957218001,8756.36957218001,8756.36957218001,3138594241.88442,coinmetrics-community,1.50859699,159827648015.21225,
2020-03-05,9062.61580274693,9062.61580274693,9062.61580274693,9062.61580274693,9062.61580274693,4079056538.43616,coinmetrics-community,1.56090164,165435942800.14697,
2020-03-06,9147.08505897136,9147.08505897136,9147.08505897136,9147.08505897136,9147.08505897136,3746557594.77612,coinmetrics-community,1.57478419,166995631895.5666,
2020-03-07,8898.30695675044,8898.30695675044,8898.30695675044,8898.30695675044,8898.30695675044,3316351227.84808,coinmetrics-community,1.53210003,162471226444.75668,
2020-03-08,8109.61454114553,8109.61454114553,8109.61454114553,8109.61454114553,8109.61454114553,5311311006.69016,coinmetrics-community,1.39731984,148086770498.23337,
2020-03-09,7896.38531987142,7896.38531987142,7896.38531987142,7896.38531987142,7896.38531987142,6238428933.15671,coinmetrics-community,1.36296685,144207873678.32483,
2020-03-10,7909.92787545295,7909.92787545295,7909.92787545295,7909.92787545295,7909.92787545295,4567592870.36193,coinmetrics-community,1.3667676,144468246215.19913,
2020-03-11,7939.34133477499,7939.34133477499,7939.34133477499,7939.34133477499,7939.34133477499,3964967872.16105,coinmetrics-community,1.37532279,145017268327.98508,
2020-03-12,4959.31341437756,4959.31341437756,4959.31341437756,4959.31341437756,4959.31341437756,13366235386.9683,coinmetrics-community,0.87746909,90594467680.79959,
2020-03-13,5627.69238836938,5627.69238836938,5627.69238836938,5627.69238836938,5627.69238836938,14476814736.8663,coinmetrics-community,1.00230839,102812902144.09328,
2020-03-14,5145.17250642899,5145.17250642899,5145.17250642899,5145.17250642899,5145.17250642899,5175435700.14999,coinmetrics-community,0.91943052,94005928118.49553,
2020-03-15,5358.61066335476,5358.61066335476,5358.61066335476,5358.61066335476,5358.61066335476,4580207438.17169,coinmetrics-community,0.9586443,97913564614.60316,
2020-03-16,5012.92738778492,5012.92738778492,5012.92738778492,5012.92738778492,5012.92738778492,7244839899.35219,coinmetrics-community,0.9005596,91604630050.69981,
2020-03-17,5416.7547106955,5416.7547106955,5416.7547106955,5416.7547106955,5416.7547106955,5060493867.13159,coinmetrics-community,0.97465625,98992369512.90936,
2020-03-18,5392.48783594389,5392.48783594389,5392.48783594389,5392.48783594389,5392.48783594389,4667754474.05878,coinmetrics-community,0.97098752,98555627712.75357,
2020-03-19,6203.5516320865,6203.5516320865,6203.5516320865,6203.5516320865,6203.5516320865,6887602398.47735,coinmetrics-community,1.11612479,113387305928.47572,
2020-03-20,6174.14947603741,6174.14947603741,6174.14947603741,6174.14947603741,6174.14947603741,8285697834.78706,coinmetrics-community,1.11275432,112858311337.38545,
2020-03-21,6175.83102220924,6175.83102220924,6175.83102220924,6175.83102220924,6175.83102220924,4679655012.11699,coinmetrics-community,1.11317824,112898621139.26903,
2020-03-22,5830.56097960257,5830.56097960257,5830.56097960257,5830.56097960257,5830.56097960257,4553880996.19977,coinmetrics-community,1.05120625,106596093106.52202,
2020-03-23,6486.40865733489,6486.40865733489,6486.40865733489,6486.40865733489,6486.40865733489,5977730203.59381,coinmetrics-community,1.16908967,118595581239.08948,
2020-03-24,6775.05761893629,6775.05761893629,6775.05761893629,6775.05761893629,6775.05761893629,5874051905.74271,coinmetrics-community,1.21902362,123884332494.96886,
2020-03-25,6689.96901285798,6689.96901285798,6689.96901285798,6689.96901285798,6689.96901285798,5114509892.43275,coinmetrics-community,1.20405859,122336150605.96745,
2020-03-26,6754.46033606078,6754.46033606078,6754.46033606078,6754.46033606078,6754.46033606078,3140004022.20632,coinmetrics-community,1.21539093,123528980419.07896,
2020-03-27,6490.79541502046,6490.79541502046,6490.79541502046,6490.79541502046,6490.79541502046,3804237825.11974,coinmetrics-community,1.168733,118719519155.59431,
2020-03-28,6231.81989023963,6231.81989023963,6231.81989023963,6231.81989023963,6231.81989023963,3771661815.12218,coinmetrics-community,1.12273873,113993258453.11455,
2020-03-29,5904.85758679135,5904.85758679135,5904.85758679135,5904.85758679135,5904.85758679135,2788915941.83686,coinmetrics-community,1.06488351,108023566970.573,
2020-03-30,6436.90570017534,6436.90570017534,6436.90570017534,6436.90570017534,6436.90570017534,4076971595.72927,coinmetrics-community,1.16111925,117768692186.59363,
2020-03-31,6432.3832421391,6432.3832421391,6432.3832421391,6432.3832421391,6432.3832421391,2845641020.86354,coinmetrics-community,1.16086021,117698734312.41174,
2020-04-01,6643.11000870836,6643.11000870836,6643.11000870836,6643.11000870836,6643.11000870836,3796518725.53918,coinmetrics-community,1.20232747,121567284407.78577,
2020-04-02,6792.74222209234,6792.74222209234,6792.74222209234,6792.74222209234,6792.74222209234,5714292146.35548,coinmetrics-community,1.2293196,124318508345.33902,
2020-04-03,6751.90255178258,6751.90255178258,6751.90255178258,6751.90255178258,6751.90255178258,4541450675.29775,coinmetrics-community,1.22207588,123582214925.00829,
2020-04-04,6859.98916867329,6859.98916867329,6859.98916867329,6859.98916867329,6859.98916867329,3243936438.34619,coinmetrics-community,1.24154011,125574021300.84401,
2020-04-05,6790.81247264758,6790.81247264758,6790.81247264758,6790.81247264758,6790.81247264758,2323036177.11252,coinmetrics-community,1.22896481,124322577425.2926,
2020-04-06,7298.17374517826,7298.17374517826,7298.17374517826,7298.17374517826,7298.17374517826,5222248328.8484,coinmetrics-community,1.31870276,133622754419.986,
2020-04-07,7187.59333664524,7187.59333664524,7187.59333664524,7187.59333664524,7187.59333664524,4907166254.3004,coinmetrics-community,1.29919781,131613224221.5547,
2020-04-08,7372.19476399766,7372.19476399766,7372.19476399766,7372.19476399766,7372.19476399766,3847467824.16913,coinmetrics-community,1.33180003,135006761796.008,
2020-04-09,7299.57918790181,7299.57918790181,7299.57918790181,7299.57918790181,7299.57918790181,3043576975.15171,coinmetrics-community,1.3184332,133691006813.91693,
2020-04-10,6859.82267475161,6859.82267475161,6859.82267475161,6859.82267475161,6859.82267475161,4395260936.6177,coinmetrics-community,1.24393645,125650890516.87971,
2020-04-11,6883.18222895967,6883.18222895967,6883.18222895967,6883.18222895967,6883.18222895967,2549475830.32144,coinmetrics-community,1.24828502,126092446156.63507,
2020-04-12,6978.66628661601,6978.66628661601,6978.66628661601,6978.66628661601,6978.66628661601,3099397086.14627,coinmetrics-community,1.26554137,127854957413.5737,
2020-04-13,6863.57553319696,6863.57553319696,6863.57553319696,6863.57553319696,6863.57553319696,3869390027.62886,coinmetrics-community,1.24500204,125761070198.93243,
2020-04-14,6875.53850344828,6875.53850344828,6875.53850344828,6875.53850344828,6875.53850344828,3117543559.08409,coinmetrics-community,1.24727346,125994705942.76488,
2020-04-15,6625.47577510228,6625.47577510228,6625.47577510228,6625.47577510228,6625.47577510228,3052769011.1621,coinmetrics-community,1.20252464,121426285928.7838,
2020-04-16,7127.79228223261,7127.79228223261,7127.79228223261,7127.79228223261,7127.79228223261,5365959878.03098,coinmetrics-community,1.29329091,130646051882.06584,
2020-04-17,7081.39519842197,7081.39519842197,7081.39519842197,7081.39519842197,7081.39519842197,2750585923.5466,coinmetrics-community,1.28483033,129806876584.3978,
2020-04-18,7262.79234360023,7262.79234360023,7262.79234360023,7262.79234360023,7262.79234360023,2719373298.145,coinmetrics-community,1.31739282,133146355855.41402,
2020-04-19,7150.2442154588,7150.2442154588,7150.2442154588,7150.2442154588,7150.2442154588,2533635490.63048,coinmetrics-community,1.29699559,131096633928.62564,
2020-04-20,6853.27341478667,6853.27341478667,6853.27341478667,6853.27341478667,6853.27341478667,3995765172.79067,coinmetrics-community,1.24397211,125665595004.13223,
2020-04-21,6870.42369865576,6870.42369865576,6870.42369865576,6870.42369865576,6870.42369865576,2713723357.67887,coinmetrics-community,1.2473842,125992868717.38625,
2020-04-22,7123.65691992987,7123.65691992987,7123.65691992987,7123.65691992987,7123.65691992987,2798450278.68825,coinmetrics-community,1.29301523,130648436527.64308,
2020-04-23,7488.60516528346,7488.60516528346,7488.60516528346,7488.60516528346,7488.60516528346,4969052478.39676,coinmetrics-community,1.35798226,137354908752.06412,
2020-04-24,7506.44331648159,7506.44331648159,7506.44331648159,7506.44331648159,7506.44331648159,3432459182.73215,coinmetrics-community,1.3603772,137695605129.5817,
2020-04-25,7537.73820911748,7537.73820911748,7537.73820911748,7537.73820911748,7537.73820911748,3069445311.63847,coinmetrics-community,1.36573263,138282481992.70456,
2020-04-26,7684.06852168322,7684.06852168322,7684.06852168322,7684.06852168322,7684.06852168322,3320337864.89068,coinmetrics-community,1.39182404,140980122465.1078,
2020-04-27,7777.49151858562,7777.49151858562,7777.49151858562,7777.49151858562,7777.49151858562,3800986181.30272,coinmetrics-community,1.40592618,142707868307.3903,
2020-04-28,7769.89969842197,7769.89969842197,7769.89969842197,7769.89969842197,7769.89969842197,3234753708.51146,coinmetrics-community,1.40416612,142583524348.09668,
2020-04-29,8761.83716954997,8761.83716954997,8761.83716954997,8761.83716954997,8761.83716954997,9186522631.71958,coinmetrics-community,1.57124906,160802206508.21957,
2020-04-30,8652.4109912332,8652.4109912332,8652.4109912332,8652.4109912332,8652.4109912332,11352907435.788,coinmetrics-community,1.54783671,158808556147.54883,
2020-05-01,8855.53525827002,8855.53525827002,8855.53525827002,8855.53525827002,8855.53525827002,5291887860.75246,coinmetrics-community,1.58149669,162552358585.9274,
2020-05-02,8977.28170537697,8977.28170537697,8977.28170537697,8977.28170537697,8977.28170537697,4126625331.99425,coinmetrics-community,1.60183196,164803746448.9257,
2020-05-03,8896.7956383986,8896.7956383986,8896.7956383986,8896.7956383986,8896.7956383986,5718428766.05045,coinmetrics-community,1.58639791,163344877181.00287,
2020-05-04,8881.95430450029,8881.95430450029,8881.95430450029,8881.95430450029,8881.95430450029,5607174502.70615,coinmetrics-community,1.58241067,163089932635.14145,
2020-05-05,8985.8795993571,8985.8795993571,8985.8795993571,8985.8795993571,8985.8795993571,3963639147.1476,coinmetrics-community,1.59959352,165015950017.1822,
2020-05-06,9266.8130730567,9266.8130730567,9266.8130730567,9266.8130730567,9266.8130730567,5157035363.87821,coinmetrics-community,1.64574813,170192827716.01007,
2020-05-07,9993.75317685564,9993.75317685564,9993.75317685564,9993.75317685564,9993.75317685564,7581969202.44484,coinmetrics-community,1.76246608,183562058560.50378,
2020-05-08,9859.32360461718,9859.32360461718,9859.32360461718,9859.32360461718,9859.32360461718,5554812524.42105,coinmetrics-community,1.73504927,181109783310.85468,
2020-05-09,9577.33892238457,9577.33892238457,9577.33892238457,9577.33892238457,9577.33892238457,4643676809.67182,coinmetrics-community,1.68527866,175946177530.5424,
2020-05-10,8715.03329322034,8715.03329322034,8715.03329322034,8715.03329322034,8715.03329322034,8500071686.55497,coinmetrics-community,1.53444392,160123200654.1847,
2020-05-11,8591.65288433665,8591.65288433665,8591.65288433665,8591.65288433665,8591.65288433665,7456934923.50977,coinmetrics-community,1.51427708,157871609470.3379,
2020-05-12,8817.25068112215,8817.25068112215,8817.25068112215,8817.25068112215,8817.25068112215,4111411992.93367,coinmetrics-community,1.55398556,162025014405.08948,
2020-05-13,9322.99720204559,9322.99720204559,9322.99720204559,9322.99720204559,9322.99720204559,4362094792.34368,coinmetrics-community,1.64026769,171325501477.10483,
2020-05-14,9801.26948772647,9801.26948772647,9801.26948772647,9801.26948772647,9801.26948772647,6431682260.38827,coinmetrics-community,1.72149026,180121529585.91864,
2020-05-15,9326.87585891292,9326.87585891292,9326.87585891292,9326.87585891292,9326.87585891292,5840354085.63581,coinmetrics-community,1.63770129,171410710236.33826,
2020-05-16,9395.4753893045,9395.4753893045,9395.4753893045,9395.4753893045,9395.4753893045,3435498359.85612,coinmetrics-community,1.64923495,172678841534.62964,
2020-05-17,9682.5324811806,9682.5324811806,9682.5324811806,9682.5324811806,9682.5324811806,3968234936.70125,coinmetrics-community,1.69855053,177960818089.34174,
2020-05-18,9726.85002209235,9726.85002209235,9726.85002209235,9726.85002209235,9726.85002209235,4436550061.16491,coinmetrics-community,1.7030904,178783137073.02304,
2020-05-19,9754.20146201052,9754.20146201052,9754.20146201052,9754.20146201052,9754.20146201052,4248966857.10153,coinmetrics-community,1.70545218,179292877588.71863,
2020-05-20,9515.702550263,9515.702550263,9515.702550263,9515.702550263,9515.702550263,4532055904.44459,coinmetrics-community,1.66337697,174915846484.68948,
2020-05-21,9068.80122933957,9068.80122933957,9068.80122933957,9068.80122933957,9068.80122933957,5557900161.863,coinmetrics-community,1.58611169,166708415917.14926,
2020-05-22,9161.81503389831,9161.81503389831,9161.81503389831,9161.81503389831,9161.81503389831,3638316508.35465,coinmetrics-community,1.60231403,168424610263.70425,
2020-05-23,9183.66212507305,9183.66212507305,9183.66212507305,9183.66212507305,9183.66212507305,2736502170.99486,coinmetrics-community,1.60568496,168833062758.505,
2020-05-24,8806.23065715956,8806.23065715956,8806.23065715956,8806.23065715956,8806.23065715956,3825487643.11112,coinmetrics-community,1.54008682,161900721760.6346,
2020-05-25,8909.19258153127,8909.19258153127,8909.19258153127,8909.19258153127,8909.19258153127,3541343532.47767,coinmetrics-community,1.55903037,163800615663.85916,
2020-05-26,8835.13725336061,8835.13725336061,8835.13725336061,8835.13725336061,8835.13725336061,3305448328.17219,coinmetrics-community,1.54624899,162445913210.84167,
2020-05-27,9169.05743921683,9169.05743921683,9169.05743921683,9169.05743921683,9169.05743921683,3702378630.96774,coinmetrics-community,1.60359036,168593394454.69797,
2020-05-28,9568.26185300994,9568.26185300994,9568.26185300994,9568.26185300994,9568.26185300994,4137765259.62702,coinmetrics-community,1.67222784,175941484285.82523,
2020-05-29,9432.41333343074,9432.41333343074,9432.41333343074,9432.41333343074,9432.41333343074,3525104046.7792,coinmetrics-community,1.64770853,173450984634.7825,
2020-05-30,9691.68049117475,9691.68049117475,9691.68049117475,9691.68049117475,9691.68049117475,3763541398.60772,coinmetrics-community,1.69215433,178228052044.65002,
2020-05-31,9433.94384663939,9433.94384663939,9433.94384663939,9433.94384663939,9433.94384663939,3474339147.35064,coinmetrics-community,1.64704955,173497171389.70322,
2020-06-01,10199.1350542373,10199.1350542373,10199.1350542373,10199.1350542373,10199.1350542373,4968823398.21152,coinmetrics-community,1.77456298,187578142707.61478,
2020-06-02,9512.34653302163,9512.34653302163,9512.34653302163,9512.34653302163,9512.34653302163,6727087397.78017,coinmetrics-community,1.65555855,174954690421.54974,
2020-06-03,9642.27340035067,9642.27340035067,9642.27340035067,9642.27340035067,9642.27340035067,3139812878.6334,coinmetrics-community,1.67699652,177352731439.34332,
2020-06-04,9813.36067913501,9813.36067913501,9813.36067913501,9813.36067913501,9813.36067913501,3634131815.39088,coinmetrics-community,1.70498933,180508843644.39648,
2020-06-05,9641.8916225599,9641.8916225599,9641.8916225599,9641.8916225599,9641.8916225599,3443549819.84625,coinmetrics-community,1.67491159,177365595706.9578,
2020-06-06,9668.67053857393,9668.67053857393,9668.67053857393,9668.67053857393,9668.67053857393,2175047887.47868,coinmetrics-community,1.67895972,177870046318.4762,
2020-06-07,9747.58011104617,9747.58011104617,9747.58011104617,9747.58011104617,9747.58011104617,3330965867.39172,coinmetrics-community,1.69210512,179331395772.25357,
2020-06-08,9769.34236148451,9769.34236148451,9769.34236148451,9769.34236148451,9769.34236148451,2683474966.60339,coinmetrics-community,1.6929366,179741658882.79865,
2020-06-09,9779.42216566335,9779.42216566335,9779.42216566335,9779.42216566335,9779.42216566335,3118033822.11643,coinmetrics-community,1.69357425,179936892008.73267,
2020-06-10,9888.44417469316,9888.44417469316,9888.44417469316,9888.44417469316,9888.44417469316,3552721602.0347,coinmetrics-community,1.71128591,181952982732.76926,
2020-06-11,9277.45116931619,9277.45116931619,9277.45116931619,9277.45116931619,9277.45116931619,5796695433.784,coinmetrics-community,1.60651966,170721091857.55527,
2020-06-12,9456.16153331385,9456.16153331385,9456.16153331385,9456.16153331385,9456.16153331385,3106910922.92972,coinmetrics-community,1.63695561,174019304039.34656,
2020-06-13,9461.33379865576,9461.33379865576,9461.33379865576,9461.33379865576,9461.33379865576,2144632931.31402,coinmetrics-community,1.63756141,174123830972.77356,
2020-06-14,9342.955635301,9342.955635301,9342.955635301,9342.955635301,9342.955635301,2052005209.98647,coinmetrics-community,1.61687359,171955158128.0987,
2020-06-15,9441.38321127995,9441.38321127995,9441.38321127995,9441.38321127995,9441.38321127995,4361482084.73905,coinmetrics-community,1.63326898,173774840415.62903,
2020-06-16,9520.09194827586,9520.09194827586,9520.09194827586,9520.09194827586,9520.09194827586,3193990409.56566,coinmetrics-community,1.64602728,175232451346.34097,
2020-06-17,9448.69356060783,9448.69356060783,9448.69356060783,9448.69356060783,9448.69356060783,2940830452.53905,coinmetrics-community,1.63347313,173926399830.38492,
2020-06-18,9389.99076639392,9389.99076639392,9389.99076639392,9389.99076639392,9389.99076639392,2603703127.95449,coinmetrics-community,1.61930293,172853049353.4523,
2020-06-19,9285.99158293396,9285.99158293396,9285.99158293396,9285.99158293396,9285.99158293396,3017673928.86154,coinmetrics-community,1.601515,170946908488.14093,
2020-06-20,9357.29246446522,9357.29246446522,9357.29246446522,9357.29246446522,9357.29246446522,2433393778.68505,coinmetrics-community,1.61343538,172267506962.9833,
2020-06-21,9284.76937182934,9284.76937182934,9284.76937182934,9284.76937182934,9284.76937182934,2107628935.06248,coinmetrics-community,1.6005863,170940831096.1998,
2020-06-22,9684.62018474576,9684.62018474576,9684.62018474576,9684.62018474576,9684.62018474576,3582129837.9513,coinmetrics-community,1.66795041,178311094487.316,
2020-06-23,9611.72599824664,9611.72599824664,9611.72599824664,9611.72599824664,9611.72599824664,3040667558.37755,coinmetrics-community,1.65453862,176978474354.71844,
2020-06-24,9292.94354354179,9292.94354354179,9292.94354354179,9292.94354354179,9292.94354354179,3577212264.66314,coinmetrics-community,1.60043802,171116880435.06366,
2020-06-25,9247.12143249561,9247.12143249561,9247.12143249561,9247.12143249561,9247.12143249561,3308709599.50332,coinmetrics-community,1.59283584,170281277784.0368,
2020-06-26,9159.43777206312,9159.43777206312,9159.43777206312,9159.43777206312,9159.43777206312,3026975836.16681,coinmetrics-community,1.57369557,168676013923.73868,
2020-06-27,9002.16561718293,9002.16561718293,9002.16561718293,9002.16561718293,9002.16561718293,2719759943.51073,coinmetrics-community,1.5467905,165787526267.54556,
2020-06-28,9108.06567457627,9108.06567457627,9108.06567457627,9108.06567457627,9108.06567457627,1909265618.75759,coinmetrics-community,1.56486434,167746363406.58917,
2020-06-29,9184.24736627703,9184.24736627703,9184.24736627703,9184.24736627703,9184.24736627703,2378789004.99528,coinmetrics-community,1.57752462,169157750925.37515,
2020-06-30,9143.96758530099,9143.96758530099,9143.96758530099,9143.96758530099,9143.96758530099,2201342726.1949,coinmetrics-community,1.56990039,168424268927.21072,
2020-07-01,9241.33961239041,9241.33961239041,9241.33961239041,9241.33961239041,9241.33961239041,2224241959.58315,coinmetrics-community,1.5861884,170227137442.6157,
2020-07-02,9094.38728679135,9094.38728679135,9094.38728679135,9094.38728679135,9094.38728679135,3006025710.05182,coinmetrics-community,1.56106575,167529570926.75986,
2020-07-03,9066.69069661017,9066.69069661017,9066.69069661017,9066.69069661017,9066.69069661017,2118621393.02984,coinmetrics-community,1.5561961,167028603057.3506,
2020-07-04,9126.21955493863,9126.21955493863,9126.21955493863,9126.21955493863,9126.21955493863,1626143412.73689,coinmetrics-community,1.56620843,168134212097.31125,
2020-07-05,9079.61401808884,9079.61401808884,9079.61401808884,9079.61401808884,9079.61401808884,2040103000.76961,coinmetrics-community,1.55815127,167284838602.93985,
2020-07-06,9338.94259117475,9338.94259117475,9338.94259117475,9338.94259117475,9338.94259117475,3375906866.54853,coinmetrics-community,1.60183713,172071754943.9324,
2020-07-07,9252.15873261251,9252.15873261251,9252.15873261251,9252.15873261251,9252.15873261251,2525928727.50098,coinmetrics-community,1.58667765,170482056186.43045,
2020-07-08,9434.56795645821,9434.56795645821,9434.56795645821,9434.56795645821,9434.56795645821,3630921456.79885,coinmetrics-community,1.61561301,173852067499.54385,
2020-07-09,9231.50234751607,9231.50234751607,9231.50234751607,9231.50234751607,9231.50234751607,3151786399.65262,coinmetrics-community,1.58050888,170119612182.24487,
2020-07-10,9285.22101542957,9285.22101542957,9285.22101542957,9285.22101542957,9285.22101542957,2630661874.10128,coinmetrics-community,1.58940706,171118891700.69153,
2020-07-11,9237.17100818235,9237.17100818235,9237.17100818235,9237.17100818235,9237.17100818235,1872336552.0097,coinmetrics-community,1.58104284,170242376319.11676,
2020-07-12,9289.09797691408,9289.09797691408,9289.09797691408,9289.09797691408,9289.09797691408,2116884674.12795,coinmetrics-community,1.58969582,171208222386.19006,
2020-07-13,9236.62250116891,9236.62250116891,9236.62250116891,9236.62250116891,9236.62250116891,3166167995.68657,coinmetrics-community,1.58057885,170249528195.09436,
2020-07-14,9260.3569868498,9260.3569868498,9260.3569868498,9260.3569868498,9260.3569868498,2775746659.50212,coinmetrics-community,1.58381858,170695336818.95126,
2020-07-15,9196.72555897136,9196.72555897136,9196.72555897136,9196.72555897136,9196.72555897136,2429723564.18,coinmetrics-community,1.57234112,169530356543.2783,
2020-07-16,9132.59231209818,9132.59231209818,9132.59231209818,9132.59231209818,9132.59231209818,3053445615.22464,coinmetrics-community,1.56130786,168355901495.54816,
2020-07-17,9156.46870976037,9156.46870976037,9156.46870976037,9156.46870976037,9156.46870976037,2006387054.28248,coinmetrics-community,1.56536628,168802806794.04153,
2020-07-18,9175.90530859147,9175.90530859147,9175.90530859147,9175.90530859147,9175.90530859147,1723259009.16068,coinmetrics-community,1.56854068,169168582934.48605,
2020-07-19,9218.84231081239,9218.84231081239,9218.84231081239,9218.84231081239,9218.84231081239,1719882455.39471,coinmetrics-community,1.57544863,169967724887.16434,
2020-07-20,9167.19056750439,9167.19056750439,9167.19056750439,9167.19056750439,9167.19056750439,2397252730.66427,coinmetrics-community,1.56656719,169023500679.14856,
2020-07-21,9388.57434979544,9388.57434979544,9388.57434979544,9388.57434979544,9388.57434979544,3355734924.16751,coinmetrics-community,1.6036542,173112681691.1186,
2020-07-22,9531.2574301578,9531.2574301578,9531.2574301578,9531.2574301578,9531.2574301578,2972937920.60075,coinmetrics-community,1.62670582,175752143889.948,
2020-07-23,9609.16671537113,9609.16671537113,9609.16671537113,9609.16671537113,9609.16671537113,3378854363.94777,coinmetrics-community,1.6387837,177196924217.30652,
2020-07-24,9548.1007270602,9548.1007270602,9548.1007270602,9548.1007270602,9548.1007270602,2834815229.27246,coinmetrics-community,1.62771038,176080450187.27267,
2020-07-25,9702.45279047341,9702.45279047341,9702.45279047341,9702.45279047341,9702.45279047341,3015957028.18887,coinmetrics-community,1.6530963,178935530196.2443,
2020-07-26,9933.90655423729,9933.90655423729,9933.90655423729,9933.90655423729,9933.90655423729,4421893706.67798,coinmetrics-community,1.69125357,183213878780.36783,
2020-07-27,11046.5083295149,11046.5083295149,11046.5083295149,11046.5083295149,11046.5083295149,10075835018.0543,coinmetrics-community,1.87222939,203744198144.59204,
2020-07-28,10944.6129789012,10944.6129789012,10944.6129789012,10944.6129789012,10944.6129789012,7290100971.89766,coinmetrics-community,1.84950049,201874736728.9706,
2020-07-29,11115.7712819988,11115.7712819988,11115.7712819988,11115.7712819988,11115.7712819988,5674215599.32637,coinmetrics-community,1.87484925,205042054834.9217,
2020-07-30,11135.3907261835,11135.3907261835,11135.3907261835,11135.3907261835,11135.3907261835,4572107089.23198,coinmetrics-community,1.87475515,205413351537.44217,
2020-07-31,11338.1973407949,11338.1973407949,11338.1973407949,11338.1973407949,11338.1973407949,5111956575.11209,coinmetrics-community,1.90517626,209165345431.3837,
2020-08-01,11797.5821265342,11797.5821265342,11797.5821265342,11797.5821265342,11797.5821265342,6177396781.92531,coinmetrics-community,1.97908671,217650107985.90485,
2020-08-02,11094.0206841321,11094.0206841321,11094.0206841321,11094.0206841321,11094.0206841321,8042803957.9111,coinmetrics-community,1.8599879,204680087352.34372,
2020-08-03,11236.0956805377,11236.0956805377,11236.0956805377,11236.0956805377,11236.0956805377,4530420087.00163,coinmetrics-community,1.87772343,207312688746.4309,
2020-08-04,11202.651909059,11202.651909059,11202.651909059,11202.651909059,11202.651909059,4582583632.28331,coinmetrics-community,1.87038652,206705783553.83926,
2020-08-05,11721.4384715956,11721.4384715956,11721.4384715956,11721.4384715956,11721.4384715956,5476661103.44077,coinmetrics-community,1.95126913,216287626623.5641,
2020-08-06,11769.3091081239,11769.3091081239,11769.3091081239,11769.3091081239,11769.3091081239,5171395730.95226,coinmetrics-community,1.95155359,217182425567.12646,
2020-08-07,11598.9690585038,11598.9690585038,11598.9690585038,11598.9690585038,11598.9690585038,5346299785.43822,coinmetrics-community,1.91764781,214050110955.4352,
2020-08-08,11743.0086350088,11743.0086350088,11743.0086350088,11743.0086350088,11743.0086350088,3496783790.29145,coinmetrics-community,1.93742923,216718673196.2909,
2020-08-09,11680.5173661601,11680.5173661601,11680.5173661601,11680.5173661601,11680.5173661601,3595004523.46299,coinmetrics-community,1.92470744,215576777624.0283,
2020-08-10,11870.3695447107,11870.3695447107,11870.3695447107,11870.3695447107,11870.3695447107,6257765791.4415,coinmetrics-community,1.95320633,219090872112.69235,
2020-08-11,11392.6440884278,11392.6440884278,11392.6440884278,11392.6440884278,11392.6440884278,6445692038.06616,coinmetrics-community,1.87194792,210284480461.03638,
2020-08-12,11575.5124736996,11575.5124736996,11575.5124736996,11575.5124736996,11575.5124736996,5253894552.29037,coinmetrics-community,1.89982911,213671208433.45825,
2020-08-13,11773.4481155465,11773.4481155465,11773.4481155465,11773.4481155465,11773.4481155465,5946728846.18701,coinmetrics-community,1.92924287,217335699187.2392,
2020-08-14,11774.4082518995,11774.4082518995,11774.4082518995,11774.4082518995,11774.4082518995,4934489584.77629,coinmetrics-community,1.9265623,217365712666.77783,
2020-08-15,11866.9103613092,11866.9103613092,11866.9103613092,11866.9103613092,11866.9103613092,4894124536.91719,coinmetrics-community,1.93989709,219084951477.1745,
2020-08-16,11899.6427535944,11899.6427535944,11899.6427535944,11899.6427535944,11899.6427535944,4065384658.80209,coinmetrics-community,1.94366153,219700556192.07544,
2020-08-17,12315.7624166569,12315.7624166569,12315.7624166569,12315.7624166569,12315.7624166569,6991659740.95171,coinmetrics-community,2.00437877,227392906120.48355,
2020-08-18,11992.6959962595,11992.6959962595,11992.6959962595,11992.6959962595,11992.6959962595,6212405756.81763,coinmetrics-community,1.95013602,221438441189.45932,
2020-08-19,11736.8490645237,11736.8490645237,11736.8490645237,11736.8490645237,11736.8490645237,5669412027.83497,coinmetrics-community,1.90751141,216724493356.5639,
2020-08-20,11867.5203439509,11867.5203439509,11867.5203439509,11867.5203439509,11867.5203439509,3960260001.31748,coinmetrics-community,1.92666487,219148207449.64774,
2020-08-21,11524.6989491525,11524.6989491525,11524.6989491525,11524.6989491525,11524.6989491525,5769887118.59231,coinmetrics-community,1.86965642,212828757688.56958,
2020-08-22,11682.2891503799,11682.2891503799,11682.2891503799,11682.2891503799,11682.2891503799,3921694025.999,coinmetrics-community,1.89433444,215748935172.86255,
2020-08-23,11665.6092735243,11665.6092735243,11665.6092735243,11665.6092735243,11665.6092735243,2964240032.09168,coinmetrics-community,1.89095764,215452337487.7431,
2020-08-24,11771.4080537405,11771.4080537405,11771.4080537405,11771.4080537405,11771.4080537405,3381142835.96346,coinmetrics-community,1.90603293,217417299095.42206,
2020-08-25,11358.4543202805,11358.4543202805,11358.4543202805,11358.4543202805,11358.4543202805,5186982599.68908,coinmetrics-community,1.83853818,209799151719.143,
2020-08-26,11472.0491204559,11472.0491204559,11472.0491204559,11472.0491204559,11472.0491204559,4370060302.519,coinmetrics-community,1.8556766,211907514133.8888,
2020-08-27,11314.6737410286,11314.6737410286,11314.6737410286,11314.6737410286,11314.6737410286,4917859728.6308,coinmetrics-community,1.82960462,209009655884.56293,
2020-08-28,11527.8830322326,11527.8830322326,11527.8830322326,11527.8830322326,11527.8830322326,3727418019.37774,coinmetrics-community,1.86186629,212959896208.12213,
2020-08-29,11490.7623477499,11490.7623477499,11490.7623477499,11490.7623477499,11490.7623477499,2988731604.12517,coinmetrics-community,1.85563351,212284634016.18933,
2020-08-30,11698.9758329632,11698.9758329632,11698.9758329632,11698.9758329632,11698.9758329632,3614525900.71058,coinmetrics-community,1.88762446,216140533746.53055,
2020-08-31,11678.3482268849,11678.3482268849,11678.3482268849,11678.3482268849,11678.3482268849,4124005507.51808,coinmetrics-community,1.88187726,215770383728.23535,
2020-09-01,11970.364856166,11970.364856166,11970.364856166,11970.364856166,11970.364856166,6235953338.91706,coinmetrics-community,1.92471346,221177235000.27524,
2020-09-02,11414.5209336645,11414.5209336645,11414.5209336645,11414.5209336645,11414.5209336645,7025800489.14262,coinmetrics-community,1.83478767,210917142600.07455,
2020-09-03,10261.4944095266,10261.4944095266,10261.4944095266,10261.4944095266,10261.4944095266,8710778044.9417,coinmetrics-community,1.65212902,189619829718.60858,
2020-09-04,10471.9664133255,10471.9664133255,10471.9664133255,10471.9664133255,10471.9664133255,7045920627.2905,coinmetrics-community,1.68560929,193517929900.993,
2020-09-05,10128.64358609,10128.64358609,10128.64358609,10128.64358609,10128.64358609,6904836212.52442,coinmetrics-community,1.63131545,187182381369.08313,
2020-09-06,10253.2998980129,10253.2998980129,10253.2998980129,10253.2998980129,10253.2998980129,4274065812.73428,coinmetrics-community,1.65140122,189495704608.09775,
2020-09-07,10367.8783543542,10367.8783543542,10367.8783543542,10367.8783543542,10367.8783543542,4271438853.27548,coinmetrics-community,1.67005527,191624618868.97644,
2020-09-08,10108.6354501461,10108.6354501461,10108.6354501461,10108.6354501461,10108.6354501461,4567489668.0815,coinmetrics-community,1.62894233,186842946951.56564,
2020-09-09,10223.1114091175,10223.1114091175,10223.1114091175,10223.1114091175,10223.1114091175,3159599982.65836,coinmetrics-community,1.64757745,188968383425.9782,
2020-09-10,10334.6307302162,10334.6307302162,10334.6307302162,10334.6307302162,10334.6307302162,3867715393.22439,coinmetrics-community,1.66531058,191039959916.7766,
2020-09-11,10387.0207419638,10387.0207419638,10387.0207419638,10387.0207419638,10387.0207419638,3076203762.06351,coinmetrics-community,1.67381361,192017369942.6865,
2020-09-12,10436.9778322618,10436.9778322618,10436.9778322618,10436.9778322618,10436.9778322618,2628714916.62974,coinmetrics-community,1.68190081,192951979972.30695,
2020-09-13,10322.5236148451,10322.5236148451,10322.5236148451,10322.5236148451,10322.5236148451,3361747341.41226,coinmetrics-community,1.66341746,190846477252.03787,
2020-09-14,10662.719912332,10662.719912332,10662.719912332,10662.719912332,10662.719912332,4023707662.66782,coinmetrics-community,1.71735678,197147876035.17258,
2020-09-15,10779.3810249562,10779.3810249562,10779.3810249562,10779.3810249562,10779.3810249562,4122114630.89057,coinmetrics-community,1.7348274,199315386280.44418,
2020-09-16,10968.3205465809,10968.3205465809,10968.3205465809,10968.3205465809,10968.3205465809,4160254676.76988,coinmetrics-community,1.76292263,202819584769.55255,
2020-09-17,10936.2927505552,10936.2927505552,10936.2927505552,10936.2927505552,10936.2927505552,3851491921.28269,coinmetrics-community,1.75667708,202239512659.74203,
2020-09-18,10920.1128439509,10920.1128439509,10920.1128439509,10920.1128439509,10920.1128439509,3459102100.3458,coinmetrics-community,1.75269523,201951566927.16638,
2020-09-19,11073.7795478083,11073.7795478083,11073.7795478083,11073.7795478083,11073.7795478083,2609652848.52773,coinmetrics-community,1.77573693,204803721045.65717,
2020-09-20,10921.2180998247,10921.2180998247,10921.2180998247,10921.2180998247,10921.2180998247,2710721791.71621,coinmetrics-community,1.75066035,201991869981.67358,
2020-09-21,10455.3799623027,10455.3799623027,10455.3799623027,10455.3799623027,10455.3799623027,4410493000.68902,coinmetrics-community,1.67690819,193385500705.58487,
2020-09-22,10519.8391641146,10519.8391641146,10519.8391641146,10519.8391641146,10519.8391641146,3210633991.65678,coinmetrics-community,1.68568673,194586236941.46976,
2020-09-23,10233.2995687317,10233.2995687317,10233.2995687317,10233.2995687317,10233.2995687317,3248613100.93573,coinmetrics-community,1.64062817,189295175073.38925,
2020-09-24,10739.0427094097,10739.0427094097,10739.0427094097,10739.0427094097,10739.0427094097,3442718828.46181,coinmetrics-community,1.72053475,198659587209.19556,
2020-09-25,10683.6305806546,10683.6305806546,10683.6305806546,10683.6305806546,10683.6305806546,3126334561.1697,coinmetrics-community,1.71066582,197645812953.46774,
2020-09-26,10742.0304202221,10742.0304202221,10742.0304202221,10742.0304202221,10742.0304202221,2215752882.95837,coinmetrics-community,1.71935636,198736273241.69925,
2020-09-27,10758.8242899474,10758.8242899474,10758.8242899474,10758.8242899474,10758.8242899474,2223792987.89894,coinmetrics-community,1.72167524,199057194328.15533,
2020-09-28,10727.3750541204,10727.3750541204,10727.3750541204,10727.3750541204,10727.3750541204,3265431159.21933,coinmetrics-community,1.71621999,198483977030.04514,
2020-09-29,10841.1427444769,10841.1427444769,10841.1427444769,10841.1427444769,10841.1427444769,2828750275.49269,coinmetrics-community,1.73140353,200598525114.73715,
2020-09-30,10772.351766803,10772.351766803,10772.351766803,10772.351766803,10772.351766803,2627247662.82205,coinmetrics-community,1.71995233,199336157853.55048,
2020-10-01,10606.6173325541,10606.6173325541,10606.6173325541,10606.6173325541,10606.6173325541,3750289448.1516,coinmetrics-community,1.69356781,196277557842.57623,
2020-10-02,10570.1056777908,10570.1056777908,10570.1056777908,10570.1056777908,10570.1056777908,3557390483.76448,coinmetrics-community,1.68748627,195610887017.89536,
2020-10-03,10555.7054339567,10555.7054339567,10555.7054339567,10555.7054339567,10555.7054339567,1796086368.42649,coinmetrics-community,1.68506329,195354357355.87143,
2020-10-04,10665.618622443,10665.618622443,10665.618622443,10665.618622443,10665.618622443,1835679192.75064,coinmetrics-community,1.70216949,197399052168.17538,
2020-10-05,10772.6355995909,10772.6355995909,10772.6355995909,10772.6355995909,10772.6355995909,2349831037.18372,coinmetrics-community,1.71835152,199389146257.06778,
2020-10-06,10596.3735493863,10596.3735493863,10596.3735493863,10596.3735493863,10596.3735493863,2990765980.82549,coinmetrics-community,1.69012311,196135347147.17117,
2020-10-07,10667.1943941555,10667.1943941555,10667.1943941555,10667.1943941555,10667.1943941555,2271566458.00362,coinmetrics-community,1.70039927,197456284574.17596,
2020-10-08,10902.5293637054,10902.5293637054,10902.5293637054,10902.5293637054,10902.5293637054,3167337736.9737,coinmetrics-community,1.73638098,201823517432.12747,
2020-10-09,11074.1036797779,11074.1036797779,11074.1036797779,11074.1036797779,11074.1036797779,2986893697.03814,coinmetrics-community,1.76179817,205009453844.92093,
2020-10-10,11302.8542864407,11302.8542864407,11302.8542864407,11302.8542864407,11302.8542864407,2987788351.4691,coinmetrics-community,1.79700041,209254297811.47684,
2020-10-11,11378.2625284629,11378.2625284629,11378.2625284629,11378.2625284629,11378.2625284629,2036940568.54965,coinmetrics-community,1.80770338,210660289442.90372,
2020-10-12,11548.401556692,11548.401556692,11548.401556692,11548.401556692,11548.401556692,3556041211.23286,coinmetrics-community,1.83284911,213821025341.3694,
2020-10-13,11434.9687849211,11434.9687849211,11434.9687849211,11434.9687849211,11434.9687849211,3027175602.1157,coinmetrics-community,1.81348383,211732652073.08148,
2020-10-14,11417.10811391,11417.10811391,11417.10811391,11417.10811391,11417.10811391,2771506892.91783,coinmetrics-community,1.80880169,211412571561.06912,
2020-10-15,11502.5812390415,11502.5812390415,11502.5812390415,11502.5812390415,11502.5812390415,3067485935.68103,coinmetrics-community,1.82050458,213006147807.5566,
2020-10-16,11338.9871765634,11338.9871765634,11338.9871765634,11338.9871765634,11338.9871765634,3249427835.72013,coinmetrics-community,1.7940757,209987678424.63257,
2020-10-17,11362.8022174167,11362.8022174167,11362.8022174167,11362.8022174167,11362.8022174167,1625241130.8055,coinmetrics-community,1.79732641,210439860963.43692,
2020-10-18,11489.6225650497,11489.6225650497,11489.6225650497,11489.6225650497,11489.6225650497,1531337286.31059,coinmetrics-community,1.81665683,212797199544.38446,
2020-10-19,11745.8119675628,11745.8119675628,11745.8119675628,11745.8119675628,11745.8119675628,2870143020.72133,coinmetrics-community,1.85166488,217551213059.64398,
2020-10-20,11929.4572507306,11929.4572507306,11929.4572507306,11929.4572507306,11929.4572507306,3857836587.8951,coinmetrics-community,1.87699868,220963353768.35657,
2020-10-21,12848.4906177674,12848.4906177674,12848.4906177674,12848.4906177674,12848.4906177674,7236896676.17285,coinmetrics-community,2.013415,237996587309.02542,
2020-10-22,12997.4993417884,12997.4993417884,12997.4993417884,12997.4993417884,12997.4993417884,5008416311.29855,coinmetrics-community,2.02018679,240767851351.292,
2020-10-23,12953.4296969608,12953.4296969608,12953.4296969608,12953.4296969608,12953.4296969608,3363255970.38538,coinmetrics-community,2.00849858,239962077749.97925,
2020-10-24,13113.8669231444,13113.8669231444,13113.8669231444,13113.8669231444,13113.8669231444,2455061136.42868,coinmetrics-community,2.02902772,242946632969.98502,
2020-10-25,13041.6410374635,13041.6410374635,13041.6410374635,13041.6410374635,13041.6410374635,2875957287.27876,coinmetrics-community,2.01568826,241618117679.51013,
2020-10-26,13080.6561698422,13080.6561698422,13080.6561698422,13080.6561698422,13080.6561698422,3742981748.47876,coinmetrics-community,2.01954164,242349930927.4959,
2020-10-27,13675.5239275278,13675.5239275278,13675.5239275278,13675.5239275278,13675.5239275278,4875743148.26962,coinmetrics-community,2.10370037,253379717438.1369,
2020-10-28,13290.3288497954,13290.3288497954,13290.3288497954,13290.3288497954,13290.3288497954,5577251059.26953,coinmetrics-community,2.04049323,246251140475.4076,
2020-10-29,13475.2173007013,13475.2173007013,13475.2173007013,13475.2173007013,13475.2173007013,4132842465.10589,coinmetrics-community,2.06357066,249685959749.55634,
2020-10-30,13603.2960908825,13603.2960908825,13603.2960908825,13603.2960908825,13603.2960908825,4410500960.88429,coinmetrics-community,2.0801745,252068603711.57968,
2020-10-31,13807.2336110462,13807.2336110462,13807.2336110462,13807.2336110462,13807.2336110462,4184871491.86757,coinmetrics-community,2.10747626,255857310085.0028,
2020-11-01,13736.89941128,13736.89941128,13736.89941128,13736.89941128,13736.89941128,2563332845.87856,coinmetrics-community,2.09316771,254564701609.4508,
2020-11-02,13595.5647603741,13595.5647603741,13595.5647603741,13595.5647603741,13595.5647603741,3903014877.51626,coinmetrics-community,2.06586073,251953637578.66876,
2020-11-03,13996.915398597312,13996.915398597312,13996.915398597312,13996.915398597312,13996.915398597312,4126122088.82127,coinmetrics-community,2.09497527,259403733547.65454,
2020-11-04,14129.148195499705,14129.148195499705,14129.148195499705,14129.148195499705,14129.148195499705,5224413647.15905,coinmetrics-community,2.10823433,261868434425.51367,
2020-11-05,15606.46683372297,15606.46683372297,15606.46683372297,15606.46683372297,15606.46683372297,8475648431.08715,coinmetrics-community,2.30749272,289263271222.87427,
2020-11-06,15618.972471361778,15618.972471361778,15618.972471361778,15618.972471361778,15618.972471361778,7772221027.42281,coinmetrics-community,2.29919169,289509996782.305,
2020-11-07,14866.356304500296,14866.356304500296,14866.356304500296,14866.356304500296,14866.356304500296,6693204512.96342,coinmetrics-community,2.18711473,275573226966.5251,
2020-11-08,15500.000707188785,15500.000707188785,15500.000707188785,15500.000707188785,15500.000707188785,4025698910.69274,coinmetrics-community,2.26976446,287332273623.7842,
2020-11-09,15319.819972530682,15319.819972530682,15319.819972530682,15319.819972530682,15319.819972530682,6540569221.07942,coinmetrics-community,2.23751677,284009875050.11597,
2020-11-10,15319.275676212741,15319.275676212741,15319.275676212741,15319.275676212741,15319.275676212741,4335685041.74519,coinmetrics-community,2.23228692,284013859076.82196,
2020-11-11,15731.241105786092,15731.241105786092,15731.241105786092,15731.241105786092,15731.241105786092,4964506024.12854,coinmetrics-community,2.28563276,291666002991.4365,
2020-11-12,16289.814897720635,16289.814897720635,16289.814897720635,16289.814897720635,16289.814897720635,6611644604.4924,coinmetrics-community,2.35643005,302038563120.4417,
2020-11-13,16330.06276797195,16330.06276797195,16330.06276797195,16330.06276797195,16330.06276797195,5116544845.09606,coinmetrics-community,2.35455292,302799008120.85767,
2020-11-14,16102.010016949156,16102.010016949156,16102.010016949156,16102.010016949156,16102.010016949156,3917211506.01662,coinmetrics-community,2.317866766319,298584647008.3884,
2020-11-15,15986.7549905903,15986.7549905903,15986.7549905903,15986.7549905903,15986.7549905903,3040536892.10764,coinmetrics-community,2.29883051,296462424309.67584,
2020-11-16,16743.05393980129,16743.05393980129,16743.05393980129,16743.05393980129,16743.05393980129,5189826755.65897,coinmetrics-community,2.39979607,310504166190.32697,
2020-11-17,17682.16918702513,17682.16918702513,17682.16918702513,17682.16918702513,17682.16918702513,7551317122.20966,coinmetrics-community,2.51738625,327937646387.3307,
2020-11-18,17804.690023962594,17804.690023962594,17804.690023962594,17804.690023962594,17804.690023962594,10779363842.76,coinmetrics-community,2.51023261,330228752696.0765,
2020-11-19,17818.668662185857,17818.668662185857,17818.668662185857,17818.668662185857,17818.668662185857,6462946319.45388,coinmetrics-community,2.504430386254,330503275790.7681,
2020-11-20,18663.78185312683,18663.78185312683,18663.78185312683,18663.78185312683,18663.78185312683,6750489220.16399,coinmetrics-community,2.596127396527,346198155989.3956,
2020-11-21,18706.58933541788,18706.58933541788,18706.58933541788,18706.58933541788,18706.58933541788,6785620326.8562,coinmetrics-community,2.589987418208,347011959222.6888,
2020-11-22,18482.692631735823,18482.692631735823,18482.692631735823,18482.692631735823,18482.692631735823,7346263782.62304,coinmetrics-community,2.55377715,342878718720.17664,
2020-11-23,18373.257759789598,18373.257759789598,18373.257759789598,18373.257759789598,18373.257759789598,7718077488.31857,coinmetrics-community,2.52775968,340865435612.13654,
2020-11-24,19150.251048509646,19150.251048509646,19150.251048509646,19150.251048509646,19150.251048509646,12325386785.8557,coinmetrics-community,2.61774563,355296694015.8317,
2020-11-25,18748.393713033314,18748.393713033314,18748.393713033314,18748.393713033314,18748.393713033314,8999814817.71017,coinmetrics-community,2.555478063978,347859153595.5024,
2020-11-26,17113.716871420223,17113.716871420223,17113.716871420223,17113.716871420223,17113.716871420223,14891431568.6746,coinmetrics-community,2.326869284941,317545276569.07196,
2020-11-27,17101.603018059614,17101.603018059614,17101.603018059614,17101.603018059614,17101.603018059614,6551436444.87703,coinmetrics-community,2.31953985,317336964123.96155,
2020-11-28,17745.377312448858,17745.377312448858,17745.377312448858,17745.377312448858,17745.377312448858,4856326749.7583,coinmetrics-community,2.40313103,329299905495.8758,
2020-11-29,18190.866880420806,18190.866880420806,18190.866880420806,18190.866880420806,18190.866880420806,4291577394.35089,coinmetrics-community,2.45853128,337583882703.102,
2020-11-30,19664.407606662764,19664.407606662764,19664.407606662764,19664.407606662764,19664.407606662764,9336053923.19992,coinmetrics-community,2.63721867,364943559264.76215,
2020-12-01,18820.60778959673,18820.60778959673,18820.60778959673,18820.60778959673,18820.60778959673,10471096208.4682,coinmetrics-community,2.51290662,349301709105.5422,
2020-12-02,19214.872229047338,19214.872229047338,19214.872229047338,19214.872229047338,19214.872229047338,6153331910.95779,coinmetrics-community,2.55197705,356634805528.82,
2020-12-03,19470.31120806546,19470.31120806546,19470.31120806546,19470.31120806546,19470.31120806546,5091409816.35312,coinmetrics-community,2.57495934,361394948313.36755,
2020-12-04,18732.967090999413,18732.967090999413,18732.967090999413,18732.967090999413,18732.967090999413,5829092650.59244,coinmetrics-community,2.47230116,347725717595.1267,
2020-12-05,19114.633130917588,19114.633130917588,19114.633130917588,19114.633130917588,19114.633130917588,3254739237.63439,coinmetrics-community,2.51909742,354827495085.072,
2020-12-06,19356.313676797196,19356.313676797196,19356.313676797196,19356.313676797196,19356.313676797196,3229392894.74374,coinmetrics-community,2.54722977,359330296296.33527,
2020-12-07,19182.176832846293,19182.176832846293,19182.176832846293,19182.176832846293,19182.176832846293,3778567288.48577,coinmetrics-community,2.51748691,356115606012.0854,
2020-12-08,18340.97813769725,18340.97813769725,18340.97813769725,18340.97813769725,18340.97813769725,5748170702.66898,coinmetrics-community,2.40341294,340515325198.1123,
2020-12-09,18574.69673524255,18574.69673524255,18574.69673524255,18574.69673524255,18574.69673524255,6704630606.67152,coinmetrics-community,2.422360712922,344870639715.8821,
2020-12-10,18294.84695149036,18294.84695149036,18294.84695149036,18294.84695149036,18294.84695149036,4548937014.76317,coinmetrics-community,2.38235433,339689620040.4412,
2020-12-11,18061.760025716,18061.760025716,18061.760025716,18061.760025716,18061.760025716,5618179598.31854,coinmetrics-community,2.34803699,335377356184.36597,
2020-12-12,18813.2837685564,18813.2837685564,18813.2837685564,18813.2837685564,18813.2837685564,4177318635.91882,coinmetrics-community,2.43833504,349347444447.47363,
2020-12-13,19156.0825055523,19156.0825055523,19156.0825055523,19156.0825055523,19156.0825055523,4702394492.5077,coinmetrics-community,2.46411643,355731616571.5449,
2020-12-14,19286.7512992402,19286.7512992402,19286.7512992402,19286.7512992402,19286.7512992402,3976715172.60648,coinmetrics-community,2.474236613553,358175636273.79315,
2020-12-15,19432.5884640561,19432.5884640561,19432.5884640561,19432.5884640561,19432.5884640561,5315138497.3742,coinmetrics-community,2.48407194,360900992195.4811,
2020-12-16,21370.7203186441,21370.7203186441,21370.7203186441,21370.7203186441,21370.7203186441,11126241224.6544,coinmetrics-community,2.70395115,396914973278.8657,
2020-12-17,22789.2674160725,22789.2674160725,22789.2674160725,22789.2674160725,22789.2674160725,19108269897.9874,coinmetrics-community,2.838980097189,423279795671.9301,
2020-12-18,23048.7645610754,23048.7645610754,23048.7645610754,23048.7645610754,23048.7645610754,9213119018.34431,coinmetrics-community,2.82221791,428122220496.3029,
2020-12-19,23856.7735192285,23856.7735192285,23856.7735192285,23856.7735192285,23856.7735192285,9163637155.23746,coinmetrics-community,2.906877174893,443154244629.2185,
2020-12-20,23528.5506135593,23528.5506135593,23528.5506135593,23528.5506135593,23528.5506135593,8454934186.7889,coinmetrics-community,2.850832494921,437079507304.86615,
2020-12-21,22937.4183435418,22937.4183435418,22937.4183435418,22937.4183435418,22937.4183435418,11211591722.1442,coinmetrics-community,2.76690892,426117800653.2763,
2020-12-22,23756.8887685564,23756.8887685564,23756.8887685564,23756.8887685564,23756.8887685564,9140007358.7985,coinmetrics-community,2.831513764707,441362670574.1378,
2020-12-23,23307.2709018118,23307.2709018118,23307.2709018118,23307.2709018118,23307.2709018118,12721809221.714,coinmetrics-community,2.75180066,433031966997.9192,
2020-12-24,23707.6330440678,23707.6330440678,23707.6330440678,23707.6330440678,23707.6330440678,8337203817.75333,coinmetrics-community,2.77320466,440489071172.94824,
2020-12-25,24669.1643220339,24669.1643220339,24669.1643220339,24669.1643220339,24669.1643220339,9346292537.24743,coinmetrics-community,2.87742129,458376575230.92346,
2020-12-26,26478.0681052016,26478.0681052016,26478.0681052016,26478.0681052016,26478.0681052016,11051126870.2142,coinmetrics-community,3.06732801,492010402696.7509,
2020-12-27,26430.8565971946,26430.8565971946,26430.8565971946,26430.8565971946,26430.8565971946,17473047605.8296,coinmetrics-community,3.033869719213,491157576017.431,
2020-12-28,27039.3490199883,27039.3490199883,27039.3490199883,27039.3490199883,27039.3490199883,10709321904.3681,coinmetrics-community,3.03336124,502492068165.23956,
2020-12-29,27231.2034552893,27231.2034552893,27231.2034552893,27231.2034552893,27231.2034552893,9918168605.94224,coinmetrics-community,3.00690895,506083309589.8401,
2020-12-30,28844.6136781999,28844.6136781999,28844.6136781999,28844.6136781999,28844.6136781999,12265538792.7912,coinmetrics-community,3.14848763,536099036611.89905,
2020-12-31,29022.6714126242,29022.6714126242,29022.6714126242,29022.6714126242,29022.6714126242,11714077241.2122,coinmetrics-community,3.140996404211,539438485763.34326,
2021-01-01,29380.6937327878,29380.6937327878,29380.6937327878,29380.6937327878,29380.6937327878,9450317324.32042,coinmetrics-community,3.145922773591,546120334521.1261,
2021-01-02,32022.6810578609,32022.6810578609,32022.6810578609,32022.6810578609,32022.6810578609,19275276094.9514,coinmetrics-community,3.36183826,595259096891.8091,
2021-01-03,33277.8353050848,33277.8353050848,33277.8353050848,33277.8353050848,33277.8353050848,20918553384.1347,coinmetrics-community,3.43360474,618623608665.4475,
2021-01-04,31802.1467136178,31802.1467136178,31802.1467136178,31802.1467136178,31802.1467136178,24587885693.8719,coinmetrics-community,3.2392637,591225447115.9058,
2021-01-05,34013.1741724138,34013.1741724138,34013.1741724138,34013.1741724138,34013.1741724138,19341178341.2571,coinmetrics-community,3.40781574,632363459585.743,
2021-01-06,36643.2777223846,36643.2777223846,36643.2777223846,36643.2777223846,36643.2777223846,22244399399.583,coinmetrics-community,3.60095708,681302148777.4781,
2021-01-07,39215.6511490356,39215.6511490356,39215.6511490356,39215.6511490356,39215.6511490356,26225614672.6327,coinmetrics-community,3.742047073313,729171021092.3743,
2021-01-08,40775.4045634132,40775.4045634132,40775.4045634132,40775.4045634132,40775.4045634132,26336053724.7109,coinmetrics-community,3.78863874,758210602558.8112,
2021-01-09,40370.6823495032,40370.6823495032,40370.6823495032,40370.6823495032,40370.6823495032,15338881653.9841,coinmetrics-community,3.6883279,750719944876.221,
2021-01-10,38329.3401665693,38329.3401665693,38329.3401665693,38329.3401665693,38329.3401665693,23474615973.8932,coinmetrics-community,3.47615243,712797906122.6934,
2021-01-11,35269.5137177089,35269.5137177089,35269.5137177089,35269.5137177089,35269.5137177089,41586796390.4822,coinmetrics-community,3.17723254,655929285013.3878,
2021-01-12,33712.4685452952,33712.4685452952,33712.4685452952,33712.4685452952,33712.4685452952,21983445293.2019,coinmetrics-community,3.024579234512,627003122628.9136,
2021-01-13,37296.5475277615,37296.5475277615,37296.5475277615,37296.5475277615,37296.5475277615,19165646326.0064,coinmetrics-community,3.31893271605,693697236158.0138,
2021-01-14,39045.518340152,39045.518340152,39045.518340152,39045.518340152,39045.518340152,17920408994.0238,coinmetrics-community,3.43968572,726263096560.8241,
2021-01-15,36710.3174248977,36710.3174248977,36710.3174248977,36710.3174248977,36710.3174248977,20426392042.6295,coinmetrics-community,3.21691863,682862938504.5984,
2021-01-16,36177.2610970193,36177.2610970193,36177.2610970193,36177.2610970193,36177.2610970193,15675210591.3304,coinmetrics-community,3.16002808,672980587612.2975,
2021-01-17,36069.939466803,36069.939466803,36069.939466803,36069.939466803,36069.939466803,13619994488.9722,coinmetrics-community,3.14208979,671014140602.7698,
2021-01-18,36594.2964018118,36594.2964018118,36594.2964018118,36594.2964018118,36594.2964018118,12503483494.7345,coinmetrics-community,3.16789734,680801989756.2803,
2021-01-19,36250.1461893629,36250.1461893629,36250.1461893629,36250.1461893629,36250.1461893629,15120938792.9038,coinmetrics-community,3.12779915,674433161169.6399,
2021-01-20,35515.480012858,35515.480012858,35515.480012858,35515.480012858,35515.480012858,16359828966.5389,coinmetrics-community,3.05640832,660796011360.799,
2021-01-21,31022.9510280538,31022.9510280538,31022.9510280538,31022.9510280538,31022.9510280538,21888844849.6369,coinmetrics-community,2.671999724485,577233663032.7885,
2021-01-22,32986.4357568673,32986.4357568673,32986.4357568673,32986.4357568673,32986.4357568673,20175607923.3849,coinmetrics-community,2.83570647,613796635287.0494,
2021-01-23,32036.2822723553,32036.2822723553,32036.2822723553,32036.2822723553,32036.2822723553,10430635979.6313,coinmetrics-community,2.75080418,596147845572.6093,
2021-01-24,32216.1042904734,32216.1042904734,32216.1042904734,32216.1042904734,32216.1042904734,9819884980.33452,coinmetrics-community,2.763770318383,599522055193.0248,
2021-01-25,32419.7059462303,32419.7059462303,32419.7059462303,32419.7059462303,32419.7059462303,15333946503.433,coinmetrics-community,2.777191691556,603339325091.3531,
2021-01-26,32640.6391426067,32640.6391426067,32640.6391426067,32640.6391426067,32640.6391426067,13357324914.9335,coinmetrics-community,2.79160837,607483795108.3151,
2021-01-27,30358.9347235535,30358.9347235535,30358.9347235535,30358.9347235535,30358.9347235535,16241597200.8282,coinmetrics-community,2.58416695,565045318370.5283,
2021-01-28,33511.287595149,33511.287595149,33511.287595149,33511.287595149,33511.287595149,15645642400.7298,coinmetrics-community,2.83537151,623747780660.8579,
2021-01-29,34166.1494259497,34166.1494259497,34166.1494259497,34166.1494259497,34166.1494259497,39574456080.2929,coinmetrics-community,2.87127647,635969224450.955,
2021-01-30,34349.9170952659,34349.9170952659,34349.9170952659,34349.9170952659,34349.9170952659,16600114530.5109,coinmetrics-community,2.878188037248,639419076068.8511,
2021-01-31,33157.8325745178,33157.8325745178,33157.8325745178,33157.8325745178,33157.8325745178,12976482501.0255,coinmetrics-community,2.77012967,617258425467.5242,
2021-02-01,33570.2718468732,33570.2718468732,33570.2718468732,33570.2718468732,33570.2718468732,16374561082.4051,coinmetrics-community,2.798474060738,624961266006.2303,
2021-02-02,35596.1489094097,35596.1489094097,35596.1489094097,35596.1489094097,35596.1489094097,14823628008.7872,coinmetrics-community,2.95247741,662710063272.541,
2021-02-03,37578.3732068966,37578.3732068966,37578.3732068966,37578.3732068966,37578.3732068966,15606560415.0314,coinmetrics-community,3.10161426,699649284857.6385,
2021-02-04,37129.2029376972,37129.2029376972,37129.2029376972,37129.2029376972,37129.2029376972,19116733180.5009,coinmetrics-community,3.046232040351,691323581111.5704,
2021-02-05,38045.4136084161,38045.4136084161,38045.4136084161,38045.4136084161,38045.4136084161,15308818847.3662,coinmetrics-community,3.09428668,708423060288.5243,
2021-02-06,39341.727081239,39341.727081239,39341.727081239,39341.727081239,39341.727081239,20513321485.1715,coinmetrics-community,3.18428793,732600102916.4373,
2021-02-07,39003.0121817651,39003.0121817651,39003.0121817651,39003.0121817651,39003.0121817651,17160702288.6827,coinmetrics-community,3.141200247585,726330767434.7867,
2021-02-08,46121.9340724722,46121.9340724722,46121.9340724722,46121.9340724722,46121.9340724722,31432419462.1893,coinmetrics-community,3.65741696,858949072826.5894,
2021-02-09,46548.1619912332,46548.1619912332,46548.1619912332,46548.1619912332,46548.1619912332,28440259953.3542,coinmetrics-community,3.61855022,866928505326.4626,
2021-02-10,45078.128350263,45078.128350263,45078.128350263,45078.128350263,45078.128350263,24820903879.0585,coinmetrics-community,3.46683384,839590396720.4329,
2021-02-11,47892.8409181765,47892.8409181765,47892.8409181765,47892.8409181765,47892.8409181765,23286808132.7515,coinmetrics-community,3.64585169,892053672305.5281,
2021-02-12,47525.2091431911,47525.2091431911,47525.2091431911,47525.2091431911,47525.2091431911,21586913735.7202,coinmetrics-community,3.57975153,885248328501.2935,
2021-02-13,47208.6250270602,47208.6250270602,47208.6250270602,47208.6250270602,47208.6250270602,17442657139.4196,coinmetrics-community,3.54773666,879397542244.0934,
2021-02-14,48829.8275096435,48829.8275096435,48829.8275096435,48829.8275096435,48829.8275096435,19249899358.6027,coinmetrics-community,3.65475277,909642134133.6622,
2021-02-15,48110.2417334892,48110.2417334892,48110.2417334892,48110.2417334892,48110.2417334892,21096659439.9058,coinmetrics-community,3.56148121,896282713832.7703,
2021-02-16,49140.3826578024,49140.3826578024,49140.3826578024,49140.3826578024,49140.3826578024,21335432046.0534,coinmetrics-community,3.6125173,915511120381.0225,
2021-02-17,52224.9391139684,52224.9391139684,52224.9391139684,52224.9391139684,52224.9391139684,22358319829.2713,coinmetrics-community,3.79432537,973022997734.0734,
2021-02-18,51650.0699485681,51650.0699485681,51650.0699485681,51650.0699485681,51650.0699485681,18314737926.138,coinmetrics-community,3.70969063,962356492673.0549,
2021-02-19,55820.5044038574,55820.5044038574,55820.5044038574,55820.5044038574,55820.5044038574,25092910998.3126,coinmetrics-community,3.90986635,1040114403936.8182,
2021-02-20,55861.8205670953,55861.8205670953,55861.8205670953,55861.8205670953,55861.8205670953,28217266871.2313,coinmetrics-community,3.87796973,1040935228534.2341,
2021-02-21,57500.7161102864,57500.7161102864,57500.7161102864,57500.7161102864,57500.7161102864,18708459388.3251,coinmetrics-community,3.95810037,1071525228027.2616,
2021-02-22,53952.1533386324,53952.1533386324,53952.1533386324,53952.1533386324,53952.1533386324,39388103279.6904,coinmetrics-community,3.68695731,1005442646562.8401,
2021-02-23,48560.4890350672,48560.4890350672,48560.4890350672,48560.4890350672,48560.4890350672,46526371341.871,coinmetrics-community,3.28933195,905003103158.0413,
2021-02-24,49567.3456890707,49567.3456890707,49567.3456890707,49567.3456890707,49567.3456890707,25321339182.5927,coinmetrics-community,3.32994398,923816728819.2361,
2021-02-25,47568.131170076,47568.131170076,47568.131170076,47568.131170076,47568.131170076,21583271559.3656,coinmetrics-community,3.17682646,886602532433.4716,
2021-02-26,46231.7675784921,46231.7675784921,46231.7675784921,46231.7675784921,46231.7675784921,25277287508.5319,coinmetrics-community,3.06572143,861734772437.3928,
2021-02-27,45834.5133611923,45834.5133611923,45834.5133611923,45834.5133611923,45834.5133611923,15830469887.1991,coinmetrics-community,3.04478896,854375146984.0432,
2021-02-28,45359.4641642314,45359.4641642314,45359.4641642314,45359.4641642314,45359.4641642314,19081524400.4838,coinmetrics-community,3.00886446,845557162612.1532,
2021-03-01,49634.4471092928,49634.4471092928,49634.4471092928,49634.4471092928,49634.4471092928,20110303019.4889,coinmetrics-community,3.269931,925288521256.2084,
2021-03-02,48304.7054879018,48304.7054879018,48304.7054879018,48304.7054879018,48304.7054879018,16812978618.3597,coinmetrics-community,3.17061495,900542565669.1764,
2021-03-03,50690.4671835184,50690.4671835184,50690.4671835184,50690.4671835184,50690.4671835184,19531539113.5891,coinmetrics-community,3.3135168,945068375223.4532,
2021-03-04,48472.7954751607,48472.7954751607,48472.7954751607,48472.7954751607,48472.7954751607,19996550499.4409,coinmetrics-community,3.161905493951,903761087528.4237,
2021-03-05,48800.8173594389,48800.8173594389,48800.8173594389,48800.8173594389,48800.8173594389,17979845374.7372,coinmetrics-community,3.17106851,909922405336.2163,
2021-03-06,48970.5244868498,48970.5244868498,48970.5244868498,48970.5244868498,48970.5244868498,11505490728.7933,coinmetrics-community,3.175929809802,913133225105.13,
2021-03-07,51086.4681794272,51086.4681794272,51086.4681794272,51086.4681794272,51086.4681794272,13727281301.296,coinmetrics-community,3.30549961,952634973107.2289,
2021-03-08,52088.475131502,52088.475131502,52088.475131502,52088.475131502,52088.475131502,17545504104.2603,coinmetrics-community,3.35002291,971370359588.6669,
2021-03-09,54739.1352542373,54739.1352542373,54739.1352542373,54739.1352542373,54739.1352542373,20361014503.7323,coinmetrics-community,3.49855563203,1020849011792.8512,
2021-03-10,56116.040912332,56116.040912332,56116.040912332,56116.040912332,56116.040912332,23502069377.485,coinmetrics-community,3.56293331,1046579658341.0731,
2021-03-11,57847.2549357101,57847.2549357101,57847.2549357101,57847.2549357101,57847.2549357101,23199462602.4404,coinmetrics-community,3.63177042,1078915001902.6392,
2021-03-12,57334.641534775,57334.641534775,57334.641534775,57334.641534775,57334.641534775,23203616302.4565,coinmetrics-community,3.570586382096,1069407948747.6105,
2021-03-13,61288.7941276447,61288.7941276447,61288.7941276447,61288.7941276447,61288.7941276447,24706813304.7025,coinmetrics-community,3.78957634,1143215732518.7434,
2021-03-14,59905.6184704851,59905.6184704851,59905.6184704851,59905.6184704851,59905.6184704851,16850862034.5541,coinmetrics-community,3.68484058,1117474232904.1155,
2021-03-15,56121.121924021,56121.121924021,56121.121924021,56121.121924021,56121.121924021,28613141828.3373,coinmetrics-community,3.43735753,1046930473230.8708,
2021-03-16,56500.4460257159,56500.4460257159,56500.4460257159,56500.4460257159,56500.4460257159,23487296941.1592,coinmetrics-community,3.44231318,1054059319176.537,
2021-03-17,58683.0659824664,58683.0659824664,58683.0659824664,58683.0659824664,58683.0659824664,22044625956.8257,coinmetrics-community,3.55383882,1094827655431.3871,
2021-03-18,57731.4798410871,57731.4798410871,57731.4798410871,57731.4798410871,57731.4798410871,20817477716.0424,coinmetrics-community,3.48651656,1077129119414.3889,
2021-03-19,58168.1219222677,58168.1219222677,58168.1219222677,58168.1219222677,58168.1219222677,16610389816.0404,coinmetrics-community,3.50341884,1085329605069.3691,
2021-03-20,58247.8847066043,58247.8847066043,58247.8847066043,58247.8847066043,58247.8847066043,15743897952.7917,coinmetrics-community,3.49731896,1086873922161.5631,
2021-03-21,57447.9330198714,57447.9330198714,57447.9330198714,57447.9330198714,57447.9330198714,15469283691.0447,coinmetrics-community,3.440164039174,1072003269491.2437,
2021-03-22,54453.1373508475,54453.1373508475,54453.1373508475,54453.1373508475,54453.1373508475,18924061657.0831,coinmetrics-community,3.25092326,1016170477565.7163,
2021-03-23,54563.6119458211,54563.6119458211,54563.6119458211,54563.6119458211,54563.6119458211,18496023175.7379,coinmetrics-community,3.23614304,1018286990169.8546,
2021-03-24,52595.4113237873,52595.4113237873,52595.4113237873,52595.4113237873,52595.4113237873,22987218159.8325,coinmetrics-community,3.11041886,981605643201.5552,
2021-03-25,51547.1248953828,51547.1248953828,51547.1248953828,51547.1248953828,51547.1248953828,21848658813.4611,coinmetrics-community,3.03612207,962090739266.12,
2021-03-26,54817.8571122151,54817.8571122151,54817.8571122151,54817.8571122151,54817.8571122151,18092415316.7381,coinmetrics-community,3.20883079,1023183245013.2985,
2021-03-27,56019.8373055523,56019.8373055523,56019.8373055523,56019.8373055523,56019.8373055523,15152316538.6514,coinmetrics-community,3.26897077,1045674049178.2086,
2021-03-28,55713.0381396844,55713.0381396844,55713.0381396844,55713.0381396844,55713.0381396844,15404970756.6555,coinmetrics-community,3.24472988,1040002658248.1864,
2021-03-29,57571.2333477498,57571.2333477498,57571.2333477498,57571.2333477498,57571.2333477498,20483800177.7396,coinmetrics-community,3.33795673,1074744167036.5872,
2021-03-30,58684.5483921683,58684.5483921683,58684.5483921683,58684.5483921683,58684.5483921683,18074211251.7024,coinmetrics-community,3.38330063,1095581166692.6075,
2021-03-31,58792.1948275862,58792.1948275862,58792.1948275862,58792.1948275862,58792.1948275862,21792896947.9598,coinmetrics-community,3.375535019449,1097648506570.546,
2021-04-01,58818.9770985973,58818.9770985973,58818.9770985973,58818.9770985973,58818.9770985973,18989120989.3366,coinmetrics-community,3.35598363,1098201835461.6189,
2021-04-02,59031.5340192285,59031.5340192285,59031.5340192285,59031.5340192285,59031.5340192285,17686083107.4934,coinmetrics-community,3.35413045,1102222111989.4219,
2021-04-03,57282.3896247808,57282.3896247808,57282.3896247808,57282.3896247808,57282.3896247808,18426773174.881,coinmetrics-community,3.25187507,1069609423123.5428,
2021-04-04,58202.199391993,58202.199391993,58202.199391993,58202.199391993,58202.199391993,14608591985.5455,coinmetrics-community,3.298301283114,1086837744784.4451,
2021-04-05,58755.8525295149,58755.8525295149,58755.8525295149,58755.8525295149,58755.8525295149,20262967934.479,coinmetrics-community,3.32023402,1097233663848.4355,
2021-04-06,58084.0664231444,58084.0664231444,58084.0664231444,58084.0664231444,58084.0664231444,22856560763.734,coinmetrics-community,3.22914317,1084740698496.7766,
2021-04-07,56266.8346762127,56266.8346762127,56266.8346762127,56266.8346762127,56266.8346762127,27025560748.5421,coinmetrics-community,3.12214094,1050858458013.2948,
2021-04-08,57963.3445994155,57963.3445994155,57963.3445994155,57963.3445994155,57963.3445994155,16419448505.561,coinmetrics-community,3.2057806,1082591596128.1455,
2021-04-09,58051.7625563998,58051.7625563998,58051.7625563998,58051.7625563998,58051.7625563998,16293864874.6326,coinmetrics-community,3.203576140634,1084298143058.165,
2021-04-10,59651.5589877265,59651.5589877265,59651.5589877265,59651.5589877265,59651.5589877265,23256521477.1765,coinmetrics-community,3.27565104,1114237875675.663,
2021-04-11,59932.9306469901,59932.9306469901,59932.9306469901,59932.9306469901,59932.9306469901,16590056556.7655,coinmetrics-community,3.28353702,1119547961330.9446,
2021-04-12,59905.9363744594,59905.9363744594,59905.9363744594,59905.9363744594,59905.9363744594,20417025813.5986,coinmetrics-community,3.26759859,1119097619041.5125,
2021-04-13,63445.638314436,63445.638314436,63445.638314436,63445.638314436,63445.638314436,28455288042.0349,coinmetrics-community,3.43453079,1185278789468.1714,
2021-04-14,62869.4955873758,62869.4955873758,62869.4955873758,62869.4955873758,62869.4955873758,32482863969.6013,coinmetrics-community,3.37622405,1174568449691.4595,
2021-04-15,63231.162987142,63231.162987142,63231.162987142,63231.162987142,63231.162987142,22339825203.1022,coinmetrics-community,3.37419883,1181393313259.5356,
2021-04-16,61571.1100905903,61571.1100905903,61571.1100905903,61571.1100905903,61571.1100905903,36852258761.1899,coinmetrics-community,3.27664917,1150416986978.1597,
2021-04-17,60280.8761758036,60280.8761758036,60280.8761758036,60280.8761758036,60280.8761758036,25025499034.2899,coinmetrics-community,3.19962738,1126344072578.019,
2021-04-18,56389.5579812975,56389.5579812975,56389.5579812975,56389.5579812975,56389.5579812975,44097884430.0212,coinmetrics-community,2.959841879616,1053678758609.2681,
2021-04-19,55798.1370771479,55798.1370771479,55798.1370771479,55798.1370771479,55798.1370771479,27045252112.6969,coinmetrics-community,2.92575459,1042661468497.9923,
2021-04-20,56474.3737586207,56474.3737586207,56474.3737586207,56474.3737586207,56474.3737586207,27099912248.1208,coinmetrics-community,2.95532944,1055343018461.8728,
2021-04-21,54025.7995745178,54025.7995745178,54025.7995745178,54025.7995745178,54025.7995745178,22188021555.1531,coinmetrics-community,2.82653587,1009620339154.9825,
2021-04-22,51882.0598106371,51882.0598106371,51882.0598106371,51882.0598106371,51882.0598106371,33011977721.8938,coinmetrics-community,2.70960708,969605047752.2134,
2021-04-23,50954.9100607832,50954.9100607832,50954.9100607832,50954.9100607832,50954.9100607832,37769310886.328,coinmetrics-community,2.65915763,952320874673.5842,
2021-04-24,50279.9484464056,50279.9484464056,50279.9484464056,50279.9484464056,50279.9484464056,16585657735.5813,coinmetrics-community,2.61911452,939751744133.4487,
2021-04-25,48946.9407428404,48946.9407428404,48946.9407428404,48946.9407428404,48946.9407428404,16274712895.9356,coinmetrics-community,2.54988868,914880447463.5385,
2021-04-26,53943.3499783752,53943.3499783752,53943.3499783752,53943.3499783752,53943.3499783752,22768025938.6269,coinmetrics-community,2.79947785,1008308106916.2404,
2021-04-27,55027.0309848042,55027.0309848042,55027.0309848042,55027.0309848042,55027.0309848042,17322719876.0394,coinmetrics-community,2.84255929,1028613088872.3914,
2021-04-28,54787.3787071888,54787.3787071888,54787.3787071888,54787.3787071888,54787.3787071888,18606631892.8512,coinmetrics-community,2.82520447,1024181924008.5573,
2021-04-29,53567.0811938048,53567.0811938048,53567.0811938048,53567.0811938048,53567.0811938048,17900168869.3207,coinmetrics-community,2.75289848,1001410824175.2203,
2021-04-30,57741.44441654,57741.44441654,57741.44441654,57741.44441654,57741.44441654,21857098842.5467,coinmetrics-community,2.9509244,1079500865486.8407,
2021-05-01,57863.5903927528,57863.5903927528,57863.5903927528,57863.5903927528,57863.5903927528,15825902332.7937,coinmetrics-community,2.95232813,1081834705464.8834,
2021-05-02,56572.5968410286,56572.5968410286,56572.5968410286,56572.5968410286,56572.5968410286,13420424771.563,coinmetrics-community,2.88247785,1057763322365.5809,
2021-05-03,57243.0416054939,57243.0416054939,57243.0416054939,57243.0416054939,57243.0416054939,21054884382.9742,coinmetrics-community,2.90918692,1070362250436.1665,
2021-05-04,53724.10892519,53724.10892519,53724.10892519,53724.10892519,53724.10892519,31295484449.0781,coinmetrics-community,2.72676307,1004624064123.3466,
2021-05-05,57342.0256616014,57342.0256616014,57342.0256616014,57342.0256616014,57342.0256616014,30065540027.6524,coinmetrics-community,2.90068009,1072334244435.8468,
2021-05-06,56527.3529789597,56527.3529789597,56527.3529789597,56527.3529789597,56527.3529789597,30013776131.4931,coinmetrics-community,2.845644398322,1057159380527.9105,
2021-05-07,57341.0684549386,57341.0684549386,57341.0684549386,57341.0684549386,57341.0684549386,29119085176.0539,coinmetrics-community,2.86911512,1072438910564.6577,
2021-05-08,58736.1258950906,58736.1258950906,58736.1258950906,58736.1258950906,58736.1258950906,25942376970.1293,coinmetrics-community,2.93389162,1098593174225.6294,
2021-05-09,58288.4256303916,58288.4256303916,58288.4256303916,58288.4256303916,58288.4256303916,26798650833.0662,coinmetrics-community,2.90472472,1090287204598.6418,
2021-05-10,55902.9277399182,55902.9277399182,55902.9277399182,55902.9277399182,55902.9277399182,33522892180.9611,coinmetrics-community,2.78208874,1045729267184.1483,
2021-05-11,56612.1026487434,56612.1026487434,56612.1026487434,56612.1026487434,56612.1026487434,23492996162.5693,coinmetrics-community,2.81280636,1059056066491.1912,
2021-05-12,50972.355081239,50972.355081239,50972.355081239,50972.355081239,50972.355081239,34888999976.8153,coinmetrics-community,2.528710162627,953606762907.2689,
2021-05-13,49368.6144739918,49368.6144739918,49368.6144739918,49368.6144739918,49368.6144739918,44609818373.0502,coinmetrics-community,2.4489477,923653159148.4513,
2021-05-14,49997.3959011105,49997.3959011105,49997.3959011105,49997.3959011105,49997.3959011105,23730033590.1521,coinmetrics-community,2.47934018,935459104298.8987,
2021-05-15,47047.9633331385,47047.9633331385,47047.9633331385,47047.9633331385,47047.9633331385,25930589221.6662,coinmetrics-community,2.33381396,880310927346.3748,
2021-05-16,46022.5037090006,46022.5037090006,46022.5037090006,46022.5037090006,46022.5037090006,29855764909.7857,coinmetrics-community,2.2838578,861161597488.6411,
2021-05-17,43492.3954833431,43492.3954833431,43492.3954833431,43492.3954833431,43492.3954833431,36899266642.9488,coinmetrics-community,2.16428882,813851735267.469,
2021-05-18,42789.8093921683,42789.8093921683,42789.8093921683,42789.8093921683,42789.8093921683,26349735171.8441,coinmetrics-community,2.13179763,800731332066.7421,
2021-05-19,37642.5200017534,37642.5200017534,37642.5200017534,37642.5200017534,37642.5200017534,74786385767.958,coinmetrics-community,1.88892076,704438836807.3654,
2021-05-20,40799.4021475745,40799.4021475745,40799.4021475745,40799.4021475745,40799.4021475745,41464312706.855,coinmetrics-community,2.05205637,763545013579.125,
2021-05-21,37174.3311014027,37174.3311014027,37174.3311014027,37174.3311014027,37174.3311014027,39657035370.2481,coinmetrics-community,1.87448768,695728769937.6442,
2021-05-22,37643.4197983635,37643.4197983635,37643.4197983635,37643.4197983635,37643.4197983635,23171709104.4007,coinmetrics-community,1.90162942,704535197246.9867,
2021-05-23,34774.207221917,34774.207221917,34774.207221917,34774.207221917,34774.207221917,35343744145.2045,coinmetrics-community,1.75890282,650860805397.6799,
2021-05-24,38630.4091186441,38630.4091186441,38630.4091186441,38630.4091186441,38630.4091186441,28887112077.2535,coinmetrics-community,1.94867935,723066857297.3595,
2021-05-25,38269.7710747516,38269.7710747516,38269.7710747516,38269.7710747516,38269.7710747516,21976420960.9904,coinmetrics-community,1.93329011,716346014295.941,
2021-05-26,39194.8588980129,39194.8588980129,39194.8588980129,39194.8588980129,39194.8588980129,20901421018.5242,coinmetrics-community,1.97886373,733691994944.9177,
2021-05-27,38510.8570417884,38510.8570417884,38510.8570417884,38510.8570417884,38510.8570417884,16548411230.2089,coinmetrics-community,1.94636165,720916265382.9325,
2021-05-28,35596.7179510228,35596.7179510228,35596.7179510228,35596.7179510228,35596.7179510228,23158874259.7366,coinmetrics-community,1.80279078,666390584725.3661,
2021-05-29,34681.8183670368,34681.8183670368,34681.8183670368,34681.8183670368,34681.8183670368,17570315819.131,coinmetrics-community,1.75819515,649288294161.1664,
2021-05-30,35652.1687703098,35652.1687703098,35652.1687703098,35652.1687703098,35652.1687703098,12242649040.0052,coinmetrics-community,1.80573948,667486590030.1371,
2021-05-31,37312.9748970193,37312.9748970193,37312.9748970193,37312.9748970193,37312.9748970193,15715656545.5047,coinmetrics-community,1.88939041,698613395865.977,
2021-06-01,36661.3781184687,36661.3781184687,36661.3781184687,36661.3781184687,36661.3781184687,13792531232.266,coinmetrics-community,1.85490761,686446041528.999,
2021-06-02,37639.4556732905,37639.4556732905,37639.4556732905,37639.4556732905,37639.4556732905,12514343933.5343,coinmetrics-community,1.905098964141,704798573851.845,
2021-06-03,39160.1504132086,39160.1504132086,39160.1504132086,39160.1504132086,39160.1504132086,13113824617.6434,coinmetrics-community,1.9791401,733309551805.9535,
2021-06-04,36884.3735551724,36884.3735551724,36884.3735551724,36884.3735551724,36884.3735551724,15345717935.1043,coinmetrics-community,1.866853639007,690723752475.9789,
2021-06-05,35409.5672366452,35409.5672366452,35409.5672366452,35409.5672366452,35409.5672366452,12720616415.1629,coinmetrics-community,1.79378368,663134442422.8171,
2021-06-06,35720.6043546464,35720.6043546464,35720.6043546464,35720.6043546464,35720.6043546464,9149296939.74018,coinmetrics-community,1.81038933,668992893681.9762,
2021-06-07,33724.9077517826,33724.9077517826,33724.9077517826,33724.9077517826,33724.9077517826,13625383268.2917,coinmetrics-community,1.71255578,631644548545.3397,
2021-06-08,33475.0489234366,33475.0489234366,33475.0489234366,33475.0489234366,33475.0489234366,18881823441.28,coinmetrics-community,1.7042113,626996036535.3291,
2021-06-09,37372.9888953828,37372.9888953828,37372.9888953828,37372.9888953828,37372.9888953828,21691912493.2116,coinmetrics-community,1.89766024,700034858090.9735,
2021-06-10,36826.0022185856,36826.0022185856,36826.0022185856,36826.0022185856,36826.0022185856,17369380399.011,coinmetrics-community,1.87120729,689816389289.0381,
2021-06-11,37185.3931268264,37185.3931268264,37185.3931268264,37185.3931268264,37185.3931268264,14437136824.9149,coinmetrics-community,1.88860664,696572821848.9191,
2021-06-12,35669.1712817066,35669.1712817066,35669.1712817066,35669.1712817066,35669.1712817066,13632520150.1521,coinmetrics-community,1.81254069,668199727376.6781,
2021-06-13,38925.4194289889,38925.4194289889,38925.4194289889,38925.4194289889,38925.4194289889,13815155599.2098,coinmetrics-community,1.976225,729231971944.1294,
2021-06-14,40455.5959833431,40455.5959833431,40455.5959833431,40455.5959833431,40455.5959833431,18441335716.9123,coinmetrics-community,2.04984505,757932558315.0496,
2021-06-15,40254.6514679135,40254.6514679135,40254.6514679135,40254.6514679135,40254.6514679135,14255549791.0086,coinmetrics-community,2.03798688,754200836376.5773,
2021-06-16,38265.5437726476,38265.5437726476,38265.5437726476,38265.5437726476,38265.5437726476,14518553860.8325,coinmetrics-community,1.937890111061,716962840858.3022,
2021-06-17,38018.6432346581,38018.6432346581,38018.6432346581,38018.6432346581,38018.6432346581,13739720401.6301,coinmetrics-community,1.927486814795,712367675979.0337,
2021-06-18,35714.3120787259,35714.3120787259,35714.3120787259,35714.3120787259,35714.3120787259,14975194722.0834,coinmetrics-community,1.812458657444,669218352695.6392,
2021-06-19,35555.9763966686,35555.9763966686,35555.9763966686,35555.9763966686,35555.9763966686,11402048600.5183,coinmetrics-community,1.805038478086,666274332004.6891,
2021-06-20,35599.9418784337,35599.9418784337,35599.9418784337,35599.9418784337,35599.9418784337,13812295502.0039,coinmetrics-community,1.807459745287,667121552365.0758,
2021-06-21,31715.1598624196,31715.1598624196,31715.1598624196,31715.1598624196,31715.1598624196,24571444998.7413,coinmetrics-community,1.615498500377,594343881161.0618,
2021-06-22,32394.5555949737,32394.5555949737,32394.5555949737,32394.5555949737,32394.5555949737,27296212376.015,coinmetrics-community,1.651499802307,607094219837.7976,
2021-06-23,33610.4968129749,33610.4968129749,33610.4968129749,33610.4968129749,33610.4968129749,16981679877.9192,coinmetrics-community,1.713698226674,629902934904.7166,
2021-06-24,34658.972875979,34658.972875979,34658.972875979,34658.972875979,34658.972875979,12391498991.3533,coinmetrics-community,1.766672167447,649575438469.43,
2021-06-25,31683.5032004676,31683.5032004676,31683.5032004676,31683.5032004676,31683.5032004676,16971296829.392,coinmetrics-community,1.630917169218,593831228445.3011,
2021-06-26,31890.6764465225,31890.6764465225,31890.6764465225,31890.6764465225,31890.6764465225,13950093798.0189,coinmetrics-community,1.643033945428,597731932924.4774,
2021-06-27,34506.4911975453,34506.4911975453,34506.4911975453,34506.4911975453,34506.4911975453,13262647450.7871,coinmetrics-community,1.776255857109,646773066239.3123,
2021-06-28,34376.188538983,34376.188538983,34376.188538983,34376.188538983,34376.188538983,12590490293.6533,coinmetrics-community,1.769776037417,644349642813.4773,
2021-06-29,35933.7782178843,35933.7782178843,35933.7782178843,35933.7782178843,35933.7782178843,13716893375.0819,coinmetrics-community,1.849675862855,673565423656.2108,
2021-06-30,35065.4661533606,35065.4661533606,35065.4661533606,35065.4661533606,35065.4661533606,11916591679.6584,coinmetrics-community,1.805586334557,657308520165.8943,
2021-07-01,33505.0804935126,33505.0804935126,33505.0804935126,33505.0804935126,33505.0804935126,11261786911.1795,coinmetrics-community,1.727368166727,628078911133.4492,
2021-07-02,33782.9459464641,33782.9459464641,33782.9459464641,33782.9459464641,33782.9459464641,9041063362.74195,coinmetrics-community,1.746141242195,633306719050.4343,
2021-07-03,34588.2242916423,34588.2242916423,34588.2242916423,34588.2242916423,34588.2242916423,7623184207.48946,coinmetrics-community,1.787452030946,648430198161.1792,
2021-07-04,35355.6078883694,35355.6078883694,35355.6078883694,35355.6078883694,35355.6078883694,7617119191.09781,coinmetrics-community,1.8265447061,662841855840.3813,
2021-07-05,33911.7538404442,33911.7538404442,33911.7538404442,33911.7538404442,33911.7538404442,9574601088.92277,coinmetrics-community,1.752492211228,635800664838.8307,
2021-07-06,34123.9815680888,34123.9815680888,34123.9815680888,34123.9815680888,34123.9815680888,9415793387.27354,coinmetrics-community,1.763785729615,639809939899.604,
2021-07-07,33931.6186382233,33931.6186382233,33931.6186382233,33931.6186382233,33931.6186382233,8740586623.38722,coinmetrics-community,1.753796589122,636229302844.7092,
2021-07-08,32819.6595312098,32819.6595312098,32819.6595312098,32819.6595312098,32819.6595312098,11175633133.9784,coinmetrics-community,1.697989573018,615408206333.4872,
2021-07-09,33914.8810742256,33914.8810742256,33914.8810742256,33914.8810742256,33914.8810742256,8384133165.87352,coinmetrics-community,1.754049012631,635972699231.9186,
2021-07-10,33610.9458386908,33610.9458386908,33610.9458386908,33610.9458386908,33610.9458386908,6773700194.22282,coinmetrics-community,1.738516988105,630307119097.991,
2021-07-11,34258.4413898305,34258.4413898305,34258.4413898305,34258.4413898305,34258.4413898305,5718618494.59698,coinmetrics-community,1.771750243299,642476387837.8834,
2021-07-12,33135.2359117475,33135.2359117475,33135.2359117475,33135.2359117475,33135.2359117475,8004675437.89183,coinmetrics-community,1.713116506244,621438096852.9285,
2021-07-13,32641.9759610169,32641.9759610169,32641.9759610169,32641.9759610169,32641.9759610169,6978163230.03394,coinmetrics-community,1.688811469688,612214949439.348,
2021-07-14,32798.2845189947,32798.2845189947,32798.2845189947,32798.2845189947,32798.2845189947,8015197664.32222,coinmetrics-community,1.697934967437,615181434967.0844,
2021-07-15,31707.6900368206,31707.6900368206,31707.6900368206,31707.6900368206,31707.6900368206,8293708900.8383,coinmetrics-community,1.643649164372,594751052034.9653,
2021-07-16,31455.7175818819,31455.7175818819,31455.7175818819,31455.7175818819,31455.7175818819,8658411859.32068,coinmetrics-community,1.63221452573,590054215680.704,
2021-07-17,31547.9511990064,31547.9511990064,31547.9511990064,31547.9511990064,31547.9511990064,6348301570.31574,coinmetrics-community,1.630400402935,591812552914.4733,
2021-07-18,31707.7038527177,31707.7038527177,31707.7038527177,31707.7038527177,31707.7038527177,6336187299.75313,coinmetrics-community,1.639258220118,594837912850.213,
2021-07-19,30883.4697462303,30883.4697462303,30883.4697462303,30883.4697462303,30883.4697462303,7576687304.60394,coinmetrics-community,1.597725750094,579408058603.4889,
2021-07-20,29766.6577182934,29766.6577182934,29766.6577182934,29766.6577182934,29766.6577182934,9140640586.17147,coinmetrics-community,1.540648215719,558478126514.6532,
2021-07-21,32119.6572258328,32119.6572258328,32119.6572258328,32119.6572258328,32119.6572258328,11286900693.643,coinmetrics-community,1.661721371109,602653902984.2953,
2021-07-22,32306.9614285798,32306.9614285798,32306.9614285798,32306.9614285798,32306.9614285798,7005794133.58961,coinmetrics-community,1.670492594499,606199143136.722,
2021-07-23,33439.5957028638,33439.5957028638,33439.5957028638,33439.5957028638,33439.5957028638,8289259323.91833,coinmetrics-community,1.732406654257,627479802970.8693,
2021-07-24,34166.914654588,34166.914654588,34166.914654588,34166.914654588,34166.914654588,7847135011.75876,coinmetrics-community,1.769606297066,641160519675.9817,
2021-07-25,35119.9374360023,35119.9374360023,35119.9374360023,35119.9374360023,35119.9374360023,7356464331.27505,coinmetrics-community,1.81848487747,659078087900.0309,
2021-07-26,37444.7825102279,37444.7825102279,37444.7825102279,37444.7825102279,37444.7825102279,25254057481.4889,coinmetrics-community,1.93010945385,702742383037.9468,
2021-07-27,39126.5402881356,39126.5402881356,39126.5402881356,39126.5402881356,39126.5402881356,14927070875.9921,coinmetrics-community,2.001791162085,734346228533.4617,
2021-07-28,39939.1940432495,39939.1940432495,39939.1940432495,39939.1940432495,39939.1940432495,17587833714.2902,coinmetrics-community,2.033833059073,749637705826.2058,
2021-07-29,40086.1643950906,40086.1643950906,40086.1643950906,40086.1643950906,40086.1643950906,10925243629.2779,coinmetrics-community,2.017407304464,752436348341.3021,
2021-07-30,41789.6670981882,41789.6670981882,41789.6670981882,41789.6670981882,41789.6670981882,14128474257.3719,coinmetrics-community,2.099162197424,784455260094.139,
2021-07-31,41793.3137481005,41793.3137481005,41793.3137481005,41793.3137481005,41793.3137481005,10284658993.5724,coinmetrics-community,2.098153113059,784564984126.0333,
2021-08-01,39968.9689544126,39968.9689544126,39968.9689544126,39968.9689544126,39968.9689544126,11885797865.3435,coinmetrics-community,2.006838470091,750355941541.0171,
2021-08-02,39304.1862835769,39304.1862835769,39304.1862835769,39304.1862835769,39304.1862835769,10829154874.5452,coinmetrics-community,1.972933571383,737910797087.4546,
2021-08-03,38288.8253975453,38288.8253975453,38288.8253975453,38288.8253975453,38288.8253975453,11251438718.8374,coinmetrics-community,1.922865034712,718888492618.7064,
2021-08-04,39773.9113489188,39773.9113489188,39773.9113489188,39773.9113489188,39773.9113489188,10564736894.33,coinmetrics-community,1.995697932518,746805401841.9286,
2021-08-05,40941.650434249,40941.650434249,40941.650434249,40941.650434249,40941.650434249,16152551121.6013,coinmetrics-community,2.052274774394,768772119139.3582,
2021-08-06,42790.3573284629,42790.3573284629,42790.3573284629,42790.3573284629,42790.3573284629,16552051330.2786,coinmetrics-community,2.140827816615,803528296774.2886,
2021-08-07,44484.9005862069,44484.9005862069,44484.9005862069,44484.9005862069,44484.9005862069,17923166243.2983,coinmetrics-community,2.222890074166,835395295482.4253,
2021-08-08,43972.3010181181,43972.3010181181,43972.3010181181,43972.3010181181,43972.3010181181,16324152172.3528,coinmetrics-community,2.195821362505,825812457038.7324,
2021-08-09,46265.6424564582,46265.6424564582,46265.6424564582,46265.6424564582,46265.6424564582,17604145341.687,coinmetrics-community,2.303684409546,868926021044.1495,
2021-08-10,45488.7912624196,45488.7912624196,45488.7912624196,45488.7912624196,45488.7912624196,14413657461.9443,coinmetrics-community,2.261488524708,854382704549.5063,
2021-08-11,45676.3263611923,45676.3263611923,45676.3263611923,45676.3263611923,45676.3263611923,15028734804.8455,coinmetrics-community,2.268172978331,857947004307.331,
2021-08-12,44405.7483483343,44405.7483483343,44405.7483483343,44405.7483483343,44405.7483483343,14743911062.006,coinmetrics-community,2.20343699514,834123407129.095,
2021-08-13,47717.4853559322,47717.4853559322,47717.4853559322,47717.4853559322,47717.4853559322,13466337790.1968,coinmetrics-community,2.362590119037,896373859155.2133,
2021-08-14,47124.2050736411,47124.2050736411,47124.2050736411,47124.2050736411,47124.2050736411,12950161580.6091,coinmetrics-community,2.327809478249,885277380213.1919,
2021-08-15,47074.370710111,47074.370710111,47074.370710111,47074.370710111,47074.370710111,12375813621.5981,coinmetrics-community,2.323985756424,884394736774.213,
2021-08-16,45984.7199070719,45984.7199070719,45984.7199070719,45984.7199070719,45984.7199070719,14508924016.3976,coinmetrics-community,2.268193061802,863969541715.8536,
2021-08-17,44714.0967982466,44714.0967982466,44714.0967982466,44714.0967982466,44714.0967982466,15282419849.827,coinmetrics-community,2.204708913004,840144904105.1235,
2021-08-18,44954.3637469316,44954.3637469316,44954.3637469316,44954.3637469316,44954.3637469316,14470918214.7408,coinmetrics-community,2.213680687968,844697273128.4824,
2021-08-19,46646.8615049679,46646.8615049679,46646.8615049679,46646.8615049679,46646.8615049679,16205799040.9432,coinmetrics-community,2.293129661764,876544383505.9407,
2021-08-20,49240.8356049094,49240.8356049094,49240.8356049094,49240.8356049094,49240.8356049094,15571137529.1956,coinmetrics-community,2.414499299985,925337170100.1697,
2021-08-21,49070.2409701929,49070.2409701929,49070.2409701929,49070.2409701929,49070.2409701929,16363295276.3785,coinmetrics-community,2.403261370099,922183481119.9332,
2021-08-22,49363.3160952659,49363.3160952659,49363.3160952659,49363.3160952659,49363.3160952659,10156371766.7051,coinmetrics-community,2.414996575605,927741877823.0681,
2021-08-23,49590.8763676213,49590.8763676213,49590.8763676213,49590.8763676213,49590.8763676213,15131058698.5027,coinmetrics-community,2.420040085444,932079739908.438,
2021-08-24,47925.8622127411,47925.8622127411,47925.8622127411,47925.8622127411,47925.8622127411,16495026936.7455,coinmetrics-community,2.33794635096,900831282245.6066,
2021-08-25,49002.3166049094,49002.3166049094,49002.3166049094,49002.3166049094,49002.3166049094,13586281428.8558,coinmetrics-community,2.379019545564,921113698122.0674,
2021-08-26,47190.3449929866,47190.3449929866,47190.3449929866,47190.3449929866,47190.3449929866,14246803929.3389,coinmetrics-community,2.287786761638,887096494654.2288,
2021-08-27,49048.4755891292,49048.4755891292,49048.4755891292,49048.4755891292,49048.4755891292,13916878639.2823,coinmetrics-community,2.375147501066,922070878172.4023,
2021-08-28,48852.4687995324,48852.4687995324,48852.4687995324,48852.4687995324,48852.4687995324,10306152583.4489,coinmetrics-community,2.363961726236,918429163463.365,
2021-08-29,48948.3479579193,48948.3479579193,48948.3479579193,48948.3479579193,48948.3479579193,10636362658.6553,coinmetrics-community,2.367277866365,920279421677.5841,
2021-08-30,47125.7685189947,47125.7685189947,47125.7685189947,47125.7685189947,47125.7685189947,14681511065.3524,coinmetrics-community,2.277961082403,886052810980.3136,
2021-08-31,47219.2443424898,47219.2443424898,47219.2443424898,47219.2443424898,47219.2443424898,15320673942.9765,coinmetrics-community,2.280110865221,887852829053.0802,
2021-09-01,48688.5375572764,48688.5375572764,48688.5375572764,48688.5375572764,48688.5375572764,16227964589.5952,coinmetrics-community,2.346384601556,915521308402.3389,
2021-09-02,49369.5862746932,49369.5862746932,49369.5862746932,49369.5862746932,49369.5862746932,16600401777.6825,coinmetrics-community,2.375035051723,928373472804.1525,
2021-09-03,49860.5341635301,49860.5341635301,49860.5341635301,49860.5341635301,49860.5341635301,18956375349.1481,coinmetrics-community,2.395390356338,937651654078.7665,
2021-09-04,49919.577563647,49919.577563647,49919.577563647,49919.577563647,49919.577563647,14244993577.508,coinmetrics-community,2.395772281636,938810353594.9014,
2021-09-05,51747.6438565167,51747.6438565167,51747.6438565167,51747.6438565167,51747.6438565167,12859830966.5915,coinmetrics-community,2.480946695916,973242843766.6512,
2021-09-06,52640.5883740503,52640.5883740503,52640.5883740503,52640.5883740503,52640.5883740503,16014245528.3401,coinmetrics-community,2.51931377876,990093469707.9806,
2021-09-07,46854.4006028638,46854.4006028638,46854.4006028638,46854.4006028638,46854.4006028638,35443280160.3973,coinmetrics-community,2.245742480847,881308435814.7441,
2021-09-08,46187.9757306254,46187.9757306254,46187.9757306254,46187.9757306254,46187.9757306254,21545784791.2258,coinmetrics-community,2.213572688033,868814300650.1481,
2021-09-09,46448.7748290473,46448.7748290473,46448.7748290473,46448.7748290473,46448.7748290473,16794016125.2028,coinmetrics-community,2.222094260363,873759807785.6562,
2021-09-10,44765.2755762712,44765.2755762712,44765.2755762712,44765.2755762712,44765.2755762712,17344969278.5723,coinmetrics-community,2.142454311237,842129122357.554,
2021-09-11,45098.5916447691,45098.5916447691,45098.5916447691,45098.5916447691,45098.5916447691,12615047601.2375,coinmetrics-community,2.157808262825,848441215860.3611,
2021-09-12,46180.6124563998,46180.6124563998,46180.6124563998,46180.6124563998,46180.6124563998,10257341494.996,coinmetrics-community,2.208217016174,868839735686.3915,
2021-09-13,44991.5221277031,44991.5221277031,44991.5221277031,44991.5221277031,44991.5221277031,17804136060.8904,coinmetrics-community,2.151863481078,846512959971.3958,
2021-09-14,47022.6177597896,47022.6177597896,47022.6177597896,47022.6177597896,47022.6177597896,15019727997.2733,coinmetrics-community,2.245175277381,884777283874.6703,
2021-09-15,48167.1893676213,48167.1893676213,48167.1893676213,48167.1893676213,48167.1893676213,12388340702.0415,coinmetrics-community,2.293761212961,906356284523.2517,
2021-09-16,47797.3283237873,47797.3283237873,47797.3283237873,47797.3283237873,47797.3283237873,12917317571.2522,coinmetrics-community,2.273981867172,899437280895.7874,
2021-09-17,47213.7941294565,47213.7941294565,47213.7941294565,47213.7941294565,47213.7941294565,11598455779.5828,coinmetrics-community,2.244949537952,888499868900.2491,
2021-09-18,48204.0136519579,48204.0136519579,48204.0136519579,48204.0136519579,48204.0136519579,10614751428.8336,coinmetrics-community,2.290426705637,907181161197.6665,
2021-09-19,47218.4739964933,47218.4739964933,47218.4739964933,47218.4739964933,47218.4739964933,9661792266.04262,coinmetrics-community,2.242941684172,888680899050.9407,
2021-09-20,42855.5103448276,42855.5103448276,42855.5103448276,42855.5103448276,42855.5103448276,20383611639.9164,coinmetrics-community,2.040586287582,806611150255.1008,
2021-09-21,40526.4893760958,40526.4893760958,40526.4893760958,40526.4893760958,40526.4893760958,21903480596.5687,coinmetrics-community,1.933233183973,762806301935.1322,
2021-09-22,43577.5724821742,43577.5724821742,43577.5724821742,43577.5724821742,43577.5724821742,15238453113.93,coinmetrics-community,2.075944471859,820271543076.0717,
2021-09-23,44861.2980329047,44861.2980329047,44861.2980329047,44861.2980329047,44861.2980329047,13361243567.0338,coinmetrics-community,2.135308888042,844481693316.983,
2021-09-24,42803.307701052,42803.307701052,42803.307701052,42803.307701052,42803.307701052,19810484580.2457,coinmetrics-community,2.038939778388,805781097472.616,
2021-09-25,42735.2658240795,42735.2658240795,42735.2658240795,42735.2658240795,42735.2658240795,10794378741.8232,coinmetrics-community,2.035666539997,804538656841.3231,
2021-09-26,43131.2941773816,43131.2941773816,43131.2941773816,43131.2941773816,43131.2941773816,11706845319.1758,coinmetrics-community,2.040529522117,812031799027.2391,
2021-09-27,42496.7852250146,42496.7852250146,42496.7852250146,42496.7852250146,42496.7852250146,10926890213.6802,coinmetrics-community,2.010425564687,800127083577.485,
2021-09-28,41223.7862743425,41223.7862743425,41223.7862743425,41223.7862743425,41223.7862743425,10800740324.5154,coinmetrics-community,1.951689041262,776198293483.3026,
2021-09-29,41453.9470131502,41453.9470131502,41453.9470131502,41453.9470131502,41453.9470131502,10475095397.0557,coinmetrics-community,1.962665363543,780565646921.4586,
2021-09-30,43781.546015488,43781.546015488,43781.546015488,43781.546015488,43781.546015488,11041040009.2035,coinmetrics-community,2.069864321133,824440444029.2032,
2021-10-01,48078.1315543542,48078.1315543542,48078.1315543542,48078.1315543542,48078.1315543542,17554098761.143,coinmetrics-community,2.26565626698,905390548127.17,
2021-10-02,47792.4391943308,47792.4391943308,47792.4391943308,47792.4391943308,47792.4391943308,11022326879.3369,coinmetrics-community,2.248711046277,900066645699.4569,
2021-10-03,48202.6229177089,48202.6229177089,48202.6229177089,48202.6229177089,48202.6229177089,9899189724.25006,coinmetrics-community,2.266397740964,907836753956.0886,
2021-10-04,49288.5013106371,49288.5013106371,49288.5013106371,49288.5013106371,49288.5013106371,13312338300.5745,coinmetrics-community,2.31284262096,928335986047.2693,
2021-10-05,51558.0493319112,51558.0493319112,51558.0493319112,51558.0493319112,51558.0493319112,14763218493.9473,coinmetrics-community,2.411845063946,971135174368.5519,
2021-10-06,55419.800411163,55419.800411163,55419.800411163,55419.800411163,55419.800411163,22617586701.3746,coinmetrics-community,2.572944325306,1043919575657.0316,
2021-10-07,53805.1569125658,53805.1569125658,53805.1569125658,53805.1569125658,53805.1569125658,16612896604.6849,coinmetrics-community,2.490026710036,1013552627931.8853,
2021-10-08,53933.5275908825,53933.5275908825,53933.5275908825,53933.5275908825,53933.5275908825,14387357851.3079,coinmetrics-community,2.492000787508,1016011255921.6256,
2021-10-09,55010.9224751607,55010.9224751607,55010.9224751607,55010.9224751607,55010.9224751607,11643960287.9979,coinmetrics-community,2.538238578635,1036359022483.6368,
2021-10-10,54701.2797022209,54701.2797022209,54701.2797022209,54701.2797022209,54701.2797022209,15181378701.586,coinmetrics-community,2.520123658863,1030579975221.365,
2021-10-11,57289.1864570426,57289.1864570426,57289.1864570426,57289.1864570426,57289.1864570426,17849080808.0787,coinmetrics-community,2.631558646637,1079388786986.324,
2021-10-12,56196.1812597896,56196.1812597896,56196.1812597896,56196.1812597896,56196.1812597896,17409297810.9394,coinmetrics-community,2.574418652958,1058842478838.182,
2021-10-13,57348.8928769725,57348.8928769725,57348.8928769725,57348.8928769725,57348.8928769725,17807611216.522,coinmetrics-community,2.620098281333,1080622323470.5659,
2021-10-14,57384.0369146698,57384.0369146698,57384.0369146698,57384.0369146698,57384.0369146698,15252806873.6516,coinmetrics-community,2.613922367304,1081333675898.481,
2021-10-15,61446.0840073057,61446.0840073057,61446.0840073057,61446.0840073057,61446.0840073057,26205492588.3937,coinmetrics-community,2.783786506255,1157932253824.4277,
2021-10-16,60932.0632119228,60932.0632119228,60932.0632119228,60932.0632119228,60932.0632119228,15384715464.4633,coinmetrics-community,2.755061819188,1148296342322.6633,
2021-10-17,61462.2223722969,61462.2223722969,61462.2223722969,61462.2223722969,61462.2223722969,12605114214.1262,coinmetrics-community,2.775039217832,1158348928964.852,
2021-10-18,61977.0575514319,61977.0575514319,61977.0575514319,61977.0575514319,61977.0575514319,18267006292.4011,coinmetrics-community,2.778276503838,1168109108621.0642,
2021-10-19,64290.8977574518,64290.8977574518,64290.8977574518,64290.8977574518,64290.8977574518,18969942765.9005,coinmetrics-community,2.86843851115,1211781363655.901,
2021-10-20,66061.7965639977,66061.7965639977,66061.7965639977,66061.7965639977,66061.7965639977,20605577864.0684,coinmetrics-community,2.928317326688,1245221514980.2717,
2021-10-21,62373.8856206897,62373.8856206897,62373.8856206897,62373.8856206897,62373.8856206897,25249772983.8785,coinmetrics-community,2.756592260011,1175764509578.1987,
2021-10-22,60750.9673718293,60750.9673718293,60750.9673718293,60750.9673718293,60750.9673718293,19666475632.2456,coinmetrics-community,2.683021944048,1145232055939.3223,
2021-10-23,61250.082628872,61250.082628872,61250.082628872,61250.082628872,61250.082628872,11432877823.2756,coinmetrics-community,2.702488997272,1154696513456.678,
2021-10-24,60865.4470523086,60865.4470523086,60865.4470523086,60865.4470523086,60865.4470523086,11640285027.0057,coinmetrics-community,2.679080716831,1147503503631.4478,
2021-10-25,63031.6729015196,63031.6729015196,63031.6729015196,63031.6729015196,63031.6729015196,13329025262.4716,coinmetrics-community,2.761945352578,1188415315425.7778,
2021-10-26,60393.9802738165,60393.9802738165,60393.9802738165,60393.9802738165,60393.9802738165,15449377234.6042,coinmetrics-community,2.643400963823,1138740201958.921,
2021-10-27,58563.3359899766,58563.3359899766,58563.3359899766,58563.3359899766,58563.3359899766,22111398915.0296,coinmetrics-community,2.563731148388,1104280514495.5579,
2021-10-28,60564.5721122151,60564.5721122151,60564.5721122151,60564.5721122151,60564.5721122151,22343333973.6133,coinmetrics-community,2.64447556709,1142074087989.8005,
2021-10-29,62230.8055689655,62230.8055689655,62230.8055689655,62230.8055689655,62230.8055689655,16702885354.241,coinmetrics-community,2.709231626512,1173560980221.0317,
2021-10-30,61742.9165321449,61742.9165321449,61742.9165321449,61742.9165321449,61742.9165321449,13293878524.5024,coinmetrics-community,2.6854484387,1164420084616.5515,
2021-10-31,61432.9700628287,61432.9700628287,61432.9700628287,61432.9700628287,61432.9700628287,14731809554.5092,coinmetrics-community,2.660031269082,1158628121727.8423,
2021-11-01,61092.0950592051,61092.0950592051,61092.0950592051,61092.0950592051,61092.0950592051,16815800251.2578,coinmetrics-community,2.639313472843,1152255716550.1553,
2021-11-02,63024.7472296902,63024.7472296902,63024.7472296902,63024.7472296902,63024.7472296902,17587596832.6584,coinmetrics-community,2.705646798155,1188769633683.1074,
2021-11-03,62955.9817630041,62955.9817630041,62955.9817630041,62955.9817630041,62955.9817630041,17644733175.8833,coinmetrics-community,2.692667749587,1187535932342.479,
2021-11-04,61393.8899780246,61393.8899780246,61393.8899780246,61393.8899780246,61393.8899780246,14738385382.5702,coinmetrics-community,2.624435938698,1158125134065.4758,
2021-11-05,61005.840833723,61005.840833723,61005.840833723,61005.840833723,61005.840833723,13013000458.3613,coinmetrics-community,2.601770640962,1150864132606.2607,
2021-11-06,61455.0536268849,61455.0536268849,61455.0536268849,61455.0536268849,61455.0536268849,11377260263.9474,coinmetrics-community,2.617491647791,1159397601037.2688,
2021-11-07,63043.8290590298,63043.8290590298,63043.8290590298,63043.8290590298,63043.8290590298,10094788221.8444,coinmetrics-community,2.682304638596,1189431376523.6956,
2021-11-08,67541.7555081824,67541.7555081824,67541.7555081824,67541.7555081824,67541.7555081824,19786509852.5467,coinmetrics-community,2.854649564891,1274349562679.175,
2021-11-09,67095.5856706605,67095.5856706605,67095.5856706605,67095.5856706605,67095.5856706605,19620208223.1987,coinmetrics-community,2.82534877502,1265995157805.92,
2021-11-10,64756.0779689071,64756.0779689071,64756.0779689071,64756.0779689071,64756.0779689071,25743477603.2219,coinmetrics-community,2.721054645529,1221912387623.9292,
2021-11-11,64962.9312939801,64962.9312939801,64962.9312939801,64962.9312939801,64962.9312939801,16293313171.3331,coinmetrics-community,2.723236415073,1225879749587.1582,
2021-11-12,64078.968037405,64078.968037405,64078.968037405,64078.968037405,64078.968037405,16907451999.8013,coinmetrics-community,2.650242500833,1209255835198.825,
2021-11-13,64397.7912063121,64397.7912063121,64397.7912063121,64397.7912063121,64397.7912063121,11852495923.2582,coinmetrics-community,2.661045965713,1215334035223.431,
2021-11-14,65032.2256548217,65032.2256548217,65032.2256548217,65032.2256548217,65032.2256548217,10281178282.8088,coinmetrics-community,2.684880108371,1227371081397.8098,
2021-11-15,63753.5031592636,63753.5031592636,63753.5031592636,63753.5031592636,63753.5031592636,14084358752.0414,coinmetrics-community,2.626068388319,1203297567403.2034,
2021-11-16,60322.4978530099,60322.4978530099,60322.4978530099,60322.4978530099,60322.4978530099,25068932858.3729,coinmetrics-community,2.481173720882,1138596574917.1836,
2021-11-17,60154.3083661601,60154.3083661601,60154.3083661601,60154.3083661601,60154.3083661601,17704094914.8353,coinmetrics-community,2.470657927214,1135477990765.8386,
2021-11-18,56794.1556271186,56794.1556271186,56794.1556271186,56794.1556271186,56794.1556271186,21804393681.7962,coinmetrics-community,2.337640428663,1072102568248.2739,
2021-11-19,58014.0729888954,58014.0729888954,58014.0729888954,58014.0729888954,58014.0729888954,16882289917.2379,coinmetrics-community,2.386216999692,1095180607639.1605,
2021-11-20,59749.4738229106,59749.4738229106,59749.4738229106,59749.4738229106,59749.4738229106,12290133967.0824,coinmetrics-community,2.455017801074,1127995381461.3696,
2021-11-21,59032.6241017534,59032.6241017534,59032.6241017534,59032.6241017534,59032.6241017534,11134528821.7992,coinmetrics-community,2.424879879847,1114510856672.6382,
2021-11-22,56383.5658760958,56383.5658760958,56383.5658760958,56383.5658760958,56383.5658760958,16838121883.0197,coinmetrics-community,2.319018826324,1064547451127.3552,
2021-11-23,57642.2657980713,57642.2657980713,57642.2657980713,57642.2657980713,57642.2657980713,17022288356.7646,coinmetrics-community,2.368765838495,1088359834858.612,
2021-11-24,57141.8303784337,57141.8303784337,57141.8303784337,57141.8303784337,57141.8303784337,15068516525.5381,coinmetrics-community,2.346842971087,1078967043352.8657,
2021-11-25,59008.6554792519,59008.6554792519,59008.6554792519,59008.6554792519,59008.6554792519,16018207838.8903,coinmetrics-community,2.404923210419,1114264869559.638,
2021-11-26,53800.6178389831,53800.6178389831,53800.6178389831,53800.6178389831,53800.6178389831,22377094319.4284,coinmetrics-community,2.198435955413,1015965489485.0631,
2021-11-27,54635.8824628872,54635.8824628872,54635.8824628872,54635.8824628872,54635.8824628872,12359179777.3093,coinmetrics-community,2.23272965194,1031787373971.6843,
2021-11-28,57248.5696963764,57248.5696963764,57248.5696963764,57248.5696963764,57248.5696963764,11783466214.9202,coinmetrics-community,2.336711996385,1081177168314.813,
2021-11-29,57920.7107299825,57920.7107299825,57920.7107299825,57920.7107299825,57920.7107299825,13867650316.278,coinmetrics-community,2.35943908323,1093922763691.2257,
2021-11-30,57097.0127942724,57097.0127942724,57097.0127942724,57097.0127942724,57097.0127942724,17310601404.3092,coinmetrics-community,2.324578694477,1078413765008.8096,
2021-12-01,57180.6098439509,57180.6098439509,57180.6098439509,57180.6098439509,57180.6098439509,16256933173.0788,coinmetrics-community,2.324286205718,1080041656303.1399,
2021-12-02,56582.8937691408,56582.8937691408,56582.8937691408,56582.8937691408,56582.8937691408,14881472506.6259,coinmetrics-community,2.300196624281,1068806660306.1698,
2021-12-03,53671.6160680888,53671.6160680888,53671.6160680888,53671.6160680888,53671.6160680888,19797520344.0998,coinmetrics-community,2.184991514137,1013871254042.7567,
2021-12-04,49159.7357983635,49159.7357983635,49159.7357983635,49159.7357983635,49159.7357983635,33305271857.5137,coinmetrics-community,2.009166960477,928688246483.0732,
2021-12-05,49327.0935999416,49327.0935999416,49327.0935999416,49327.0935999416,49327.0935999416,17136472331.6412,coinmetrics-community,2.016818310956,931901019326.8503,
2021-12-06,50535.4252232612,50535.4252232612,50535.4252232612,50535.4252232612,50535.4252232612,17870649663.4489,coinmetrics-community,2.067537537544,954783478279.0153,
2021-12-07,50574.4728344828,50574.4728344828,50574.4728344828,50574.4728344828,50574.4728344828,14303721829.6929,coinmetrics-community,2.064377234197,955569896395.9673,
2021-12-08,50500.6543513735,50500.6543513735,50500.6543513735,50500.6543513735,50500.6543513735,12339484748.454,coinmetrics-community,2.06171865801,954228172561.4714,
2021-12-09,47937.8228458212,47937.8228458212,47937.8228458212,47937.8228458212,47937.8228458212,13165719795.4024,coinmetrics-community,1.960546627964,905851378783.0409,
2021-12-10,47437.2289725307,47437.2289725307,47437.2289725307,47437.2289725307,47437.2289725307,14121384571.5781,coinmetrics-community,1.941373722658,896438217378.843,
2021-12-11,49321.7693252484,49321.7693252484,49321.7693252484,49321.7693252484,49321.7693252484,9958493024.13915,coinmetrics-community,2.016910635367,932097595289.7968,
2021-12-12,50136.5722568673,50136.5722568673,50136.5722568673,50136.5722568673,50136.5722568673,8286817907.98903,coinmetrics-community,2.049751176277,947539855067.0088,
2021-12-13,46785.3278410286,46785.3278410286,46785.3278410286,46785.3278410286,46785.3278410286,14859098052.9966,coinmetrics-community,1.915299897932,884245329814.8835,
2021-12-14,48292.6822501461,48292.6822501461,48292.6822501461,48292.6822501461,48292.6822501461,13338519935.8224,coinmetrics-community,1.974877505476,912779083729.6282,
2021-12-15,48830.6223860316,48830.6223860316,48830.6223860316,48830.6223860316,48830.6223860316,15981401022.0961,coinmetrics-community,1.995926977652,922989712159.961,
2021-12-16,47663.4691077148,47663.4691077148,47663.4691077148,47663.4691077148,47663.4691077148,10959960521.8404,coinmetrics-community,1.94871973203,900962599446.6981,
2021-12-17,46334.4837489772,46334.4837489772,46334.4837489772,46334.4837489772,46334.4837489772,13843429122.138,coinmetrics-community,1.896526938461,875884494655.8488,
2021-12-18,46904.8736753361,46904.8736753361,46904.8736753361,46904.8736753361,46904.8736753361,9401486845.21809,coinmetrics-community,1.919525855516,886704391681.2983,
2021-12-19,46876.426924021,46876.426924021,46876.426924021,46876.426924021,46876.426924021,9588244434.72586,coinmetrics-community,1.918249189772,886210279075.9625,
2021-12-20,46954.7634783168,46954.7634783168,46954.7634783168,46954.7634783168,46954.7634783168,12527824904.8509,coinmetrics-community,1.922187343668,887733510019.3333,
2021-12-21,49082.0624666277,49082.0624666277,49082.0624666277,49082.0624666277,49082.0624666277,11259277877.441,coinmetrics-community,2.007205377658,928001919405.3175,
2021-12-22,48692.0987391584,48692.0987391584,48692.0987391584,48692.0987391584,48692.0987391584,10023763355.4274,coinmetrics-community,1.990870317874,920673856889.8291,
2021-12-23,50712.9707682642,50712.9707682642,50712.9707682642,50712.9707682642,50712.9707682642,12053452269.6326,coinmetrics-community,2.070150565572,958932834186.8994,
2021-12-24,50783.8344210988,50783.8344210988,50783.8344210988,50783.8344210988,50783.8344210988,10518674476.9639,coinmetrics-community,2.071634649338,960320724015.7854,
2021-12-25,50590.4508976622,50590.4508976622,50590.4508976622,50590.4508976622,50590.4508976622,7109893496.58956,coinmetrics-community,2.064057745187,956710327599.5708,
2021-12-26,50798.3065859147,50798.3065859147,50798.3065859147,50798.3065859147,50798.3065859147,7996336271.9392,coinmetrics-community,2.071542317446,960683606726.7411,
2021-12-27,50796.3776735827,50796.3776735827,50796.3776735827,50796.3776735827,50796.3776735827,10239176029.167,coinmetrics-community,2.070718360007,960694114316.4371,
2021-12-28,47673.0440452367,47673.0440452367,47673.0440452367,47673.0440452367,47673.0440452367,14503893949.137,coinmetrics-community,1.945824586517,901663524613.2402,
2021-12-29,46470.3215751023,46470.3215751023,46470.3215751023,46470.3215751023,46470.3215751023,11875471259.8482,coinmetrics-community,1.898459995686,878957961885.9198,
2021-12-30,47102.4630037989,47102.4630037989,47102.4630037989,47102.4630037989,47102.4630037989,10059075576.4163,coinmetrics-community,1.923609297095,890949566257.0242,
2021-12-31,46355.1173302747,46355.1173302747,46355.1173302747,46355.1173302747,46355.1173302747,11244218012.5479,coinmetrics-community,1.893385603418,876856588254.3344,
2022-01-01,47560.0093816482,47560.0093816482,47560.0093816482,47560.0093816482,47560.0093816482,6907898567.47898,coinmetrics-community,1.941966039424,899699536194.4492,
2022-01-02,47352.5577565751,47352.5577565751,47352.5577565751,47352.5577565751,47352.5577565751,6750690409.12729,coinmetrics-community,1.933497096507,895821904623.96,
2022-01-03,46453.432351841,46453.432351841,46453.432351841,46453.432351841,46453.432351841,9117077393.0924,coinmetrics-community,1.897502355497,878852778922.5398,
2022-01-04,45905.9611221508,45905.9611221508,45905.9611221508,45905.9611221508,45905.9611221508,10831204275.9485,coinmetrics-community,1.876886228678,868537343384.6884,
2022-01-05,43530.9440388662,43530.9440388662,43530.9440388662,43530.9440388662,43530.9440388662,15626896338.989,coinmetrics-community,1.782277170897,823643008455.5007,
2022-01-06,43144.9652928112,43144.9652928112,43144.9652928112,43144.9652928112,43144.9652928112,11615104991.0163,coinmetrics-community,1.768057798633,816379327436.9196,
2022-01-07,41512.7845808299,41512.7845808299,41512.7845808299,41512.7845808299,41512.7845808299,15604293020.8162,coinmetrics-community,1.704571291459,785531894863.5997,
2022-01-08,41799.8128848627,41799.8128848627,41799.8128848627,41799.8128848627,41799.8128848627,10015015782.047,coinmetrics-community,1.71699299406,791000850844.3613,
2022-01-09,41886.4985569842,41886.4985569842,41886.4985569842,41886.4985569842,41886.4985569842,7288210918.10508,coinmetrics-community,1.72082066082,792678163975.4711,
2022-01-10,41816.9510561075,41816.9510561075,41816.9510561075,41816.9510561075,41816.9510561075,13114657359.8517,coinmetrics-community,1.718638590786,791399129617.2528,
2022-01-11,42768.1786116306,42768.1786116306,42768.1786116306,42768.1786116306,42768.1786116306,10314098505.7774,coinmetrics-community,1.758039861455,809443647923.8131,
2022-01-12,43961.0265441262,43961.0265441262,43961.0265441262,43961.0265441262,43961.0265441262,9818037568.66157,coinmetrics-community,1.805597050184,832058044393.2728,
2022-01-13,42626.8653924605,42626.8653924605,42626.8653924605,42626.8653924605,42626.8653924605,9401429320.19469,coinmetrics-community,1.752041588022,806853831547.6661,
2022-01-14,43102.6476180596,43102.6476180596,43102.6476180596,43102.6476180596,43102.6476180596,8673067325.27517,coinmetrics-community,1.771675205411,815902410549.5798,
2022-01-15,43206.6744812975,43206.6744812975,43206.6744812975,43206.6744812975,43206.6744812975,5767456527.62926,coinmetrics-community,1.775752274618,817916391880.5941,
2022-01-16,43168.8596671537,43168.8596671537,43168.8596671537,43168.8596671537,43168.8596671537,5526144760.3384,coinmetrics-community,1.774015355513,817247761097.5044,
2022-01-17,42211.270399474,42211.270399474,42211.270399474,42211.270399474,42211.270399474,7478999787.07363,coinmetrics-community,1.73630676024,799161712730.787,
2022-01-18,42431.2319670368,42431.2319670368,42431.2319670368,42431.2319670368,42431.2319670368,8402879572.5041,coinmetrics-community,1.745911520714,803362185167.5492,
2022-01-19,41787.722012858,41787.722012858,41787.722012858,41787.722012858,41787.722012858,9238611417.82541,coinmetrics-community,1.721981468557,791223617186.8657,
2022-01-20,40756.1261630625,40756.1261630625,40756.1261630625,40756.1261630625,40756.1261630625,10242225969.3597,coinmetrics-community,1.681574639726,771734062475.5161,
2022-01-21,36492.2872241379,36492.2872241379,36492.2872241379,36492.2872241379,36492.2872241379,21563058188.8657,coinmetrics-community,1.514790775018,691027075447.2771,
2022-01-22,34996.390965225,34996.390965225,34996.390965225,34996.390965225,34996.390965225,18854812014.6338,coinmetrics-community,1.455165902925,662729719330.2249,
2022-01-23,36271.0502650497,36271.0502650497,36271.0502650497,36271.0502650497,36271.0502650497,10848839524.4358,coinmetrics-community,1.508378975549,686900017938.7032,
2022-01-24,36659.7252206312,36659.7252206312,36659.7252206312,36659.7252206312,36659.7252206312,19460171604.6958,coinmetrics-community,1.526343091945,694295100608.7682,
2022-01-25,36952.586773232,36952.586773232,36952.586773232,36952.586773232,36952.586773232,11033106702.2914,coinmetrics-community,1.538880544803,699876683066.1487,
2022-01-26,36825.8245993571,36825.8245993571,36825.8245993571,36825.8245993571,36825.8245993571,14381418647.9602,coinmetrics-community,1.534660000135,697505746691.7056,
2022-01-27,37021.9371332554,37021.9371332554,37021.9371332554,37021.9371332554,37021.9371332554,10640137763.0116,coinmetrics-community,1.543763850705,701250560952.0532,
2022-01-28,37768.8474836353,37768.8474836353,37768.8474836353,37768.8474836353,37768.8474836353,9135808395.19176,coinmetrics-community,1.576577931046,715434506562.4598,
2022-01-29,38088.2912279953,38088.2912279953,38088.2912279953,38088.2912279953,38088.2912279953,6434933513.50926,coinmetrics-community,1.592485103381,721521023451.4706,
2022-01-30,37983.5063845704,37983.5063845704,37983.5063845704,37983.5063845704,37983.5063845704,5142900050.8684,coinmetrics-community,1.589486377439,719570704158.3319,
2022-01-31,38462.6724029807,38462.6724029807,38462.6724029807,38462.6724029807,38462.6724029807,8414578704.73293,coinmetrics-community,1.609690053329,728682541998.969,
2022-02-01,38787.9640824079,38787.9640824079,38787.9640824079,38787.9640824079,38787.9640824079,8156697993.18029,coinmetrics-community,1.61452774476,734882587285.7964,
2022-02-02,36942.3307493279,36942.3307493279,36942.3307493279,36942.3307493279,36942.3307493279,8092095785.99625,coinmetrics-community,1.539179072383,699950267339.7744,
2022-02-03,37057.6521879018,37057.6521879018,37057.6521879018,37057.6521879018,37057.6521879018,7440679315.62976,coinmetrics-community,1.544771260316,702169321610.3784,
2022-02-04,41079.9060881356,41079.9060881356,41079.9060881356,41079.9060881356,41079.9060881356,12411935848.1058,coinmetrics-community,1.709053357873,778416466655.57,
2022-02-05,41508.5816925774,41508.5816925774,41508.5816925774,41508.5816925774,41508.5816925774,7519482839.1218,coinmetrics-community,1.726159971835,786570243049.2509,
2022-02-06,42358.2251732905,42358.2251732905,42358.2251732905,42358.2251732905,42358.2251732905,5588383108.82788,coinmetrics-community,1.760874145144,802711930524.7648,
2022-02-07,43888.980119813,43888.980119813,43888.980119813,43888.980119813,43888.980119813,11814662248.1273,coinmetrics-community,1.821609827046,831757893938.8804,
2022-02-08,44167.4447945646,44167.4447945646,44167.4447945646,44167.4447945646,44167.4447945646,14206789025.3292,coinmetrics-community,1.831529736531,837077702292.8624,
2022-02-09,44405.0732042665,44405.0732042665,44405.0732042665,44405.0732042665,44405.0732042665,8887315273.41042,coinmetrics-community,1.840095004198,841620177986.7826,
2022-02-10,43614.3426960842,43614.3426960842,43614.3426960842,43614.3426960842,43614.3426960842,13757828262.0353,coinmetrics-community,1.806667830508,826673340569.5298,
2022-02-11,42357.3217416715,42357.3217416715,42357.3217416715,42357.3217416715,42357.3217416715,10968833584.3479,coinmetrics-community,1.754236923972,802885153204.8154,
2022-02-12,42173.4593962595,42173.4593962595,42173.4593962595,42173.4593962595,42173.4593962595,6478870532.73681,coinmetrics-community,1.745950590083,799449167809.6085,
2022-02-13,42195.5947451782,42195.5947451782,42195.5947451782,42195.5947451782,42195.5947451782,4796939485.04181,coinmetrics-community,1.746704565079,799910438394.8269,
2022-02-14,42646.1618590883,42646.1618590883,42646.1618590883,42646.1618590883,42646.1618590883,7806171092.11767,coinmetrics-community,1.765131690456,808492710849.5155,
2022-02-15,44511.9084880187,44511.9084880187,44511.9084880187,44511.9084880187,44511.9084880187,8728320989.1043,coinmetrics-community,1.839746953131,843912516712.5409,
2022-02-16,44065.7092673875,44065.7092673875,44065.7092673875,44065.7092673875,44065.7092673875,7216711962.44739,coinmetrics-community,1.820760197081,835495877044.4435,
2022-02-17,40610.024261543,40610.024261543,40610.024261543,40610.024261543,40610.024261543,10603986430.86,coinmetrics-community,1.680750155719,770015151406.7638,
2022-02-18,40044.2204856809,40044.2204856809,40044.2204856809,40044.2204856809,40044.2204856809,8877763470.19805,coinmetrics-community,1.658393382535,759320197985.6616,
2022-02-19,40095.887329398,40095.887329398,40095.887329398,40095.887329398,40095.887329398,4378388260.65075,coinmetrics-community,1.660632849962,760337246150.262,
2022-02-20,38551.6224967855,38551.6224967855,38551.6224967855,38551.6224967855,38551.6224967855,6853709105.03763,coinmetrics-community,1.597672365828,731088089618.0752,
2022-02-21,37098.0360081824,37098.0360081824,37098.0360081824,37098.0360081824,37098.0360081824,12229717946.7263,coinmetrics-community,1.53935959409,703550978541.0667,
2022-02-22,38202.5940818235,38202.5940818235,38202.5940818235,38202.5940818235,38202.5940818235,10169588313.3319,coinmetrics-community,1.585255941769,724534819639.9742,
2022-02-23,37308.2687344243,37308.2687344243,37308.2687344243,37308.2687344243,37308.2687344243,8698318595.36082,coinmetrics-community,1.548559725335,707608386323.9312,
2022-02-24,38283.790402104,38283.790402104,38283.790402104,38283.790402104,38283.790402104,20666368458.5377,coinmetrics-community,1.589005849792,726142231115.2036,
2022-02-25,39323.7702158387,39323.7702158387,39323.7702158387,39323.7702158387,39323.7702158387,10893445748.4637,coinmetrics-community,1.632120546767,745900830759.9186,
2022-02-26,39056.5781523086,39056.5781523086,39056.5781523086,39056.5781523086,39056.5781523086,6374264560.70394,coinmetrics-community,1.621580052318,740863193300.3043,
2022-02-27,37664.7792828755,37664.7792828755,37664.7792828755,37664.7792828755,37664.7792828755,9167688820.61732,coinmetrics-community,1.564733720961,714494212585.6721,
2022-02-28,43179.2545140269,43179.2545140269,43179.2545140269,43179.2545140269,43179.2545140269,14643153550.8693,coinmetrics-community,1.785886675274,819144394069.7399,
2022-03-01,44334.457582408,44334.457582408,44334.457582408,44334.457582408,44334.457582408,14047384167.1736,coinmetrics-community,1.831088158538,841104392825.5334,
2022-03-02,43984.584926768,43984.584926768,43984.584926768,43984.584926768,43984.584926768,12124720735.2794,coinmetrics-community,1.815856076135,834504066221.5271,
2022-03-03,42492.7744552893,42492.7744552893,42492.7744552893,42492.7744552893,42492.7744552893,10016881300.2274,coinmetrics-community,1.753487692697,806239776434.6935,
2022-03-04,39106.4052159556,39106.4052159556,39106.4052159556,39106.4052159556,39106.4052159556,12488179313.0002,coinmetrics-community,1.617160596022,742022224694.9856,
2022-03-05,39383.8848433665,39383.8848433665,39383.8848433665,39383.8848433665,39383.8848433665,5977148318.78139,coinmetrics-community,1.62862859109,747317522202.4407,
2022-03-06,38399.3426268264,38399.3426268264,38399.3426268264,38399.3426268264,38399.3426268264,7255579920.12331,coinmetrics-community,1.588284555745,728667065433.831,
2022-03-07,38146.734273232,38146.734273232,38146.734273232,38146.734273232,38146.734273232,11344006169.1874,coinmetrics-community,1.578754463552,723908847546.8259,
2022-03-08,38725.477261543,38725.477261543,38725.477261543,38725.477261543,38725.477261543,10483115474.7307,coinmetrics-community,1.603838311539,734927448074.0189,
2022-03-09,41989.4028179427,41989.4028179427,41989.4028179427,41989.4028179427,41989.4028179427,14019392131.1507,coinmetrics-community,1.735654059064,796906050430.487,
2022-03-10,39482.2584672706,39482.2584672706,39482.2584672706,39482.2584672706,39482.2584672706,14010356921.0009,coinmetrics-community,1.630630592506,749359384983.7482,
2022-03-11,38825.3644214494,38825.3644214494,38825.3644214494,38825.3644214494,38825.3644214494,11285230965.5628,coinmetrics-community,1.605299073538,736925253813.8165,
2022-03-12,38951.1300157802,38951.1300157802,38951.1300157802,38951.1300157802,38951.1300157802,4926981055.96262,coinmetrics-community,1.610487025913,739350326402.7109,
2022-03-13,37808.3174004091,37808.3174004091,37808.3174004091,37808.3174004091,37808.3174004091,6142841848.75237,coinmetrics-community,1.563583025151,717693726421.2742,
2022-03-14,39649.0453243717,39649.0453243717,39649.0453243717,39649.0453243717,39649.0453243717,9256863860.14208,coinmetrics-community,1.638923579978,752673129199.2288,
2022-03-15,39356.8139000584,39356.8139000584,39356.8139000584,39356.8139000584,39356.8139000584,8895191140.0174,coinmetrics-community,1.62739184969,747159778521.4589,
2022-03-16,41101.768579135,41101.768579135,41101.768579135,41101.768579135,41101.768579135,16837523985.7313,coinmetrics-community,1.697348146346,780326259892.9254,
2022-03-17,40966.4169324956,40966.4169324956,40966.4169324956,40966.4169324956,40966.4169324956,8229142658.68426,coinmetrics-community,1.69308040701,777797289016.2968,
2022-03-18,41826.1160710111,41826.1160710111,41826.1160710111,41826.1160710111,41826.1160710111,9179237589.04255,coinmetrics-community,1.727490580808,794157105661.4315,
2022-03-19,42193.1615362361,42193.1615362361,42193.1615362361,42193.1615362361,42193.1615362361,6749722734.96085,coinmetrics-community,1.742021306446,801167113251.2291,
2022-03-20,41294.7235129164,41294.7235129164,41294.7235129164,41294.7235129164,41294.7235129164,6545074415.61491,coinmetrics-community,1.705071792374,784147246647.208,
2022-03-21,41064.429648159,41064.429648159,41064.429648159,41064.429648159,41064.429648159,8587481962.42269,coinmetrics-community,1.695351371558,779813454595.2155,
2022-03-22,42383.169518761,42383.169518761,42383.169518761,42383.169518761,42383.169518761,12406353015.8808,coinmetrics-community,1.748109505852,804895791994.0564,
2022-03-23,42734.2000355932,42734.2000355932,42734.2000355932,42734.2000355932,42734.2000355932,9228466663.25472,coinmetrics-community,1.761428760821,811600915721.3618,
2022-03-24,43974.5935882525,43974.5935882525,43974.5935882525,43974.5935882525,43974.5935882525,11562298423.1605,coinmetrics-community,1.810651634482,835197568855.9592,
2022-03-25,44347.034279661,44347.034279661,44347.034279661,44347.034279661,44347.034279661,10927641840.3294,coinmetrics-community,1.816863848057,842314472588.2869,
2022-03-26,44519.9268641145,44519.9268641145,44519.9268641145,44519.9268641145,44519.9268641145,5029013289.51277,coinmetrics-community,1.823441620909,845643141455.3472,
2022-03-27,46777.2056265342,46777.2056265342,46777.2056265342,46777.2056265342,46777.2056265342,9060253555.2464,coinmetrics-community,1.912928867709,888557797875.1592,
2022-03-28,47223.6528860316,47223.6528860316,47223.6528860316,47223.6528860316,47223.6528860316,13302412300.3126,coinmetrics-community,1.926069685862,897085228548.5029,
2022-03-29,47463.7096770894,47463.7096770894,47463.7096770894,47463.7096770894,47463.7096770894,11204366063.2829,coinmetrics-community,1.931857269809,901690266879.8414,
2022-03-30,47123.2971478667,47123.2971478667,47123.2971478667,47123.2971478667,47123.2971478667,10055338077.371,coinmetrics-community,1.916462997871,895263051309.1228,
2022-03-31,45562.2106665693,45562.2106665693,45562.2106665693,45562.2106665693,45562.2106665693,12440776277.4842,coinmetrics-community,1.854211355144,865644342353.455,
2022-04-01,46250.3362878434,46250.3362878434,46250.3362878434,46250.3362878434,46250.3362878434,14363112070.4016,coinmetrics-community,1.880179566094,878758918482.4454,
2022-04-02,45939.8973489188,45939.8973489188,45939.8973489188,45939.8973489188,45939.8973489188,10682297783.4055,coinmetrics-community,1.867666383452,872899323456.1627,
2022-04-03,46440.5438538866,46440.5438538866,46440.5438538866,46440.5438538866,46440.5438538866,9222747534.03191,coinmetrics-community,1.886983002157,882452402068.5902,
2022-04-04,46663.0041770894,46663.0041770894,46663.0041770894,46663.0041770894,46663.0041770894,12415826909.2964,coinmetrics-community,1.894586551764,886725621050.4031,
2022-04-05,45693.0350619521,45693.0350619521,45693.0350619521,45693.0350619521,45693.0350619521,10538375511.704,coinmetrics-community,1.855218925189,868334945220.4375,
2022-04-06,43304.9371990064,43304.9371990064,43304.9371990064,43304.9371990064,43304.9371990064,14842581153.9639,coinmetrics-community,1.760916830916,822992941537.3003,
2022-04-07,43569.0471697837,43569.0471697837,43569.0471697837,43569.0471697837,43569.0471697837,9338442133.96836,coinmetrics-community,1.771822948566,828049823775.4827,
2022-04-08,42222.0689772063,42222.0689772063,42222.0689772063,42222.0689772063,42222.0689772063,10251838290.3376,coinmetrics-community,1.718699748527,802485243344.1832,
2022-04-09,42680.9947355932,42680.9947355932,42680.9947355932,42680.9947355932,42680.9947355932,4818711935.46515,coinmetrics-community,1.737109234767,811248536966.8553,
2022-04-10,42264.4633909994,42264.4633909994,42264.4633909994,42264.4633909994,42264.4633909994,5535566111.516,coinmetrics-community,1.720498052487,803368401022.6544,
2022-04-11,39544.0251835184,39544.0251835184,39544.0251835184,39544.0251835184,39544.0251835184,13029567831.8077,coinmetrics-community,1.612532718343,751691818357.7858,
2022-04-12,40096.3669748685,40096.3669748685,40096.3669748685,40096.3669748685,40096.3669748685,11300477343.8476,coinmetrics-community,1.633029961572,762229617848.9938,
2022-04-13,41152.7554517826,41152.7554517826,41152.7554517826,41152.7554517826,41152.7554517826,9211636217.95698,coinmetrics-community,1.6754481725,782347510376.0757,
2022-04-14,39916.4963842782,39916.4963842782,39916.4963842782,39916.4963842782,39916.4963842782,7536382659.37129,coinmetrics-community,1.624100214604,758879643233.893,
2022-04-15,40527.3319567504,40527.3319567504,40527.3319567504,40527.3319567504,40527.3319567504,5487188888.69965,coinmetrics-community,1.648615453539,770532674214.2937,
2022-04-16,40439.5881209819,40439.5881209819,40439.5881209819,40439.5881209819,40439.5881209819,3690714614.17866,coinmetrics-community,1.645198704281,768898298022.5022,
2022-04-17,39704.7839798364,39704.7839798364,39704.7839798364,39704.7839798364,39704.7839798364,4626725637.51229,coinmetrics-community,1.615563193564,754968041603.9386,
2022-04-18,40818.8786025716,40818.8786025716,40818.8786025716,40818.8786025716,40818.8786025716,10709763836.6113,coinmetrics-community,1.660587322655,776186219648.7058,
2022-04-19,41489.6638011689,41489.6638011689,41489.6638011689,41489.6638011689,41489.6638011689,7405993342.99462,coinmetrics-community,1.68715900189,788973605180.1066,
2022-04-20,41395.64458346,41395.64458346,41395.64458346,41395.64458346,41395.64458346,9017582543.39647,coinmetrics-community,1.683056618589,787227117424.9535,
2022-04-21,40457.4959418469,40457.4959418469,40457.4959418469,40457.4959418469,40457.4959418469,11984633925.5605,coinmetrics-community,1.642192379664,769428938686.3944,
2022-04-22,39737.9735040912,39737.9735040912,39737.9735040912,39737.9735040912,39737.9735040912,9806946044.5342,coinmetrics-community,1.614479409264,755778442607.8029,
2022-04-23,39582.4548720047,39582.4548720047,39582.4548720047,39582.4548720047,39582.4548720047,4286359872.00741,coinmetrics-community,1.608260125691,752860950838.1914,
2022-04-24,39511.6456928697,39511.6456928697,39511.6456928697,39511.6456928697,39511.6456928697,5101679437.19436,coinmetrics-community,1.60550883035,751556383525.8639,
2022-04-25,40473.7483176505,40473.7483176505,40473.7483176505,40473.7483176505,40473.7483176505,12843245289.3911,coinmetrics-community,1.644601591866,769897647999.5433,
2022-04-26,38072.800873758,38072.800873758,38072.800873758,38072.800873758,38072.800873758,12215279733.5843,coinmetrics-community,1.549627067302,724259783050.5642,
2022-04-27,39218.5376174752,39218.5376174752,39218.5376174752,39218.5376174752,39218.5376174752,9646675379.38287,coinmetrics-community,1.596095580203,746096829666.1974,
2022-04-28,39747.9894270018,39747.9894270018,39747.9894270018,39747.9894270018,39747.9894270018,10482995158.439,coinmetrics-community,1.617507844772,756201958477.4652,
2022-04-29,38609.5059070719,38609.5059070719,38609.5059070719,38609.5059070719,38609.5059070719,8957010326.91573,coinmetrics-community,1.572635096383,734578607327.6136,
2022-04-30,37714.0949804208,37714.0949804208,37714.0949804208,37714.0949804208,37714.0949804208,6039880658.2135,coinmetrics-community,1.537292898922,717578011718.2108,
2022-05-01,38459.226979135,38459.226979135,38459.226979135,38459.226979135,38459.226979135,6957907608.40186,coinmetrics-community,1.567381909459,731795620564.7078,
2022-05-02,38566.0628877849,38566.0628877849,38566.0628877849,38566.0628877849,38566.0628877849,9809311606.12016,coinmetrics-community,1.573983130319,733867042100.8313,
2022-05-03,37704.4053153127,37704.4053153127,37704.4053153127,37704.4053153127,37704.4053153127,7559816224.83081,coinmetrics-community,1.540983434257,717506054791.5656,
2022-05-04,39641.852176505,39641.852176505,39641.852176505,39641.852176505,39641.852176505,11276767465.4719,coinmetrics-community,1.618770611892,754411390672.5853,
2022-05-05,36502.0245601403,36502.0245601403,36502.0245601403,36502.0245601403,36502.0245601403,15358354248.2057,coinmetrics-community,1.493350506698,694694154668.1462,
2022-05-06,36042.9995584453,36042.9995584453,36042.9995584453,36042.9995584453,36042.9995584453,12561908182.8212,coinmetrics-community,1.476077962977,685990134639.4475,
2022-05-07,35508.7110227937,35508.7110227937,35508.7110227937,35508.7110227937,35508.7110227937,6395067105.32933,coinmetrics-community,1.454866736249,675852998119.4371,
2022-05-08,34058.9066861484,34058.9066861484,34058.9066861484,34058.9066861484,34058.9066861484,11999760786.3569,coinmetrics-community,1.397053307677,648291225672.0372,
2022-05-09,30457.9218194039,30457.9218194039,30457.9218194039,30457.9218194039,30457.9218194039,25181723714.7845,coinmetrics-community,1.25746370058,579778106079.444,
2022-05-10,30990.7351659848,30990.7351659848,30990.7351659848,30990.7351659848,30990.7351659848,24028396599.3192,coinmetrics-community,1.282199871846,589950045319.7169,
2022-05-11,28796.5568217417,28796.5568217417,28796.5568217417,28796.5568217417,28796.5568217417,34657367879.1545,coinmetrics-community,1.198898869373,548207026149.2423,
2022-05-12,29030.7070417884,29030.7070417884,29030.7070417884,29030.7070417884,29030.7070417884,30097624721.7211,coinmetrics-community,1.211574517788,552689095253.705,
2022-05-13,29285.9346718293,29285.9346718293,29285.9346718293,29285.9346718293,29285.9346718293,15053844698.5496,coinmetrics-community,1.224580870454,557575962443.4471,
2022-05-14,30051.935755114,30051.935755114,30051.935755114,30051.935755114,30051.935755114,8173944072.28469,coinmetrics-community,1.254528110725,572186367858.1311,
2022-05-15,31182.6212460549,31182.6212460549,31182.6212460549,31182.6212460549,31182.6212460549,7443865210.54665,coinmetrics-community,1.301371234936,593738302710.129,
2022-05-16,29889.6124757452,29889.6124757452,29889.6124757452,29889.6124757452,29889.6124757452,10536726491.4772,coinmetrics-community,1.248816594441,569149173743.4915,
2022-05-17,30438.1944476914,30438.1944476914,30438.1944476914,30438.1944476914,30438.1944476914,8945828665.87014,coinmetrics-community,1.272635339124,579623074735.8607,
2022-05-18,28771.2204786675,28771.2204786675,28771.2204786675,28771.2204786675,28771.2204786675,10351538709.803,coinmetrics-community,1.204897921252,547903613073.46497,
2022-05-19,30257.8852483928,30257.8852483928,30257.8852483928,30257.8852483928,30257.8852483928,10633086375.8237,coinmetrics-community,1.268265640482,576237927167.5203,
2022-05-20,29224.245998422,29224.245998422,29224.245998422,29224.245998422,29224.245998422,10235776129.9644,coinmetrics-community,1.226785298597,556576449741.6575,
2022-05-21,29420.0782857978,29420.0782857978,29420.0782857978,29420.0782857978,29420.0782857978,4176477855.64926,coinmetrics-community,1.235285942059,560330903433.8232,
2022-05-22,30331.87514173,30331.87514173,30331.87514173,30331.87514173,30331.87514173,5708844378.99752,coinmetrics-community,1.273331088604,577719993300.8108,
2022-05-23,29088.2515419638,29088.2515419638,29088.2515419638,29088.2515419638,29088.2515419638,9829494659.79318,coinmetrics-community,1.22293867204,554062243386.7935,
2022-05-24,29643.6837556984,29643.6837556984,29643.6837556984,29643.6837556984,29643.6837556984,7893886759.2717,coinmetrics-community,1.246431579256,564664143267.9167,
2022-05-25,29577.259880187,29577.259880187,29577.259880187,29577.259880187,29577.259880187,8376806831.92126,coinmetrics-community,1.244237310755,563425495600.4982,
2022-05-26,29332.4860467563,29332.4860467563,29332.4860467563,29332.4860467563,29332.4860467563,12533507688.2124,coinmetrics-community,1.235100855496,558788579642.6685,
2022-05-27,28612.0413103448,28612.0413103448,28612.0413103448,28612.0413103448,28612.0413103448,12025649209.5268,coinmetrics-community,1.20688817198,545088669358.9464,
2022-05-28,29045.5206344243,29045.5206344243,29045.5206344243,29045.5206344243,29045.5206344243,4646142522.62815,coinmetrics-community,1.225163407756,553373761224.6202,
2022-05-29,29430.0689800117,29430.0689800117,29430.0689800117,29430.0689800117,29430.0689800117,4075277592.68769,coinmetrics-community,1.241234457517,560727563224.8401,
2022-05-30,31735.9549719462,31735.9549719462,31735.9549719462,31735.9549719462,31735.9549719462,12280949553.3557,coinmetrics-community,1.337557348648,604691877439.0,
2022-05-31,31831.4095251315,31831.4095251315,31831.4095251315,31831.4095251315,31831.4095251315,10235518846.2686,coinmetrics-community,1.340327318645,606539699591.0908,
2022-06-01,29825.9221992987,29825.9221992987,29825.9221992987,29825.9221992987,29825.9221992987,13241894892.9218,coinmetrics-community,1.258203816602,568350982618.1753,
2022-06-02,30504.2679997078,30504.2679997078,30504.2679997078,30504.2679997078,30504.2679997078,8932210117.35541,coinmetrics-community,1.289506254729,581301103485.3453,
2022-06-03,29662.6709708942,29662.6709708942,29662.6709708942,29662.6709708942,29662.6709708942,7771681268.11123,coinmetrics-community,1.255277674265,565289816719.395,
2022-06-04,29792.4076779077,29792.4076779077,29792.4076779077,29792.4076779077,29792.4076779077,3567370123.54281,coinmetrics-community,1.261962571345,567788127583.5594,
2022-06-05,29915.4093009936,29915.4093009936,29915.4093009936,29915.4093009936,29915.4093009936,3669382503.31254,coinmetrics-community,1.26746929363,570159608584.3286,
2022-06-06,31333.6770197545,31333.6770197545,31333.6770197545,31333.6770197545,31333.6770197545,10041880433.5649,coinmetrics-community,1.32794694055,597219834771.5532,
2022-06-07,31175.0324289889,31175.0324289889,31175.0324289889,31175.0324289889,31175.0324289889,13782946796.3126,coinmetrics-community,1.322740859864,594227633838.3704,
2022-06-08,30228.464698422,30228.464698422,30228.464698422,30228.464698422,30228.464698422,9885530461.58002,coinmetrics-community,1.283418736198,576218725147.5542,
2022-06-09,30064.4855289305,30064.4855289305,30064.4855289305,30064.4855289305,30064.4855289305,6631191196.54558,coinmetrics-community,1.278193263932,573120367821.6552,
2022-06-10,29070.4000300994,29070.4000300994,29070.4000300994,29070.4000300994,29070.4000300994,10300750562.1777,coinmetrics-community,1.237117043464,554196788670.7576,
2022-06-11,28360.7899231444,28360.7899231444,28360.7899231444,28360.7899231444,28360.7899231444,8277996033.77157,coinmetrics-community,1.208249128114,540696111012.3925,
2022-06-12,26830.2839456458,26830.2839456458,26830.2839456458,26830.2839456458,26830.2839456458,11434429812.2049,coinmetrics-community,1.144614146671,511538437846.9446,
2022-06-13,22316.2570400351,22316.2570400351,22316.2570400351,22316.2570400351,22316.2570400351,29944355946.0399,coinmetrics-community,0.962386955567,425493856127.2006,
2022-06-14,22072.8663085915,22072.8663085915,22072.8663085915,22072.8663085915,22072.8663085915,21304241063.0554,coinmetrics-community,0.958749419408,420873377970.22205,
2022-06-15,22520.7910087668,22520.7910087668,22520.7910087668,22520.7910087668,22520.7910087668,22822911297.9577,coinmetrics-community,0.982571637347,429437386455.3185,
2022-06-16,20310.1769848042,20310.1769848042,20310.1769848042,20310.1769848042,20310.1769848042,12545170664.8662,coinmetrics-community,0.89010384052,387299429738.925,
2022-06-17,20464.9290873174,20464.9290873174,20464.9290873174,20464.9290873174,20464.9290873174,9688788483.88514,coinmetrics-community,0.900449527228,390264246951.8146,
2022-06-18,19013.8672536528,19013.8672536528,19013.8672536528,19013.8672536528,19013.8672536528,16389815161.4256,coinmetrics-community,0.839761069586,362611174621.4809,
2022-06-19,20492.2951683226,20492.2951683226,20492.2951683226,20492.2951683226,20492.2951683226,13298332256.2679,coinmetrics-community,0.905122908176,390823129715.5468,
2022-06-20,20571.6292247224,20571.6292247224,20571.6292247224,20571.6292247224,20571.6292247224,11137607109.8596,coinmetrics-community,0.909413901996,392353137499.7772,
2022-06-21,20688.4651312098,20688.4651312098,20688.4651312098,20688.4651312098,20688.4651312098,10214853097.1956,coinmetrics-community,0.916201262025,394600889959.4376,
2022-06-22,20003.1683375219,20003.1683375219,20003.1683375219,20003.1683375219,20003.1683375219,9863055075.59375,coinmetrics-community,0.887627935977,381546027327.4448,
2022-06-23,21097.1028331385,21097.1028331385,21097.1028331385,21097.1028331385,21097.1028331385,8992166912.60485,coinmetrics-community,0.936392381423,402432082094.10394,
2022-06-24,21299.0769853887,21299.0769853887,21299.0769853887,21299.0769853887,21299.0769853887,8770253854.60876,coinmetrics-community,0.946260674502,406301957818.1101,
2022-06-25,21468.3431566335,21468.3431566335,21468.3431566335,21468.3431566335,21468.3431566335,5632965587.54374,coinmetrics-community,0.953541799671,409551146129.82904,
2022-06-26,21066.6209430158,21066.6209430158,21066.6209430158,21066.6209430158,21066.6209430158,5572971395.84867,coinmetrics-community,0.93595363596,401905669584.81177,
2022-06-27,20751.0516960842,20751.0516960842,20751.0516960842,20751.0516960842,20751.0516960842,6760414668.85933,coinmetrics-community,0.92317584654,395902927689.18256,
2022-06-28,20263.2196393922,20263.2196393922,20263.2196393922,20263.2196393922,20263.2196393922,6987921279.68946,coinmetrics-community,0.902427057507,386614220232.3532,
2022-06-29,20080.9480864991,20080.9480864991,20080.9480864991,20080.9480864991,20080.9480864991,8111793844.63794,coinmetrics-community,0.895265183982,383155502450.5327,
2022-06-30,19332.9121294565,19332.9121294565,19332.9121294565,19332.9121294565,19332.9121294565,10015394386.6893,coinmetrics-community,0.865015984997,368903228195.36633,
2022-07-01,19341.8631240795,19341.8631240795,19341.8631240795,19341.8631240795,19341.8631240795,11088252915.4899,coinmetrics-community,0.866810006703,369090226458.1767,
2022-07-02,19231.8317083577,19231.8317083577,19231.8317083577,19231.8317083577,19231.8317083577,4501005501.31979,coinmetrics-community,0.862322030966,367007144409.22516,
2022-07-03,19276.5146639392,19276.5146639392,19276.5146639392,19276.5146639392,19276.5146639392,4831776398.59772,coinmetrics-community,0.864908319377,367878517546.5238,
2022-07-04,20226.2984745763,20226.2984745763,20226.2984745763,20226.2984745763,20226.2984745763,6746602702.35775,coinmetrics-community,0.907445950743,386022540612.4449,
2022-07-05,20193.3427938048,20193.3427938048,20193.3427938048,20193.3427938048,20193.3427938048,8826497282.41701,coinmetrics-community,0.906388103368,385408468112.82117,
2022-07-06,20560.8438126826,20560.8438126826,20560.8438126826,20560.8438126826,20560.8438126826,7803284516.95438,coinmetrics-community,0.924592307191,392438882291.5653,
2022-07-07,21651.4191423144,21651.4191423144,21651.4191423144,21651.4191423144,21651.4191423144,8123265924.27596,coinmetrics-community,0.973646516264,413275623808.419,
2022-07-08,21813.7871239042,21813.7871239042,21813.7871239042,21813.7871239042,21813.7871239042,18513622026.4588,coinmetrics-community,0.981374953634,416395031613.0832,
2022-07-09,21585.1321922852,21585.1321922852,21585.1321922852,21585.1321922852,21585.1321922852,9457361544.07969,coinmetrics-community,0.97256585657,412048402705.49554,
2022-07-10,20831.2733915839,20831.2733915839,20831.2733915839,20831.2733915839,20831.2733915839,9656590583.69742,coinmetrics-community,0.938937826789,397677569200.77203,
2022-07-11,19971.3294704851,19971.3294704851,19971.3294704851,19971.3294704851,19971.3294704851,8254669653.70953,coinmetrics-community,0.903257154365,381276239330.9752,
2022-07-12,19339.1534734074,19339.1534734074,19339.1534734074,19339.1534734074,19339.1534734074,8947698311.04344,coinmetrics-community,0.875464077465,369225505108.16406,
2022-07-13,20155.5278386908,20155.5278386908,20155.5278386908,20155.5278386908,20155.5278386908,13376425704.5997,coinmetrics-community,0.91248166822,384825682177.9338,
2022-07-14,20552.8990289304,20552.8990289304,20552.8990289304,20552.8990289304,20552.8990289304,10828163722.9267,coinmetrics-community,0.931267482062,392428543677.9312,
2022-07-15,20831.722700526,20831.722700526,20831.722700526,20831.722700526,20831.722700526,9530874620.97552,coinmetrics-community,0.947404727073,397770775563.7378,
2022-07-16,21196.5091428989,21196.5091428989,21196.5091428989,21196.5091428989,21196.5091428989,7874805597.31127,coinmetrics-community,0.963942951894,404755787365.4628,
2022-07-17,20827.8886085915,20827.8886085915,20827.8886085915,20827.8886085915,20827.8886085915,7693331809.27188,coinmetrics-community,0.947388315858,397732973007.4675,
2022-07-18,22305.7066428989,22305.7066428989,22305.7066428989,22305.7066428989,22305.7066428989,15998247369.6911,coinmetrics-community,1.014380417157,425971905281.9996,
2022-07-19,23371.2026601403,23371.2026601403,23371.2026601403,23371.2026601403,23371.2026601403,19826660557.1207,coinmetrics-community,1.064015965884,446339832050.2446,
2022-07-20,23280.9356680304,23280.9356680304,23280.9356680304,23280.9356680304,23280.9356680304,18311113923.7369,coinmetrics-community,1.059545792317,444634259889.05206,
2022-07-21,23152.4093112215,23152.4093112215,23152.4093112215,23152.4093112215,23152.4093112215,13518660850.7684,coinmetrics-community,1.055572042956,442199694644.768,
2022-07-22,22706.0835554646,22706.0835554646,22706.0835554646,22706.0835554646,22706.0835554646,12511185421.0136,coinmetrics-community,1.037202359622,433693823514.26,
2022-07-23,22484.4592317358,22484.4592317358,22484.4592317358,22484.4592317358,22484.4592317358,8573521792.77034,coinmetrics-community,1.027767986307,429482365773.2771,
2022-07-24,22653.3570260082,22653.3570260082,22653.3570260082,22653.3570260082,22653.3570260082,8305304702.61924,coinmetrics-community,1.035693112787,432730761552.05457,
2022-07-25,21510.1255874342,21510.1255874342,21510.1255874342,21510.1255874342,21510.1255874342,13324152840.4071,coinmetrics-community,0.984744106523,410911525111.4701,
2022-07-26,21181.6591967855,21181.6591967855,21181.6591967855,21181.6591967855,21181.6591967855,10929855208.9447,coinmetrics-community,0.970493939661,404657958397.2495,
2022-07-27,22898.4150683226,22898.4150683226,22898.4150683226,22898.4150683226,22898.4150683226,13893424373.4596,coinmetrics-community,1.048530886503,437478763559.1204,
2022-07-28,23838.5568838691,23838.5568838691,23838.5568838691,23838.5568838691,23838.5568838691,16395423570.1689,coinmetrics-community,1.090974652069,455461367222.4852,
2022-07-29,23950.7403798948,23950.7403798948,23950.7403798948,23950.7403798948,23950.7403798948,14793722764.3988,coinmetrics-community,1.096121570662,457626609085.48505,
2022-07-30,23623.4349611338,23623.4349611338,23623.4349611338,23623.4349611338,23623.4349611338,10666365149.0757,coinmetrics-community,1.08119685014,451391833403.0792,
2022-07-31,23356.1722215079,23356.1722215079,23356.1722215079,23356.1722215079,23356.1722215079,8589457632.53753,coinmetrics-community,1.06930792552,446307219209.83734,
2022-08-01,23331.4426969608,23331.4426969608,23331.4426969608,23331.4426969608,23331.4426969608,9808015050.99773,coinmetrics-community,1.068081818605,445854500671.93616,
2022-08-02,23031.4268834015,23031.4268834015,23031.4268834015,23031.4268834015,23031.4268834015,10865974521.078,coinmetrics-community,1.054827227962,440143630646.2181,
2022-08-03,22809.7474418469,22809.7474418469,22809.7474418469,22809.7474418469,22809.7474418469,10221796872.5345,coinmetrics-community,1.044976588452,435927882119.2916,
2022-08-04,22628.3320821157,22628.3320821157,22628.3320821157,22628.3320821157,22628.3320821157,10064406097.3015,coinmetrics-community,1.037537603272,432479435664.96185,
2022-08-05,23248.9715023378,23248.9715023378,23248.9715023378,23248.9715023378,23248.9715023378,11770869356.4061,coinmetrics-community,1.065899475533,444363077389.24005,
2022-08-06,22996.2750452952,22996.2750452952,22996.2750452952,22996.2750452952,22996.2750452952,5054758518.68219,coinmetrics-community,1.054367720796,439556370388.69934,
2022-08-07,23153.6584713618,23153.6584713618,23153.6584713618,23153.6584713618,23153.6584713618,5051011463.65859,coinmetrics-community,1.061585802404,442587644255.79877,
2022-08-08,23803.6505154296,23803.6505154296,23803.6505154296,23803.6505154296,23803.6505154296,10914857806.092,coinmetrics-community,1.091208903728,455033818812.5433,
2022-08-09,23186.2917464641,23186.2917464641,23186.2917464641,23186.2917464641,23186.2917464641,9349235041.16954,coinmetrics-community,1.064322658536,443253027415.8556,
2022-08-10,23923.0584830508,23923.0584830508,23923.0584830508,23923.0584830508,23923.0584830508,13793461997.3135,coinmetrics-community,1.097349862382,457359947811.3196,
2022-08-11,23934.4390561075,23934.4390561075,23934.4390561075,23934.4390561075,23934.4390561075,15906354568.6522,coinmetrics-community,1.098103095757,457598463723.42834,
2022-08-12,24396.3088462887,24396.3088462887,24396.3088462887,24396.3088462887,24396.3088462887,10514711868.3671,coinmetrics-community,1.118913448413,466452355020.95996,
2022-08-13,24426.2225748101,24426.2225748101,24426.2225748101,24426.2225748101,24426.2225748101,9229970197.87961,coinmetrics-community,1.120303000575,467045519559.2559,
2022-08-14,24314.2021315021,24314.2021315021,24314.2021315021,24314.2021315021,24314.2021315021,9190505051.55147,coinmetrics-community,1.1152866103,464923825825.56085,
2022-08-15,24083.9539748685,24083.9539748685,24083.9539748685,24083.9539748685,24083.9539748685,14958155977.9812,coinmetrics-community,1.105125221321,460542963581.3794,
2022-08-16,23868.8193530099,23868.8193530099,23868.8193530099,23868.8193530099,23868.8193530099,10915319802.2743,coinmetrics-community,1.095336349684,456451152283.436,
2022-08-17,23336.3489310345,23336.3489310345,23336.3489310345,23336.3489310345,23336.3489310345,12821094743.9045,coinmetrics-community,1.071575714816,446287363119.0393,
2022-08-18,23221.1706028638,23221.1706028638,23221.1706028638,23221.1706028638,23221.1706028638,8049628042.105,coinmetrics-community,1.066480347068,444105576817.2243,
2022-08-19,20906.7663141438,20906.7663141438,20906.7663141438,20906.7663141438,20906.7663141438,17478732474.4484,coinmetrics-community,0.962223516455,399865784896.4949,
2022-08-20,21146.6548021625,21146.6548021625,21146.6548021625,21146.6548021625,21146.6548021625,10107289569.3909,coinmetrics-community,0.97348633387,404473619044.496,
2022-08-21,21553.9961717125,21553.9961717125,21553.9961717125,21553.9961717125,21553.9961717125,8317672111.93958,coinmetrics-community,0.99226378976,412284535348.17566,
2022-08-22,21301.0840581531,21301.0840581531,21301.0840581531,21301.0840581531,21301.0840581531,11538476110.6228,coinmetrics-community,0.981225385052,407466140105.9247,
2022-08-23,21534.5143521333,21534.5143521333,21534.5143521333,21534.5143521333,21534.5143521333,10595392226.987,coinmetrics-community,0.992293505064,411954552631.3741,
2022-08-24,21424.9728232028,21424.9728232028,21424.9728232028,21424.9728232028,21424.9728232028,9523214352.63264,coinmetrics-community,0.987637310218,409878577064.975,
2022-08-25,21587.8395844535,21587.8395844535,21587.8395844535,21587.8395844535,21587.8395844535,8425506933.41706,coinmetrics-community,0.995543286361,413015814390.91345,
2022-08-26,20246.1655733489,20246.1655733489,20246.1655733489,20246.1655733489,20246.1655733489,15268318661.9669,coinmetrics-community,0.934524032452,387369347817.70264,
2022-08-27,20043.9909485681,20043.9909485681,20043.9909485681,20043.9909485681,20043.9909485681,8524042721.95354,coinmetrics-community,0.925756657439,383519310960.92694,
2022-08-28,19673.5412188778,19673.5412188778,19673.5412188778,19673.5412188778,19673.5412188778,6702071269.98708,coinmetrics-community,0.908751979889,376450966908.22253,
2022-08-29,20270.960383986,20270.960383986,20270.960383986,20270.960383986,20270.960383986,10472006275.9964,coinmetrics-community,0.936300029003,387902405358.73914,
2022-08-30,19825.4632066043,19825.4632066043,19825.4632066043,19825.4632066043,19825.4632066043,12903492318.106,coinmetrics-community,0.91691540216,379397503826.90955,
2022-08-31,20024.6716059614,20024.6716059614,20024.6716059614,20024.6716059614,20024.6716059614,12716997383.7273,coinmetrics-community,0.926540201628,383228003505.9351,
2022-09-01,20105.4626072472,20105.4626072472,20105.4626072472,20105.4626072472,20105.4626072472,11070522554.5785,coinmetrics-community,0.930819103606,384791505857.6446,
2022-09-02,19948.8567472823,19948.8567472823,19948.8567472823,19948.8567472823,19948.8567472823,11007379913.1935,coinmetrics-community,0.924346524698,381810364146.53986,
2022-09-03,19803.8332697253,19803.8332697253,19803.8332697253,19803.8332697253,19803.8332697253,5861455563.3251,coinmetrics-community,0.917781321543,379052887734.96625,
2022-09-04,19961.9118907072,19961.9118907072,19961.9118907072,19961.9118907072,19961.9118907072,6229672897.75654,coinmetrics-community,0.924996509034,382099532564.477,
2022-09-05,19797.7967884278,19797.7967884278,19797.7967884278,19797.7967884278,19797.7967884278,8831459842.57207,coinmetrics-community,0.917682178845,378977066517.50757,
2022-09-06,18846.150537405,18846.150537405,18846.150537405,18846.150537405,18846.150537405,16177044696.2342,coinmetrics-community,0.874858544608,360777012676.73267,
2022-09-07,19292.9070745178,19292.9070745178,19292.9070745178,19292.9070745178,19292.9070745178,12771257081.8257,coinmetrics-community,0.895970446823,369346999995.143,
2022-09-08,19319.1248512566,19319.1248512566,19319.1248512566,19319.1248512566,19319.1248512566,11800658806.8943,coinmetrics-community,0.897686434169,369864252540.92334,
2022-09-09,21363.3136152542,21363.3136152542,21363.3136152542,21363.3136152542,21363.3136152542,20766008911.2502,coinmetrics-community,0.991990113442,409017455131.7916,
2022-09-10,21715.2107980713,21715.2107980713,21715.2107980713,21715.2107980713,21715.2107980713,13707970807.7865,coinmetrics-community,1.008276774233,415785927560.17883,
2022-09-11,21732.7705686733,21732.7705686733,21732.7705686733,21732.7705686733,21732.7705686733,12714424788.619,coinmetrics-community,1.00926214108,416141395725.3066,
2022-09-12,22365.2145601987,22365.2145601987,22365.2145601987,22365.2145601987,22365.2145601987,20532599884.2265,coinmetrics-community,1.038445934441,428261637184.8132,
2022-09-13,20165.0421607247,20165.0421607247,20165.0421607247,20165.0421607247,20165.0421607247,24068120725.0372,coinmetrics-community,0.939370352409,386157248713.93646,
2022-09-14,20246.3660424313,20246.3660424313,20246.3660424313,20246.3660424313,20246.3660424313,15667229490.367,coinmetrics-community,0.944134275318,387730658256.55914,
2022-09-15,19696.8698661601,19696.8698661601,19696.8698661601,19696.8698661601,19696.8698661601,15011889945.4785,coinmetrics-community,0.919794265144,377225556977.20856,
2022-09-16,19741.5776168907,19741.5776168907,19741.5776168907,19741.5776168907,19741.5776168907,13151438669.2414,coinmetrics-community,0.922172305414,378097572891.12006,
2022-09-17,20120.7023459965,20120.7023459965,20120.7023459965,20120.7023459965,20120.7023459965,9421581223.05913,coinmetrics-community,0.939999035144,385380080042.85626,
2022-09-18,19427.1002626534,19427.1002626534,19427.1002626534,19427.1002626534,19427.1002626534,12754445429.1986,coinmetrics-community,0.907953496893,372113932908.2875,
2022-09-19,19557.9769582116,19557.9769582116,19557.9769582116,19557.9769582116,19557.9769582116,18829405533.439,coinmetrics-community,0.914684111914,374636684861.2995,
2022-09-20,18872.9498667446,18872.9498667446,18872.9498667446,18872.9498667446,18872.9498667446,15361629385.0779,coinmetrics-community,0.88338246827,361532792864.26184,
2022-09-21,18506.7607481005,18506.7607481005,18506.7607481005,18506.7607481005,18506.7607481005,20976502377.1147,coinmetrics-community,0.86699153682,354534333416.6793,
2022-09-22,19414.5396449445,19414.5396449445,19414.5396449445,19414.5396449445,19414.5396449445,18345365367.2844,coinmetrics-community,0.909510592046,371940200960.5232,
2022-09-23,19326.8648199883,19326.8648199883,19326.8648199883,19326.8648199883,19326.8648199883,15657666696.3126,coinmetrics-community,0.90563544045,370276849734.6183,
2022-09-24,18924.7677872589,18924.7677872589,18924.7677872589,18924.7677872589,18924.7677872589,9575365033.9424,coinmetrics-community,0.886975013788,362590477877.56635,
2022-09-25,18793.1561531268,18793.1561531268,18793.1561531268,18793.1561531268,18793.1561531268,8716899709.1165,coinmetrics-community,0.881057004179,360086121322.07837,
2022-09-26,19201.1317209234,19201.1317209234,19201.1317209234,19201.1317209234,19201.1317209234,19956679983.6633,coinmetrics-community,0.900322536822,367921135053.928,
2022-09-27,19106.7389135009,19106.7389135009,19106.7389135009,19106.7389135009,19106.7389135009,28149047884.4249,coinmetrics-community,0.896561719809,366127838719.6281,
2022-09-28,19454.937210111,19454.937210111,19454.937210111,19454.937210111,19454.937210111,25070695056.0647,coinmetrics-community,0.913487552122,372818335629.0543,
2022-09-29,19540.8664105786,19540.8664105786,19540.8664105786,19540.8664105786,19540.8664105786,10699004351.9684,coinmetrics-community,0.917870607279,374482476447.19543,
2022-09-30,19435.1946917008,19435.1946917008,19435.1946917008,19435.1946917008,19435.1946917008,19044623312.0251,coinmetrics-community,0.91356153704,372477904951.7994,
2022-10-01,19311.861629398,19311.861629398,19311.861629398,19311.861629398,19311.861629398,6547468881.65707,coinmetrics-community,0.907912672634,370136058133.8757,
2022-10-02,19015.2928050847,19015.2928050847,19015.2928050847,19015.2928050847,19015.2928050847,8200077083.75743,coinmetrics-community,0.894190083633,364470603274.7758,
2022-10-03,19633.4325859147,19633.4325859147,19633.4325859147,19633.4325859147,19633.4325859147,12866240703.2724,coinmetrics-community,0.923308111571,376337531461.188,
2022-10-04,20339.9712811221,20339.9712811221,20339.9712811221,20339.9712811221,20339.9712811221,15480579142.9772,coinmetrics-community,0.956568501176,389901326705.8898,
2022-10-05,20155.0996987142,20155.0996987142,20155.0996987142,20155.0996987142,20155.0996987142,14433575296.5909,coinmetrics-community,0.948163366006,386379527832.9187,
2022-10-06,19950.5477957335,19950.5477957335,19950.5477957335,19950.5477957335,19950.5477957335,15474578899.8409,coinmetrics-community,0.938866609583,382478030109.54517,
2022-10-07,19539.1439216832,19539.1439216832,19539.1439216832,19539.1439216832,19539.1439216832,12019159440.684,coinmetrics-community,0.919983246052,374611763556.60834,
2022-10-08,19416.1772291058,19416.1772291058,19416.1772291058,19416.1772291058,19416.1772291058,4974486247.40767,coinmetrics-community,0.914595870208,372275436651.0156,
2022-10-09,19428.3671323787,19428.3671323787,19428.3671323787,19428.3671323787,19428.3671323787,5417019162.42095,coinmetrics-community,0.915262738221,372528344873.01337,
2022-10-10,19154.4042346581,19154.4042346581,19154.4042346581,19154.4042346581,19154.4042346581,10060033831.8234,coinmetrics-community,0.902773565181,367295367833.3887,
2022-10-11,19039.2820683811,19039.2820683811,19039.2820683811,19039.2820683811,19039.2820683811,11285491986.0958,coinmetrics-community,0.897697758664,365106524490.82605,
2022-10-12,19156.9115645821,19156.9115645821,19156.9115645821,19156.9115645821,19156.9115645821,9952746004.02343,coinmetrics-community,0.904197086018,367378647972.2289,
2022-10-13,19387.8336806546,19387.8336806546,19387.8336806546,19387.8336806546,19387.8336806546,19534704284.833,coinmetrics-community,0.915299590894,371824448281.48004,
2022-10-14,19177.6941031561,19177.6941031561,19177.6941031561,19177.6941031561,19177.6941031561,18339151976.3417,coinmetrics-community,0.905697877908,367813040138.8371,
2022-10-15,19069.8749272355,19069.8749272355,19069.8749272355,19069.8749272355,19069.8749272355,5502768960.3205,coinmetrics-community,0.900728724487,365763269803.227,
2022-10-16,19261.7497878434,19261.7497878434,19261.7497878434,19261.7497878434,19261.7497878434,6821314673.45791,coinmetrics-community,0.909910910294,369460796080.1113,
2022-10-17,19557.0218106371,19557.0218106371,19557.0218106371,19557.0218106371,19557.0218106371,12113841516.4465,coinmetrics-community,0.924678135264,375142761443.2313,
2022-10-18,19341.4075543542,19341.4075543542,19341.4075543542,19341.4075543542,19341.4075543542,14299565858.2332,coinmetrics-community,0.91398573907,371024014617.18225,
2022-10-19,19132.1544254822,19132.1544254822,19132.1544254822,19132.1544254822,19132.1544254822,9339339314.23208,coinmetrics-community,0.904610705933,367027991687.44006,
2022-10-20,19033.3760239626,19033.3760239626,19033.3760239626,19033.3760239626,19033.3760239626,11008226785.7864,coinmetrics-community,0.900242542303,365150292653.8844,
2022-10-21,19174.8763487434,19174.8763487434,19174.8763487434,19174.8763487434,19174.8763487434,14561861282.2313,coinmetrics-community,0.907143363442,367883634520.15155,
2022-10-22,19207.6285078901,19207.6285078901,19207.6285078901,19207.6285078901,19207.6285078901,4774783235.3694,coinmetrics-community,0.909318069409,368528334460.5667,
2022-10-23,19565.4123243717,19565.4123243717,19565.4123243717,19565.4123243717,19565.4123243717,7956738676.06743,coinmetrics-community,0.926261633178,375411929443.3675,
2022-10-24,19341.460210111,19341.460210111,19341.460210111,19341.460210111,19341.460210111,12048634040.7067,coinmetrics-community,0.915784798173,371131281846.5523,
2022-10-25,20094.9611215663,20094.9611215663,20094.9611215663,20094.9611215663,20094.9611215663,19895894385.2104,coinmetrics-community,0.951195313284,385605065822.4446,
2022-10-26,20797.0308258328,20797.0308258328,20797.0308258328,20797.0308258328,20797.0308258328,22458287649.3357,coinmetrics-community,0.983939477562,399097328311.379,
2022-10-27,20280.1751280538,20280.1751280538,20280.1751280538,20280.1751280538,20280.1751280538,17662789381.5723,coinmetrics-community,0.959624512348,389195921538.64905,
2022-10-28,20604.6138535944,20604.6138535944,20604.6138535944,20604.6138535944,20604.6138535944,14983969219.1713,coinmetrics-community,0.975004031923,395442686247.225,
2022-10-29,20803.8999205143,20803.8999205143,20803.8999205143,20803.8999205143,20803.8999205143,13376463310.9969,coinmetrics-community,0.98443454901,399285967648.7002,
2022-10-30,20616.7033766803,20616.7033766803,20616.7033766803,20616.7033766803,20616.7033766803,9581661474.18795,coinmetrics-community,0.975832100659,395710529271.33923,
2022-10-31,20490.8581808884,20490.8581808884,20490.8581808884,20490.8581808884,20490.8581808884,7678070035.53999,coinmetrics-community,0.97009674747,393317251848.56525,
2022-11-01,20483.966530976,20483.966530976,20483.966530976,20483.966530976,20483.966530976,12319576456.9247,coinmetrics-community,0.970049689813,393203403802.07855,
2022-11-02,20148.2845537697,20148.2845537697,20148.2845537697,20148.2845537697,20148.2845537697,19249776021.4553,coinmetrics-community,0.954490976446,386775127359.0969,
2022-11-03,20198.1111860316,20198.1111860316,20198.1111860316,20198.1111860316,20198.1111860316,13449808635.2511,coinmetrics-community,0.956986021054,387752323864.0792,
2022-11-04,21157.2449275278,21157.2449275278,21157.2449275278,21157.2449275278,21157.2449275278,23359994669.0086,coinmetrics-community,1.000981821699,406182308414.3737,
2022-11-05,21283.4715999416,21283.4715999416,21283.4715999416,21283.4715999416,21283.4715999416,11420258248.0051,coinmetrics-community,1.007111287598,408625727281.51587,
2022-11-06,20946.8030359439,20946.8030359439,20946.8030359439,20946.8030359439,20946.8030359439,10105313953.4695,coinmetrics-community,0.991409279364,402179894315.6349,
2022-11-07,20568.5651183518,20568.5651183518,20568.5651183518,20568.5651183518,20568.5651183518,17227999084.199,coinmetrics-community,0.976088727485,394936214963.7294,
2022-11-08,18520.971163647,18520.971163647,18520.971163647,18520.971163647,18520.971163647,48421194270.3724,coinmetrics-community,0.880744871078,355639311703.4768,
2022-11-09,15758.2912819988,15758.2912819988,15758.2912819988,15758.2912819988,15758.2912819988,44470633009.3583,coinmetrics-community,0.753958696179,302605063696.8061,
2022-11-10,17541.5602866745,17541.5602866745,17541.5602866745,17541.5602866745,17541.5602866745,29627713951.1551,coinmetrics-community,0.839903712816,336865135843.0826,
2022-11-11,16916.8506312098,16916.8506312098,16916.8506312098,16916.8506312098,16916.8506312098,18085735751.0555,coinmetrics-community,0.811340136624,324882485889.163,
2022-11-12,16771.2426718293,16771.2426718293,16771.2426718293,16771.2426718293,16771.2426718293,8266826492.71121,coinmetrics-community,0.806378353685,322103638475.01587,
2022-11-13,16320.4983375219,16320.4983375219,16320.4983375219,16320.4983375219,16320.4983375219,8426755002.59389,coinmetrics-community,0.785273663056,313459931493.43146,
2022-11-14,16629.4784146698,16629.4784146698,16629.4784146698,16629.4784146698,16629.4784146698,16997289347.0302,coinmetrics-community,0.801361740695,319407146559.7761,
2022-11-15,16855.59378609,16855.59378609,16855.59378609,16855.59378609,16855.59378609,12085486623.2839,coinmetrics-community,0.81368542899,323766538003.86176,
2022-11-16,16659.6063345996,16659.6063345996,16659.6063345996,16659.6063345996,16659.6063345996,11410913049.8884,coinmetrics-community,0.806089820633,320017579504.2511,
2022-11-17,16675.1790204559,16675.1790204559,16675.1790204559,16675.1790204559,16675.1790204559,8237051359.18582,coinmetrics-community,0.81024033294,320331100560.6855,
2022-11-18,16661.5229576271,16661.5229576271,16661.5229576271,16661.5229576271,16661.5229576271,8062185138.49908,coinmetrics-community,0.818509642211,320083241544.82635,
2022-11-19,16696.0040581531,16696.0040581531,16696.0040581531,16696.0040581531,16696.0040581531,4016701906.2206,coinmetrics-community,0.820610369081,320760994779.17206,
2022-11-20,16246.8446992987,16246.8446992987,16246.8446992987,16246.8446992987,16246.8446992987,6471478081.80509,coinmetrics-community,0.799184425512,312146945942.7766,
2022-11-21,15778.0174047341,15778.0174047341,15778.0174047341,15778.0174047341,15778.0174047341,13119331161.9254,coinmetrics-community,0.777592696604,303152194386.4471,
2022-11-22,16172.8893445354,16172.8893445354,16172.8893445354,16172.8893445354,16172.8893445354,10303275174.6304,coinmetrics-community,0.79805211183,310751834009.5663,
2022-11-23,16574.0617299825,16574.0617299825,16574.0617299825,16574.0617299825,16574.0617299825,10879843229.6996,coinmetrics-community,0.817451445016,318474713411.88574,
2022-11-24,16583.5243445354,16583.5243445354,16583.5243445354,16583.5243445354,16583.5243445354,8061758405.62056,coinmetrics-community,0.81837142484,318669910367.0565,
2022-11-25,16522.3887767388,16522.3887767388,16522.3887767388,16522.3887767388,16522.3887767388,7371400232.1963,coinmetrics-community,0.816011276502,317507827540.0432,
2022-11-26,16448.6413077148,16448.6413077148,16448.6413077148,16448.6413077148,16448.6413077148,6571519761.6192,coinmetrics-community,0.812740435671,316101841086.0346,
2022-11-27,16436.0707688486,16436.0707688486,16436.0707688486,16436.0707688486,16436.0707688486,5734352902.00943,coinmetrics-community,0.812332752733,315874237356.33,
2022-11-28,16212.5814161309,16212.5814161309,16212.5814161309,16212.5814161309,16212.5814161309,10185161473.9572,coinmetrics-community,0.802349876662,311593224390.9654,
2022-11-29,16443.0368199883,16443.0368199883,16443.0368199883,16443.0368199883,16443.0368199883,9416306797.26502,coinmetrics-community,0.814147810046,316035861020.9537,
2022-11-30,17176.8986914085,17176.8986914085,17176.8986914085,17176.8986914085,17176.8986914085,12866116760.2858,coinmetrics-community,0.850801464317,330155532207.7363,
2022-12-01,16961.2918042081,16961.2918042081,16961.2918042081,16961.2918042081,16961.2918042081,10180887766.1921,coinmetrics-community,0.840529289057,326027592017.76044,
2022-12-02,17075.1091370544,17075.1091370544,17075.1091370544,17075.1091370544,17075.1091370544,8815923097.37551,coinmetrics-community,0.84670015577,328228712887.5605,
2022-12-03,16899.5073831093,16899.5073831093,16899.5073831093,16899.5073831093,16899.5073831093,7485097176.19149,coinmetrics-community,0.838232388894,324867019678.6778,
2022-12-04,17121.7149824664,17121.7149824664,17121.7149824664,17121.7149824664,17121.7149824664,7671626710.64487,coinmetrics-community,0.84968361727,329153600280.1099,
2022-12-05,16961.3517866745,16961.3517866745,16961.3517866745,16961.3517866745,16961.3517866745,10690173319.9439,coinmetrics-community,0.84468600446,326086201568.41547,
2022-12-06,17070.5158281707,17070.5158281707,17070.5158281707,17070.5158281707,17070.5158281707,9106145121.63436,coinmetrics-community,0.850384196971,328199310631.1555,
2022-12-07,16848.2518243717,16848.2518243717,16848.2518243717,16848.2518243717,16848.2518243717,9171547819.53495,coinmetrics-community,0.839503933452,323944154279.1225,
2022-12-08,17231.4563223261,17231.4563223261,17231.4563223261,17231.4563223261,17231.4563223261,9599018485.34972,coinmetrics-community,0.858945882155,331330076551.5837,
2022-12-09,17136.1490008767,17136.1490008767,17136.1490008767,17136.1490008767,17136.1490008767,9261513002.27664,coinmetrics-community,0.854978591377,329513766613.9268,
2022-12-10,17124.2146797195,17124.2146797195,17124.2146797195,17124.2146797195,17124.2146797195,5242742795.82731,coinmetrics-community,0.854415449082,329300761676.07544,
2022-12-11,17094.3606592636,17094.3606592636,17094.3606592636,17094.3606592636,17094.3606592636,6181456906.70554,coinmetrics-community,0.853211507586,328742369908.81226,
2022-12-12,17195.5249962011,17195.5249962011,17195.5249962011,17195.5249962011,17195.5249962011,8884761295.86904,coinmetrics-community,0.858539391858,330703233431.764,
2022-12-13,17774.9166320865,17774.9166320865,17774.9166320865,17774.9166320865,17774.9166320865,13084919190.8963,coinmetrics-community,0.887729303381,341864385936.1696,
2022-12-14,17809.7240835769,17809.7240835769,17809.7240835769,17809.7240835769,17809.7240835769,12274215733.1975,coinmetrics-community,0.890254354657,342550310001.91003,
2022-12-15,17344.0544569258,17344.0544569258,17344.0544569258,17344.0544569258,17344.0544569258,9628729849.49231,coinmetrics-community,0.86728278142,333608737800.18677,
2022-12-16,16606.1101750438,16606.1101750438,16606.1101750438,16606.1101750438,16606.1101750438,11542067285.3979,coinmetrics-community,0.830992951979,319428047892.88965,
2022-12-17,16774.3853702513,16774.3853702513,16774.3853702513,16774.3853702513,16774.3853702513,5905072402.3192,coinmetrics-community,0.839657772493,322679384960.55084,
2022-12-18,16776.1159254822,16776.1159254822,16776.1159254822,16776.1159254822,16776.1159254822,4410520761.54033,coinmetrics-community,0.839875774864,322727877320.70087,
2022-12-19,16424.1313857393,16424.1313857393,16424.1313857393,16424.1313857393,16424.1313857393,8026243814.63354,coinmetrics-community,0.823536056851,315970590232.18774,
2022-12-20,16901.8169362946,16901.8169362946,16901.8169362946,16901.8169362946,16901.8169362946,10507063258.2858,coinmetrics-community,0.847633081501,325175184915.4376,
2022-12-21,16800.5329707773,16800.5329707773,16800.5329707773,16800.5329707773,16800.5329707773,6240290599.95082,coinmetrics-community,0.843195618816,323241590694.8657,
2022-12-22,16814.2225791935,16814.2225791935,16814.2225791935,16814.2225791935,16814.2225791935,7074799551.00186,coinmetrics-community,0.844194325117,323519164532.47,
2022-12-23,16780.5169798363,16780.5169798363,16780.5169798363,16780.5169798363,16780.5169798363,6636480476.98991,coinmetrics-community,0.842886604017,322884484946.6077,
2022-12-24,16837.612170076,16837.612170076,16837.612170076,16837.612170076,16837.612170076,3608176912.10316,coinmetrics-community,0.84590101132,323992454902.6669,
2022-12-25,16824.8389736996,16824.8389736996,16824.8389736996,16824.8389736996,16824.8389736996,4488178698.90651,coinmetrics-community,0.845706555551,323761497306.50684,
2022-12-26,16879.9382273524,16879.9382273524,16879.9382273524,16879.9382273524,16879.9382273524,4629771017.97432,coinmetrics-community,0.848591013908,324835384948.265,
2022-12-27,16698.9112708942,16698.9112708942,16698.9112708942,16698.9112708942,16698.9112708942,7109117005.22761,coinmetrics-community,0.8399359586,321363727065.9362,
2022-12-28,16536.2942001753,16536.2942001753,16536.2942001753,16536.2942001753,16536.2942001753,7936371231.89402,coinmetrics-community,0.83299277844,318251590263.80304,
2022-12-29,16630.5931551724,16630.5931551724,16630.5931551724,16630.5931551724,16630.5931551724,6423588227.18851,coinmetrics-community,0.838526883526,320081089139.2205,
2022-12-30,16593.6888287551,16593.6888287551,16593.6888287551,16593.6888287551,16593.6888287551,6868973492.56828,coinmetrics-community,0.836965256607,319387194706.514,
2022-12-31,16524.2178024547,16524.2178024547,16524.2178024547,16524.2178024547,16524.2178024547,4418902904.14264,coinmetrics-community,0.835246001939,318066160917.6291,
2023-01-01,16606.7520432496,16606.7520432496,16606.7520432496,16606.7520432496,16606.7520432496,3482939407.91445,coinmetrics-community,0.839542831106,319670907154.7215,
2023-01-02,16688.7192729398,16688.7192729398,16688.7192729398,16688.7192729398,16688.7192729398,5226730222.49978,coinmetrics-community,0.843780085391,321265002247.2439,
2023-01-03,16670.0773836937,16670.0773836937,16670.0773836937,16670.0773836937,16670.0773836937,6050649095.32931,coinmetrics-community,0.843211245785,320922182113.7682,
2023-01-04,16848.3660391584,16848.3660391584,16848.3660391584,16848.3660391584,16848.3660391584,8681579163.085,coinmetrics-community,0.852695347503,324369544293.4295,
2023-01-05,16824.8001826417,16824.8001826417,16824.8001826417,16824.8001826417,16824.8001826417,5739689110.73687,coinmetrics-community,0.851818124476,323932356386.7127,
2023-01-06,16957.8622738165,16957.8622738165,16957.8622738165,16957.8622738165,16957.8622738165,7556650364.77682,coinmetrics-community,0.858998530318,326513313120.37085,
2023-01-07,16942.6285891292,16942.6285891292,16942.6285891292,16942.6285891292,16942.6285891292,3182996134.55682,coinmetrics-community,0.858446501208,326236304322.31104,
2023-01-08,17059.2399444769,17059.2399444769,17059.2399444769,17059.2399444769,17059.2399444769,4758270817.80769,coinmetrics-community,0.864443193289,328498009829.2725,
2023-01-09,17182.3198521333,17182.3198521333,17182.3198521333,17182.3198521333,17182.3198521333,10256620754.534,coinmetrics-community,0.870777665108,330884397269.81604,
2023-01-10,17433.9146320865,17433.9146320865,17433.9146320865,17433.9146320865,17433.9146320865,8300555363.26645,coinmetrics-community,0.883951640903,335747837175.3695,
2023-01-11,17833.7107656341,17833.7107656341,17833.7107656341,17833.7107656341,17833.7107656341,10286356665.5492,coinmetrics-community,0.904886150128,343463621577.3181,
2023-01-12,18869.7044842198,18869.7044842198,18869.7044842198,18869.7044842198,18869.7044842198,20151197412.6081,coinmetrics-community,0.956915395927,363433875432.7606,
2023-01-13,19868.7247454705,19868.7247454705,19868.7247454705,19868.7247454705,19868.7247454705,16145322849.8813,coinmetrics-community,1.006737285894,382694927746.06995,
2023-01-14,21010.9227200468,21010.9227200468,21010.9227200468,21010.9227200468,21010.9227200468,21188492055.8525,coinmetrics-community,1.063923229924,404717454271.446,
2023-01-15,20876.0085561075,20876.0085561075,20876.0085561075,20876.0085561075,20876.0085561075,9617917648.42126,coinmetrics-community,1.056945343653,402139971938.0668,
2023-01-16,21180.4119485681,21180.4119485681,21180.4119485681,21180.4119485681,21180.4119485681,15095237194.5955,coinmetrics-community,1.071886746547,408023232448.03577,
2023-01-17,21178.2993962595,21178.2993962595,21178.2993962595,21178.2993962595,21178.2993962595,14023167964.1244,coinmetrics-community,1.071274656024,408003184105.719,
2023-01-18,20709.6686040327,20709.6686040327,20709.6686040327,20709.6686040327,20709.6686040327,18221791671.462,coinmetrics-community,1.047738862359,398993060386.05273,
2023-01-19,21071.8334152542,21071.8334152542,21071.8334152542,21071.8334152542,21071.8334152542,11954332921.1647,coinmetrics-community,1.066296173366,405989633549.5902,
2023-01-20,22660.7169421391,22660.7169421391,22660.7169421391,22660.7169421391,22660.7169421391,16935868176.6307,coinmetrics-community,1.145445917644,436621242754.6415,
2023-01-21,22803.172761543,22803.172761543,22803.172761543,22803.172761543,22803.172761543,19402684905.7722,coinmetrics-community,1.152147571819,439385714224.0637,
2023-01-22,22716.2771966686,22716.2771966686,22716.2771966686,22716.2771966686,22716.2771966686,14383369426.8679,coinmetrics-community,1.147415859687,437732794648.68384,
2023-01-23,22929.0248936295,22929.0248936295,22929.0248936295,22929.0248936295,22929.0248936295,15625863053.0581,coinmetrics-community,1.157946337765,441854991915.7521,
2023-01-24,22611.1268787259,22611.1268787259,22611.1268787259,22611.1268787259,22611.1268787259,15772222839.8113,coinmetrics-community,1.14168583391,435747150905.5123,
2023-01-25,23109.0845189947,23109.0845189947,23109.0845189947,23109.0845189947,23109.0845189947,18526956612.7746,coinmetrics-community,1.166238508234,445368746306.41675,
2023-01-26,23008.6894766219,23008.6894766219,23008.6894766219,23008.6894766219,23008.6894766219,15302218684.5307,coinmetrics-community,1.161820741319,443456176561.5895,
2023-01-27,23070.4964582116,23070.4964582116,23070.4964582116,23070.4964582116,23070.4964582116,14691605925.0453,coinmetrics-community,1.165635900125,444669613307.60205,
2023-01-28,23008.8094649328,23008.8094649328,23008.8094649328,23008.8094649328,23008.8094649328,7358966126.75958,coinmetrics-community,1.162375118008,443504792891.1736,
2023-01-29,23774.9963679135,23774.9963679135,23774.9963679135,23774.9963679135,23774.9963679135,16001170091.8438,coinmetrics-community,1.200618353218,458297300768.152,
2023-01-30,22799.427261543,22799.427261543,22799.427261543,22799.427261543,22799.427261543,15996934228.1605,coinmetrics-community,1.15137768201,439511464587.8264,
2023-01-31,23130.0519132087,23130.0519132087,23130.0519132087,23130.0519132087,23130.0519132087,13050986888.09,coinmetrics-community,1.167609671158,445901640172.67395,
2023-02-01,23727.2026075395,23727.2026075395,23727.2026075395,23727.2026075395,23727.2026075395,15098181392.4395,coinmetrics-community,1.196241930423,457433839815.1098,
2023-02-02,23505.6048430742,23505.6048430742,23505.6048430742,23505.6048430742,23505.6048430742,19232585774.2144,coinmetrics-community,1.184795889398,453182984739.08746,
2023-02-03,23445.8131773816,23445.8131773816,23445.8131773816,23445.8131773816,23445.8131773816,15419972956.0465,coinmetrics-community,1.181415746292,452049702984.0979,
2023-02-04,23355.5243863238,23355.5243863238,23355.5243863238,23355.5243863238,23355.5243863238,8113531828.06285,coinmetrics-community,1.176437733184,450328730991.7746,
2023-02-05,22957.2251905319,22957.2251905319,22957.2251905319,22957.2251905319,22957.2251905319,10917213607.821,coinmetrics-community,1.156408398602,442670747793.2454,
2023-02-06,22745.1650371128,22745.1650371128,22745.1650371128,22745.1650371128,22745.1650371128,13662558643.68,coinmetrics-community,1.145679319019,438602754424.7974,
2023-02-07,23266.2692036821,23266.2692036821,23266.2692036821,23266.2692036821,23266.2692036821,16058609233.6734,coinmetrics-community,1.171652534251,448672031309.6344,
2023-02-08,22937.5799453536,22937.5799453536,22937.5799453536,22937.5799453536,22937.5799453536,14953697927.4543,coinmetrics-community,1.154986688723,442353295733.7822,
2023-02-09,21818.1989456458,21818.1989456458,21818.1989456458,21818.1989456458,21818.1989456458,19480232175.9227,coinmetrics-community,1.099040577212,420788022144.04675,
2023-02-10,21620.5667837522,21620.5667837522,21620.5667837522,21620.5667837522,21620.5667837522,15582972586.6049,coinmetrics-community,1.089446116412,416996331015.90515,
2023-02-11,21864.8626414378,21864.8626414378,21864.8626414378,21864.8626414378,21864.8626414378,8797826426.8499,coinmetrics-community,1.101770368949,421728294573.3244,
2023-02-12,21772.1373252484,21772.1373252484,21772.1373252484,21772.1373252484,21772.1373252484,9797114286.65205,coinmetrics-community,1.097210551986,419961857108.6628,
2023-02-13,21798.7157168323,21798.7157168323,21798.7157168323,21798.7157168323,21798.7157168323,13593901247.0303,coinmetrics-community,1.09866674955,420495779524.61456,
2023-02-14,22222.415043834,22222.415043834,22222.415043834,22222.415043834,22222.415043834,15340218926.0522,coinmetrics-community,1.119923157609,428690299515.88525,
2023-02-15,24304.6129827586,24304.6129827586,24304.6129827586,24304.6129827586,24304.6129827586,18862748183.1441,coinmetrics-community,1.22364317031,468882522753.51,
2023-02-16,23742.4488354763,23742.4488354763,23742.4488354763,23742.4488354763,23742.4488354763,23710030781.6329,coinmetrics-community,1.195012046683,458063860579.9492,
2023-02-17,24607.3356054939,24607.3356054939,24607.3356054939,24607.3356054939,24607.3356054939,24328069687.4078,coinmetrics-community,1.237767811543,474775525177.3805,
2023-02-18,24636.5266127995,24636.5266127995,24636.5266127995,24636.5266127995,24636.5266127995,9706544668.72446,coinmetrics-community,1.239058645614,475364602543.9585,
2023-02-19,24366.9907606663,24366.9907606663,24366.9907606663,24366.9907606663,24366.9907606663,14575960826.2292,coinmetrics-community,1.225347760367,470188548638.2596,
2023-02-20,24797.8430359439,24797.8430359439,24797.8430359439,24797.8430359439,24797.8430359439,16413216545.4704,coinmetrics-community,1.246658143379,478525110573.91046,
2023-02-21,24400.3893898305,24400.3893898305,24400.3893898305,24400.3893898305,24400.3893898305,18044237208.7492,coinmetrics-community,1.226544841574,470880895681.7769,
2023-02-22,24163.7389812975,24163.7389812975,24163.7389812975,24163.7389812975,24163.7389812975,17523114359.3859,coinmetrics-community,1.214898364016,466335136342.2761,
2023-02-23,23910.0342104033,23910.0342104033,23910.0342104033,23910.0342104033,23910.0342104033,17757804680.5178,coinmetrics-community,1.20196788302,461464448220.81104,
2023-02-24,23175.8242036821,23175.8242036821,23175.8242036821,23175.8242036821,23175.8242036821,15543404688.2968,coinmetrics-community,1.165447448567,447313723306.11865,
2023-02-25,23159.8154403857,23159.8154403857,23159.8154403857,23159.8154403857,23159.8154403857,8121640539.51481,coinmetrics-community,1.164771417267,447020226642.799,
2023-02-26,23542.0964281122,23542.0964281122,23542.0964281122,23542.0964281122,23542.0964281122,8560021742.37388,coinmetrics-community,1.183865293006,454423557531.8094,
2023-02-27,23504.1894178843,23504.1894178843,23504.1894178843,23504.1894178843,23504.1894178843,12533527682.7301,coinmetrics-community,1.181751158136,453712418114.22455,
2023-02-28,23145.9491277031,23145.9491277031,23145.9491277031,23145.9491277031,23145.9491277031,11032699585.1752,coinmetrics-community,1.165088210397,446816954241.5268,
2023-03-01,23610.6590902981,23610.6590902981,23610.6590902981,23610.6590902981,23610.6590902981,13583383752.67,coinmetrics-community,1.188892073095,455812950761.41614,
2023-03-02,23470.0254815897,23470.0254815897,23470.0254815897,23470.0254815897,23470.0254815897,10694027380.3035,coinmetrics-community,1.181929202448,453119084947.0604,
2023-03-03,22350.0962340736,22350.0962340736,22350.0962340736,22350.0962340736,22350.0962340736,14981953672.1272,coinmetrics-community,1.126016843463,431520872630.53033,
2023-03-04,22334.2852638808,22334.2852638808,22334.2852638808,22334.2852638808,22334.2852638808,4813757986.42702,coinmetrics-community,1.125231451633,431236820216.1602,
2023-03-05,22419.8171390999,22419.8171390999,22419.8171390999,22419.8171390999,22419.8171390999,6437226222.97068,coinmetrics-community,1.130220819242,432910012445.1529,
2023-03-06,22414.7033056692,22414.7033056692,22414.7033056692,22414.7033056692,22414.7033056692,8233597113.36039,coinmetrics-community,1.130223291427,432829758358.50635,
2023-03-07,22174.6484725307,22174.6484725307,22174.6484725307,22174.6484725307,22174.6484725307,12337703894.7092,coinmetrics-community,1.122035533533,428217144455.89264,
2023-03-08,21701.3846227352,21701.3846227352,21701.3846227352,21701.3846227352,21701.3846227352,12108297700.8883,coinmetrics-community,1.098460296734,419095929575.5075,
2023-03-09,20349.8141732905,20349.8141732905,20349.8141732905,20349.8141732905,20349.8141732905,17901574390.0672,coinmetrics-community,1.031092147146,393011644658.6809,
2023-03-10,20240.406694623,20240.406694623,20240.406694623,20240.406694623,20240.406694623,23816614356.1623,coinmetrics-community,1.026171253096,390915883867.3412,
2023-03-11,20585.2343290473,20585.2343290473,20585.2343290473,20585.2343290473,20585.2343290473,17742289263.6581,coinmetrics-community,1.043781214381,397596985986.3719,
2023-03-12,22065.9800359439,22065.9800359439,22065.9800359439,22065.9800359439,22065.9800359439,16924248418.2428,coinmetrics-community,1.118453254664,426219300507.4272,
2023-03-13,24154.4290946815,24154.4290946815,24154.4290946815,24154.4290946815,24154.4290946815,29691786573.6632,coinmetrics-community,1.222477139001,466582802785.169,
2023-03-14,24769.0175691409,24769.0175691409,24769.0175691409,24769.0175691409,24769.0175691409,30830652375.8215,coinmetrics-community,1.252017069531,478477196465.5578,
2023-03-15,24409.8017518995,24409.8017518995,24409.8017518995,24409.8017518995,24409.8017518995,26303317410.774,coinmetrics-community,1.233259096934,471560444512.56,
2023-03-16,25043.2388468732,25043.2388468732,25043.2388468732,25043.2388468732,25043.2388468732,19514577683.3104,coinmetrics-community,1.264318230866,483818462449.39844,
2023-03-17,27450.6282933957,27450.6282933957,27450.6282933957,27450.6282933957,27450.6282933957,31289099128.6445,coinmetrics-community,1.381709504388,530352818442.7366,
2023-03-18,26985.7359915254,26985.7359915254,26985.7359915254,26985.7359915254,26985.7359915254,19399308264.8227,coinmetrics-community,1.357927080335,521398305888.9551,
2023-03-19,28185.2043319696,28185.2043319696,28185.2043319696,28185.2043319696,28185.2043319696,19458023272.3305,coinmetrics-community,1.41718434858,544599611414.5251,
2023-03-20,27834.3361090006,27834.3361090006,27834.3361090006,27834.3361090006,27834.3361090006,24549077847.1777,coinmetrics-community,1.398348824456,537846862752.96356,
2023-03-21,28172.7950558153,28172.7950558153,28172.7950558153,28172.7950558153,28172.7950558153,20790263207.9498,coinmetrics-community,1.413889214116,544412485046.96814,
2023-03-22,27341.5571297487,27341.5571297487,27341.5571297487,27341.5571297487,27341.5571297487,18964688511.8051,coinmetrics-community,1.371700451034,528376772923.25397,
2023-03-23,28387.8897495617,28387.8897495617,28387.8897495617,28387.8897495617,28387.8897495617,12478653274.6678,coinmetrics-community,1.421886913625,548629664659.69635,
2023-03-24,27464.1249453536,27464.1249453536,27464.1249453536,27464.1249453536,27464.1249453536,15655049466.013,coinmetrics-community,1.375231386162,530804620773.4184,
2023-03-25,27488.954880187,27488.954880187,27488.954880187,27488.954880187,27488.954880187,5117311428.10001,coinmetrics-community,1.376280144651,531309425740.7959,
2023-03-26,28049.3916911163,28049.3916911163,28049.3916911163,28049.3916911163,28049.3916911163,5389478867.1464,coinmetrics-community,1.403671575252,542166852116.8292,
2023-03-27,27154.9963702513,27154.9963702513,27154.9963702513,27154.9963702513,27154.9963702513,8067988947.04281,coinmetrics-community,1.357098415255,524904198224.35614,
2023-03-28,27283.9634029807,27283.9634029807,27283.9634029807,27283.9634029807,27283.9634029807,7758064510.15467,coinmetrics-community,1.363066939643,527419972348.99316,
2023-03-29,28389.2917784921,28389.2917784921,28389.2917784921,28389.2917784921,28389.2917784921,9545801607.78093,coinmetrics-community,1.417071461284,548812901630.88776,
2023-03-30,28021.5583009936,28021.5583009936,28021.5583009936,28021.5583009936,28021.5583009936,11059525124.5831,coinmetrics-community,1.420441511641,541731139042.2273,
2023-03-31,28514.6813062537,28514.6813062537,28514.6813062537,28514.6813062537,28514.6813062537,8674259530.29281,coinmetrics-community,1.443820674085,551289644886.5579,
2023-04-01,28494.5638863238,28494.5638863238,28494.5638863238,28494.5638863238,28494.5638863238,4152773641.06812,coinmetrics-community,1.442211549223,550925636746.9945,
2023-04-02,28161.9980362361,28161.9980362361,28161.9980362361,28161.9980362361,28161.9980362361,4247446898.51221,coinmetrics-community,1.425206305097,544521897457.76996,
2023-04-03,27850.9799436002,27850.9799436002,27850.9799436002,27850.9799436002,27850.9799436002,8815840109.3989,coinmetrics-community,1.409099995135,538531058881.4758,
2023-04-04,28113.9585187025,28113.9585187025,28113.9585187025,28113.9585187025,28113.9585187025,6270156545.43499,coinmetrics-community,1.4219430768,543644520583.24554,
2023-04-05,28190.3116063705,28190.3116063705,28190.3116063705,28190.3116063705,28190.3116063705,7183935480.08034,coinmetrics-community,1.424960408187,545145463891.8711,
2023-04-06,28049.0744763296,28049.0744763296,28049.0744763296,28049.0744763296,28049.0744763296,4985264573.38122,coinmetrics-community,1.41726242259,542442263241.96606,
2023-04-07,27936.8042609585,27936.8042609585,27936.8042609585,27936.8042609585,27936.8042609585,3177935904.6864,coinmetrics-community,1.411891341659,540295858608.64746,
2023-04-08,27964.0512498539,27964.0512498539,27964.0512498539,27964.0512498539,27964.0512498539,2575794168.39842,coinmetrics-community,1.413111240664,540848505456.9017,
2023-04-09,28357.8072703098,28357.8072703098,28357.8072703098,28357.8072703098,28357.8072703098,3864343192.26336,coinmetrics-community,1.432780320048,548489957869.89294,
2023-04-10,29687.5651846873,29687.5651846873,29687.5651846873,29687.5651846873,29687.5651846873,7859290892.84022,coinmetrics-community,1.498410626119,574232641225.8342,
2023-04-11,30247.0959193454,30247.0959193454,30247.0959193454,30247.0959193454,30247.0959193454,8967191913.21541,coinmetrics-community,1.524007596955,585084494471.6055,
2023-04-12,29913.0035463472,29913.0035463472,29913.0035463472,29913.0035463472,29913.0035463472,8374453806.38746,coinmetrics-community,1.506773205338,578651893926.3026,
2023-04-13,30370.82207218,30370.82207218,30370.82207218,30370.82207218,30370.82207218,6989725585.21957,coinmetrics-community,1.528589539867,587535115392.9287,
2023-04-14,30458.9700414962,30458.9700414962,30458.9700414962,30458.9700414962,30458.9700414962,9349243336.99043,coinmetrics-community,1.531450017782,589267023015.4194,
2023-04-15,30342.0591084161,30342.0591084161,30342.0591084161,30342.0591084161,30342.0591084161,3706765071.30971,coinmetrics-community,1.525286478334,587035196990.9066,
2023-04-16,30312.9308533022,30312.9308533022,30312.9308533022,30312.9308533022,30312.9308533022,4052465432.53039,coinmetrics-community,1.523487449103,586495138075.4222,
2023-04-17,29469.5050727645,29469.5050727645,29469.5050727645,29469.5050727645,29469.5050727645,7071772295.57064,coinmetrics-community,1.481199761253,570205069298.4104,
2023-04-18,30366.8723813559,30366.8723813559,30366.8723813559,30366.8723813559,30366.8723813559,7947308760.66231,coinmetrics-community,1.524898878521,587599723277.2472,
2023-04-19,28796.7440952659,28796.7440952659,28796.7440952659,28796.7440952659,28796.7440952659,11021822315.3172,coinmetrics-community,1.445557031038,557242719709.999,
2023-04-20,28251.2763790181,28251.2763790181,28251.2763790181,28251.2763790181,28251.2763790181,8649744774.3872,coinmetrics-community,1.418296444501,546710916057.3361,
2023-04-21,27292.0211052016,27292.0211052016,27292.0211052016,27292.0211052016,27292.0211052016,8535614918.72332,coinmetrics-community,1.370138666353,528172405706.8923,
2023-04-22,27827.5475920514,27827.5475920514,27827.5475920514,27827.5475920514,27827.5475920514,4260267743.79879,coinmetrics-community,1.396814023725,538562166443.69836,
2023-04-23,27604.6855742256,27604.6855742256,27604.6855742256,27604.6855742256,27604.6855742256,4120658132.68747,coinmetrics-community,1.385375480736,534274354377.7351,
2023-04-24,27520.1996729982,27520.1996729982,27520.1996729982,27520.1996729982,27520.1996729982,7050552654.1377,coinmetrics-community,1.381178300296,532663425806.69855,
2023-04-25,28302.6942180012,28302.6942180012,28302.6942180012,28302.6942180012,28302.6942180012,6847442589.98969,coinmetrics-community,1.420027669157,547831002433.11847,
2023-04-26,28384.2340333139,28384.2340333139,28384.2340333139,28384.2340333139,28384.2340333139,15212447057.5315,coinmetrics-community,1.423548393886,549432360964.4667,
2023-04-27,29465.5514272355,29465.5514272355,29465.5514272355,29465.5514272355,29465.5514272355,12363485144.1569,coinmetrics-community,1.477024680925,570387314623.2343,
2023-04-28,29350.811886616,29350.811886616,29350.811886616,29350.811886616,29350.811886616,7144326139.33317,coinmetrics-community,1.470212541775,568193179248.3893,
2023-04-29,29221.5145075979,29221.5145075979,29221.5145075979,29221.5145075979,29221.5145075979,3207709786.45169,coinmetrics-community,1.463534273428,565715172681.3684,
2023-04-30,29362.0867974868,29362.0867974868,29362.0867974868,29362.0867974868,29362.0867974868,5504280186.65025,coinmetrics-community,1.470402257877,568463747930.4902,
2023-05-01,28114.9531873174,28114.9531873174,28114.9531873174,28114.9531873174,28114.9531873174,7883497032.76295,coinmetrics-community,1.408272273073,544350638079.246,
2023-05-02,28690.5809959088,28690.5809959088,28690.5809959088,28690.5809959088,28690.5809959088,6646631455.91449,coinmetrics-community,1.436592482997,555518848523.076,
2023-05-03,29045.0427735243,29045.0427735243,29045.0427735243,29045.0427735243,29045.0427735243,8265211496.74266,coinmetrics-community,1.45181633614,562407679427.0454,
2023-05-04,28855.8574465225,28855.8574465225,28855.8574465225,28855.8574465225,28855.8574465225,6166023948.11434,coinmetrics-community,1.442232154866,558770759439.337,
2023-05-05,29552.9695236704,29552.9695236704,29552.9695236704,29552.9695236704,29552.9695236704,7492150984.02663,coinmetrics-community,1.476466635695,572291761122.6547,
2023-05-06,28899.4629602572,28899.4629602572,28899.4629602572,28899.4629602572,28899.4629602572,5931118826.14168,coinmetrics-community,1.443843173393,559663552176.2677,
2023-05-07,28761.738434249,28761.738434249,28761.738434249,28761.738434249,28761.738434249,3911869860.59195,coinmetrics-community,1.429877064919,557021382195.3126,
2023-05-08,27727.2854091175,27727.2854091175,27727.2854091175,27727.2854091175,27727.2854091175,7737229754.28401,coinmetrics-community,1.378067479397,537011131120.99445,
2023-05-09,27642.4281092928,27642.4281092928,27642.4281092928,27642.4281092928,27642.4281092928,4884140425.78725,coinmetrics-community,1.374090435543,535393735937.8805,
2023-05-10,27646.004902104,27646.004902104,27646.004902104,27646.004902104,27646.004902104,8491614187.99078,coinmetrics-community,1.374436923429,535492387106.5491,
2023-05-11,26986.271065751,26986.271065751,26986.271065751,26986.271065751,26986.271065751,6425277783.8665,coinmetrics-community,1.341912915639,522739066994.56793,
2023-05-12,26773.3443591467,26773.3443591467,26773.3443591467,26773.3443591467,26773.3443591467,7818548935.83939,coinmetrics-community,1.331264514159,518638152372.56696,
2023-05-13,26841.3982913501,26841.3982913501,26841.3982913501,26841.3982913501,26841.3982913501,2838317748.94893,coinmetrics-community,1.334669775407,519980779846.8074,
2023-05-14,26918.261597896,26918.261597896,26918.261597896,26918.261597896,26918.261597896,2882677526.95002,coinmetrics-community,1.338338944895,521499075810.70135,
2023-05-15,27231.6216052016,27231.6216052016,27231.6216052016,27231.6216052016,27231.6216052016,5590897813.89406,coinmetrics-community,1.352469393563,527594953250.6773,
2023-05-16,27025.7181864407,27025.7181864407,27025.7181864407,27025.7181864407,27025.7181864407,4764764947.28637,coinmetrics-community,1.341803499909,523631551804.15106,
2023-05-17,27401.0440610754,27401.0440610754,27401.0440610754,27401.0440610754,27401.0440610754,5810913341.00315,coinmetrics-community,1.360182926857,530931006408.4277,
2023-05-18,26843.2350938048,26843.2350938048,26843.2350938048,26843.2350938048,26843.2350938048,6212796258.1811,coinmetrics-community,1.332798511609,520146384933.02924,
2023-05-19,26889.503631502,26889.503631502,26889.503631502,26889.503631502,26889.503631502,4389699021.58263,coinmetrics-community,1.335285312277,521068147947.558,
2023-05-20,27100.8582878434,27100.8582878434,27100.8582878434,27100.8582878434,27100.8582878434,1915270275.4107,coinmetrics-community,1.345668504663,525185993610.3449,
2023-05-21,26777.0977831677,26777.0977831677,26777.0977831677,26777.0977831677,26777.0977831677,2854390677.01868,coinmetrics-community,1.329584607553,518937128063.5794,
2023-05-22,26858.7370637054,26858.7370637054,26858.7370637054,26858.7370637054,26858.7370637054,4451246527.73625,coinmetrics-community,1.331796174941,520543460954.9754,
2023-05-23,27226.8558763881,27226.8558763881,27226.8558763881,27226.8558763881,27226.8558763881,5505951484.51493,coinmetrics-community,1.349756710174,527704099086.7753,
2023-05-24,26341.4306446522,26341.4306446522,26341.4306446522,26341.4306446522,26341.4306446522,7096599462.91324,coinmetrics-community,1.306148991112,510566222468.4846,
2023-05-25,26484.8359234366,26484.8359234366,26484.8359234366,26484.8359234366,26484.8359234366,5832917354.58186,coinmetrics-community,1.312302574122,513370789092.2958,
2023-05-26,26720.3838071303,26720.3838071303,26720.3838071303,26720.3838071303,26720.3838071303,5003777162.30405,coinmetrics-community,1.323951129649,517962100400.9786,
2023-05-27,26854.5403702513,26854.5403702513,26854.5403702513,26854.5403702513,26854.5403702513,2538585694.49905,coinmetrics-community,1.330559181986,520586999345.351,
2023-05-28,28097.5211259497,28097.5211259497,28097.5211259497,28097.5211259497,28097.5211259497,5798613422.82504,coinmetrics-community,1.391560954233,544710821944.3064,
2023-05-29,27765.0728693746,27765.0728693746,27765.0728693746,27765.0728693746,27765.0728693746,6119584360.69081,coinmetrics-community,1.374801000798,538293946912.9947,
2023-05-30,27712.4915844535,27712.4915844535,27712.4915844535,27712.4915844535,27712.4915844535,5484483730.76384,coinmetrics-community,1.371662586882,537301203182.37537,
2023-05-31,27217.6832580362,27217.6832580362,27217.6832580362,27217.6832580362,27217.6832580362,6911520753.53008,coinmetrics-community,1.347122513076,527731641093.47815,
2023-06-01,26825.3713451198,26825.3713451198,26825.3713451198,26825.3713451198,26825.3713451198,6363290083.97795,coinmetrics-community,1.32755818548,520147121316.7269,
2023-06-02,27255.2279941555,27255.2279941555,27255.2279941555,27255.2279941555,27255.2279941555,6652686405.18054,coinmetrics-community,1.348499664123,528510029107.58826,
2023-06-03,27079.4084643483,27079.4084643483,27079.4084643483,27079.4084643483,27079.4084643483,2858086295.59844,coinmetrics-community,1.339845350422,525122689418.9404,
2023-06-04,27158.25456955,27158.25456955,27158.25456955,27158.25456955,27158.25456955,3471882669.18043,coinmetrics-community,1.343716524322,526676790956.7274,
2023-06-05,25785.8514842198,25785.8514842198,25785.8514842198,25785.8514842198,25785.8514842198,10148508271.7087,coinmetrics-community,1.276417765634,500084181918.0878,
2023-06-06,27213.7705187025,27213.7705187025,27213.7705187025,27213.7705187025,27213.7705187025,9619485776.8066,coinmetrics-community,1.3462357416,527802559981.0705,
2023-06-07,26339.5790292227,26339.5790292227,26339.5790292227,26339.5790292227,26339.5790292227,8417286897.00551,coinmetrics-community,1.303228127244,510870113654.0006,
2023-06-08,26521.693600526,26521.693600526,26521.693600526,26521.693600526,26521.693600526,4618255536.75047,coinmetrics-community,1.312170481703,514427849387.03986,
2023-06-09,26470.6775780245,26470.6775780245,26470.6775780245,26470.6775780245,26470.6775780245,4223919193.03668,coinmetrics-community,1.309627647538,513466277051.1745,
2023-06-10,25863.2138506721,25863.2138506721,25863.2138506721,25863.2138506721,25863.2138506721,8255423375.05576,coinmetrics-community,1.279906228962,501707862683.3152,
2023-06-11,25906.8281516657,25906.8281516657,25906.8281516657,25906.8281516657,25906.8281516657,3912637767.86875,coinmetrics-community,1.282204028842,502580307777.01587,
2023-06-12,25906.7519354179,25906.7519354179,25906.7519354179,25906.7519354179,25906.7519354179,4670223904.59891,coinmetrics-community,1.282415132209,502604249932.6571,
2023-06-13,25880.8599734074,25880.8599734074,25880.8599734074,25880.8599734074,25880.8599734074,5877742254.14895,coinmetrics-community,1.281288526881,502125710654.51587,
2023-06-14,25097.5853796026,25097.5853796026,25097.5853796026,25097.5853796026,25097.5853796026,5863303245.96844,coinmetrics-community,1.242758133707,486948042919.9203,
2023-06-15,25559.1433293396,25559.1433293396,25559.1433293396,25559.1433293396,25559.1433293396,6053072252.21111,coinmetrics-community,1.265794710232,495926918719.66205,
2023-06-16,26331.8200943892,26331.8200943892,26331.8200943892,26331.8200943892,26331.8200943892,6021517323.11284,coinmetrics-community,1.303742036635,510944432248.73267,
2023-06-17,26514.1713495032,26514.1713495032,26514.1713495032,26514.1713495032,26514.1713495032,3578241960.02115,coinmetrics-community,1.312806147734,514505988281.2529,
2023-06-18,26353.962682934,26353.962682934,26353.962682934,26353.962682934,26353.962682934,2867206944.91207,coinmetrics-community,1.304485514887,511422019499.6096,
2023-06-19,26778.0634415547,26778.0634415547,26778.0634415547,26778.0634415547,26778.0634415547,4868829634.88203,coinmetrics-community,1.326002267293,519675836338.162,
2023-06-20,28305.4204573349,28305.4204573349,28305.4204573349,28305.4204573349,28305.4204573349,9160851015.98744,coinmetrics-community,1.401058308786,549340968935.672,
2023-06-21,30099.5153509643,30099.5153509643,30099.5153509643,30099.5153509643,30099.5153509643,14825598404.502,coinmetrics-community,1.487688159529,584182850882.5013,
2023-06-22,29952.5112866745,29952.5112866745,29952.5112866745,29952.5112866745,29952.5112866745,8687518014.14314,coinmetrics-community,1.479224774259,581355386790.9049,
2023-06-23,30638.3537644652,30638.3537644652,30638.3537644652,30638.3537644652,30638.3537644652,11839148108.0887,coinmetrics-community,1.511461032551,594691002089.5459,
2023-06-24,30549.0162872589,30549.0162872589,30549.0162872589,30549.0162872589,30549.0162872589,4875703648.32346,coinmetrics-community,1.506266238891,592984835953.4076,
2023-06-25,30467.4403705435,30467.4403705435,30467.4403705435,30467.4403705435,30467.4403705435,5256751662.66916,coinmetrics-community,1.501725462895,591430505950.9973,
2023-06-26,30255.8861241964,30255.8861241964,30255.8861241964,30255.8861241964,30255.8861241964,7410950245.38251,coinmetrics-community,1.490477217783,587351447287.8134,
2023-06-27,30667.0762948568,30667.0762948568,30667.0762948568,30667.0762948568,30667.0762948568,7234774435.83242,coinmetrics-community,1.508993136561,595360633206.1908,
2023-06-28,30104.0432717709,30104.0432717709,30104.0432717709,30104.0432717709,30104.0432717709,5909934222.4884,coinmetrics-community,1.480047953676,584450413633.0168,
2023-06-29,30460.792978083,30460.792978083,30460.792978083,30460.792978083,30460.792978083,4914939135.46498,coinmetrics-community,1.4974352167,591404272513.048,
2023-06-30,30484.503257744,30484.503257744,30484.503257744,30484.503257744,30484.503257744,11780502234.0865,coinmetrics-community,1.497404119431,591894717187.0422,
2023-07-01,30581.6889655172,30581.6889655172,30581.6889655172,30581.6889655172,30581.6889655172,2726601695.1136,coinmetrics-community,1.500071404388,593807120118.1417,
2023-07-02,30594.2164736996,30594.2164736996,30594.2164736996,30594.2164736996,30594.2164736996,3537090094.08341,coinmetrics-community,1.500295120753,594083065323.3347,
2023-07-03,31135.3575993571,31135.3575993571,31135.3575993571,31135.3575993571,31135.3575993571,6043993583.41985,coinmetrics-community,1.525922363387,604617684181.0029,
2023-07-04,30799.9474558738,30799.9474558738,30799.9474558738,30799.9474558738,30799.9474558738,4748446596.38134,coinmetrics-community,1.509148391226,598131495142.3197,
2023-07-05,30497.8221282876,30497.8221282876,30497.8221282876,30497.8221282876,30497.8221282876,4829206679.15812,coinmetrics-community,1.494037535141,592293990836.9595,
2023-07-06,29979.7298094681,29979.7298094681,29979.7298094681,29979.7298094681,29979.7298094681,9654693738.59838,coinmetrics-community,1.470491737414,582258236308.4534,
2023-07-07,30329.8829786674,30329.8829786674,30329.8829786674,30329.8829786674,30329.8829786674,5314294892.34864,coinmetrics-community,1.487208780434,589091989840.958,
2023-07-08,30263.6196341321,30263.6196341321,30263.6196341321,30263.6196341321,30263.6196341321,2261205453.26375,coinmetrics-community,1.483788128844,587838636815.4672,
2023-07-09,30163.2210563998,30163.2210563998,30163.2210563998,30163.2210563998,30163.2210563998,2596995708.68072,coinmetrics-community,1.478660537861,585920361083.212,
2023-07-10,30394.6555806546,30394.6555806546,30394.6555806546,30394.6555806546,30394.6555806546,6215298401.39139,coinmetrics-community,1.489525354536,590445229947.0142,
2023-07-11,30616.247094097,30616.247094097,30616.247094097,30616.247094097,30616.247094097,4874528785.89643,coinmetrics-community,1.499536522954,594775689277.017,
2023-07-12,30385.6087852133,30385.6087852133,30385.6087852133,30385.6087852133,30385.6087852133,6230948433.22709,coinmetrics-community,1.487755265888,590322472174.5057,
2023-07-13,31434.7354704851,31434.7354704851,31434.7354704851,31434.7354704851,31434.7354704851,10790373342.4088,coinmetrics-community,1.538500113181,610728166020.4672,
2023-07-14,30310.6720204559,30310.6720204559,30310.6720204559,30310.6720204559,30310.6720204559,8953014991.66469,coinmetrics-community,1.483457241083,588915499105.7461,
2023-07-15,30290.8905958504,30290.8905958504,30290.8905958504,30290.8905958504,30290.8905958504,2265207886.0573,coinmetrics-community,1.482403144167,588557285440.3251,
2023-07-16,30249.7729658095,30249.7729658095,30249.7729658095,30249.7729658095,30249.7729658095,2764118875.90415,coinmetrics-community,1.480253300626,587787667157.1555,
2023-07-17,30143.7462744009,30143.7462744009,30143.7462744009,30143.7462744009,30143.7462744009,5106405292.94993,coinmetrics-community,1.475399676867,585753069498.2948,
2023-07-18,29835.7474076563,29835.7474076563,29835.7474076563,29835.7474076563,29835.7474076563,5094855133.8525,coinmetrics-community,1.45985580542,579798246310.3221,
2023-07-19,29913.0294646406,29913.0294646406,29913.0294646406,29913.0294646406,29913.0294646406,4532638264.22731,coinmetrics-community,1.463037215762,581327738448.3727,
2023-07-20,29805.6065707189,29805.6065707189,29805.6065707189,29805.6065707189,29805.6065707189,5669369708.51089,coinmetrics-community,1.457534391178,579263933757.5835,
2023-07-21,29919.6934921099,29919.6934921099,29919.6934921099,29919.6934921099,29919.6934921099,3704983459.07881,coinmetrics-community,1.463442609814,581502126093.2744,
2023-07-22,29726.0096271186,29726.0096271186,29726.0096271186,29726.0096271186,29726.0096271186,2219276843.90275,coinmetrics-community,1.453936935337,577762692312.1979,
2023-07-23,30066.5724482759,30066.5724482759,30066.5724482759,30066.5724482759,30066.5724482759,3083037645.9961,coinmetrics-community,1.470319604139,584409586208.3058,
2023-07-24,29178.3597042665,29178.3597042665,29178.3597042665,29178.3597042665,29178.3597042665,6486581945.12438,coinmetrics-community,1.427138509577,567172583835.5378,
2023-07-25,29221.2548533022,29221.2548533022,29221.2548533022,29221.2548533022,29221.2548533022,3444990279.57299,coinmetrics-community,1.42923855151,568031588349.4269,
2023-07-26,29361.5917580362,29361.5917580362,29361.5917580362,29361.5917580362,29361.5917580362,5178877856.80641,coinmetrics-community,1.436080716187,570786020995.8512,
2023-07-27,29201.6865175336,29201.6865175336,29201.6865175336,29201.6865175336,29201.6865175336,4153175440.06141,coinmetrics-community,1.429632064392,567702667641.671,
2023-07-28,29316.3130751023,29316.3130751023,29316.3130751023,29316.3130751023,29316.3130751023,4329003455.71212,coinmetrics-community,1.440164978549,569956745528.741,
2023-07-29,29360.376179135,29360.376179135,29360.376179135,29360.376179135,29360.376179135,1931308938.76061,coinmetrics-community,1.442211649973,570837626124.9584,
2023-07-30,29262.8367337814,29262.8367337814,29262.8367337814,29262.8367337814,29262.8367337814,2998235280.57321,coinmetrics-community,1.437384415792,568971946350.4606,
2023-07-31,29219.8201887785,29219.8201887785,29219.8201887785,29219.8201887785,29219.8201887785,4799611830.71239,coinmetrics-community,1.435482408871,568161304123.1444,
2023-08-01,29499.5875385739,29499.5875385739,29499.5875385739,29499.5875385739,29499.5875385739,7836049469.24089,coinmetrics-community,1.449024030947,573626834711.752,
2023-08-02,29143.1519620105,29143.1519620105,29143.1519620105,29143.1519620105,29143.1519620105,7872215309.45023,coinmetrics-community,1.432048628755,566723906311.3193,
2023-08-03,29192.3448617767,29192.3448617767,29192.3448617767,29192.3448617767,29192.3448617767,5148828183.38209,coinmetrics-community,1.434367776395,567708072135.62,
2023-08-04,29057.2532437171,29057.2532437171,29057.2532437171,29057.2532437171,29057.2532437171,4719711906.13087,coinmetrics-community,1.427652983063,565102898970.0576,
2023-08-05,29053.0956975453,29053.0956975453,29053.0956975453,29053.0956975453,29053.0956975453,2030023814.6101,coinmetrics-community,1.427408392655,565050006983.1484,
2023-08-06,29048.0433275862,29048.0433275862,29048.0433275862,29048.0433275862,29048.0433275862,2353549520.77712,coinmetrics-community,1.427044043698,564981518319.1797,
2023-08-07,29164.3585873758,29164.3585873758,29164.3585873758,29164.3585873758,29164.3585873758,5542085527.16535,coinmetrics-community,1.432710437146,567270450866.943,
2023-08-08,29779.511383986,29779.511383986,29779.511383986,29779.511383986,29779.511383986,7298489071.92482,coinmetrics-community,1.46267267691,579258937400.4265,
2023-08-09,29582.9442375804,29582.9442375804,29582.9442375804,29582.9442375804,29582.9442375804,6264604698.42638,coinmetrics-community,1.452750656477,575465345987.597,
2023-08-10,29430.1599117475,29430.1599117475,29430.1599117475,29430.1599117475,29430.1599117475,4537729588.20097,coinmetrics-community,1.445222004734,572516652889.1099,
2023-08-11,29399.784739626,29399.784739626,29399.784739626,29399.784739626,29399.784739626,3635531576.6074,coinmetrics-community,1.443460117805,571953498583.0272,
2023-08-12,29415.733902104,29415.733902104,29415.733902104,29415.733902104,29415.733902104,1601995960.37774,coinmetrics-community,1.444002195989,572294481733.854,
2023-08-13,29286.1176110462,29286.1176110462,29286.1176110462,29286.1176110462,29286.1176110462,1969606358.30211,coinmetrics-community,1.437480909277,569797456814.3981,
2023-08-14,29408.9717127411,29408.9717127411,29408.9717127411,29408.9717127411,29408.9717127411,5411567058.55043,coinmetrics-community,1.443311936754,572219165382.1079,
2023-08-15,29167.59721654,29167.59721654,29167.59721654,29167.59721654,29167.59721654,4488882769.7619,coinmetrics-community,1.43140313407,567553842371.7332,
2023-08-16,28754.2924079486,28754.2924079486,28754.2924079486,28754.2924079486,28754.2924079486,5397398364.49976,coinmetrics-community,1.411251226179,559540898713.4391,
2023-08-17,26660.5627264757,26660.5627264757,26660.5627264757,26660.5627264757,26660.5627264757,13687172656.8134,coinmetrics-community,1.309597789983,518824196992.35803,
2023-08-18,26037.3658474576,26037.3658474576,26037.3658474576,26037.3658474576,26037.3658474576,9612175514.89753,coinmetrics-community,1.279955274829,506719180176.8718,
2023-08-19,26093.981808007,26093.981808007,26093.981808007,26093.981808007,26093.981808007,3644527423.40912,coinmetrics-community,1.282875825078,507843828672.9706,
2023-08-20,26176.4721642315,26176.4721642315,26176.4721642315,26176.4721642315,26176.4721642315,2734270910.77967,coinmetrics-community,1.287026193244,509475768372.07227,
2023-08-21,26128.9050160725,26128.9050160725,26128.9050160725,26128.9050160725,26128.9050160725,4879156212.88893,coinmetrics-community,1.285209423972,508576908784.2399,
2023-08-22,25978.2096914085,25978.2096914085,25978.2096914085,25978.2096914085,25978.2096914085,5539445605.87154,coinmetrics-community,1.278234400958,505666970507.7364,
2023-08-23,26452.1935882525,26452.1935882525,26452.1935882525,26452.1935882525,26452.1935882525,6338027659.6103,coinmetrics-community,1.301640510691,514916563795.6459,
2023-08-24,26126.7943331385,26126.7943331385,26126.7943331385,26126.7943331385,26126.7943331385,4584258863.60829,coinmetrics-community,1.286264498958,508605062140.85895,
2023-08-25,26040.881255114,26040.881255114,26040.881255114,26040.881255114,26040.881255114,4684616570.96296,coinmetrics-community,1.282530939849,506954581484.7794,
2023-08-26,26006.1740800701,26006.1740800701,26006.1740800701,26006.1740800701,26006.1740800701,1364857637.35271,coinmetrics-community,1.280910484603,506301182375.61084,
2023-08-27,26086.3612594974,26086.3612594974,26086.3612594974,26086.3612594974,26086.3612594974,1634778171.90988,coinmetrics-community,1.284719699038,507881219035.4736,
2023-08-28,26103.2765730567,26103.2765730567,26103.2765730567,26103.2765730567,26103.2765730567,3675374039.36693,coinmetrics-community,1.285785965076,508229798236.0635,
2023-08-29,27672.2221306254,27672.2221306254,27672.2221306254,27672.2221306254,27672.2221306254,11854107500.738,coinmetrics-community,1.3631929159,538804434657.6906,
2023-08-30,27298.997779661,27298.997779661,27298.997779661,27298.997779661,27298.997779661,6179730013.96715,coinmetrics-community,1.344866297954,531558900196.0871,
2023-08-31,25954.8665935126,25954.8665935126,25954.8665935126,25954.8665935126,25954.8665935126,8209623515.08303,coinmetrics-community,1.279294333561,505409690842.3523,
2023-09-01,25802.7885298071,25802.7885298071,25802.7885298071,25802.7885298071,25802.7885298071,6902128000.88052,coinmetrics-community,1.272142442172,502472681320.6064,
2023-09-02,25868.2960976037,25868.2960976037,25868.2960976037,25868.2960976037,25868.2960976037,2929835094.58975,coinmetrics-community,1.275429178013,503772923101.216,
2023-09-03,25962.5475689655,25962.5475689655,25962.5475689655,25962.5475689655,25962.5475689655,3089859704.8954,coinmetrics-community,1.280178738226,505634064276.93616,
2023-09-04,25799.5256870251,25799.5256870251,25799.5256870251,25799.5256870251,25799.5256870251,3678098576.83685,coinmetrics-community,1.272295663234,502483154477.9834,
2023-09-05,25782.3622200468,25782.3622200468,25782.3622200468,25782.3622200468,25782.3622200468,3712055278.70461,coinmetrics-community,1.271797475869,502168852413.6942,
2023-09-06,25754.7902676797,25754.7902676797,25754.7902676797,25754.7902676797,25754.7902676797,4656976560.44284,coinmetrics-community,1.270666304167,501653557916.83704,
2023-09-07,26210.6045637054,26210.6045637054,26210.6045637054,26210.6045637054,26210.6045637054,3723070041.10573,coinmetrics-community,1.293153415402,510555856977.819,
2023-09-08,25904.6982127411,25904.6982127411,25904.6982127411,25904.6982127411,25904.6982127411,3507237481.97328,coinmetrics-community,1.278230950625,504618646366.032,
2023-09-09,25894.6205976037,25894.6205976037,25894.6205976037,25894.6205976037,25894.6205976037,1187645696.0485,coinmetrics-community,1.277871761676,504446774367.6367,
2023-09-10,25831.4647802455,25831.4647802455,25831.4647802455,25831.4647802455,25831.4647802455,2263377937.99306,coinmetrics-community,1.274805713565,503240183985.3009,
2023-09-11,25135.0393781414,25135.0393781414,25135.0393781414,25135.0393781414,25135.0393781414,5417217457.76919,coinmetrics-community,1.240998802155,489697629060.51953,
2023-09-12,25859.7018068381,25859.7018068381,25859.7018068381,25859.7018068381,25859.7018068381,7239867563.2473,coinmetrics-community,1.276849786407,503838775481.52295,
2023-09-13,26226.8667524839,26226.8667524839,26226.8667524839,26226.8667524839,26226.8667524839,4279985003.82317,coinmetrics-community,1.294929881704,511016547221.9484,
2023-09-14,26556.056943308,26556.056943308,26556.056943308,26556.056943308,26556.056943308,4696088237.19709,coinmetrics-community,1.31072461763,517457530984.23016,
2023-09-15,26672.6160818235,26672.6160818235,26672.6160818235,26672.6160818235,26672.6160818235,3424122725.27205,coinmetrics-community,1.316247721823,519760082134.1451,
2023-09-16,26555.6361031561,26555.6361031561,26555.6361031561,26555.6361031561,26555.6361031561,1744591047.68174,coinmetrics-community,1.31045230781,517506259356.3879,
2023-09-17,26502.4321189363,26502.4321189363,26502.4321189363,26502.4321189363,26502.4321189363,1490607082.23163,coinmetrics-community,1.30778359727,516494120490.5542,
2023-09-18,26764.6319064874,26764.6319064874,26764.6319064874,26764.6319064874,26764.6319064874,5560639373.11866,coinmetrics-community,1.320321096515,521630111130.5716,
2023-09-19,27215.0504848042,27215.0504848042,27215.0504848042,27215.0504848042,27215.0504848042,4913249704.95742,coinmetrics-community,1.341491282124,530432200788.9904,
2023-09-20,27133.4037235535,27133.4037235535,27133.4037235535,27133.4037235535,27133.4037235535,4633520638.69706,coinmetrics-community,1.337531751739,528865632041.9488,
2023-09-21,26571.5952919345,26571.5952919345,26571.5952919345,26571.5952919345,26571.5952919345,4276124173.70127,coinmetrics-community,1.310046276386,517938166731.53284,
2023-09-22,26581.1476116306,26581.1476116306,26581.1476116306,26581.1476116306,26581.1476116306,2843604495.26479,coinmetrics-community,1.310529519075,518145793262.0893,
2023-09-23,26575.776386616,26575.776386616,26575.776386616,26575.776386616,26575.776386616,1166107250.28924,coinmetrics-community,1.310250960634,518067003459.20776,
2023-09-24,26286.6410488019,26286.6410488019,26286.6410488019,26286.6410488019,26286.6410488019,2095763667.57846,coinmetrics-community,1.296058458113,512454598334.41113,
2023-09-25,26288.8095005845,26288.8095005845,26288.8095005845,26288.8095005845,26288.8095005845,4051736612.2113,coinmetrics-community,1.296187807462,512520696246.095,
2023-09-26,26194.5378880772,26194.5378880772,26194.5378880772,26194.5378880772,26194.5378880772,2834296816.29659,coinmetrics-community,1.291644411828,510705063524.1078,
2023-09-27,26336.0825973115,26336.0825973115,26336.0825973115,26336.0825973115,26336.0825973115,4845264264.86937,coinmetrics-community,1.298711354638,513490549820.4746,
2023-09-28,27033.4254415546,27033.4254415546,27033.4254415546,27033.4254415546,27033.4254415546,5964040338.68015,coinmetrics-community,1.332826815107,527111733520.92126,
2023-09-29,26911.2514739918,26911.2514739918,26911.2514739918,26911.2514739918,26911.2514739918,4361323030.38448,coinmetrics-community,1.326653306014,524754246922.81,
2023-09-30,26977.6933126826,26977.6933126826,26977.6933126826,26977.6933126826,26977.6933126826,1755807865.42987,coinmetrics-community,1.329742814001,526073093616.72375,
2023-10-01,27950.1453594389,27950.1453594389,27950.1453594389,27950.1453594389,27950.1453594389,3789419594.09173,coinmetrics-community,1.377331393995,545060830633.9652,
2023-10-02,27565.8892954413,27565.8892954413,27565.8892954413,27565.8892954413,27565.8892954413,8727177078.79985,coinmetrics-community,1.35843524556,537594432787.1499,
2023-10-03,27439.1422393337,27439.1422393337,27439.1422393337,27439.1422393337,27439.1422393337,4947479217.07104,coinmetrics-community,1.351957092666,535150716312.2905,
2023-10-04,27797.251176505,27797.251176505,27797.251176505,27797.251176505,27797.251176505,4802327917.73492,coinmetrics-community,1.369035570095,542157740802.6998,
2023-10-05,27426.3450926359,27426.3450926359,27426.3450926359,27426.3450926359,27426.3450926359,5332495417.61373,coinmetrics-community,1.350981968888,534947755956.13696,
2023-10-06,27941.9633760959,27941.9633760959,27941.9633760959,27941.9633760959,27941.9633760959,6071007807.01223,coinmetrics-community,1.37581058469,545032774162.6376,
2023-10-07,27972.7515704266,27972.7515704266,27972.7515704266,27972.7515704266,27972.7515704266,2616586287.0762,coinmetrics-community,1.376921632645,545663221045.6799,
2023-10-08,27936.3261157218,27936.3261157218,27936.3261157218,27936.3261157218,27936.3261157218,3254719839.19729,coinmetrics-community,1.375035048808,544978512422.1076,
2023-10-09,27591.3467618352,27591.3467618352,27591.3467618352,27591.3467618352,27591.3467618352,5457622957.33813,coinmetrics-community,1.357643501831,538275597960.0022,
2023-10-10,27419.7971803039,27419.7971803039,27419.7971803039,27419.7971803039,27419.7971803039,4514397807.13586,coinmetrics-community,1.349224905545,534956624501.66693,
2023-10-11,26828.1725710111,26828.1725710111,26828.1725710111,26828.1725710111,26828.1725710111,6260905029.8434,coinmetrics-community,1.320267435058,523440934621.2323,
2023-10-12,26741.3405990649,26741.3405990649,26741.3405990649,26741.3405990649,26741.3405990649,4287513478.22333,coinmetrics-community,1.316151935393,521774344475.74725,
2023-10-13,26842.4467703098,26842.4467703098,26842.4467703098,26842.4467703098,26842.4467703098,4544161112.75262,coinmetrics-community,1.321220609655,523770269515.9214,
2023-10-14,26861.9892375804,26861.9892375804,26861.9892375804,26861.9892375804,26861.9892375804,1882805808.42809,coinmetrics-community,1.321559699731,524176108562.7522,
2023-10-15,27130.3067092344,27130.3067092344,27130.3067092344,27130.3067092344,27130.3067092344,2820659277.20147,coinmetrics-community,1.334644980263,529440285566.39777,
2023-10-16,28506.7936741671,28506.7936741671,28506.7936741671,28506.7936741671,28506.7936741671,12324231538.4948,coinmetrics-community,1.401484702482,556327162174.4191,
2023-10-17,28433.2051522501,28433.2051522501,28433.2051522501,28433.2051522501,28433.2051522501,6382458113.24064,coinmetrics-community,1.397569787083,554919826688.8004,
2023-10-18,28328.0750195792,28328.0750195792,28328.0750195792,28328.0750195792,28328.0750195792,5498621182.7419,coinmetrics-community,1.392147247637,552893715020.0322,
2023-10-19,28690.358041204,28690.358041204,28690.358041204,28690.358041204,28690.358041204,6304460034.5032,coinmetrics-community,1.410163206398,559989684490.2711,
2023-10-20,29704.9853673291,29704.9853673291,29704.9853673291,29704.9853673291,29704.9853673291,9627457733.97917,coinmetrics-community,1.458847579295,579818457347.6527,
2023-10-21,29922.5464044418,29922.5464044418,29922.5464044418,29922.5464044418,29922.5464044418,4908622874.48384,coinmetrics-community,1.469157536053,584093133773.0231,
2023-10-22,29984.1593196961,29984.1593196961,29984.1593196961,29984.1593196961,29984.1593196961,4357335589.33747,coinmetrics-community,1.471860430263,585324500584.1046,
2023-10-23,32954.1690482174,32954.1690482174,32954.1690482174,32954.1690482174,32954.1690482174,16565435018.9741,coinmetrics-community,1.613500605985,643334765892.806,
2023-10-24,33880.9566537113,33880.9566537113,33880.9566537113,33880.9566537113,33880.9566537113,19576541722.8764,coinmetrics-community,1.654397557736,661454292586.7697,
2023-10-25,34488.6589210988,34488.6589210988,34488.6589210988,34488.6589210988,34488.6589210988,11314675190.1748,coinmetrics-community,1.681601781377,673349438741.3811,
2023-10-26,34181.4922521917,34181.4922521917,34181.4922521917,34181.4922521917,34181.4922521917,8615390557.1139,coinmetrics-community,1.663662918099,667384425419.413,
2023-10-27,33896.938528346,33896.938528346,33896.938528346,33896.938528346,33896.938528346,7105739348.65594,coinmetrics-community,1.648793504518,661861216442.4817,
2023-10-28,34091.5890327294,34091.5890327294,34091.5890327294,34091.5890327294,34091.5890327294,3717269221.56945,coinmetrics-community,1.65738945553,665695994028.7043,
2023-10-29,34574.3377206312,34574.3377206312,34574.3377206312,34574.3377206312,34574.3377206312,4172953364.72907,coinmetrics-community,1.679987904494,675152083745.6385,
2023-10-30,34495.1050207481,34495.1050207481,34495.1050207481,34495.1050207481,34495.1050207481,6957948419.08287,coinmetrics-community,1.674700476949,673638496021.2749,
2023-10-31,34636.4264736996,34636.4264736996,34636.4264736996,34636.4264736996,34636.4264736996,6883517299.59123,coinmetrics-community,1.679986208289,676431849484.7964,
2023-11-01,35431.9794532437,35431.9794532437,35431.9794532437,35431.9794532437,35431.9794532437,9548618314.35979,coinmetrics-community,1.715331297044,692001591886.2858,
2023-11-02,34882.9173366452,34882.9173366452,34882.9173366452,34882.9173366452,34882.9173366452,9262709776.03869,coinmetrics-community,1.687432786238,681309570415.5433,
2023-11-03,34708.2218804792,34708.2218804792,34708.2218804792,34708.2218804792,34708.2218804792,7095965429.4109,coinmetrics-community,1.677473281454,677927038798.8893,
2023-11-04,35091.0763062537,35091.0763062537,35091.0763062537,35091.0763062537,35091.0763062537,3374871978.97986,coinmetrics-community,1.695198047921,685441863797.9694,
2023-11-05,35105.0420265926,35105.0420265926,35105.0420265926,35105.0420265926,35105.0420265926,4822792964.071,coinmetrics-community,1.69531363252,685750422606.9633,
2023-11-06,35017.7151484512,35017.7151484512,35017.7151484512,35017.7151484512,35017.7151484512,5083270154.96419,coinmetrics-community,1.690062847822,684072353457.0869,
2023-11-07,35418.4768901227,35418.4768901227,35418.4768901227,35418.4768901227,35418.4768901227,7351195616.13866,coinmetrics-community,1.707693280842,691930690430.0776,
2023-11-08,35797.8946090006,35797.8946090006,35797.8946090006,35797.8946090006,35797.8946090006,6911668170.52854,coinmetrics-community,1.724477503,699376281704.5089,
2023-11-09,36675.3264333723,36675.3264333723,36675.3264333723,36675.3264333723,36675.3264333723,15948098456.8781,coinmetrics-community,1.762200964364,716551269713.5323,
2023-11-10,37367.4943722969,37367.4943722969,37367.4943722969,37367.4943722969,37367.4943722969,8914376429.05293,coinmetrics-community,1.792853668717,730110600644.3364,
2023-11-11,36979.9312405026,36979.9312405026,36979.9312405026,36979.9312405026,36979.9312405026,5097651991.82345,coinmetrics-community,1.773581111946,722575118046.0164,
2023-11-12,37053.3410514319,37053.3410514319,37053.3410514319,37053.3410514319,37053.3410514319,4172077176.72745,coinmetrics-community,1.776498366314,724046805388.679,
2023-11-13,36543.2680870836,36543.2680870836,36543.2680870836,36543.2680870836,36543.2680870836,7867716300.19743,coinmetrics-community,1.751221714879,714107277954.3351,
2023-11-14,35590.6835645821,35590.6835645821,35590.6835645821,35590.6835645821,35590.6835645821,10073551301.0385,coinmetrics-community,1.705402061503,695523122553.6345,
2023-11-15,37840.5534894798,37840.5534894798,37840.5534894798,37840.5534894798,37840.5534894798,10978796242.1826,coinmetrics-community,1.810152914492,739525714298.6049,
2023-11-16,36160.4044509059,36160.4044509059,36160.4044509059,36160.4044509059,36160.4044509059,10843548581.158,coinmetrics-community,1.729237075753,706723664687.0618,
2023-11-17,36569.7120534775,36569.7120534775,36569.7120534775,36569.7120534775,36569.7120534775,8609484089.36373,coinmetrics-community,1.747806543208,714757510003.9954,
2023-11-18,36577.4249617183,36577.4249617183,36577.4249617183,36577.4249617183,36577.4249617183,3820646508.27299,coinmetrics-community,1.74769689693,714942322047.2709,
2023-11-19,37442.7285119813,37442.7285119813,37442.7285119813,37442.7285119813,37442.7285119813,4365444223.66059,coinmetrics-community,1.78814575059,731895327518.4427,
2023-11-20,37516.0503708358,37516.0503708358,37516.0503708358,37516.0503708358,37516.0503708358,8633330601.56019,coinmetrics-community,1.789732455017,733367477325.5004,
2023-11-21,36035.0330862069,36035.0330862069,36035.0330862069,36035.0330862069,36035.0330862069,11345690429.9683,coinmetrics-community,1.717720966087,704450637687.3756,
2023-11-22,37403.0347168323,37403.0347168323,37403.0347168323,37403.0347168323,37403.0347168323,9696815489.42801,coinmetrics-community,1.780655097435,731226964175.8768,
2023-11-23,37311.7192156634,37311.7192156634,37311.7192156634,37311.7192156634,37311.7192156634,5661761184.07023,coinmetrics-community,1.775570834214,729476032042.607,
2023-11-24,37718.7841630625,37718.7841630625,37718.7841630625,37718.7841630625,37718.7841630625,9283265713.24858,coinmetrics-community,1.793664605571,737474104744.7794,
2023-11-25,37800.1260932203,37800.1260932203,37800.1260932203,37800.1260932203,37800.1260932203,2935657938.97158,coinmetrics-community,1.796938311512,739102058354.1208,
2023-11-26,37482.7055260082,37482.7055260082,37482.7055260082,37482.7055260082,37482.7055260082,4749678489.38109,coinmetrics-community,1.781247130023,732929768941.7416,
2023-11-27,37229.2452197545,37229.2452197545,37229.2452197545,37229.2452197545,37229.2452197545,7489775041.37108,coinmetrics-community,1.768699884325,728003902580.5377,
2023-11-28,37828.4655911748,37828.4655911748,37828.4655911748,37828.4655911748,37828.4655911748,8682782877.3945,coinmetrics-community,1.795694998493,739756186708.6306,
2023-11-29,37846.8531227352,37846.8531227352,37846.8531227352,37846.8531227352,37846.8531227352,7825117481.34727,coinmetrics-community,1.794443185541,740147934698.2544,
2023-11-30,37712.7114789597,37712.7114789597,37712.7114789597,37712.7114789597,37712.7114789597,5939392550.35872,coinmetrics-community,1.787790724759,737556192386.4604,
2023-12-01,38703.5536820573,38703.5536820573,38703.5536820573,38703.5536820573,38703.5536820573,9347568826.5086,coinmetrics-community,1.831958430263,756975202401.7816,
2023-12-02,39462.2799272355,39462.2799272355,39462.2799272355,39462.2799272355,39462.2799272355,5949409529.20288,coinmetrics-community,1.866562636124,771845911078.7954,
2023-12-03,39978.2226104617,39978.2226104617,39978.2226104617,39978.2226104617,39978.2226104617,6093915090.9456,coinmetrics-community,1.88957149278,781978503111.6078,
2023-12-04,41910.2994815897,41910.2994815897,41910.2994815897,41910.2994815897,41910.2994815897,15988298256.6012,coinmetrics-community,1.974157660867,819810743285.1487,
2023-12-05,44067.0054763296,44067.0054763296,44067.0054763296,44067.0054763296,44067.0054763296,15948537678.6109,coinmetrics-community,2.070210110876,862036250724.3538,
2023-12-06,43745.8343907072,43745.8343907072,43745.8343907072,43745.8343907072,43745.8343907072,13324410750.8896,coinmetrics-community,2.049004981703,855790704203.0582,
2023-12-07,43282.6182261835,43282.6182261835,43282.6182261835,43282.6182261835,43282.6182261835,11573711318.6813,coinmetrics-community,2.024192806038,846760011628.9462,
2023-12-08,44205.0522089421,44205.0522089421,44205.0522089421,44205.0522089421,44205.0522089421,10161998447.9261,coinmetrics-community,2.063554127808,864843357731.6556,
2023-12-09,43740.0063927528,43740.0063927528,43740.0063927528,43740.0063927528,43740.0063927528,6797659427.68227,coinmetrics-community,2.040603828859,855787955926.2657,
2023-12-10,43732.7120900059,43732.7120900059,43732.7120900059,43732.7120900059,43732.7120900059,4823569819.0459,coinmetrics-community,2.039126541822,855683506559.4652,
2023-12-11,41209.8947904734,41209.8947904734,41209.8947904734,41209.8947904734,41209.8947904734,17260175545.0967,coinmetrics-community,1.920421604102,806362223760.3176,
2023-12-12,41467.2735698422,41467.2735698422,41467.2735698422,41467.2735698422,41467.2735698422,10941804000.8406,coinmetrics-community,1.928403638971,811435726173.2714,
2023-12-13,42939.0607583285,42939.0607583285,42939.0607583285,42939.0607583285,42939.0607583285,11726004748.7097,coinmetrics-community,1.994507456072,840275791000.0148,
2023-12-14,43033.1371560491,43033.1371560491,43033.1371560491,43033.1371560491,43033.1371560491,11311843952.8044,coinmetrics-community,1.997076014934,842156042637.0098,
2023-12-15,41978.0970195792,41978.0970195792,41978.0970195792,41978.0970195792,41978.0970195792,8608453744.13104,coinmetrics-community,1.945584187067,821551732456.0333,
2023-12-16,42203.2140450029,42203.2140450029,42203.2140450029,42203.2140450029,42203.2140450029,6093493256.47068,coinmetrics-community,1.954587603816,825997582210.4384,
2023-12-17,41428.6657855056,41428.6657855056,41428.6657855056,41428.6657855056,41428.6657855056,7021378472.63511,coinmetrics-community,1.918432937883,810877031378.7365,
2023-12-18,42635.7331911163,42635.7331911163,42635.7331911163,42635.7331911163,42635.7331911163,11494320344.9462,coinmetrics-community,1.970997560336,834547547301.949,
2023-12-19,42271.863025716,42271.863025716,42271.863025716,42271.863025716,42271.863025716,10621280570.4609,coinmetrics-community,1.952266717846,827467989591.4052,
2023-12-20,43605.1555549386,43605.1555549386,43605.1555549386,43605.1555549386,43605.1555549386,12722756432.9521,coinmetrics-community,2.010355157868,853606590402.8165,
2023-12-21,43870.2382340736,43870.2382340736,43870.2382340736,43870.2382340736,43870.2382340736,10320384226.3341,coinmetrics-community,2.02055347695,858835832285.3038,
2023-12-22,44009.5016551724,44009.5016551724,44009.5016551724,44009.5016551724,44009.5016551724,8965129935.15327,coinmetrics-community,2.024349186253,861608364729.8561,
2023-12-23,43768.8067518995,43768.8067518995,43768.8067518995,43768.8067518995,43768.8067518995,4515142974.25931,coinmetrics-community,2.012046953684,856939861545.1433,
2023-12-24,43097.8093258329,43097.8093258329,43097.8093258329,43097.8093258329,43097.8093258329,6199013474.71702,coinmetrics-community,1.978993772604,843848610986.3271,
2023-12-25,43623.7504029807,43623.7504029807,43623.7504029807,43623.7504029807,43623.7504029807,7193933449.69258,coinmetrics-community,2.002168071468,854184356141.2782,
2023-12-26,42491.1229079486,42491.1229079486,42491.1229079486,42491.1229079486,42491.1229079486,10730949500.2154,coinmetrics-community,1.947666354666,832043610688.7291,
2023-12-27,43436.9594269433,43436.9594269433,43436.9594269433,43436.9594269433,43436.9594269433,9344062846.96023,coinmetrics-community,1.98454282113,850599611615.5896,
2023-12-28,42670.6797180012,42670.6797180012,42670.6797180012,42670.6797180012,42670.6797180012,9734850249.84027,coinmetrics-community,1.948191066046,835626290884.1329,
2023-12-29,41998.6033442431,41998.6033442431,41998.6033442431,41998.6033442431,41998.6033442431,10997021534.0938,coinmetrics-community,1.915289168243,822504553591.4153,
2023-12-30,42204.4917744009,42204.4917744009,42204.4917744009,42204.4917744009,42204.4917744009,6627146775.03938,coinmetrics-community,1.923525954915,826574939575.0736,
2023-12-31,42217.1587913501,42217.1587913501,42217.1587913501,42217.1587913501,42217.1587913501,6837092115.98312,coinmetrics-community,1.923147103068,826864184822.2917,
2024-01-01,44049.4735534775,44049.4735534775,44049.4735534775,44049.4735534775,44049.4735534775,7250545702.1467,coinmetrics-community,2.005011405976,862794527491.1962,
2024-01-02,44941.160493571,44941.160493571,44941.160493571,44941.160493571,44941.160493571,17081514981.0608,coinmetrics-community,2.041843744783,880296744332.1412,
2024-01-03,42773.6515423729,42773.6515423729,42773.6515423729,42773.6515423729,42773.6515423729,19553734305.1442,coinmetrics-community,1.941607815328,837882334394.8176,
2024-01-04,44250.7452670953,44250.7452670953,44250.7452670953,44250.7452670953,44250.7452670953,14039209485.2315,coinmetrics-community,1.991280476371,866863769397.9294,
2024-01-05,44146.3222022209,44146.3222022209,44146.3222022209,44146.3222022209,44146.3222022209,14588099215.0152,coinmetrics-community,1.983754393826,864856217418.0073,
2024-01-06,43917.9798147282,43917.9798147282,43917.9798147282,43917.9798147282,43917.9798147282,6247900761.32604,coinmetrics-community,1.972626827535,860421264320.442,
2024-01-07,43844.195949737,43844.195949737,43844.195949737,43844.195949737,43844.195949737,7431340107.70681,coinmetrics-community,1.968589392178,859008059190.4152,
2024-01-08,46981.3242995324,46981.3242995324,46981.3242995324,46981.3242995324,46981.3242995324,18542335463.8869,coinmetrics-community,2.105199604079,920507694271.332,
2024-01-09,46084.005795149,46084.005795149,46084.005795149,46084.005795149,46084.005795149,19155255590.5785,coinmetrics-community,2.061111820714,902970262822.9576,
2024-01-10,46818.1592764465,46818.1592764465,46818.1592764465,46818.1592764465,46818.1592764465,24715285126.3561,coinmetrics-community,2.090437479903,917394187765.1337,
2024-01-11,46380.8708082992,46380.8708082992,46380.8708082992,46380.8708082992,46380.8708082992,22411212266.9828,coinmetrics-community,2.06755309096,908875740937.4849,
2024-01-12,42817.4305356517,42817.4305356517,42817.4305356517,42817.4305356517,42817.4305356517,21213212040.1493,coinmetrics-community,1.910157143573,839091815873.353,
2024-01-13,42846.9544699006,42846.9544699006,42846.9544699006,42846.9544699006,42846.9544699006,9337122570.33207,coinmetrics-community,1.911017344621,839712974628.9417,
2024-01-14,41888.1513068381,41888.1513068381,41888.1513068381,41888.1513068381,41888.1513068381,7573647279.56308,coinmetrics-community,1.868072683047,820955897438.4492,
2024-01-15,42528.9192489772,42528.9192489772,42528.9192489772,42528.9192489772,42528.9192489772,9928562848.03012,coinmetrics-community,1.895817002527,833544457525.685,
2024-01-16,43171.4472241379,43171.4472241379,43171.4472241379,43171.4472241379,43171.4472241379,10909593921.3203,coinmetrics-community,1.915131498731,846171395720.2479,
2024-01-17,42689.304327294,42689.304327294,42689.304327294,42689.304327294,42689.304327294,9956022710.59777,coinmetrics-community,1.892920670298,836753555542.9312,
2024-01-18,41261.9076177674,41261.9076177674,41261.9076177674,41261.9076177674,41261.9076177674,12254888799.3269,coinmetrics-community,1.826405496575,808811755816.4711,
2024-01-19,41606.8535330216,41606.8535330216,41606.8535330216,41606.8535330216,41606.8535330216,12472765847.6896,coinmetrics-community,1.840326498572,815607676546.724,
2024-01-20,41668.6904102864,41668.6904102864,41668.6904102864,41668.6904102864,41668.6904102864,4734275621.33125,coinmetrics-community,1.842828285649,816857089192.0228,
2024-01-21,41537.1123562244,41537.1123562244,41537.1123562244,41537.1123562244,41537.1123562244,3516213148.53601,coinmetrics-community,1.836787376079,814314028256.8575,
2024-01-22,39577.0998603156,39577.0998603156,39577.0998603156,39577.0998603156,39577.0998603156,16041563733.7669,coinmetrics-community,1.750703117876,775928554108.8254,
2024-01-23,39737.3143617767,39737.3143617767,39737.3143617767,39737.3143617767,39737.3143617767,14034802469.4536,coinmetrics-community,1.75685238167,779107885559.914,
2024-01-24,40101.8568980129,40101.8568980129,40101.8568980129,40101.8568980129,40101.8568980129,10293589599.7834,coinmetrics-community,1.769398537471,786292868063.8229,
2024-01-25,39917.6611461134,39917.6611461134,39917.6611461134,39917.6611461134,39917.6611461134,8336836447.41417,coinmetrics-community,1.759912897525,782726426382.1896,
2024-01-26,41860.7310458796,41860.7310458796,41860.7310458796,41860.7310458796,41860.7310458796,11836749256.9865,coinmetrics-community,1.843658004535,820866927315.7286,
2024-01-27,42125.3014155465,42125.3014155465,42125.3014155465,42125.3014155465,42125.3014155465,4277956106.26902,coinmetrics-community,1.854538165179,826100034581.4243,
2024-01-28,41983.0202744009,41983.0202744009,41983.0202744009,41983.0202744009,41983.0202744009,7452485056.59721,coinmetrics-community,1.847823938144,823351807165.9025,
2024-01-29,43218.3470821157,43218.3470821157,43218.3470821157,43218.3470821157,43218.3470821157,9287336135.4621,coinmetrics-community,1.900281404617,847620609856.2834,
2024-01-30,42950.0541277031,42950.0541277031,42950.0541277031,42950.0541277031,42950.0541277031,11688762263.7086,coinmetrics-community,1.884454643724,842397364504.327,
2024-01-31,42589.4708059614,42589.4708059614,42589.4708059614,42589.4708059614,42589.4708059614,12400621163.4559,coinmetrics-community,1.865776569305,835359963215.0078,
2024-02-01,43020.3596548802,43020.3596548802,43020.3596548802,43020.3596548802,43020.3596548802,10465078654.2751,coinmetrics-community,1.883692689819,843852657325.6139,
2024-02-02,43155.3852030976,43155.3852030976,43155.3852030976,43155.3852030976,43155.3852030976,8982726520.13118,coinmetrics-community,1.888479126867,846551917090.7051,
2024-02-03,42982.3789979544,42982.3789979544,42982.3789979544,42982.3789979544,42982.3789979544,5566272431.18389,coinmetrics-community,1.880647419447,843198728324.983,
2024-02-04,42576.2913050847,42576.2913050847,42576.2913050847,42576.2913050847,42576.2913050847,7277561262.54872,coinmetrics-community,1.862423695961,835273625240.0701,
2024-02-05,42619.2742738165,42619.2742738165,42619.2742738165,42619.2742738165,42619.2742738165,9406372917.00863,coinmetrics-community,1.863325630825,836158430969.5535,
2024-02-06,43102.7062632963,43102.7062632963,43102.7062632963,43102.7062632963,43102.7062632963,8190085455.03221,coinmetrics-community,1.881777313878,845688803310.792,
2024-02-07,44253.0314731151,44253.0314731151,44253.0314731151,44253.0314731151,44253.0314731151,10002456696.5488,coinmetrics-community,1.929905898886,868302802756.0363,
2024-02-08,45332.09157218,45332.09157218,45332.09157218,45332.09157218,45332.09157218,12597654187.5386,coinmetrics-community,1.974244701407,889514483023.9789,
2024-02-09,47176.9665137347,47176.9665137347,47176.9665137347,47176.9665137347,47176.9665137347,19841936110.6758,coinmetrics-community,2.050894304805,925763898219.7604,
2024-02-10,47792.8972156634,47792.8972156634,47792.8972156634,47792.8972156634,47792.8972156634,7703583213.36024,coinmetrics-community,2.075743628106,937895843905.5869,
2024-02-11,48200.7986057861,48200.7986057861,48200.7986057861,48200.7986057861,48200.7986057861,9603675210.26158,coinmetrics-community,2.091679256465,945941841244.1549,
2024-02-12,49989.80371654,49989.80371654,49989.80371654,49989.80371654,49989.80371654,17365521058.401,coinmetrics-community,2.163451148703,981107036008.364,
2024-02-13,49628.0941528346,49628.0941528346,49628.0941528346,49628.0941528346,49628.0941528346,15691373453.8968,coinmetrics-community,2.144571750971,974049946091.3962,
2024-02-14,51844.2929193454,51844.2929193454,51844.2929193454,51844.2929193454,51844.2929193454,16940117136.519,coinmetrics-community,2.227481564237,1017592289633.9614,
2024-02-15,51939.1472919345,51939.1472919345,51939.1472919345,51939.1472919345,51939.1472919345,17451008707.4146,coinmetrics-community,2.227672856945,1019505042839.3538,
2024-02-16,52157.3123977206,52157.3123977206,52157.3123977206,52157.3123977206,52157.3123977206,13040715769.8271,coinmetrics-community,2.233361065632,1023831051832.7769,
2024-02-17,51674.8158521333,51674.8158521333,51674.8158521333,51674.8158521333,51674.8158521333,9005429080.27703,coinmetrics-community,2.211108586549,1014408246958.5171,
2024-02-18,52148.0645365283,52148.0645365283,52148.0645365283,52148.0645365283,52148.0645365283,7526703072.98873,coinmetrics-community,2.229209056718,1023737845114.2451,
2024-02-19,51804.8051537113,51804.8051537113,51804.8051537113,51804.8051537113,51804.8051537113,9863692990.89278,coinmetrics-community,2.207720044105,1017043227936.4347,
2024-02-20,52308.0531712449,52308.0531712449,52308.0531712449,52308.0531712449,52308.0531712449,15883875039.0522,coinmetrics-community,2.226411177484,1026969199193.7711,
2024-02-21,51744.321808007,51744.321808007,51744.321808007,51744.321808007,51744.321808007,13513961689.9825,coinmetrics-community,2.199223255693,1015946034869.6826,
2024-02-22,51292.3252574518,51292.3252574518,51292.3252574518,51292.3252574518,51292.3252574518,12010457032.1936,coinmetrics-community,2.176256754311,1007114829786.9011,
2024-02-23,50789.1431759205,50789.1431759205,50789.1431759205,50789.1431759205,50789.1431759205,10099100115.9239,coinmetrics-community,2.151044247173,997285419197.9482,
2024-02-24,51578.2349164231,51578.2349164231,51578.2349164231,51578.2349164231,51578.2349164231,5402504165.21732,coinmetrics-community,2.182874558495,1012824030063.5236,
2024-02-25,51746.4789669784,51746.4789669784,51746.4789669784,51746.4789669784,51746.4789669784,6188818930.83848,coinmetrics-community,2.188723304731,1016180820662.2234,
2024-02-26,54551.8259184687,54551.8259184687,54551.8259184687,54551.8259184687,54551.8259184687,16287851720.0519,coinmetrics-community,2.30035580813,1071316673976.7391,
2024-02-27,57049.888220339,57049.888220339,57049.888220339,57049.888220339,57049.888220339,23460065502.3598,coinmetrics-community,2.39296751458,1120420896302.5642,
2024-02-28,62460.740619813,62460.740619813,62460.740619813,62460.740619813,62460.740619813,37748173828.6664,coinmetrics-community,2.578804516452,1226744513760.7969,
2024-02-29,61394.7818515488,61394.7818515488,61394.7818515488,61394.7818515488,61394.7818515488,29592026760.1783,coinmetrics-community,2.523625575021,1205859852279.2776,
2024-03-01,62524.401817066,62524.401817066,62524.401817066,62524.401817066,62524.401817066,17712347587.8689,coinmetrics-community,2.552193764104,1228106988685.405,
2024-03-02,62049.6145637054,62049.6145637054,62049.6145637054,62049.6145637054,62049.6145637054,10784520019.7121,coinmetrics-community,2.530515094253,1218830448923.2932,
2024-03-03,62991.4422913501,62991.4422913501,62991.4422913501,62991.4422913501,62991.4422913501,12296134824.5624,coinmetrics-community,2.564912446775,1237391640177.7898,
2024-03-04,68091.8388243717,68091.8388243717,68091.8388243717,68091.8388243717,68091.8388243717,34123998240.6555,coinmetrics-community,2.751198902437,1337637736660.585,
2024-03-05,63950.524329924,63950.524329924,63950.524329924,63950.524329924,63950.524329924,50764709477.5331,coinmetrics-community,2.565781926711,1256349969665.857,
2024-03-06,66103.7215400351,66103.7215400351,66103.7215400351,66103.7215400351,66103.7215400351,35033812966.6876,coinmetrics-community,2.612226371577,1298708781023.3398,
2024-03-07,67070.3791484512,67070.3791484512,67070.3791484512,67070.3791484512,67070.3791484512,22336546805.6111,coinmetrics-community,2.630694305772,1317775703379.3416,
2024-03-08,68343.7149552893,68343.7149552893,68343.7149552893,68343.7149552893,68343.7149552893,29222451631.7193,coinmetrics-community,2.663773784415,1342859547465.889,
2024-03-09,68502.5053392753,68502.5053392753,68502.5053392753,68502.5053392753,68502.5053392753,9199042074.10539,coinmetrics-community,2.664446669894,1346049345988.8496,
2024-03-10,68882.2513395675,68882.2513395675,68882.2513395675,68882.2513395675,68882.2513395675,16809904496.0601,coinmetrics-community,2.673324643842,1353572780460.2922,
2024-03-11,72198.0875341905,72198.0875341905,72198.0875341905,72198.0875341905,72198.0875341905,33331070279.3948,coinmetrics-community,2.776042557045,1418807431184.4077,
2024-03-12,71432.7283018702,71432.7283018702,71432.7283018702,71432.7283018702,71432.7283018702,30705891174.7255,coinmetrics-community,2.732831670246,1403829853146.6147,
2024-03-13,73081.5759053185,73081.5759053185,73081.5759053185,73081.5759053185,73081.5759053185,22160525055.372,coinmetrics-community,2.746836537171,1436306869781.0378,
2024-03-14,71505.2729076563,71505.2729076563,71505.2729076563,71505.2729076563,71505.2729076563,30240525378.4319,coinmetrics-community,2.676637138189,1405390053436.6956,
2024-03-15,69424.9141753361,69424.9141753361,69424.9141753361,69424.9141753361,69424.9141753361,40360590608.5785,coinmetrics-community,2.593181988006,1364557049381.3796,
2024-03-16,65433.6819006429,65433.6819006429,65433.6819006429,65433.6819006429,65433.6819006429,23004415587.276,coinmetrics-community,2.443363523614,1286167673667.403,
2024-03-17,68285.0891691993,68285.0891691993,68285.0891691993,68285.0891691993,68285.0891691993,21229313303.5583,coinmetrics-community,2.541969044316,1342277385497.008,
2024-03-18,67770.8865245471,67770.8865245471,67770.8865245471,67770.8865245471,67770.8865245471,24265605725.4221,coinmetrics-community,2.51875351754,1332230717578.118,
2024-03-19,61969.3075394506,61969.3075394506,61969.3075394506,61969.3075394506,61969.3075394506,38738969377.6432,coinmetrics-community,2.30649799611,1218244887373.998,
2024-03-20,67848.1076396844,67848.1076396844,67848.1076396844,67848.1076396844,67848.1076396844,32123614449.8122,coinmetrics-community,2.517432122856,1333878479086.9724,
2024-03-21,65454.7357232612,65454.7357232612,65454.7357232612,65454.7357232612,65454.7357232612,21487928137.9348,coinmetrics-community,2.425056482588,1286874418578.5918,
2024-03-22,63486.4849997078,63486.4849997078,63486.4849997078,63486.4849997078,63486.4849997078,19721363454.3957,coinmetrics-community,2.347242779085,1248231144166.5354,
2024-03-23,64361.2429047341,64361.2429047341,64361.2429047341,64361.2429047341,64361.2429047341,11764824453.5242,coinmetrics-community,2.355130916016,1265492833453.9434,
2024-03-24,67289.5658310929,67289.5658310929,67289.5658310929,67289.5658310929,67289.5658310929,12911892642.0398,coinmetrics-community,2.459089042138,1323142018390.209,
2024-03-25,70042.0204237288,70042.0204237288,70042.0204237288,70042.0204237288,70042.0204237288,21329523547.2738,coinmetrics-community,2.531973278125,1377322433812.7395,
2024-03-26,70071.0472144945,70071.0472144945,70071.0472144945,70071.0472144945,70071.0472144945,17284660355.8248,coinmetrics-community,2.529858023857,1377951907816.7256,
2024-03-27,69267.8879815897,69267.8879815897,69267.8879815897,69267.8879815897,69267.8879815897,20451494078.4613,coinmetrics-community,2.497305617703,1362216604596.2068,
2024-03-28,70826.8968714202,70826.8968714202,70826.8968714202,70826.8968714202,70826.8968714202,15976055967.2016,coinmetrics-community,2.542320039061,1392943231125.4192,
2024-03-29,69917.0430070134,69917.0430070134,69917.0430070134,69917.0430070134,69917.0430070134,11999225207.161,coinmetrics-community,2.50681430136,1375112180619.6648,
2024-03-30,69663.0119073641,69663.0119073641,69663.0119073641,69663.0119073641,69663.0119073641,7926552761.61882,coinmetrics-community,2.495980095994,1370183441931.5342,
2024-03-31,71227.4517939801,71227.4517939801,71227.4517939801,71227.4517939801,71227.4517939801,9203296614.50265,coinmetrics-community,2.54947270434,1401014986716.4766,
2024-04-01,69791.6277305669,69791.6277305669,69791.6277305669,69791.6277305669,69791.6277305669,17397697887.7802,coinmetrics-community,2.483865174687,1372838341430.19,
2024-04-02,65533.7548351841,65533.7548351841,65533.7548351841,65533.7548351841,65533.7548351841,25508764845.7487,coinmetrics-community,2.325824861038,1289144341529.4675,
2024-04-03,66130.2162393337,66130.2162393337,66130.2162393337,66130.2162393337,66130.2162393337,17128825758.3984,coinmetrics-community,2.343574739079,1300936296061.3975,
2024-04-04,68438.135024547,68438.135024547,68438.135024547,68438.135024547,68438.135024547,16735981387.6052,coinmetrics-community,2.422340254314,1346397493893.6897,
2024-04-05,67904.9094766219,67904.9094766219,67904.9094766219,67904.9094766219,67904.9094766219,16347252619.5969,coinmetrics-community,2.401839662162,1335970050153.925,
2024-04-06,69136.0710783168,69136.0710783168,69136.0710783168,69136.0710783168,69136.0710783168,8828303155.13492,coinmetrics-community,2.442327543695,1360259059730.4456,
2024-04-07,69392.6830108124,69392.6830108124,69392.6830108124,69392.6830108124,69392.6830108124,9406769292.48147,coinmetrics-community,2.449775072637,1365381654693.3076,
2024-04-08,71712.7972840444,71712.7972840444,71712.7972840444,71712.7972840444,71712.7972840444,17668577011.4529,coinmetrics-community,2.52594267686,1411103414779.7266,
2024-04-09,69074.5418638223,69074.5418638223,69074.5418638223,69074.5418638223,69074.5418638223,18376589885.3007,coinmetrics-community,2.431151797828,1359253099652.0125,
2024-04-10,70579.4456767972,70579.4456767972,70579.4456767972,70579.4456767972,70579.4456767972,18832758220.5695,coinmetrics-community,2.480887886464,1388933299151.3293,
2024-04-11,70046.5536057861,70046.5536057861,70046.5536057861,70046.5536057861,70046.5536057861,14374796057.1122,coinmetrics-community,2.459930871341,1378504301565.5657,
2024-04-12,67098.113691993,67098.113691993,67098.113691993,67098.113691993,67098.113691993,22015938771.4422,coinmetrics-community,2.355699837214,1320536537240.2312,
2024-04-13,64551.6482875512,64551.6482875512,64551.6482875512,64551.6482875512,64551.6482875512,26572714113.1136,coinmetrics-community,2.266724603585,1270486530668.2883,
2024-04-14,65648.8099602572,65648.8099602572,65648.8099602572,65648.8099602572,65648.8099602572,22769527349.2812,coinmetrics-community,2.303797513539,1292144961483.2134,
2024-04-15,63393.325166277,63393.325166277,63393.325166277,63393.325166277,63393.325166277,20122868493.293,coinmetrics-community,2.224653591762,1247806826197.3333,
2024-04-16,63784.8203340152,63784.8203340152,63784.8203340152,63784.8203340152,63784.8203340152,19855744773.4029,coinmetrics-community,2.235583060627,1255578626046.3093,
2024-04-17,61324.2184286967,61324.2184286967,61324.2184286967,61324.2184286967,61324.2184286967,21032645521.6673,coinmetrics-community,2.150115532828,1207195172504.9727,
2024-04-18,63510.14500263,63510.14500263,63510.14500263,63510.14500263,63510.14500263,16729182705.96,coinmetrics-community,2.223657090198,1250283688855.0876,
2024-04-19,63762.6310300994,63762.6310300994,63762.6310300994,63762.6310300994,63762.6310300994,24290125621.7131,coinmetrics-community,2.229521797353,1255313599075.937,
2024-04-20,64907.9928366452,64907.9928366452,64907.9928366452,64907.9928366452,64907.9928366452,10209755943.9128,coinmetrics-community,2.268874228093,1277889041416.1594,
2024-04-21,64968.192619813,64968.192619813,64968.192619813,64968.192619813,64968.192619813,9474636328.85014,coinmetrics-community,2.270178573833,1279102660225.9148,
2024-04-22,66944.5960911748,66944.5960911748,66944.5960911748,66944.5960911748,66944.5960911748,13646040858.8911,coinmetrics-community,2.336371416788,1318046160711.64,
2024-04-23,66385.3002919345,66385.3002919345,66385.3002919345,66385.3002919345,66385.3002919345,12194434100.9958,coinmetrics-community,2.315430605828,1307069255153.7227,
2024-04-24,64189.9679064874,64189.9679064874,64189.9679064874,64189.9679064874,64189.9679064874,15881071503.611,coinmetrics-community,2.229186378145,1263876147635.96,
2024-04-25,64515.3874725307,64515.3874725307,64515.3874725307,64515.3874725307,64515.3874725307,17731373529.3558,coinmetrics-community,2.239412644798,1270312365909.4153,
2024-04-26,63777.4715002922,63777.4715002922,63777.4715002922,63777.4715002922,63777.4715002922,11464251164.215,coinmetrics-community,2.213395882136,1255809257754.7334,
2024-04-27,63429.3099649328,63429.3099649328,63429.3099649328,63429.3099649328,63429.3099649328,8373511757.42309,coinmetrics-community,2.200293292653,1248981539069.536,
2024-04-28,62978.5770049678,62978.5770049678,62978.5770049678,62978.5770049678,62978.5770049678,7491524824.73415,coinmetrics-community,2.182739504636,1240133745037.1575,
2024-04-29,63908.3888766803,63908.3888766803,63908.3888766803,63908.3888766803,63908.3888766803,13056261845.7129,coinmetrics-community,2.213049963714,1258469166546.7375,
2024-04-30,60636.3261633548,60636.3261633548,60636.3261633548,60636.3261633548,60636.3261633548,18760431064.926,coinmetrics-community,2.099491659604,1194063184619.5881,
2024-05-01,58141.7772799532,58141.7772799532,58141.7772799532,58141.7772799532,58141.7772799532,24737539559.197,coinmetrics-community,2.01516295818,1144963991083.4077,
2024-05-02,59170.1088936295,59170.1088936295,59170.1088936295,59170.1088936295,59170.1088936295,15829327094.8138,coinmetrics-community,2.050901531028,1165241347389.5042,
2024-05-03,62983.6554783752,62983.6554783752,62983.6554783752,62983.6554783752,62983.6554783752,16327186144.1375,coinmetrics-community,2.180678249434,1240367193696.9216,
2024-05-04,63881.1305429573,63881.1305429573,63881.1305429573,63881.1305429573,63881.1305429573,9029725334.89264,coinmetrics-community,2.210725676775,1258069746191.7712,
2024-05-05,64067.5959918177,64067.5959918177,64067.5959918177,64067.5959918177,64067.5959918177,7753748893.08393,coinmetrics-community,2.216655067084,1261769810812.1025,
2024-05-06,63228.1031341321,63228.1031341321,63228.1031341321,63228.1031341321,63228.1031341321,14093132482.153,coinmetrics-community,2.186202853853,1245260648377.0237,
2024-05-07,62396.999720339,62396.999720339,62396.999720339,62396.999720339,62396.999720339,13220781325.324,coinmetrics-community,2.157205469069,1228916076889.098,
2024-05-08,61079.27442782,61079.27442782,61079.27442782,61079.27442782,61079.27442782,13478603263.1822,coinmetrics-community,2.110540935051,1202987566725.959,
2024-05-09,62998.4903381064,62998.4903381064,62998.4903381064,62998.4903381064,62998.4903381064,11740991586.8101,coinmetrics-community,2.175223560734,1240816052414.6277,
2024-05-10,60896.6418880772,60896.6418880772,60896.6418880772,60896.6418880772,60896.6418880772,12913363816.9243,coinmetrics-community,2.102988744981,1199445712976.238,
2024-05-11,60843.5729240211,60843.5729240211,60843.5729240211,60843.5729240211,60843.5729240211,5455046417.61127,coinmetrics-community,2.100448702876,1198430676128.0483,
2024-05-12,61431.2746879018,61431.2746879018,61431.2746879018,61431.2746879018,61431.2746879018,5509089321.32595,coinmetrics-community,2.119745795365,1210031928139.5818,
2024-05-13,62886.9394491526,62886.9394491526,62886.9394491526,62886.9394491526,62886.9394491526,13211250469.4027,coinmetrics-community,2.168233271084,1238733522166.955,
2024-05-14,61555.5670046756,61555.5670046756,61555.5670046756,61555.5670046756,61555.5670046756,12113667607.9972,coinmetrics-community,2.121406641577,1212534592795.9192,
2024-05-15,66281.5322542373,66281.5322542373,66281.5322542373,66281.5322542373,66281.5322542373,17172897069.1223,coinmetrics-community,2.275705533512,1305656862270.2595,
2024-05-16,65269.2603246639,65269.2603246639,65269.2603246639,65269.2603246639,65269.2603246639,12906388209.7753,coinmetrics-community,2.238813737175,1285745432661.991,
2024-05-17,66956.4409476914,66956.4409476914,66956.4409476914,66956.4409476914,66956.4409476914,11811647501.0708,coinmetrics-community,2.293532882786,1319013797948.8914,
2024-05-18,66977.6006914085,66977.6006914085,66977.6006914085,66977.6006914085,66977.6006914085,5878346194.85118,coinmetrics-community,2.293351817746,1319457427063.7263,
2024-05-19,66259.4704260666,66259.4704260666,66259.4704260666,66259.4704260666,66259.4704260666,7041873685.29585,coinmetrics-community,2.267741433359,1305342162215.1062,
2024-05-20,71202.2025902981,71202.2025902981,71202.2025902981,71202.2025902981,71202.2025902981,18490055736.1398,coinmetrics-community,2.430732575262,1402750979194.1008,
2024-05-21,70217.2546914085,70217.2546914085,70217.2546914085,70217.2546914085,70217.2546914085,18835543083.7243,coinmetrics-community,2.392177115696,1383376851822.5369,
2024-05-22,69074.9141350088,69074.9141350088,69074.9141350088,69074.9141350088,69074.9141350088,14298552149.2962,coinmetrics-community,2.350508549105,1360904192311.322,
2024-05-23,67758.7306586791,67758.7306586791,67758.7306586791,67758.7306586791,67758.7306586791,18478056191.2185,coinmetrics-community,2.30342600975,1335008716623.4395,
2024-05-24,68608.998279661,68608.998279661,68608.998279661,68608.998279661,68608.998279661,12171953685.1083,coinmetrics-community,2.329942400919,1351795322625.1067,
2024-05-25,69282.7925976037,69282.7925976037,69282.7925976037,69282.7925976037,69282.7925976037,5647519580.35803,coinmetrics-community,2.351755247843,1365105657154.5442,
2024-05-26,68445.0069532437,68445.0069532437,68445.0069532437,68445.0069532437,68445.0069532437,5805945887.07428,coinmetrics-community,2.321857258415,1348634376225.0068,
2024-05-27,69347.815260374,69347.815260374,69347.815260374,69347.815260374,69347.815260374,10599944567.7949,coinmetrics-community,2.349289009693,1366449886995.2542,
2024-05-28,68342.8204488603,68342.8204488603,68342.8204488603,68342.8204488603,68342.8204488603,13217023044.3864,coinmetrics-community,2.276025405912,1346675790188.2783,
2024-05-29,67584.2632402104,67584.2632402104,67584.2632402104,67584.2632402104,67584.2632402104,11381516745.6417,coinmetrics-community,2.249666771523,1331757571193.812,
2024-05-30,68375.4760260082,68375.4760260082,68375.4760260082,68375.4760260082,68375.4760260082,12399825204.3701,coinmetrics-community,2.274593932765,1347374814099.0803,
2024-05-31,67377.7626122151,67377.7626122151,67377.7626122151,67377.7626122151,67377.7626122151,11245236295.3656,coinmetrics-community,2.240434640049,1327745507331.9841,
2024-06-01,67714.3526399766,67714.3526399766,67714.3526399766,67714.3526399766,67714.3526399766,4118586345.3642,coinmetrics-community,2.250811711614,1334408183644.8196,
2024-06-02,67805.4855742256,67805.4855742256,67805.4855742256,67805.4855742256,67805.4855742256,6192684953.63663,coinmetrics-community,2.252890611825,1336233753379.1138,
2024-06-03,68833.3028351841,68833.3028351841,68833.3028351841,68833.3028351841,68833.3028351841,13069431044.1001,coinmetrics-community,2.282844084426,1356522583774.1863,
2024-06-04,70554.0894330801,70554.0894330801,70554.0894330801,70554.0894330801,70554.0894330801,13704074333.0217,coinmetrics-community,2.336035028633,1390464286885.4888,
2024-06-05,71087.4433158971,71087.4433158971,71087.4433158971,71087.4433158971,71087.4433158971,13604866856.6694,coinmetrics-community,2.350051564625,1401002830701.5596,
2024-06-06,70788.5013755114,70788.5013755114,70788.5013755114,70788.5013755114,70788.5013755114,10437499206.3084,coinmetrics-community,2.333807126267,1395140656059.825,
2024-06-07,69338.1573240795,69338.1573240795,69338.1573240795,69338.1573240795,69338.1573240795,15828294865.7454,coinmetrics-community,2.283767499815,1366587206919.3806,
2024-06-08,69310.1092618352,69310.1092618352,69310.1092618352,69310.1092618352,69310.1092618352,5663235248.91048,coinmetrics-community,2.281753656488,1366071661252.0422,
2024-06-09,69644.0190894214,69644.0190894214,69644.0190894214,69644.0190894214,69644.0190894214,5172310950.03288,coinmetrics-community,2.291783692164,1372686175118.295,
2024-06-10,69465.9362478083,69465.9362478083,69465.9362478083,69465.9362478083,69465.9362478083,8753023986.24927,coinmetrics-community,2.284430208974,1369206330030.37,
2024-06-11,67368.263506429,67368.263506429,67368.263506429,67368.263506429,67368.263506429,18296080106.6416,coinmetrics-community,2.210797104332,1327886106724.7012,
2024-06-12,68213.8346838106,68213.8346838106,68213.8346838106,68213.8346838106,68213.8346838106,16808022781.0314,coinmetrics-community,2.236528862009,1344584160572.3743,
2024-06-13,66783.4902767388,66783.4902767388,66783.4902767388,66783.4902767388,66783.4902767388,13613395924.791,coinmetrics-community,2.189193919128,1316420457334.039,
2024-06-14,65982.1865195792,65982.1865195792,65982.1865195792,65982.1865195792,65982.1865195792,12994996576.4222,coinmetrics-community,2.162288948988,1300651738960.456,
2024-06-15,66204.904308007,66204.904308007,66204.904308007,66204.904308007,66204.904308007,4958017660.39099,coinmetrics-community,2.168574282271,1305069712028.442,
2024-06-16,66622.5999336645,66622.5999336645,66622.5999336645,66622.5999336645,66622.5999336645,4646838310.79506,coinmetrics-community,2.181700780897,1313337507861.0647,
2024-06-17,66483.8785260082,66483.8785260082,66483.8785260082,66483.8785260082,66483.8785260082,12946665205.5987,coinmetrics-community,2.17600767278,1310631966548.8096,
2024-06-18,65112.1230020456,65112.1230020456,65112.1230020456,65112.1230020456,65112.1230020456,17154948359.8229,coinmetrics-community,2.131170120016,1283620750458.029,
2024-06-19,64878.7141525424,64878.7141525424,64878.7141525424,64878.7141525424,64878.7141525424,8320519730.08995,coinmetrics-community,2.122527340691,1279047103315.1213,
2024-06-20,64897.7011542957,64897.7011542957,64897.7011542957,64897.7011542957,64897.7011542957,10487188943.3612,coinmetrics-community,2.122824344632,1279448394407.8145,
2024-06-21,64086.0489228521,64086.0489228521,64086.0489228521,64086.0489228521,64086.0489228521,10823506045.5963,coinmetrics-community,2.094841851078,1263474830674.3936,
2024-06-22,64258.135506429,64258.135506429,64258.135506429,64258.135506429,64258.135506429,2939982450.65453,coinmetrics-community,2.094393635978,1266898089628.074,
2024-06-23,63345.0218760959,63345.0218760959,63345.0218760959,63345.0218760959,63345.0218760959,3654691779.97012,coinmetrics-community,2.064629768046,1248917529606.7346,
2024-06-24,60258.9554374635,60258.9554374635,60258.9554374635,60258.9554374635,60258.9554374635,19349344375.4602,coinmetrics-community,1.965852605759,1188100921863.343,
2024-06-25,61739.6658477498,61739.6658477498,61739.6658477498,61739.6658477498,61739.6658477498,11961566774.7976,coinmetrics-community,2.013824808421,1217319401227.3342,
2024-06-26,60794.4760584454,60794.4760584454,60794.4760584454,60794.4760584454,60794.4760584454,8931736244.35188,coinmetrics-community,1.983142815892,1198706106409.1138,
2024-06-27,61569.9234275278,61569.9234275278,61569.9234275278,61569.9234275278,61569.9234275278,8657071869.67771,coinmetrics-community,2.00449611147,1214020888208.7363,
2024-06-28,60303.3147364115,60303.3147364115,60303.3147364115,60303.3147364115,60303.3147364115,10281355347.0991,coinmetrics-community,1.963323618484,1189071644235.0774,
2024-06-29,60889.3298430742,60889.3298430742,60889.3298430742,60889.3298430742,60889.3298430742,4188531828.17895,coinmetrics-community,1.982090071071,1200656669706.7126,
2024-06-30,62763.2796861485,62763.2796861485,62763.2796861485,62763.2796861485,62763.2796861485,6274709490.46018,coinmetrics-community,2.04224535277,1237632202717.0747,
2024-07-01,62835.3997647575,62835.3997647575,62835.3997647575,62835.3997647575,62835.3997647575,10282004110.4522,coinmetrics-community,2.04314593286,1239082028945.833,
2024-07-02,62028.6170385739,62028.6170385739,62028.6170385739,62028.6170385739,62028.6170385739,8012153705.4111,coinmetrics-community,2.017079157971,1223201373387.4177,
2024-07-03,60216.3920859147,60216.3920859147,60216.3920859147,60216.3920859147,60216.3920859147,11875055484.0961,coinmetrics-community,1.956495892684,1187491669195.1458,
2024-07-04,57418.2420213326,57418.2420213326,57418.2420213326,57418.2420213326,57418.2420213326,16868693674.1113,coinmetrics-community,1.867131113244,1132336135774.266,
2024-07-05,56720.9881256575,56720.9881256575,56720.9881256575,56720.9881256575,56720.9881256575,21881106663.7751,coinmetrics-community,1.84216706331,1118607148795.7935,
2024-07-06,58259.221773232,58259.221773232,58259.221773232,58259.221773232,58259.221773232,7714676582.4437,coinmetrics-community,1.891715119434,1148973034600.3096,
2024-07-07,56112.5725587376,56112.5725587376,56112.5725587376,56112.5725587376,56112.5725587376,7569481196.53429,coinmetrics-community,1.82212870475,1106662108515.9316,
2024-07-08,56691.9149061952,56691.9149061952,56691.9149061952,56691.9149061952,56691.9149061952,16027546830.927,coinmetrics-community,1.84231499501,1118116169843.2405,
2024-07-09,57981.4320967271,57981.4320967271,57981.4320967271,57981.4320967271,57981.4320967271,10963306049.1727,coinmetrics-community,1.882826099963,1143576800885.0251,
2024-07-10,57722.0113527177,57722.0113527177,57722.0113527177,57722.0113527177,57722.0113527177,10008854853.9253,coinmetrics-community,1.873671456415,1138484737067.43,
2024-07-11,57307.712738457,57307.712738457,57307.712738457,57307.712738457,57307.712738457,11321406493.2052,coinmetrics-community,1.860391707754,1130338357125.1465,
2024-07-12,57859.1202819988,57859.1202819988,57859.1202819988,57859.1202819988,57859.1202819988,10057565384.4722,coinmetrics-community,1.877696697499,1141241450890.7737,
2024-07-13,59329.0372016365,59329.0372016365,59329.0372016365,59329.0372016365,59329.0372016365,6041284387.83542,coinmetrics-community,1.924461076714,1170263359782.1216,
2024-07-14,61015.0339412624,61015.0339412624,61015.0339412624,61015.0339412624,61015.0339412624,8242557173.64519,coinmetrics-community,1.978252221421,1203551433724.7993,
2024-07-15,64734.7611697837,64734.7611697837,64734.7611697837,64734.7611697837,64734.7611697837,14784189654.1439,coinmetrics-community,2.094337235781,1276955826783.0232,
2024-07-16,65118.8266583869,65118.8266583869,65118.8266583869,65118.8266583869,65118.8266583869,15955797076.2899,coinmetrics-community,2.10249498714,1284561804277.9807,
2024-07-17,64201.3707805377,64201.3707805377,64201.3707805377,64201.3707805377,64201.3707805377,12372196024.3492,coinmetrics-community,2.0722141993,1266495577595.2537,
2024-07-18,63984.3022022209,63984.3022022209,63984.3022022209,63984.3022022209,63984.3022022209,10444717921.8375,coinmetrics-community,2.063284607936,1262239275865.345,
2024-07-19,66755.7833828171,66755.7833828171,66755.7833828171,66755.7833828171,66755.7833828171,14344051553.0607,coinmetrics-community,2.146794861585,1316943858342.905,
2024-07-20,67185.4978112215,67185.4978112215,67185.4978112215,67185.4978112215,67185.4978112215,6327511276.00461,coinmetrics-community,2.159544550027,1325455815468.5513,
2024-07-21,68056.6201215663,68056.6201215663,68056.6201215663,68056.6201215663,68056.6201215663,9875839945.41549,coinmetrics-community,2.186185421436,1342677522206.0012,
2024-07-22,67535.1976738749,67535.1976738749,67535.1976738749,67535.1976738749,67535.1976738749,23596745505.9686,coinmetrics-community,2.167482354881,1332428244617.5247,
2024-07-23,65916.4081616014,65916.4081616014,65916.4081616014,65916.4081616014,65916.4081616014,13978539534.5013,coinmetrics-community,2.109594621683,1300525327320.521,
2024-07-24,65353.3857784921,65353.3857784921,65353.3857784921,65353.3857784921,65353.3857784921,10205213346.7978,coinmetrics-community,2.091076478928,1289445533977.6633,
2024-07-25,65722.0611917007,65722.0611917007,65722.0611917007,65722.0611917007,65722.0611917007,14383308820.8205,coinmetrics-community,2.101052278672,1296753108115.7764,
2024-07-26,67912.2433091759,67912.2433091759,67912.2433091759,67912.2433091759,67912.2433091759,11359760478.9182,coinmetrics-community,2.167988897972,1340001251630.1753,
2024-07-27,68077.3730812391,68077.3730812391,68077.3730812391,68077.3730812391,68077.3730812391,12941347929.9201,coinmetrics-community,2.17149524018,1343292249647.731,
2024-07-28,68170.6691309176,68170.6691309176,68170.6691309176,68170.6691309176,68170.6691309176,6293226346.30858,coinmetrics-community,2.173689504641,1345164681876.9836,
2024-07-29,66867.167277031,66867.167277031,66867.167277031,66867.167277031,66867.167277031,15565757911.7064,coinmetrics-community,2.130351323441,1319480775875.413,
2024-07-30,66186.9146861484,66186.9146861484,66186.9146861484,66186.9146861484,66186.9146861484,11393935670.5086,coinmetrics-community,2.10753663783,1306088468540.5605,
2024-07-31,64690.6340385739,64690.6340385739,64690.6340385739,64690.6340385739,64690.6340385739,12080963633.1166,coinmetrics-community,2.060104597961,1276590367647.9438,
2024-08-01,65178.0554891876,65178.0554891876,65178.0554891876,65178.0554891876,65178.0554891876,17040173764.031,coinmetrics-community,2.073446664875,1286237547913.6736,
2024-08-02,61506.7698877849,61506.7698877849,61506.7698877849,61506.7698877849,61506.7698877849,15038658306.2854,coinmetrics-community,1.958129492294,1213811646574.5771,
2024-08-03,60688.2444272355,60688.2444272355,60688.2444272355,60688.2444272355,60688.2444272355,13095816561.6302,coinmetrics-community,1.931910948089,1197683974936.4004,
2024-08-04,58306.2644786675,58306.2644786675,58306.2644786675,58306.2644786675,58306.2644786675,13129104897.5169,coinmetrics-community,1.85658107668,1150701598520.431,
2024-08-05,54343.6276773816,54343.6276773816,54343.6276773816,54343.6276773816,54343.6276773816,48882416601.5757,coinmetrics-community,1.734614783702,1072523586902.1217,
2024-08-06,56047.4712866744,56047.4712866744,56047.4712866744,56047.4712866744,56047.4712866744,20401237616.5141,coinmetrics-community,1.790105908673,1106175094630.1853,
2024-08-07,55129.7410376973,55129.7410376973,55129.7410376973,55129.7410376973,55129.7410376973,17738480521.3724,coinmetrics-community,1.76102665944,1088083425121.3396,
2024-08-08,61908.7896724138,61908.7896724138,61908.7896724138,61908.7896724138,61908.7896724138,18837776332.2991,coinmetrics-community,1.974027468759,1221904955759.4966,
2024-08-09,60720.9407594974,60720.9407594974,60720.9407594974,60720.9407594974,60720.9407594974,14166347052.5011,coinmetrics-community,1.934847151042,1198484835251.1091,
2024-08-10,60871.5550727645,60871.5550727645,60871.5550727645,60871.5550727645,60871.5550727645,6490103819.06443,coinmetrics-community,1.937094140148,1201482137168.4636,
2024-08-11,58836.1043722969,58836.1043722969,58836.1043722969,58836.1043722969,58836.1043722969,9554966005.20979,coinmetrics-community,1.872742222889,1161336033784.414,
2024-08-12,59394.1629538282,59394.1629538282,59394.1629538282,59394.1629538282,59394.1629538282,15257017358.4997,coinmetrics-community,1.890144044639,1172376697310.6846,
2024-08-13,60536.2457846289,60536.2457846289,60536.2457846289,60536.2457846289,60536.2457846289,12478915078.5993,coinmetrics-community,1.926417221684,1194948367404.523,
2024-08-14,58840.6466797195,58840.6466797195,58840.6466797195,58840.6466797195,58840.6466797195,13116633836.3585,coinmetrics-community,1.87350048326,1161502552681.3994,
2024-08-15,57644.1876879018,57644.1876879018,57644.1876879018,57644.1876879018,57644.1876879018,15386220421.1295,coinmetrics-community,1.835793831991,1137913514476.404,
2024-08-16,58927.2765087668,58927.2765087668,58927.2765087668,58927.2765087668,58927.2765087668,12231042437.7794,coinmetrics-community,1.876508258409,1163268220731.6545,
2024-08-17,59414.6743351841,59414.6743351841,59414.6743351841,59414.6743351841,59414.6743351841,5483272906.19321,coinmetrics-community,1.891903199321,1172917480915.17,
2024-08-18,58793.2061458212,58793.2061458212,58793.2061458212,58793.2061458212,58793.2061458212,7079060376.85906,coinmetrics-community,1.871999609436,1160677609428.6133,
2024-08-19,59411.5190169492,59411.5190169492,59411.5190169492,59411.5190169492,59411.5190169492,10645902084.872,coinmetrics-community,1.891279440638,1172908290164.1162,
2024-08-20,59123.3002662186,59123.3002662186,59123.3002662186,59123.3002662186,59123.3002662186,12753006008.2155,coinmetrics-community,1.882426600371,1167245960130.3333,
2024-08-21,61133.0256493279,61133.0256493279,61133.0256493279,61133.0256493279,61133.0256493279,13247509943.7442,coinmetrics-community,1.945233846186,1206951189414.0603,
2024-08-22,60394.4737749854,60394.4737749854,60394.4737749854,60394.4737749854,60394.4737749854,11741932208.2944,coinmetrics-community,1.921170694846,1192400134476.1396,
2024-08-23,64106.8029152543,64106.8029152543,64106.8029152543,64106.8029152543,64106.8029152543,17735289695.6802,coinmetrics-community,2.035903975825,1265727472786.8767,
2024-08-24,64023.226703682,64023.226703682,64023.226703682,64023.226703682,64023.226703682,8332042279.60985,coinmetrics-community,2.032046751517,1264107951577.8176,
2024-08-25,64498.0183413209,64498.0183413209,64498.0183413209,64498.0183413209,64498.0183413209,7344246577.5267,coinmetrics-community,2.046583028581,1273509292081.1406,
2024-08-26,62983.4427729398,62983.4427729398,62983.4427729398,62983.4427729398,62983.4427729398,11765222507.9097,coinmetrics-community,1.998001382993,1243630467610.3735,
2024-08-27,59548.0076215663,59548.0076215663,59548.0076215663,59548.0076215663,59548.0076215663,16196170156.3406,coinmetrics-community,1.891971799295,1175823003704.9958,
2024-08-28,59100.7747548217,59100.7747548217,59100.7747548217,59100.7747548217,59100.7747548217,16269227449.2432,coinmetrics-community,1.875827072948,1167021768381.195,
2024-08-29,59339.7909947399,59339.7909947399,59339.7909947399,59339.7909947399,59339.7909947399,13490674905.1787,coinmetrics-community,1.883349152914,1171765932988.4946,
2024-08-30,59142.9399640561,59142.9399640561,59142.9399640561,59142.9399640561,59142.9399640561,13277703706.3465,coinmetrics-community,1.876982694923,1167905016492.7954,
2024-08-31,58959.926273232,58959.926273232,58959.926273232,58959.926273232,58959.926273232,4345701281.36258,coinmetrics-community,1.87073697854,1164318100826.983,
2024-09-01,57349.0807180012,57349.0807180012,57349.0807180012,57349.0807180012,57349.0807180012,9816811735.94537,coinmetrics-community,1.820019010688,1132533186813.8843,
2024-09-02,59159.0238877849,59159.0238877849,59159.0238877849,59159.0238877849,59159.0238877849,11047866969.1251,coinmetrics-community,1.877143284457,1168306929893.2593,
2024-09-03,57637.7754444769,57637.7754444769,57637.7754444769,57637.7754444769,57637.7754444769,11039730131.9105,coinmetrics-community,1.829729699885,1138291265398.3298,
2024-09-04,58033.3989704851,58033.3989704851,58033.3989704851,58033.3989704851,58033.3989704851,14648077451.4643,coinmetrics-community,1.841861370616,1146131838403.5774,
2024-09-05,56112.9529400935,56112.9529400935,56112.9529400935,56112.9529400935,56112.9529400935,13216773017.3706,coinmetrics-community,1.781930708989,1108231128685.7102,
2024-09-06,53838.9534623028,53838.9534623028,53838.9534623028,53838.9534623028,53838.9534623028,21229088261.2865,coinmetrics-community,1.710811543806,1063344022288.459,
2024-09-07,54066.4399248977,54066.4399248977,54066.4399248977,54066.4399248977,54066.4399248977,6886541284.19231,coinmetrics-community,1.718206634267,1067863679558.0648,
2024-09-08,54859.2584082408,54859.2584082408,54859.2584082408,54859.2584082408,54859.2584082408,6829908237.89293,coinmetrics-community,1.743469313486,1083551229332.9729,
2024-09-09,57135.7814371712,57135.7814371712,57135.7814371712,57135.7814371712,57135.7814371712,14170268042.3231,coinmetrics-community,1.814072811646,1128541804948.6787,
2024-09-10,57664.4998214494,57664.4998214494,57664.4998214494,57664.4998214494,57664.4998214494,12122066016.8569,coinmetrics-community,1.830850569033,1139009699685.7004,
2024-09-11,57409.1950663355,57409.1950663355,57409.1950663355,57409.1950663355,57409.1950663355,16186368450.7087,coinmetrics-community,1.822802476165,1133986205007.4746,
2024-09-12,58124.6418065459,58124.6418065459,58124.6418065459,58124.6418065459,58124.6418065459,13633068245.8681,coinmetrics-community,1.844923692611,1148145814023.1392,
2024-09-13,60536.8814503215,60536.8814503215,60536.8814503215,60536.8814503215,60536.8814503215,13583062100.5987,coinmetrics-community,1.918166417135,1195818457804.4062,
2024-09-14,60007.1702507306,60007.1702507306,60007.1702507306,60007.1702507306,60007.1702507306,5896778267.47814,coinmetrics-community,1.901061522523,1185380845498.9973,
2024-09-15,59129.9197536528,59129.9197536528,59129.9197536528,59129.9197536528,59129.9197536528,6978906950.17557,coinmetrics-community,1.873189573393,1168079552742.054,
2024-09-16,58227.46421654,58227.46421654,58227.46421654,58227.46421654,58227.46421654,13071559303.3846,coinmetrics-community,1.844209085413,1150274777284.253,
2024-09-17,60238.2177255991,60238.2177255991,60238.2177255991,60238.2177255991,60238.2177255991,15841085588.036,coinmetrics-community,1.906555569386,1190025146381.112,
2024-09-18,61306.2337317358,61306.2337317358,61306.2337317358,61306.2337317358,61306.2337317358,17613526890.2738,coinmetrics-community,1.938486988135,1211150580513.792,
2024-09-19,62994.6096528346,62994.6096528346,62994.6096528346,62994.6096528346,62994.6096528346,17659705947.4636,coinmetrics-community,1.989407371018,1244529728528.0693,
2024-09-20,63153.9518270018,63153.9518270018,63153.9518270018,63153.9518270018,63153.9518270018,14673503405.4114,coinmetrics-community,1.991251479392,1247706329948.0483,
2024-09-21,63367.7296078317,63367.7296078317,63367.7296078317,63367.7296078317,63367.7296078317,5119970502.21503,coinmetrics-community,1.997224680189,1251956581811.1748,
2024-09-22,63571.9521729983,63571.9521729983,63571.9521729983,63571.9521729983,63571.9521729983,7725566645.38662,coinmetrics-community,2.00309504051,1256018426232.2214,
2024-09-23,63336.0126347165,63336.0126347165,63336.0126347165,63336.0126347165,63336.0126347165,13215247845.0984,coinmetrics-community,1.993210662996,1251385764258.5867,
2024-09-24,64342.7891113384,64342.7891113384,64342.7891113384,64342.7891113384,64342.7891113384,12700396631.0908,coinmetrics-community,2.02322807255,1271306695183.4255,
2024-09-25,63059.6269167154,63059.6269167154,63059.6269167154,63059.6269167154,63059.6269167154,10291173191.9816,coinmetrics-community,1.980828516174,1245981917271.0693,
2024-09-26,65057.7861461134,65057.7861461134,65057.7861461134,65057.7861461134,65057.7861461134,15897485937.3251,coinmetrics-community,2.040909822528,1285489555328.316,
2024-09-27,65767.7132542373,65767.7132542373,65767.7132542373,65767.7132542373,65767.7132542373,13617206254.0614,coinmetrics-community,2.061133588941,1299545301087.6184,
2024-09-28,65770.5276478667,65770.5276478667,65770.5276478667,65770.5276478667,65770.5276478667,4880798766.30455,coinmetrics-community,2.059734897491,1299627426191.8003,
2024-09-29,65617.7610689655,65617.7610689655,65617.7610689655,65617.7610689655,65617.7610689655,4856780415.70363,coinmetrics-community,2.054377793402,1296640538015.1348,
2024-09-30,63260.0425482174,63260.0425482174,63260.0425482174,63260.0425482174,63260.0425482174,15446677929.758,coinmetrics-community,1.980655974681,1250077896709.859,
2024-10-01,60858.2487086499,60858.2487086499,60858.2487086499,60858.2487086499,60858.2487086499,23270818264.6455,coinmetrics-community,1.906306811115,1202646051653.5708,
2024-10-02,60686.0993135593,60686.0993135593,60686.0993135593,60686.0993135593,60686.0993135593,18244767011.8007,coinmetrics-community,1.901135632078,1199273528113.5735,
2024-10-03,60765.2367498539,60765.2367498539,60765.2367498539,60765.2367498539,60765.2367498539,16764430984.3532,coinmetrics-community,1.903667765594,1200867438226.5305,
2024-10-04,62052.5100496785,62052.5100496785,62052.5100496785,62052.5100496785,62052.5100496785,13442137274.0605,coinmetrics-community,1.942653036999,1226339830656.776,
2024-10-05,62030.4538977206,62030.4538977206,62030.4538977206,62030.4538977206,62030.4538977206,4757591875.37823,coinmetrics-community,1.941600018448,1225933206941.341,
2024-10-06,62789.8814555815,62789.8814555815,62789.8814555815,62789.8814555815,62789.8814555815,5501211149.31973,coinmetrics-community,1.964736190677,1240971909274.3645,
2024-10-07,62416.508829924,62416.508829924,62416.508829924,62416.508829924,62416.508829924,15152336917.0623,coinmetrics-community,1.952455630153,1233622849152.0454,
2024-10-08,62126.3273769725,62126.3273769725,62126.3273769725,62126.3273769725,62126.3273769725,12327676626.5544,coinmetrics-community,1.926780183281,1227920018306.1497,
2024-10-09,60615.2581917008,60615.2581917008,60615.2581917008,60615.2581917008,60615.2581917008,11846246278.6782,coinmetrics-community,1.880158282942,1198077958961.5269,
2024-10-10,60221.1172869667,60221.1172869667,60221.1172869667,60221.1172869667,60221.1172869667,12476986141.5056,coinmetrics-community,1.868650690361,1190316820566.9536,
2024-10-11,62462.539962595,62462.539962595,62462.539962595,62462.539962595,62462.539962595,12284781048.4407,coinmetrics-community,1.931911669891,1234647595504.9775,
2024-10-12,63202.8806992987,63202.8806992987,63202.8806992987,63202.8806992987,63202.8806992987,5931014495.93444,coinmetrics-community,1.953970337674,1249309568739.937,
2024-10-13,62759.431113384,62759.431113384,62759.431113384,62759.431113384,62759.431113384,6617533143.71467,coinmetrics-community,1.939547429605,1240571118552.432,
2024-10-14,66089.7587410871,66089.7587410871,66089.7587410871,66089.7587410871,66089.7587410871,17541092852.2176,coinmetrics-community,2.039522213226,1306430701379.4465,
2024-10-15,66933.974833723,66933.974833723,66933.974833723,66933.974833723,66933.974833723,19434348652.0381,coinmetrics-community,2.060181206339,1323151391127.9893,
2024-10-16,67662.9534038574,67662.9534038574,67662.9534038574,67662.9534038574,67662.9534038574,15295535426.6285,coinmetrics-community,2.079852586869,1337591659770.7974,
2024-10-17,67337.9075482174,67337.9075482174,67337.9075482174,67337.9075482174,67337.9075482174,12482011519.3925,coinmetrics-community,2.067823405287,1331199044933.5322,
2024-10-18,68390.5375625365,68390.5375625365,68390.5375625365,68390.5375625365,68390.5375625365,14048753920.9062,coinmetrics-community,2.097751626956,1352037490364.0718,
2024-10-19,68357.8982963179,68357.8982963179,68357.8982963179,68357.8982963179,68357.8982963179,4147336382.58989,coinmetrics-community,2.095293659588,1351429188789.67,
2024-10-20,69012.3532089421,69012.3532089421,69012.3532089421,69012.3532089421,69012.3532089421,5866736730.54377,coinmetrics-community,2.110307256847,1364405010361.8098,
2024-10-21,67440.4625058445,67440.4625058445,67440.4625058445,67440.4625058445,67440.4625058445,14197969402.5959,coinmetrics-community,2.056928495458,1333364068408.3066,
2024-10-22,67425.7553211572,67425.7553211572,67425.7553211572,67425.7553211572,67425.7553211572,12099812506.1369,coinmetrics-community,2.0548573040083666,1333102370303.0415,
2024-10-23,66647.2866642315,66647.2866642315,66647.2866642315,66647.2866642315,66647.2866642315,13100216506.6121,coinmetrics-community,2.030149964645596,1317742395147.647,
2024-10-24,68130.9948369374,68130.9948369374,68130.9948369374,68130.9948369374,68130.9948369374,12205886251.1348,coinmetrics-community,2.0735534317639304,1347109398128.7732,
2024-10-25,66261.5376861485,66261.5376861485,66261.5376861485,66261.5376861485,66261.5376861485,16843104339.7277,coinmetrics-community,2.015882390039284,1310177531436.6272,
2024-10-26,67023.3399611338,67023.3399611338,67023.3399611338,67023.3399611338,67023.3399611338,6858456460.73607,coinmetrics-community,2.038385405545456,1325271090943.3503,
2024-10-27,68000.1475008767,68000.1475008767,68000.1475008767,68000.1475008767,68000.1475008767,5911148022.3428,coinmetrics-community,2.0672450714484367,1344619989932.5823,
2024-10-28,69862.5205470485,69862.5205470485,69862.5205470485,69862.5205470485,69862.5205470485,15472061840.0389,coinmetrics-community,2.12079659111609,1381482823559.9583,
2024-10-29,72678.7866201052,72678.7866201052,72678.7866201052,72678.7866201052,72678.7866201052,22275779339.7737,coinmetrics-community,2.1993875776152856,1437208187257.8213,
2024-10-30,72450.2843819404,72450.2843819404,72450.2843819404,72450.2843819404,72450.2843819404,15918357812.8882,coinmetrics-community,2.1895048875101897,1432727864892.0596,
2024-10-31,70367.0819576271,70367.0819576271,70367.0819576271,70367.0819576271,70367.0819576271,15127704004.2528,coinmetrics-community,2.1253164193551783,1391566605240.4385,
2024-11-01,69483.5830303916,69483.5830303916,69483.5830303916,69483.5830303916,69483.5830303916,18917480842.2613,coinmetrics-community,2.096717117505966,1374127913099.305,
2024-11-02,69241.6794865576,69241.6794865576,69241.6794865576,69241.6794865576,69241.6794865576,5747208351.1477,coinmetrics-community,2.088469515716,1369374466600.2305,
2024-11-03,68742.7546227352,68742.7546227352,68742.7546227352,68742.7546227352,68742.7546227352,12952356276.3079,coinmetrics-community,2.072996077959187,1359535717301.9387,
2024-11-04,67779.0969795441,67779.0969795441,67779.0969795441,67779.0969795441,67779.0969795441,16389012360.0938,coinmetrics-community,2.0421715913323313,1340509299537.1174,
2024-11-05,69538.0241729982,69538.0241729982,69538.0241729982,69538.0241729982,69538.0241729982,18345971868.0686,coinmetrics-community,2.0934035678438234,1375326900715.9146,
2024-11-06,75696.0366192285,75696.0366192285,75696.0366192285,75696.0366192285,75696.0366192285,46384632346.9573,coinmetrics-community,2.265383861200003,1497156604749.206,
2024-11-07,75972.2955546464,75972.2955546464,75972.2955546464,75972.2955546464,75972.2955546464,23508672010.9066,coinmetrics-community,2.268079148113374,1502657637883.2903,
2024-11-08,76507.4474012273,76507.4474012273,76507.4474012273,76507.4474012273,76507.4474012273,19702015068.6984,coinmetrics-community,2.2784564278185018,1513276367734.307,
2024-11-09,76799.2527469316,76799.2527469316,76799.2527469316,76799.2527469316,76799.2527469316,8874192716.71765,coinmetrics-community,2.2854908075229896,1519081480991.7898,
2024-11-10,80409.2865666277,80409.2865666277,80409.2865666277,80409.2865666277,80409.2865666277,28791482392.259,coinmetrics-community,2.3862991652271037,1590524775490.166,
2024-11-11,88859.998448568,88859.998448568,88859.998448568,88859.998448568,88859.998448568,45652137056.9376,coinmetrics-community,2.614736204421691,1757720678966.7961,
2024-11-12,88048.7488877849,88048.7488877849,88048.7488877849,88048.7488877849,88048.7488877849,52989855143.8479,coinmetrics-community,2.574402718870185,1741713696652.337,
2024-11-13,90369.3819693162,90369.3819693162,90369.3819693162,90369.3819693162,90369.3819693162,49798236339.4803,coinmetrics-community,2.6237625094988872,1787657675322.5647,
2024-11-14,87204.2569827586,87204.2569827586,87204.2569827586,87204.2569827586,87204.2569827586,34267317507.2394,coinmetrics-community,2.516917131040333,1725080813100.306,
2024-11-15,91139.0844427236,91139.0844427236,91139.0844427236,91139.0844427236,91139.0844427236,28251191102.3657,coinmetrics-community,2.6166281818489865,1802962571173.1033,
2024-11-16,90567.6957568673,90567.6957568673,90567.6957568673,90567.6957568673,90567.6957568673,14410084266.8247,coinmetrics-community,2.5963251574245816,1791703486489.7222,
2024-11-17,89732.9704292811,89732.9704292811,89732.9704292811,89732.9704292811,89732.9704292811,16186834684.3266,coinmetrics-community,2.570045957525609,1775232152213.3113,
2024-11-18,90587.6965534775,90587.6965534775,90587.6965534775,90587.6965534775,90587.6965534775,27910500132.9088,coinmetrics-community,2.586767436063493,1792185787343.076,
2024-11-19,92254.1385800701,92254.1385800701,92254.1385800701,92254.1385800701,92254.1385800701,27983610356.6256,coinmetrics-community,2.616096692148944,1825205105778.552,
2024-11-20,94160.0406858562,94160.0406858562,94160.0406858562,94160.0406858562,94160.0406858562,27977756043.4528,coinmetrics-community,2.6545840511759584,1862955744741.5977,
2024-11-21,98545.5688798948,98545.5688798948,98545.5688798948,98545.5688798948,98545.5688798948,39481692095.7811,coinmetrics-community,2.7357035205093947,1949767734681.4053,
2024-11-22,98938.3495450029,98938.3495450029,98938.3495450029,98938.3495450029,98938.3495450029,30287702968.2018,coinmetrics-community,2.7268624607806946,1957583287126.9268,
2024-11-23,97707.0484590883,97707.0484590883,97707.0484590883,97707.0484590883,97707.0484590883,15766620336.1746,coinmetrics-community,2.682475835762373,1933263035602.37,
2024-11-24,97980.2082819988,97980.2082819988,97980.2082819988,97980.2082819988,97980.2082819988,18458024699.2992,coinmetrics-community,2.684190145202477,1938708892763.7039,
2024-11-25,93343.0290745178,93343.0290745178,93343.0290745178,93343.0290745178,93343.0290745178,31851444336.0477,coinmetrics-community,2.550936868826199,1847003530882.5168,
2024-11-26,91875.5699593805,91875.5699593805,91875.5699593805,91875.5699593805,91875.5699593805,34061494261.4081,coinmetrics-community,2.504171774475637,1818006432546.3628,
2024-11-27,95989.0802273524,95989.0802273524,95989.0802273524,95989.0802273524,95989.0802273524,25559278156.7776,coinmetrics-community,2.606953545179931,1899443244839.8486,
2024-11-28,95737.9402822911,95737.9402822911,95737.9402822911,95737.9402822911,95737.9402822911,17253855955.7474,coinmetrics-community,2.5937387638687115,1894516141679.913,
2024-11-29,97398.9417399182,97398.9417399182,97398.9417399182,97398.9417399182,97398.9417399182,19392495276.5085,coinmetrics-community,2.630994842256662,1927421800509.8132,
2024-11-30,96463.6248980129,96463.6248980129,96463.6248980129,96463.6248980129,96463.6248980129,10153166323.6157,coinmetrics-community,2.6035102735918114,1908962307847.3223,
2024-12-01,97469.6044529515,97469.6044529515,97469.6044529515,97469.6044529515,97469.6044529515,12592808853.2772,coinmetrics-community,2.627590012401485,1928918216380.875,
2024-12-02,95726.4417258913,95726.4417258913,95726.4417258913,95726.4417258913,95726.4417258913,28207938616.5039,coinmetrics-community,2.572610271286454,1894459110890.3772,
2024-12-03,96010.8774228521,96010.8774228521,96010.8774228521,96010.8774228521,96010.8774228521,27285056250.4829,coinmetrics-community,2.5714581344527003,1900135290511.2388,
2024-12-04,98920.2528255406,98920.2528255406,98920.2528255406,98920.2528255406,98920.2528255406,29549756970.8417,coinmetrics-community,2.6375374682187815,1957759688318.8252,
2024-12-05,96949.6644117475,96949.6644117475,96949.6644117475,96949.6644117475,96949.6644117475,57569587082.9957,coinmetrics-community,2.5624396365200885,1918806150363.6316,
2024-12-06,99953.1056580947,99953.1056580947,99953.1056580947,99953.1056580947,99953.1056580947,30947498352.0929,coinmetrics-community,2.6197013566280365,1978292068450.6501,
2024-12-07,99977.7002282291,99977.7002282291,99977.7002282291,99977.7002282291,99977.7002282291,12051249556.5496,coinmetrics-community,2.6172416537051104,1978823210378.2974,
2024-12-08,100798.98356429,100798.98356429,100798.98356429,100798.98356429,100798.98356429,11465356877.6323,coinmetrics-community,2.635830347444721,1995124567555.0059,
2024-12-09,97390.1988597311,97390.1988597311,97390.1988597311,97390.1988597311,97390.1988597311,34326543443.4545,coinmetrics-community,2.528321562198401,1927704967520.9807,
2024-12-10,96835.5017387493,96835.5017387493,96835.5017387493,96835.5017387493,96835.5017387493,34344526365.9029,coinmetrics-community,2.504255955643038,1916772101161.006,
2024-12-11,101310.201899766,101310.201899766,101310.201899766,101310.201899766,101310.201899766,25548730947.3985,coinmetrics-community,2.607825988676539,2005389739960.3052,
2024-12-12,100090.890479544,100090.890479544,100090.890479544,100090.890479544,100090.890479544,24627187732.5623,coinmetrics-community,2.5725090268010704,1981300299243.6243,
2024-12-13,101289.823976914,101289.823976914,101289.823976914,101289.823976914,101289.823976914,17756696976.0632,coinmetrics-community,2.5964143923269845,2005087006885.8284,
2024-12-14,101366.87166803,101366.87166803,101366.87166803,101366.87166803,101366.87166803,12179165002.7086,coinmetrics-community,2.5956011229498386,2006662563398.3247,
2024-12-15,104551.367141146,104551.367141146,104551.367141146,104551.367141146,104551.367141146,14400829191.7666,coinmetrics-community,2.671579602981782,2069747720545.4941,
2024-12-16,105855.672229982,105855.672229982,105855.672229982,105855.672229982,105855.672229982,28511550537.3205,coinmetrics-community,2.690487024205537,2095617308590.0566,
2024-12-17,106115.910582992,106115.910582992,106115.910582992,106115.910582992,106115.910582992,23242198501.7786,coinmetrics-community,2.6825053486643022,2100814326264.9373,
2024-12-18,100469.770656926,100469.770656926,100469.770656926,100469.770656926,100469.770656926,35801083068.6046,coinmetrics-community,2.5337669288940026,1989080900958.294,
2024-12-19,97697.045779661,97697.045779661,97697.045779661,97697.045779661,97697.045779661,38236829834.1906,coinmetrics-community,2.449250681750823,1934231301840.7524,
2024-12-20,97617.4422051432,97617.4422051432,97617.4422051432,97617.4422051432,97617.4422051432,39774280586.7858,coinmetrics-community,2.438923701718572,1932701352301.5586,
2024-12-21,97093.0190832846,97093.0190832846,97093.0190832846,97093.0190832846,97093.0190832846,17159894803.2815,coinmetrics-community,2.424795342221161,1922362435573.6519,
2024-12-22,95149.1058252484,95149.1058252484,95149.1058252484,95149.1058252484,95149.1058252484,14777258603.4051,coinmetrics-community,2.36832468298583,1883920629195.253,
2024-12-23,94800.7562060199,94800.7562060199,94800.7562060199,94800.7562060199,94800.7562060199,25340431197.1459,coinmetrics-community,2.3466031181287983,1877064601089.3376,
2024-12-24,98637.7330543542,98637.7330543542,98637.7330543542,98637.7330543542,98637.7330543542,19288006529.8528,coinmetrics-community,2.4325472895826454,1953077820204.9307,
2024-12-25,99235.3678869082,99235.3678869082,99235.3678869082,99235.3678869082,99235.3678869082,13110186103.5497,coinmetrics-community,2.4457574461003446,1964958123095.0613,
2024-12-26,95628.3030902981,95628.3030902981,95628.3030902981,95628.3030902981,95628.3030902981,17826773424.4255,coinmetrics-community,2.3548963638187823,1893573831131.2705,
2024-12-27,94219.9821461134,94219.9821461134,94219.9821461134,94219.9821461134,94219.9821461134,19993928269.2969,coinmetrics-community,2.316536046291274,1865733631847.3726,
2024-12-28,95123.5811098773,95123.5811098773,95123.5811098773,95123.5811098773,95123.5811098773,8031402349.39998,coinmetrics-community,2.3373921900161463,1883669106004.3425,
2024-12-29,93457.5783202806,93457.5783202806,93457.5783202806,93457.5783202806,93457.5783202806,10052804789.0115,coinmetrics-community,2.2939806186069815,1850724503071.0579,
2024-12-30,92523.163085038,92523.163085038,92523.163085038,92523.163085038,92523.163085038,23145415271.3486,coinmetrics-community,2.264447243535571,1832266408959.4832,
2024-12-31,93389.7326016949,93389.7326016949,93389.7326016949,93389.7326016949,93389.7326016949,17659137065.0306,coinmetrics-community,2.2808124449322915,1849465014110.3464,
2025-01-01,94455.7965718878,94455.7965718878,94455.7965718878,94455.7965718878,94455.7965718878,9108077295.37262,coinmetrics-community,2.3030404933089104,1870618380200.1174,
2025-01-02,96851.393682934,96851.393682934,96851.393682934,96851.393682934,96851.393682934,18327962137.2399,coinmetrics-community,2.3578841474857937,1918111729016.9207,
2025-01-03,98120.6846759205,98120.6846759205,98120.6846759205,98120.6846759205,98120.6846759205,14169111840.9527,coinmetrics-community,2.3862905574570155,1943293181040.9524,
2025-01-04,98230.0478571011,98230.0478571011,98230.0478571011,98230.0478571011,98230.0478571011,7738627237.39567,coinmetrics-community,2.3875160097101222,1945504870252.1658,
2025-01-05,98414.8120964348,98414.8120964348,98414.8120964348,98414.8120964348,98414.8120964348,6607751088.01801,coinmetrics-community,2.390965860098841,1949212211950.715,
2025-01-06,102179.560366745,102179.560366745,102179.560366745,102179.560366745,102179.560366745,20921379564.5597,coinmetrics-community,2.477062799747396,2023819606221.7131,
2025-01-07,96974.9957857978,96974.9957857978,96974.9957857978,96974.9957857978,96974.9957857978,24401110219.5566,coinmetrics-community,2.3467027834219376,1920775996884.6814,
2025-01-08,95039.2809210988,95039.2809210988,95039.2809210988,95039.2809210988,95039.2809210988,27049516846.0674,coinmetrics-community,2.298665904666954,1882472571006.6912,
2025-01-09,92346.1691589714,92346.1691589714,92346.1691589714,92346.1691589714,92346.1691589714,24583812496.1123,coinmetrics-community,2.233820238836667,1829173131917.1707,
2025-01-10,94759.1196358854,94759.1196358854,94759.1196358854,94759.1196358854,94759.1196358854,25201525926.4391,coinmetrics-community,2.290082536703305,1877010385895.271,
2025-01-11,94606.5080099357,94606.5080099357,94606.5080099357,94606.5080099357,94606.5080099357,6307854703.47677,coinmetrics-community,2.285501707170164,1874028218724.5142,
2025-01-12,94353.7752586207,94353.7752586207,94353.7752586207,94353.7752586207,94353.7752586207,7227570346.84048,coinmetrics-community,2.278657758123868,1869072635804.9495,
2025-01-13,94375.7299102864,94375.7299102864,94375.7299102864,94375.7299102864,94375.7299102864,31090385823.4402,coinmetrics-community,2.2779845089607447,1869545289653.9631,
2025-01-14,96569.475726768,96569.475726768,96569.475726768,96569.475726768,96569.475726768,21715790601.0722,coinmetrics-community,2.3280580564665416,1913048986189.6113,
2025-01-15,100172.405985096,100172.405985096,100172.405985096,100172.405985096,100172.405985096,22147145661.3817,coinmetrics-community,2.4095410827754344,1984466832794.9482,
2025-01-16,99977.7298234951,99977.7298234951,99977.7298234951,99977.7298234951,99977.7298234951,21766540852.1463,coinmetrics-community,2.3989108291075403,1980650188550.2842,
2025-01-17,104296.588034191,104296.588034191,104296.588034191,104296.588034191,104296.588034191,28603209217.198,coinmetrics-community,2.495913169030756,2066259604648.9434,
2025-01-18,104398.156261251,104398.156261251,104398.156261251,104398.156261251,104398.156261251,18953018346.6901,coinmetrics-community,2.4946785705686336,2068314222988.1396,
2025-01-19,100954.572281999,100954.572281999,100954.572281999,100954.572281999,100954.572281999,31744188138.8025,coinmetrics-community,2.4106728700866626,2000137986542.0994,
2025-01-20,102588.998699006,102588.998699006,102588.998699006,102588.998699006,102588.998699006,51317637305.8184,coinmetrics-community,2.4450561327537335,2032568393070.494,
2025-01-21,105987.888705435,105987.888705435,105987.888705435,105987.888705435,105987.888705435,39454873873.3963,coinmetrics-community,2.518858900509325,2099953742682.111,
2025-01-22,103791.128861485,103791.128861485,103791.128861485,103791.128861485,103791.128861485,23501168494.7103,coinmetrics-community,2.459018475131256,2056477666295.4973,
2025-01-23,104184.616743717,104184.616743717,104184.616743717,104184.616743717,104184.616743717,45986943745.5176,coinmetrics-community,2.455447281433525,2064318362060.2715,
2025-01-24,104716.12488194,104716.12488194,104716.12488194,104716.12488194,104716.12488194,21980482973.9899,coinmetrics-community,2.4651832101972833,2074895497988.584,
2025-01-25,104866.085348919,104866.085348919,104866.085348919,104866.085348919,104866.085348919,8261162245.89788,coinmetrics-community,2.4670204525538764,2077908832637.7983,
2025-01-26,102833.369273232,102833.369273232,102833.369273232,102833.369273232,102833.369273232,7837200300.67702,coinmetrics-community,2.418361700134125,2037674834179.0256,
2025-01-27,101907.44629661,101907.44629661,101907.44629661,101907.44629661,101907.44629661,41554408507.0945,coinmetrics-community,2.393412498448327,2019377065358.7554,
2025-01-28,101138.144066043,101138.144066043,101138.144066043,101138.144066043,101138.144066043,20556270930.6604,coinmetrics-community,2.3732871181658965,2004179506349.8545,
2025-01-29,103918.795458796,103918.795458796,103918.795458796,103918.795458796,103918.795458796,20959178538.3645,coinmetrics-community,2.436318963363576,2059331945599.1267,
2025-01-30,104987.446410871,104987.446410871,104987.446410871,104987.446410871,104987.446410871,17157353580.2894,coinmetrics-community,2.4577562130040627,2080556697805.9507,
2025-01-31,102263.043670953,102263.043670953,102263.043670953,102263.043670953,102263.043670953,19021916495.4466,coinmetrics-community,2.3926271926371028,2026606623485.593,
2025-02-01,100610.290439801,100610.290439801,100610.290439801,100610.290439801,100610.290439801,9599070029.6275,coinmetrics-community,2.353296238999732,1993910895067.3057,
2025-02-02,97424.7809000584,97424.7809000584,97424.7809000584,97424.7809000584,97424.7809000584,26552751481.1446,coinmetrics-community,2.278588298536274,1930832016063.449,
2025-02-03,101582.408702221,101582.408702221,101582.408702221,101582.408702221,101582.408702221,54468001583.0657,coinmetrics-community,2.3717271049935724,2013279341602.09,
2025-02-04,97848.1497592051,97848.1497592051,97848.1497592051,97848.1497592051,97848.1497592051,32561432718.5463,coinmetrics-community,2.280750094282139,1939309473574.1904,
2025-02-05,96559.3327562829,96559.3327562829,96559.3327562829,96559.3327562829,96559.3327562829,20749823100.1317,coinmetrics-community,2.2465355832791136,1913809109907.929,
2025-02-06,96541.3006811806,96541.3006811806,96541.3006811806,96541.3006811806,96541.3006811806,20222448953.5902,coinmetrics-community,2.243314171452448,1913495458438.8672,
2025-02-07,96384.1109836353,96384.1109836353,96384.1109836353,96384.1109836353,96384.1109836353,24112643104.4878,coinmetrics-community,2.2387599646519227,1910431989078.9983,
2025-02-08,96603.318157218,96603.318157218,96603.318157218,96603.318157218,96603.318157218,7973500337.86666,coinmetrics-community,2.2429885869544703,1914825201259.517,
2025-02-09,96309.7532405026,96309.7532405026,96309.7532405026,96309.7532405026,96309.7532405026,10881132081.6193,coinmetrics-community,2.232532160927027,1909049334363.78,
2025-02-10,97375.2253535944,97375.2253535944,97375.2253535944,97375.2253535944,97375.2253535944,15895163710.0999,coinmetrics-community,2.2560105134383015,1930211390619.167,
2025-02-11,95806.2580385739,95806.2580385739,95806.2580385739,95806.2580385739,95806.2580385739,15479704544.7466,coinmetrics-community,2.2178405166069126,1899147805926.7595,
2025-02-12,97756.4976548802,97756.4976548802,97756.4976548802,97756.4976548802,97756.4976548802,21080677731.7451,coinmetrics-community,2.2614665289821283,1937847635266.7153,
2025-02-13,96534.7406332554,96534.7406332554,96534.7406332554,96534.7406332554,96534.7406332554,14625048170.7815,coinmetrics-community,2.2326518009087044,1913676151860.9067,
2025-02-14,97414.3589821742,97414.3589821742,97414.3589821742,97414.3589821742,97414.3589821742,13749062681.1636,coinmetrics-community,2.2516623241667397,1931159716999.0176,
2025-02-15,97583.2431767972,97583.2431767972,97583.2431767972,97583.2431767972,97583.2431767972,6074739535.97698,coinmetrics-community,2.254483790385446,1934556498527.5261,
2025-02-16,96182.2661706604,96182.2661706604,96182.2661706604,96182.2661706604,96182.2661706604,5617045927.08577,coinmetrics-community,2.2219614753167987,1906827963922.0862,
2025-02-17,95790.5109985389,95790.5109985389,95790.5109985389,95790.5109985389,95790.5109985389,10940054513.0725,coinmetrics-community,2.212551004856131,1899102368220.6968,
2025-02-18,95444.031886616,95444.031886616,95444.031886616,95444.031886616,95444.031886616,15962887708.837,coinmetrics-community,2.2037234329299973,1892274974606.2866,
2025-02-19,96647.9132977791,96647.9132977791,96647.9132977791,96647.9132977791,96647.9132977791,11459185710.3831,coinmetrics-community,2.23047321584031,1916181201685.9421,
2025-02-20,98392.2197247224,98392.2197247224,98392.2197247224,98392.2197247224,98392.2197247224,13394819326.6158,coinmetrics-community,2.269163375900631,1950804507961.5483,
2025-02-21,96048.9937247224,96048.9937247224,96048.9937247224,96048.9937247224,96048.9937247224,21897261477.4434,coinmetrics-community,2.2145337837142764,1904384514551.3694,
2025-02-22,96605.7091057861,96605.7091057861,96605.7091057861,96605.7091057861,96605.7091057861,6659081341.88653,coinmetrics-community,2.2259723481715947,1915464594989.7834,
2025-02-23,96091.6329774985,96091.6329774985,96091.6329774985,96091.6329774985,96091.6329774985,5792453658.24892,coinmetrics-community,2.213616967746432,1905310407147.9175,
2025-02-24,91869.6543430742,91869.6543430742,91869.6543430742,91869.6543430742,91869.6543430742,18412550371.2516,coinmetrics-community,2.116419481382366,1821634093760.3489,
2025-02-25,88769.7356265342,88769.7356265342,88769.7356265342,88769.7356265342,88769.7356265342,35633078844.6732,coinmetrics-community,2.0450571925613175,1760208246634.8357,
2025-02-26,83987.89564173,83987.89564173,83987.89564173,83987.89564173,83987.89564173,26395954156.8077,coinmetrics-community,1.9371568882829038,1665430715502.8594,
2025-02-27,84625.4191364699,84625.4191364699,84625.4191364699,84625.4191364699,84625.4191364699,21139644418.6796,coinmetrics-community,1.9512523008535438,1678112099535.171,
2025-02-28,84243.7779114553,84243.7779114553,84243.7779114553,84243.7779114553,84243.7779114553,34897436162.7126,coinmetrics-community,1.9428821960052791,1670585267601.7073,
2025-03-01,85844.3685628288,85844.3685628288,85844.3685628288,85844.3685628288,85844.3685628288,11079855878.6786,coinmetrics-community,1.979772195615528,1702364201940.718,
2025-03-02,94328.0094444769,94328.0094444769,94328.0094444769,94328.0094444769,94328.0094444769,25190120350.606,coinmetrics-community,2.17233527887869,1870638896492.3982,
2025-03-03,86315.9305511397,86315.9305511397,86315.9305511397,86315.9305511397,86315.9305511397,31801652359.1293,coinmetrics-community,1.9890487557357124,1711790108875.507,
2025-03-04,87323.690650789,87323.690650789,87323.690650789,87323.690650789,87323.690650789,30270922420.7011,coinmetrics-community,2.011926611190173,1731815528260.4128,
2025-03-05,90619.4090976038,90619.4090976038,90619.4090976038,90619.4090976038,90619.4090976038,20727649575.3334,coinmetrics-community,2.085499742580572,1797214619202.8445,
2025-03-06,90222.0693275862,90222.0693275862,90222.0693275862,90222.0693275862,90222.0693275862,21109022221.1292,coinmetrics-community,2.074588033844596,1789382285455.221,
2025-03-07,86553.5921937464,86553.5921937464,86553.5921937464,86553.5921937464,86553.5921937464,30290408968.5464,coinmetrics-community,1.990605455895191,1716663461110.232,
2025-03-08,86171.2789362946,86171.2789362946,86171.2789362946,86171.2789362946,86171.2789362946,6915942325.28019,coinmetrics-community,1.9817025600012972,1709117730734.5408,
2025-03-09,80647.7964108709,80647.7964108709,80647.7964108709,80647.7964108709,80647.7964108709,13093275561.4489,coinmetrics-community,1.8553174468191107,1599605268650.1082,
2025-03-10,79005.9601291642,79005.9601291642,79005.9601291642,79005.9601291642,79005.9601291642,24932674289.7776,coinmetrics-community,1.8183074680565463,1567078358406.0225,
2025-03-11,82747.1601917008,82747.1601917008,82747.1601917008,82747.1601917008,82747.1601917008,23051083590.9672,coinmetrics-community,1.9029557814450992,1641320516183.5276,
2025-03-12,83630.1581101695,83630.1581101695,83630.1581101695,83630.1581101695,83630.1581101695,17000972105.3241,coinmetrics-community,1.9218834269936982,1658875091592.0264,
2025-03-13,81110.2890490941,81110.2890490941,81110.2890490941,81110.2890490941,81110.2890490941,13187054160.8973,coinmetrics-community,1.864334615532672,1608931653806.9155,
2025-03-14,84105.8335517241,84105.8335517241,84105.8335517241,84105.8335517241,84105.8335517241,12765384469.0532,coinmetrics-community,1.9320354593333133,1668389628844.3645,
2025-03-15,84352.8773018703,84352.8773018703,84352.8773018703,84352.8773018703,84352.8773018703,4488395505.30748,coinmetrics-community,1.9374873260847636,1673324978903.1606,
2025-03-16,82492.1028287551,82492.1028287551,82492.1028287551,82492.1028287551,82492.1028287551,8087347558.76308,coinmetrics-community,1.894746119450727,1636449800880.6472,
2025-03-17,84013.947518118,84013.947518118,84013.947518118,84013.947518118,84013.947518118,9553690439.95843,coinmetrics-community,1.9296028955456381,1666676385336.546,
2025-03-18,82680.8065514319,82680.8065514319,82680.8065514319,82680.8065514319,82680.8065514319,10149186678.5511,coinmetrics-community,1.8989060236861497,1640266102189.8105,
2025-03-19,86774.23507218,86774.23507218,86774.23507218,86774.23507218,86774.23507218,14045050877.9342,coinmetrics-community,1.9911932421344407,1721514946126.3872,
2025-03-20,84124.9712878434,84124.9712878434,84124.9712878434,84124.9712878434,84124.9712878434,11906139748.0937,coinmetrics-community,1.929826803780835,1668993504738.9026,
2025-03-21,84069.4081800117,84069.4081800117,84069.4081800117,84069.4081800117,84069.4081800117,7663030867.28379,coinmetrics-community,1.928165154014055,1667929256877.527,
2025-03-22,83821.220305377,83821.220305377,83821.220305377,83821.220305377,83821.220305377,2969859937.63886,coinmetrics-community,1.9223588315764386,1663044522837.712,
2025-03-23,85760.8814506137,85760.8814506137,85760.8814506137,85760.8814506137,85760.8814506137,4350988460.67667,coinmetrics-community,1.966380986053732,1701569937335.2126,
2025-03-24,87322.5718568089,87322.5718568089,87322.5718568089,87322.5718568089,87322.5718568089,13411565050.7795,coinmetrics-community,2.0008793939408274,1732597247212.6855,
2025-03-25,87422.8426084161,87422.8426084161,87422.8426084161,87422.8426084161,87422.8426084161,11739095180.793,coinmetrics-community,2.0026741040033817,1734627459888.4238,
2025-03-26,86836.6760955582,86836.6760955582,86836.6760955582,86836.6760955582,86836.6760955582,10823032366.1601,coinmetrics-community,1.9885114032158295,1723038102417.2332,
2025-03-27,87211.3240169492,87211.3240169492,87211.3240169492,87211.3240169492,87211.3240169492,9744468104.09192,coinmetrics-community,1.996709094176898,1730512308533.819,
2025-03-28,84309.0783550555,84309.0783550555,84309.0783550555,84309.0783550555,84309.0783550555,13793049390.2854,coinmetrics-community,1.9282823462091283,1672964353420.1504,
2025-03-29,82497.1792472238,82497.1792472238,82497.1792472238,82497.1792472238,82497.1792472238,6647836522.4007,coinmetrics-community,1.8872433668233977,1637046774655.5232,
2025-03-30,82216.4666765049,82216.4666765049,82216.4666765049,82216.4666765049,82216.4666765049,5858367346.47629,coinmetrics-community,1.881216185430681,1631511606002.1658,
2025-03-31,82461.4496279953,82461.4496279953,82461.4496279953,82461.4496279953,82461.4496279953,12188503864.5203,coinmetrics-community,1.8870880493017759,1636411209942.2063,
2025-04-01,85226.7137936879,85226.7137936879,85226.7137936879,85226.7137936879,85226.7137936879,11781428700.8075,coinmetrics-community,1.9500766862141923,1691322616301.7249,
2025-04-02,82555.631296318,82555.631296318,82555.631296318,82555.631296318,82555.631296318,19569585298.4896,coinmetrics-community,1.8882773504046593,1638359405101.183,
2025-04-03,82931.697399474,82931.697399474,82931.697399474,82931.697399474,82931.697399474,13206589793.632,coinmetrics-community,1.8941542618128036,1645862024148.4058,
2025-04-04,83774.1797375804,83774.1797375804,83774.1797375804,83774.1797375804,83774.1797375804,17278215503.758,coinmetrics-community,1.9126673444102584,1662629046893.731,
2025-04-05,83302.1715756867,83302.1715756867,83302.1715756867,83302.1715756867,83302.1715756867,4904831268.06707,coinmetrics-community,1.9016833447333794,1653304002042.1262,
2025-04-06,77949.0884926943,77949.0884926943,77949.0884926943,77949.0884926943,77949.0884926943,13218322058.5876,coinmetrics-community,1.7801240635878879,1547096309796.6248,
2025-04-07,79421.8044105786,79421.8044105786,79421.8044105786,79421.8044105786,79421.8044105786,32545987367.7829,coinmetrics-community,1.8128169226747144,1576362060476.6785,
2025-04-08,76351.4295303916,76351.4295303916,76351.4295303916,76351.4295303916,76351.4295303916,17529114785.9125,coinmetrics-community,1.7439655745926916,1515457839297.2393,
2025-04-09,82720.6034891876,82720.6034891876,82720.6034891876,82720.6034891876,82720.6034891876,29155612909.8416,coinmetrics-community,1.8872309635239621,1641909959540.38,
2025-04-10,79558.9558252484,79558.9558252484,79558.9558252484,79558.9558252484,79558.9558252484,15533416191.3098,coinmetrics-community,1.8147281216378452,1579190648363.4094,
2025-04-11,83359.8995157802,83359.8995157802,83359.8995157802,83359.8995157802,83359.8995157802,14689184563.8442,coinmetrics-community,1.9005276237422863,1654675324685.4863,
2025-04-12,85269.2495119813,85269.2495119813,85269.2495119813,85269.2495119813,85269.2495119813,8186173133.02219,coinmetrics-community,1.9432833469455524,1692613865286.0972,
2025-04-13,83568.9544360023,83568.9544360023,83568.9544360023,83568.9544360023,83568.9544360023,10337266569.1575,coinmetrics-community,1.9039218772421993,1658907541993.3887,
2025-04-14,84589.0324135009,84589.0324135009,84589.0324135009,84589.0324135009,84589.0324135009,12483447838.9916,coinmetrics-community,1.9262023235820704,1679196255170.022,
2025-04-15,83671.3439713618,83671.3439713618,83671.3439713618,83671.3439713618,83671.3439713618,10489487965.7862,coinmetrics-community,1.9071370551656621,1661016663554.037,
2025-04-16,84151.5357562829,84151.5357562829,84151.5357562829,84151.5357562829,84151.5357562829,11003120297.8676,coinmetrics-community,1.9172708051026972,1670588196755.446,
2025-04-17,84940.5838538866,84940.5838538866,84940.5838538866,84940.5838538866,84940.5838538866,7814077006.36836,coinmetrics-community,1.9396573992306128,1686293103287.5042,
2025-04-18,84434.7727463472,84434.7727463472,84434.7727463472,84434.7727463472,84434.7727463472,3434179940.57985,coinmetrics-community,1.927799316975245,1676287312525.932,
2025-04-19,85124.721496201,85124.721496201,85124.721496201,85124.721496201,85124.721496201,4125640213.9008,coinmetrics-community,1.9434572717156722,1690021871643.1616,
2025-04-20,85101.7461545879,85101.7461545879,85101.7461545879,85101.7461545879,85101.7461545879,4658692491.38521,coinmetrics-community,1.9426378432392224,1689598441895.586,
2025-04-21,87360.7198933372,87360.7198933372,87360.7198933372,87360.7198933372,87360.7198933372,14895807506.9179,coinmetrics-community,1.9927995689339313,1734482195997.8018,
2025-04-22,93495.6106890707,93495.6106890707,93495.6106890707,93495.6106890707,93495.6106890707,20146337609.0583,coinmetrics-community,2.1282639230663345,1856331181814.3782,
2025-04-23,93695.7404772063,93695.7404772063,93695.7404772063,93695.7404772063,93695.7404772063,16741008055.4821,coinmetrics-community,2.1261098636422497,1860338085945.4592,
2025-04-24,93849.8817790766,93849.8817790766,93849.8817790766,93849.8817790766,93849.8817790766,11864055666.1455,coinmetrics-community,2.126194044694234,1863439928975.8306,
2025-04-25,94771.4128007014,94771.4128007014,94771.4128007014,94771.4128007014,94771.4128007014,15299009439.6857,coinmetrics-community,2.139689228562994,1881780070424.8152,
2025-04-26,94694.5111014027,94694.5111014027,94694.5111014027,94694.5111014027,94694.5111014027,5647420720.06013,coinmetrics-community,2.1368454882429617,1880292468574.8242,
2025-04-27,93812.876534775,93812.876534775,93812.876534775,93812.876534775,93812.876534775,5808156803.07116,coinmetrics-community,2.116303078347162,1862825953569.6738,
2025-04-28,95066.0211867329,95066.0211867329,95066.0211867329,95066.0211867329,95066.0211867329,12432788997.3494,coinmetrics-community,2.1414599497479094,1887751317170.654,
2025-04-29,94102.8403024547,94102.8403024547,94102.8403024547,94102.8403024547,94102.8403024547,10171538790.9953,coinmetrics-community,2.1164915940420426,1868668111983.0476,
2025-04-30,94236.7325143191,94236.7325143191,94236.7325143191,94236.7325143191,94236.7325143191,11036868902.172,coinmetrics-community,2.117664419217392,1871365778928.626,
2025-05-01,96411.7422635885,96411.7422635885,96411.7422635885,96411.7422635885,96411.7422635885,12508353583.598,coinmetrics-community,2.1635056908519745,1914598090283.48,
2025-05-02,96842.1021057861,96842.1021057861,96842.1021057861,96842.1021057861,96842.1021057861,9851162774.31088,coinmetrics-community,2.1700257371132774,1923192534185.8323,
2025-05-03,95943.61135301,95943.61135301,95943.61135301,95943.61135301,95943.61135301,4879554720.26373,coinmetrics-community,2.148827641148182,1905398528848.1636,
2025-05-04,94377.7899196376,94377.7899196376,94377.7899196376,94377.7899196376,94377.7899196376,6280005768.48477,coinmetrics-community,2.1136160468529854,1874342989258.6758,
2025-05-05,94853.7298594389,94853.7298594389,94853.7298594389,94853.7298594389,94853.7298594389,9712247218.28701,coinmetrics-community,2.1198315170018898,1883847029957.3733,
2025-05-06,96677.9245029223,96677.9245029223,96677.9245029223,96677.9245029223,96677.9245029223,10165321575.9186,coinmetrics-community,2.1566030190508587,1920118226994.4229,
2025-05-07,97137.3757086499,97137.3757086499,97137.3757086499,97137.3757086499,97137.3757086499,48541726514.2242,coinmetrics-community,2.1641775871229822,1929289214331.7031,
2025-05-08,103069.539295733,103069.539295733,103069.539295733,103069.539295733,103069.539295733,22020676551.497,coinmetrics-community,2.2908345636251912,2047161802262.9502,
2025-05-09,102940.802949445,102940.802949445,102940.802949445,102940.802949445,102940.802949445,15983553925.5737,coinmetrics-community,2.2831068959043845,2044649883878.203,
2025-05-10,104582.821806254,104582.821806254,104582.821806254,104582.821806254,104582.821806254,8131622618.72476,coinmetrics-community,2.3179930154044754,2077313318157.5662,
2025-05-11,103976.137798948,103976.137798948,103976.137798948,103976.137798948,103976.137798948,10013213279.7969,coinmetrics-community,2.30314847924649,2065311256125.5454,
2025-05-12,102920.074689071,102920.074689071,102920.074689071,102920.074689071,102920.074689071,17830073841.4505,coinmetrics-community,2.276547512358493,2044380972696.5603,
2025-05-13,104145.711825248,104145.711825248,104145.711825248,104145.711825248,104145.711825248,13413529666.4736,coinmetrics-community,2.2970209363653464,2068769059377.295,
2025-05-14,103572.719642022,103572.719642022,103572.719642022,103572.719642022,103572.719642022,11007810407.6528,coinmetrics-community,2.2817352097814925,2057433647794.1636,
2025-05-15,103716.283947399,103716.283947399,103716.283947399,103716.283947399,103716.283947399,12380406261.965,coinmetrics-community,2.2793299047250057,2060332819995.9563,
2025-05-16,103566.269191116,103566.269191116,103566.269191116,103566.269191116,103566.269191116,10215197692.0179,coinmetrics-community,2.272925986368772,2057396779611.088,
2025-05-17,103190.041364991,103190.041364991,103190.041364991,103190.041364991,103190.041364991,6751418099.24641,coinmetrics-community,2.263971398372875,2049968934871.8547,
2025-05-18,106015.689848919,106015.689848919,106015.689848919,106015.689848919,106015.689848919,11053921962.1957,coinmetrics-community,2.3240704676353836,2106156816753.2776,
2025-05-19,105615.828960257,105615.828960257,105615.828960257,105615.828960257,105615.828960257,16802482187.3787,coinmetrics-community,2.309462953385517,2098259532017.2595,
2025-05-20,106893.330247516,106893.330247516,106893.330247516,106893.330247516,106893.330247516,14010120613.3127,coinmetrics-community,2.3328187609635207,2123688965537.7634,
2025-05-21,109704.855619521,109704.855619521,109704.855619521,109704.855619521,109704.855619521,24209931850.2557,coinmetrics-community,2.387132485847717,2179595937622.9268,
2025-05-22,111477.014787843,111477.014787843,111477.014787843,111477.014787843,111477.014787843,18475130248.9186,coinmetrics-community,2.4191148692725477,2214857125536.5435,
2025-05-23,107291.888969901,107291.888969901,107291.888969901,107291.888969901,107291.888969901,18477759507.167,coinmetrics-community,2.325244185229265,2131757821570.904,
2025-05-24,107917.328289304,107917.328289304,107917.328289304,107917.328289304,107917.328289304,8730901815.56159,coinmetrics-community,2.3375230632787902,2144232082359.298,
2025-05-25,108914.876558445,108914.876558445,108914.876558445,108914.876558445,108914.876558445,9842172580.49656,coinmetrics-community,2.3575883785824456,2164103972791.515,
2025-05-26,109371.985172122,109371.985172122,109371.985172122,109371.985172122,109371.985172122,10470527973.7989,coinmetrics-community,2.3615409622706873,2173238869041.109,
2025-05-27,109066.345636762,109066.345636762,109066.345636762,109066.345636762,109066.345636762,15024051847.3983,coinmetrics-community,2.3483230152239987,2167213819846.428,
2025-05-28,107895.402399474,107895.402399474,107895.402399474,107895.402399474,107895.402399474,11426204036.7916,coinmetrics-community,2.319565765914059,2144001770511.488,
2025-05-29,105732.957892168,105732.957892168,105732.957892168,105732.957892168,105732.957892168,15813298293.1765,coinmetrics-community,2.269515917375292,2101084126510.3757,
2025-05-30,103981.302957919,103981.302957919,103981.302957919,103981.302957919,103981.302957919,15661318118.065,coinmetrics-community,2.2301710388100866,2066326288336.2883,
2025-05-31,104708.964150205,104708.964150205,104708.964150205,104708.964150205,104708.964150205,7461102178.51045,coinmetrics-community,2.2453195179282552,2080839122058.3977,
2025-06-01,105750.15972443,105750.15972443,105750.15972443,105750.15972443,105750.15972443,6343557225.45586,coinmetrics-community,2.2668244854256177,2101574335240.2615,
2025-06-02,105899.696926651,105899.696926651,105899.696926651,105899.696926651,105899.696926651,11007248964.3445,coinmetrics-community,2.263174032245519,2104590104579.1658,
2025-06-03,105483.98555114,105483.98555114,105483.98555114,105483.98555114,105483.98555114,10582016364.9573,coinmetrics-community,2.249049850630191,2096375961866.664,
2025-06-04,104782.844900351,104782.844900351,104782.844900351,104782.844900351,104782.844900351,9645070684.22161,coinmetrics-community,2.2306295386760513,2082482835627.2385,
2025-06-05,101669.190496785,101669.190496785,101669.190496785,101669.190496785,101669.190496785,16448511872.6744,coinmetrics-community,2.1644219757163037,2020643792695.6504,
2025-06-06,104421.051549094,104421.051549094,104421.051549094,104421.051549094,104421.051549094,12408557529.5623,coinmetrics-community,2.221377259248508,2075379908381.1829,
2025-06-07,105685.250402104,105685.250402104,105685.250402104,105685.250402104,105685.250402104,5986936894.36169,coinmetrics-community,2.246857184421021,2100553227975.266,
2025-06-08,105727.739632379,105727.739632379,105727.739632379,105727.739632379,105727.739632379,5473342828.50423,coinmetrics-community,2.2465926766265145,2101448276113.1252,
2025-06-09,110198.15871391,110198.15871391,110198.15871391,110198.15871391,110198.15871391,13556775340.0795,coinmetrics-community,2.3383291419548384,2190350694809.1885,
2025-06-10,110074.119081824,110074.119081824,110074.119081824,110074.119081824,110074.119081824,13145230463.9428,coinmetrics-community,2.3319943207037923,2187943357305.6514,
2025-06-11,108645.785558153,108645.785558153,108645.785558153,108645.785558153,108645.785558153,11626299489.1643,coinmetrics-community,2.2994649025476215,2159600242681.1958,
2025-06-12,105998.985830801,105998.985830801,105998.985830801,105998.985830801,105998.985830801,14113064476.2044,coinmetrics-community,2.2419620475504867,2107037660426.0664,
2025-06-13,106024.822087376,106024.822087376,106024.822087376,106024.822087376,106024.822087376,19183345139.589,coinmetrics-community,2.2394272436628913,2107599273522.1548,
2025-06-14,105467.108742256,105467.108742256,105467.108742256,105467.108742256,105467.108742256,6345667594.06855,coinmetrics-community,2.227143824699812,2096562615729.3809,
2025-06-15,105512.797437756,105512.797437756,105512.797437756,105512.797437756,105512.797437756,6247051630.85735,coinmetrics-community,2.227219971359887,2097515696363.0134,
2025-06-16,107243.933345997,107243.933345997,107243.933345997,107243.933345997,107243.933345997,12597510652.6217,coinmetrics-community,2.258771912231857,2131978316689.5857,
2025-06-17,104628.396527469,104628.396527469,104628.396527469,104628.396527469,104628.396527469,15067264348.0747,coinmetrics-community,2.2032072026463054,2080020784384.478,
2025-06-18,104813.367028638,104813.367028638,104813.367028638,104813.367028638,104813.367028638,11867998161.9697,coinmetrics-community,2.20581725377894,2083743868284.6494,
2025-06-19,104709.720767095,104709.720767095,104709.720767095,104709.720767095,104709.720767095,6724785029.33014,coinmetrics-community,2.202308074044105,2081724883731.6504,
2025-06-20,103274.958839567,103274.958839567,103274.958839567,103274.958839567,103274.958839567,12460806238.089,coinmetrics-community,2.1712340906871987,2053249239006.7852,
2025-06-21,101548.196381648,101548.196381648,101548.196381648,101548.196381648,101548.196381648,7931227805.04456,coinmetrics-community,2.1341088047568837,2018963554074.313,
2025-06-22,100899.234151958,100899.234151958,100899.234151958,100899.234151958,100899.234151958,19257678202.8601,coinmetrics-community,2.1199152283858615,2006094738210.3289,
2025-06-23,105496.947495324,105496.947495324,105496.947495324,105496.947495324,105496.947495324,19741727985.3473,coinmetrics-community,2.2134869832042128,2097542487005.0586,
2025-06-24,105964.065136762,105964.065136762,105964.065136762,105964.065136762,105964.065136762,12464279133.9581,coinmetrics-community,2.220349702793955,2106868694059.5767,
2025-06-25,107305.065199591,107305.065199591,107305.065199591,107305.065199591,107305.065199591,12257398202.2773,coinmetrics-community,2.2450664068043222,2133579562773.2737,
2025-06-26,107012.822824079,107012.822824079,107012.822824079,107012.822824079,107012.822824079,9443460585.4113,coinmetrics-community,2.2341438252792543,2127821320993.0576,
2025-06-27,107090.95905114,107090.95905114,107090.95905114,107090.95905114,107090.95905114,9614561384.06201,coinmetrics-community,2.2307257878946083,2129413451733.8088,
2025-06-28,107357.617171245,107357.617171245,107357.617171245,107357.617171245,107357.617171245,2888544608.47837,coinmetrics-community,2.2355962704995864,2134764370076.9768,
2025-06-29,108360.901696376,108360.901696376,108360.901696376,108360.901696376,108360.901696376,4831141636.39068,coinmetrics-community,2.255148786868359,2154771519854.2253,
2025-06-30,107153.101135885,107153.101135885,107153.101135885,107153.101135885,107153.101135885,8629191668.70001,coinmetrics-community,2.224449219216365,2130802792373.5325,
2025-07-01,105566.356597896,105566.356597896,105566.356597896,105566.356597896,105566.356597896,9762669802.18508,coinmetrics-community,2.190371437932748,2099293644623.7915,
2025-07-02,108927.13451841,108927.13451841,108927.13451841,108927.13451841,108927.13451841,13097857125.5122,coinmetrics-community,2.2572933277993874,2166178189392.104,
2025-07-03,109632.159126826,109632.159126826,109632.159126826,109632.159126826,109632.159126826,11313537979.8633,coinmetrics-community,2.2682210955541695,2180250385703.646,
2025-07-04,108081.395758621,108081.395758621,108081.395758621,108081.395758621,108081.395758621,8213665633.86867,coinmetrics-community,2.215345083660493,2149464119255.1885,
2025-07-05,108244.788813852,108244.788813852,108244.788813852,108244.788813852,108244.788813852,2970350655.80565,coinmetrics-community,2.2180745576921685,2152766699219.0435,
2025-07-06,109180.005545587,109180.005545587,109180.005545587,109180.005545587,109180.005545587,4874354794.49179,coinmetrics-community,2.236333996776805,2171420830654.5227,
2025-07-07,108249.401004091,108249.401004091,108249.401004091,108249.401004091,108249.401004091,9140336151.15488,coinmetrics-community,2.2137003448829926,2152963631063.5625,
2025-07-08,108956.631703098,108956.631703098,108956.631703098,108956.631703098,108956.631703098,8186436336.05717,coinmetrics-community,2.2241472452865456,2167078035042.8594,
2025-07-09,111416.806720047,111416.806720047,111416.806720047,111416.806720047,111416.806720047,13148632993.2159,coinmetrics-community,2.268230580456622,2216066450892.27,
2025-07-10,115873.903783752,115873.903783752,115873.903783752,115873.903783752,115873.903783752,18917035798.1761,coinmetrics-community,2.3546017983970526,2304779478142.834,
2025-07-11,117618.605087084,117618.605087084,117618.605087084,117618.605087084,117618.605087084,20639943017.4878,coinmetrics-community,2.38212290459618,2339537436457.521,
2025-07-12,117382.372540912,117382.372540912,117382.372540912,117382.372540912,117382.372540912,7311796759.56035,coinmetrics-community,2.37341147249211,2334893219628.7124,
2025-07-13,118899.737107832,118899.737107832,118899.737107832,118899.737107832,118899.737107832,8457114068.99425,coinmetrics-community,2.4017092198498973,2365126544898.0674,
2025-07-14,119871.096197838,119871.096197838,119871.096197838,119871.096197838,119871.096197838,21732121551.7956,coinmetrics-community,2.4125084332311304,2384502915692.5654,
2025-07-15,117710.89100789,117710.89100789,117710.89100789,117710.89100789,117710.89100789,26059070059.7074,coinmetrics-community,2.3641951149221963,2341591953037.3784,
2025-07-16,118730.187791642,118730.187791642,118730.187791642,118730.187791642,118730.187791642,16264314608.0564,coinmetrics-community,2.368875124533446,2361917162381.5225,
2025-07-17,119501.663770894,119501.663770894,119501.663770894,119501.663770894,119501.663770894,16580270713.1073,coinmetrics-community,2.3749858049492363,2377315036151.223,
2025-07-18,117958.511213033,117958.511213033,117958.511213033,117958.511213033,117958.511213033,18551423140.5771,coinmetrics-community,2.340384009446915,2346669299827.5835,
2025-07-19,117908.52473232,117908.52473232,117908.52473232,117908.52473232,117908.52473232,5920350566.57308,coinmetrics-community,2.336414214135971,2345727189536.0054,
2025-07-20,117305.680953828,117305.680953828,117305.680953828,117305.680953828,117305.680953828,9654593939.04319,coinmetrics-community,2.323370138320551,2333788554645.3423,
2025-07-21,117432.435634717,117432.435634717,117432.435634717,117432.435634717,117432.435634717,14743946128.5697,coinmetrics-community,2.3218439654227243,2336365376851.4854,
2025-07-22,120068.00578872,120068.00578872,120068.00578872,120068.00578872,120068.00578872,17779266385.7386,coinmetrics-community,2.3670956161477066,2388857383305.068,
2025-07-23,118650.587165693,118650.587165693,118650.587165693,118650.587165693,118650.587165693,13812421662.3508,coinmetrics-community,2.334400354595592,2360708516578.7466,
2025-07-24,118377.081936879,118377.081936879,118377.081936879,118377.081936879,118377.081936879,14165320177.4995,coinmetrics-community,2.3257901969225427,2355321152006.9604,
2025-07-25,117520.17335038,117520.17335038,117520.17335038,117520.17335038,117520.17335038,26172458177.6171,coinmetrics-community,2.304027155259395,2338330202043.723,
2025-07-26,117983.204598773,117983.204598773,117983.204598773,117983.204598773,117983.204598773,5974910079.14787,coinmetrics-community,2.3118305041157874,2347599668866.052,
2025-07-27,119438.164235535,119438.164235535,119438.164235535,119438.164235535,119438.164235535,7479219337.59507,coinmetrics-community,2.3388539623352456,2376601218524.414,
2025-07-28,118022.637320281,118022.637320281,118022.637320281,118022.637320281,118022.637320281,12091447012.3777,coinmetrics-community,2.3084821087206895,2348488298493.5293,
2025-07-29,117871.370895383,117871.370895383,117871.370895383,117871.370895383,117871.370895383,12269216871.8958,coinmetrics-community,2.3014237166265827,2345519559459.0205,
2025-07-30,117732.643660725,117732.643660725,117732.643660725,117732.643660725,117732.643660725,12826194664.6619,coinmetrics-community,2.2955727612124828,2342809433816.109,
2025-07-31,115848.339985096,115848.339985096,115848.339985096,115848.339985096,115848.339985096,13678749060.6033,coinmetrics-community,2.2576734658479003,2305368665823.827,
2025-08-01,113282.144336061,113282.144336061,113282.144336061,113282.144336061,113282.144336061,22380918296.6228,coinmetrics-community,2.2070884136924738,2254355122015.2285,
2025-08-02,112545.673659264,112545.673659264,112545.673659264,112545.673659264,112545.673659264,9005629652.90602,coinmetrics-community,2.1923149563631275,2239750089818.0874,
2025-08-03,114263.693947691,114263.693947691,114263.693947691,114263.693947691,114263.693947691,6136554181.33391,coinmetrics-community,2.2240971442941064,2273995431945.681,
2025-08-04,115199.933659264,115199.933659264,115199.933659264,115199.933659264,115199.933659264,9335003412.4173,coinmetrics-community,2.240631105189466,2292689374189.235,
2025-08-05,114111.36101841,114111.36101841,114111.36101841,114111.36101841,114111.36101841,11081013174.6559,coinmetrics-community,2.2178999959543493,2271073998199.12,
2025-08-06,115034.678748977,115034.678748977,115034.678748977,115034.678748977,115034.678748977,9202525953.82309,coinmetrics-community,2.2349723954934775,2289501873478.173,
2025-08-07,117444.913924313,117444.913924313,117444.913924313,117444.913924313,117444.913924313,11371673339.0336,coinmetrics-community,2.2781308995532936,2337531175120.7417,
2025-08-08,116740.687720923,116740.687720923,116740.687720923,116740.687720923,116740.687720923,10220840583.6054,coinmetrics-community,2.2621480824612368,2323564790361.163,
2025-08-09,116511.655739375,116511.655739375,116511.655739375,116511.655739375,116511.655739375,7567658205.31683,coinmetrics-community,2.2569920501462186,2319048455360.759,
2025-08-10,119189.198160275,119189.198160275,119189.198160275,119189.198160275,119189.198160275,10734330281.844,coinmetrics-community,2.307419605120224,2372392553182.501,
2025-08-11,118742.043048644,118742.043048644,118742.043048644,118742.043048644,118742.043048644,19799682749.605,coinmetrics-community,2.296376996154095,2363546734531.7153,
2025-08-12,120154.32493507,120154.32493507,120154.32493507,120154.32493507,120154.32493507,14392280168.3379,coinmetrics-community,2.320647620011929,2391709484341.113,
2025-08-13,123442.67982225,123442.67982225,123442.67982225,123442.67982225,123442.67982225,18966729854.0004,coinmetrics-community,2.379739102823155,2457225396914.5664,
2025-08-14,118510.27128083,118510.27128083,118510.27128083,118510.27128083,118510.27128083,25953822040.2339,coinmetrics-community,2.2824160062100023,2359101850712.399,
2025-08-15,117311.209947715,117311.209947715,117311.209947715,117311.209947715,117311.209947715,14256993272.288,coinmetrics-community,2.25769289975179,2335282091620.0776,
2025-08-16,117462.42684623,117462.42684623,117462.42684623,117462.42684623,117462.42684623,5886947036.54497,coinmetrics-community,2.2532741501991906,2338348119563.309,
2025-08-17,117601.952231888,117601.952231888,117601.952231888,117601.952231888,117601.952231888,5638822051.36832,coinmetrics-community,2.2553050008051305,2341181540292.769,
2025-08-18,116312.914397989,116312.914397989,116312.914397989,116312.914397989,116312.914397989,16233312750.0072,coinmetrics-community,2.229656237704237,2315575768549.498,
2025-08-19,112886.10147543,112886.10147543,112886.10147543,112886.10147543,112886.10147543,16501190958.4039,coinmetrics-community,2.162405961142789,2247401509643.068,
2025-08-20,114277.320860316,114277.320860316,114277.320860316,114277.320860316,114277.320860316,14475176116.2648,coinmetrics-community,2.187593393945847,2275149059638.685,
2025-08-21,112347.102298302,112347.102298302,112347.102298302,112347.102298302,112347.102298302,11956571281.9886,coinmetrics-community,2.1500922222394157,2236772618107.5776,
2025-08-22,116800.977035073,116800.977035073,116800.977035073,116800.977035073,116800.977035073,18957055699.3406,coinmetrics-community,2.2309603181709265,2325500247698.1377,
2025-08-23,115280.444723834,115280.444723834,115280.444723834,115280.444723834,115280.444723834,8291055728.14392,coinmetrics-community,2.2012721767196215,2295281301319.894,
2025-08-24,113516.122474401,113516.122474401,113516.122474401,113516.122474401,113516.122474401,14043692075.484,coinmetrics-community,2.167328504514984,2260210071457.8794,
2025-08-25,110089.533314144,110089.533314144,110089.533314144,110089.533314144,110089.533314144,21453019255.9359,coinmetrics-community,2.101608862718138,2192032047921.6606,
2025-08-26,111895.295495307,111895.295495307,111895.295495307,111895.295495307,111895.295495307,16664986838.2408,coinmetrics-community,2.1348985660008872,2228039674983.5347,
2025-08-27,111252.307236061,111252.307236061,111252.307236061,111252.307236061,111252.307236061,13497448429.4899,coinmetrics-community,2.1218251202374474,2215288753962.2065,
2025-08-28,112481.152904109,112481.152904109,112481.152904109,112481.152904109,112481.152904109,11943143070.9965,coinmetrics-community,2.1427891220239426,2239813780373.4775,
2025-08-29,108473.330441642,108473.330441642,108473.330441642,108473.330441642,108473.330441642,18145672643.3922,coinmetrics-community,2.0585239707912053,2160062777589.6702,
2025-08-30,108746.150824851,108746.150824851,108746.150824851,108746.150824851,108746.150824851,8110253841.67616,coinmetrics-community,2.063022252855391,2165549227144.0295,
2025-08-31,108316.44689481,108316.44689481,108316.44689481,108316.44689481,108316.44689481,7415754575.45778,coinmetrics-community,2.054653984489101,2157036868947.1282,
2025-09-01,108992.324614863,108992.324614863,108992.324614863,108992.324614863,108992.324614863,14346518910.4434,coinmetrics-community,2.0664722780336136,2170551279014.5664,
2025-09-02,111140.947159836,111140.947159836,111140.947159836,111140.947159836,111140.947159836,16837306198.3431,coinmetrics-community,2.1061331661206095,2213397100781.9453,
2025-09-03,111780.743587376,111780.743587376,111780.743587376,111780.743587376,111780.743587376,11520236355.7208,coinmetrics-community,2.117352868701102,2226186647369.095,
2025-09-04,110900.633412981,110900.633412981,110900.633412981,110900.633412981,110900.633412981,12259494620.5329,coinmetrics-community,2.0988399671512004,2208707196345.665,
2025-09-05,110711.229484804,110711.229484804,110711.229484804,110711.229484804,110711.229484804,17849467845.7437,coinmetrics-community,2.0909910896315393,2204984484343.3813,
2025-09-06,110243.650741672,110243.650741672,110243.650741672,110243.650741672,110243.650741672,4885952743.03367,coinmetrics-community,2.081547548704114,2195720165768.2253,
2025-09-07,111307.784421087,111307.784421087,111307.784421087,111307.784421087,111307.784421087,5503361207.78796,coinmetrics-community,2.1007955085878978,2216968057740.037,
2025-09-08,112112.311575102,112112.311575102,112112.311575102,112112.311575102,112112.311575102,11881644863.4167,coinmetrics-community,2.114485395928852,2233048249212.6406,
2025-09-09,111486.396779836,111486.396779836,111486.396779836,111486.396779836,111486.396779836,13874493651.9442,coinmetrics-community,2.1019000165432096,2220639486843.1694,
2025-09-10,113930.748423437,113930.748423437,113930.748423437,113930.748423437,113930.748423437,15842219824.0204,coinmetrics-community,2.145924375428194,2269387779972.4683,
2025-09-11,115445.812932648,115445.812932648,115445.812932648,115445.812932648,115445.812932648,13142678559.4509,coinmetrics-community,2.1718284060122492,2299620481124.1,
2025-09-12,116149.174031958,116149.174031958,116149.174031958,116149.174031958,116149.174031958,14548222180.8919,coinmetrics-community,2.1834524058125826,2313674623907.2764,
2025-09-13,115965.627551268,115965.627551268,115965.627551268,115965.627551268,115965.627551268,7327141520.62036,coinmetrics-community,2.178678922337634,2310069502058.3306,
2025-09-14,115395.933423437,115395.933423437,115395.933423437,115395.933423437,115395.933423437,6751659781.01156,coinmetrics-community,2.1673601179200923,2298776200578.8613,
2025-09-15,115420.931814144,115420.931814144,115420.931814144,115420.931814144,115420.931814144,13547222726.4333,coinmetrics-community,2.1656665085615017,2299332980316.204,
2025-09-16,116798.867050906,116798.867050906,116798.867050906,116798.867050906,116798.867050906,11803048946.7496,coinmetrics-community,2.1888797241350617,2326841616711.2607,
2025-09-17,116575.777628866,116575.777628866,116575.777628866,116575.777628866,116575.777628866,16797382927.5482,coinmetrics-community,2.1818070259413114,2322443908090.3315,
2025-09-18,117014.426762174,117014.426762174,117014.426762174,117014.426762174,117014.426762174,13337562658.4476,coinmetrics-community,2.1884252567803575,2331240531967.0737,
2025-09-19,115612.372541695,115612.372541695,115612.372541695,115612.372541695,115612.372541695,10566943391.4131,coinmetrics-community,2.1584515968726663,2303368556120.721,
2025-09-20,115753.165960549,115753.165960549,115753.165960549,115753.165960549,115753.165960549,4442948564.842,coinmetrics-community,2.1600824520314994,2306228956192.6875,
2025-09-21,115320.858829047,115320.858829047,115320.858829047,115320.858829047,115320.858829047,4649633986.70888,coinmetrics-community,2.1511992423053936,2297674188701.3037,
2025-09-22,112727.70773813,112727.70773813,112727.70773813,112727.70773813,112727.70773813,20251353066.2208,coinmetrics-community,2.1030843290113816,2246060606259.7524,
2025-09-23,112052.393282022,112052.393282022,112052.393282022,112052.393282022,112052.393282022,13064802558.8277,coinmetrics-community,2.0884207525288683,2232655622694.4663,
2025-09-24,113324.623592192,113324.623592192,113324.623592192,113324.623592192,113324.623592192,13125431362.8829,coinmetrics-community,2.1098438050041244,2258059127591.763,
2025-09-25,109166.347974874,109166.347974874,109166.347974874,109166.347974874,109166.347974874,22812451800.301,coinmetrics-community,2.0312424703115273,2175251165398.7356,
2025-09-26,109669.102166861,109669.102166861,109669.102166861,109669.102166861,109669.102166861,17186588078.0118,coinmetrics-community,2.0392977420667635,2185314295488.7644,
2025-09-27,109644.73069287,109644.73069287,109644.73069287,109644.73069287,109644.73069287,5764670549.82466,coinmetrics-community,2.0384097258593887,2184881768009.1887,
2025-09-28,112170.00778609,112170.00778609,112170.00778609,112170.00778609,112170.00778609,8417980303.99689,coinmetrics-community,2.0843982136269275,2235260600040.1855,
2025-09-29,114341.141435418,114341.141435418,114341.141435418,114341.141435418,114341.141435418,15885916390.7229,coinmetrics-community,2.122720877587773,2278575750081.5845,
2025-09-30,113971.742796902,113971.742796902,113971.742796902,113971.742796902,113971.742796902,17008581021.3861,coinmetrics-community,2.112807213335253,2271271762904.084,
2025-10-01,118393.270386324,118393.270386324,118393.270386324,118393.270386324,118393.270386324,19575644389.5177,coinmetrics-community,2.186155026712077,2359441494737.0894,
2025-10-02,120558.594007013,120558.594007013,120558.594007013,120558.594007013,120558.594007013,19649552279.1476,coinmetrics-community,2.221772196583208,2402645137487.716,
2025-10-03,122348.127640269,122348.127640269,122348.127640269,122348.127640269,122348.127640269,23481212574.1403,coinmetrics-community,2.249202943238196,2438354357753.2856,
2025-10-04,122379.744317651,122379.744317651,122379.744317651,122379.744317651,122379.744317651,9406609215.42771,coinmetrics-community,2.247639041410611,2439035713312.3604,
2025-10-05,123523.768313852,123523.768313852,123523.768313852,123523.768313852,123523.768313852,19472740991.5022,coinmetrics-community,2.266766621760195,2461893696556.56,
2025-10-06,124824.453666861,124824.453666861,124824.453666861,124824.453666861,124824.453666861,20349578981.2626,coinmetrics-community,2.287145426879909,2487865019395.093,
2025-10-07,121587.699236704,121587.699236704,121587.699236704,121587.699236704,121587.699236704,22491351847.6363,coinmetrics-community,2.2193474280974277,2423405991080.0264,
2025-10-08,123390.353094682,123390.353094682,123390.353094682,123390.353094682,123390.353094682,18680145344.3783,coinmetrics-community,2.248606081441407,2459392369263.4487,
2025-10-09,121603.33278609,121603.33278609,121603.33278609,121603.33278609,121603.33278609,20984333645.4925,coinmetrics-community,2.2125534313089377,2423819431448.1187,
2025-10-10,113754.852328171,113754.852328171,113754.852328171,113754.852328171,113754.852328171,47908057116.6985,coinmetrics-community,2.070562788244427,2267429035644.9536,
2025-10-11,110940.113648159,110940.113648159,110940.113648159,110940.113648159,110940.113648159,28542814310.388,coinmetrics-community,2.019478996261419,2211374961639.2163,
2025-10-12,115152.917045003,115152.917045003,115152.917045003,115152.917045003,115152.917045003,26508865408.3805,coinmetrics-community,2.0951257451651712,2295401165962.6973,
2025-10-13,115332.252929573,115332.252929573,115332.252929573,115332.252929573,115332.252929573,21083944129.2158,coinmetrics-community,2.09746317757528,2299030741394.9785,
2025-10-14,113327.079410286,113327.079410286,113327.079410286,113327.079410286,113327.079410286,27503974115.9861,coinmetrics-community,2.056829337301677,2259119504832.801,
2025-10-15,110862.872485389,110862.872485389,110862.872485389,110862.872485389,110862.872485389,21055442349.496,coinmetrics-community,2.0058910258061653,2210046641902.439,
2025-10-16,108135.049605786,108135.049605786,108135.049605786,108135.049605786,108135.049605786,27655223427.2783,coinmetrics-community,1.9578568178170297,2155719311026.7778,
2025-10-17,106625.668651373,106625.668651373,106625.668651373,106625.668651373,106625.668651373,29417620449.2251,coinmetrics-community,1.9292830315776204,2125682123928.4111,
2025-10-18,107143.913935126,107143.913935126,107143.913935126,107143.913935126,107143.913935126,9105737752.26862,coinmetrics-community,1.9381495183779993,2136069072945.8809,
2025-10-19,108706.663763881,108706.663763881,108706.663763881,108706.663763881,108706.663763881,12808176441.5326,coinmetrics-community,1.965929731213064,2167271973156.9055,
2025-10-20,110640.249515488,110640.249515488,110640.249515488,110640.249515488,110640.249515488,18226847720.1372,coinmetrics-community,2.0002412420408935,2205873161783.9473,
2025-10-21,108700.382071888,108700.382071888,108700.382071888,108700.382071888,108700.382071888,28952668393.5619,coinmetrics-community,1.9642552693241937,2167248302706.2048,
2025-10-22,107667.630188486,107667.630188486,107667.630188486,107667.630188486,107667.630188486,23143527221.0646,coinmetrics-community,1.9422693938130509,2146708963448.5059,
2025-10-23,110060.936797195,110060.936797195,110060.936797195,110060.936797195,110060.936797195,16633806927.7467,coinmetrics-community,1.9838505829202955,2194476255972.5574,
2025-10-24,111024.94314699,111024.94314699,111024.94314699,111024.94314699,111024.94314699,14621175357.4424,coinmetrics-community,2.0002399703642184,2213759431224.074,
2025-10-25,111614.535857686,111614.535857686,111614.535857686,111614.535857686,111614.535857686,5865239460.8839,coinmetrics-community,2.010123020095332,2225571303267.163,
2025-10-26,114557.100460549,114557.100460549,114557.100460549,114557.100460549,114557.100460549,11180619667.2402,coinmetrics-community,2.061141989497095,2284298071832.6084,
2025-10-27,114087.773805085,114087.773805085,114087.773805085,114087.773805085,114087.773805085,16240988722.1317,coinmetrics-community,2.0506486983041583,2274991986566.83,
2025-10-28,112980.685846289,112980.685846289,112980.685846289,112980.685846289,112980.685846289,29642862016.4457,coinmetrics-community,2.0269852854220023,2252973055585.6294,
2025-10-29,110206.347983051,110206.347983051,110206.347983051,110206.347983051,110206.347983051,19932119573.4112,coinmetrics-community,1.9748570714184714,2197691726032.41,
2025-10-30,108019.723841905,108019.723841905,108019.723841905,108019.723841905,108019.723841905,20863177149.6227,coinmetrics-community,1.9325248327320044,2154140935697.1548,
2025-10-31,109554.239627703,109554.239627703,109554.239627703,109554.239627703,109554.239627703,16831576618.7349,coinmetrics-community,1.9596274069163773,2184790344305.3538,
2025-11-01,110005.295855348,110005.295855348,110005.295855348,110005.295855348,110005.295855348,5659876251.10996,coinmetrics-community,1.9663440701835697,2193832993167.6711,
2025-11-02,110389.168627119,110389.168627119,110389.168627119,110389.168627119,110389.168627119,8366699632.6598,coinmetrics-community,1.9727764696344197,2201542028456.724,
2025-11-03,106495.802789889,106495.802789889,106495.802789889,106495.802789889,106495.802789889,21396740357.5281,coinmetrics-community,1.9020882532144816,2123942098026.172,
2025-11-04,101349.73723232,101349.73723232,101349.73723232,101349.73723232,101349.73723232,32158894943.1755,coinmetrics-community,1.8116855886218344,2021350949128.4888,
2025-11-05,103915.88479135,103915.88479135,103915.88479135,103915.88479135,103915.88479135,21499372722.4239,coinmetrics-community,1.8570557344204919,2072575814667.257,
2025-11-06,101241.573677966,101241.573677966,101241.573677966,101241.573677966,101241.573677966,18618495846.6384,coinmetrics-community,1.8097201631689654,2019281654873.9138,
2025-11-07,103428.471746932,103428.471746932,103428.471746932,103428.471746932,103428.471746932,20941307903.6144,coinmetrics-community,1.8428465053331913,2062945632162.0864,
2025-11-08,102335.021439217,102335.021439217,102335.021439217,102335.021439217,102335.021439217,8841475521.14124,coinmetrics-community,1.8227583856026046,2041174456726.6418,
2025-11-09,104685.54544097,104685.54544097,104685.54544097,104685.54544097,104685.54544097,11037810584.395,coinmetrics-community,1.8641651761462625,2088104138262.2363,
2025-11-10,106082.478156926,106082.478156926,106082.478156926,106082.478156926,106082.478156926,15848166863.4214,coinmetrics-community,1.8875443600732529,2116014386447.375,
2025-11-11,102974.405611631,102974.405611631,102974.405611631,102974.405611631,102974.405611631,17179170709.978,coinmetrics-community,1.831888197421843,2054067273200.924,
2025-11-12,101682.126652835,101682.126652835,101682.126652835,101682.126652835,101682.126652835,15894584331.0598,coinmetrics-community,1.808509903130079,2028334526602.0334,
2025-11-13,100035.310145237,100035.310145237,100035.310145237,100035.310145237,100035.310145237,25226563256.0802,coinmetrics-community,1.7800126434105845,1995531055051.6218,
2025-11-14,94502.5476025716,94502.5476025716,94502.5476025716,94502.5476025716,94502.5476025716,30180964067.9681,coinmetrics-community,1.6842606972655323,1885204557913.1167,
2025-11-15,95541.3158389831,95541.3158389831,95541.3158389831,95541.3158389831,95541.3158389831,10481337826.1462,coinmetrics-community,1.7025099652616347,1905969346288.112,
2025-11-16,94182.3130996493,94182.3130996493,94182.3130996493,94182.3130996493,94182.3130996493,14612642085.3864,coinmetrics-community,1.6785525812642026,1878905175037.5247,
2025-11-17,91911.4713471654,91911.4713471654,91911.4713471654,91911.4713471654,91911.4713471654,23256453972.3043,coinmetrics-community,1.6392867114437717,1833638268626.4456,
2025-11-18,92836.4419111631,92836.4419111631,92836.4419111631,92836.4419111631,92836.4419111631,24872777467.1422,coinmetrics-community,1.654516965238705,1852130060915.071,
2025-11-19,91320.4811332554,91320.4811332554,91320.4811332554,91320.4811332554,91320.4811332554,21238488251.4041,coinmetrics-community,1.628739580213074,1821925037070.4468,
2025-11-20,86911.2980590298,86911.2980590298,86911.2980590298,86911.2980590298,86911.2980590298,24504784415.5497,coinmetrics-community,1.5515619978194948,1733993481993.4502,
2025-11-21,84948.0463205727,84948.0463205727,84948.0463205727,84948.0463205727,84948.0463205727,36802830241.9936,coinmetrics-community,1.5202473672522108,1694864140154.9482,
2025-11-22,84775.0015452952,84775.0015452952,84775.0015452952,84775.0015452952,84775.0015452952,10601923533.9638,coinmetrics-community,1.5063202250156786,1691449473896.7935,
2025-11-23,86872.4546630625,86872.4546630625,86872.4546630625,86872.4546630625,86872.4546630625,12948187027.7004,coinmetrics-community,1.5408129016405958,1733336869377.817,
2025-11-24,88377.6024421391,88377.6024421391,88377.6024421391,88377.6024421391,88377.6024421391,18282063677.4627,coinmetrics-community,1.5674035927405894,1763408070508.766,
2025-11-25,87434.550610754,87434.550610754,87434.550610754,87434.550610754,87434.550610754,14551807977.3867,coinmetrics-community,1.550709768072391,1744622674821.2332,
2025-11-26,90449.2770675044,90449.2770675044,90449.2770675044,90449.2770675044,90449.2770675044,14920757378.3425,coinmetrics-community,1.6019179596137354,1804823283719.3835,
2025-11-27,91336.2000452952,91336.2000452952,91336.2000452952,91336.2000452952,91336.2000452952,12150068250.0178,coinmetrics-community,1.6180110246025807,1822561745081.4658,
2025-11-28,90990.1266104617,90990.1266104617,90990.1266104617,90990.1266104617,90990.1266104617,14066236141.5894,coinmetrics-community,1.6124043653578792,1815698698812.7935,
2025-11-29,90842.0738243717,90842.0738243717,90842.0738243717,90842.0738243717,90842.0738243717,5755699796.95757,coinmetrics-community,1.609812435967487,1812783212323.2876,
2025-11-30,90607.7021513735,90607.7021513735,90607.7021513735,90607.7021513735,90607.7021513735,6574524333.17532,coinmetrics-community,1.605936798624271,1808153535032.7244,
2025-12-01,86504.6368156049,86504.6368156049,86504.6368156049,86504.6368156049,86504.6368156049,22724122357.9203,coinmetrics-community,1.533958697259218,1726309340197.7156,
2025-12-02,91528.0245809468,91528.0245809468,91528.0245809468,91528.0245809468,91528.0245809468,18531414678.9291,coinmetrics-community,1.6233866164835693,1826593716093.038,
2025-12-03,93609.0938658679,93609.0938658679,93609.0938658679,93609.0938658679,93609.0938658679,18693830635.0272,coinmetrics-community,1.6594397707736588,1868163523113.6948,
2025-12-04,92205.5929544126,92205.5929544126,92205.5929544126,92205.5929544126,92205.5929544126,14272111164.6534,coinmetrics-community,1.6346860768202705,1840191787722.407,
2025-12-05,89279.8344634717,89279.8344634717,89279.8344634717,89279.8344634717,89279.8344634717,14846702903.8294,coinmetrics-community,1.5845510954223285,1781834205884.9922,
2025-12-06,89169.5570610754,89169.5570610754,89169.5570610754,89169.5570610754,89169.5570610754,6140983937.04329,coinmetrics-community,1.5825974776524672,1779678725951.9175,
2025-12-07,90067.847399474,90067.847399474,90067.847399474,90067.847399474,90067.847399474,9071904290.11146,coinmetrics-community,1.5985004613781386,1797652167928.5693,
2025-12-08,90673.1444436003,90673.1444436003,90673.1444436003,90673.1444436003,90673.1444436003,13207334544.5714,coinmetrics-community,1.6096177386431436,1809775147324.2783,
2025-12-09,92808.8518477498,92808.8518477498,92808.8518477498,92808.8518477498,92808.8518477498,15802628094.8015,coinmetrics-community,1.6469894512126808,1852439848225.9653,
2025-12-10,92102.9300917592,92102.9300917592,92102.9300917592,92102.9300917592,92102.9300917592,15442453873.4837,coinmetrics-community,1.6325770870501284,1838394451226.9824,
2025-12-11,92623.7198708358,92623.7198708358,92623.7198708358,92623.7198708358,92623.7198708358,16063500689.3774,coinmetrics-community,1.6416453987249757,1848835839973.1758,
2025-12-12,90331.6083091759,90331.6083091759,90331.6083091759,90331.6083091759,90331.6083091759,12884081085.879,coinmetrics-community,1.6020026597826393,1803124581759.215,
2025-12-13,90245.267264173,90245.267264173,90245.267264173,90245.267264173,90245.267264173,4168500520.41032,coinmetrics-community,1.6004071227927794,1801441441839.3125,
2025-12-14,88096.3826142607,88096.3826142607,88096.3826142607,88096.3826142607,88096.3826142607,7610477549.80478,coinmetrics-community,1.5625992937931457,1758581468490.5964,
2025-12-15,86352.5802565751,86352.5802565751,86352.5802565751,86352.5802565751,86352.5802565751,15291338042.0332,coinmetrics-community,1.5334507834438562,1723807816697.5964,
2025-12-16,87752.4290336061,87752.4290336061,87752.4290336061,87752.4290336061,87752.4290336061,13807826563.1472,coinmetrics-community,1.5583000660090016,1751792518937.351,
2025-12-17,86059.5522241379,86059.5522241379,86059.5522241379,86059.5522241379,86059.5522241379,15690749393.5874,coinmetrics-community,1.529104503632707,1718034910274.951,
2025-12-18,85434.1928673291,85434.1928673291,85434.1928673291,85434.1928673291,85434.1928673291,18290414008.2154,coinmetrics-community,1.5183951212093738,1705589102848.2754,
2025-12-19,88168.0738325541,88168.0738325541,88168.0738325541,88168.0738325541,88168.0738325541,15431092856.7529,coinmetrics-community,1.5669393446155329,1760207641640.7705,
2025-12-20,88292.4536373466,88292.4536373466,88292.4536373466,88292.4536373466,88292.4536373466,3887794491.53949,coinmetrics-community,1.5699331395911071,1762731347927.2922,
2025-12-21,88533.4309830508,88533.4309830508,88533.4309830508,88533.4309830508,88533.4309830508,5539567171.58185,coinmetrics-community,1.5740329131051052,1767580565650.2676,
2025-12-22,88474.4622331969,88474.4622331969,88474.4622331969,88474.4622331969,88474.4622331969,13194233499.9403,coinmetrics-community,1.5730377244463174,1766441678579.3882,
2025-12-23,87365.9937872589,87365.9937872589,87365.9937872589,87365.9937872589,87365.9937872589,11250364614.5954,coinmetrics-community,1.5534926720508597,1744350079363.6633,
2025-12-24,87625.6707895967,87625.6707895967,87625.6707895967,87625.6707895967,87625.6707895967,8124244794.01407,coinmetrics-community,1.5586263806194098,1749578331319.529,
2025-12-25,87231.3047685564,87231.3047685564,87231.3047685564,87231.3047685564,87231.3047685564,5710890301.50069,coinmetrics-community,1.551577942876589,1741741838969.6328,
2025-12-26,87334.8077808299,87334.8077808299,87334.8077808299,87334.8077808299,87334.8077808299,12537667436.3325,coinmetrics-community,1.5547999122682274,1743851052661.9036,
2025-12-27,87695.4159076564,87695.4159076564,87695.4159076564,87695.4159076564,87695.4159076564,3260602911.6727,coinmetrics-community,1.5611304886162418,1751088738231.2805,
2025-12-28,87747.6491548802,87747.6491548802,87747.6491548802,87747.6491548802,87747.6491548802,4029679917.88118,coinmetrics-community,1.5623713813655937,1752174226540.3967,
2025-12-29,87133.5103991818,87133.5103991818,87133.5103991818,87133.5103991818,87133.5103991818,15862580667.1147,coinmetrics-community,1.55184373281198,1739952832712.9775,
2025-12-30,88428.4922735243,88428.4922735243,88428.4922735243,88428.4922735243,88428.4922735243,11955893118.4983,coinmetrics-community,1.575194732866138,1765844968792.5854,
2025-12-31,87516.9780376972,87516.9780376972,87516.9780376972,87516.9780376972,87516.9780376972,11132102416.438,coinmetrics-community,1.5599368640000815,1747679146138.2644,
2026-01-01,88684.2178474576,88684.2178474576,88684.2178474576,88684.2178474576,88684.2178474576,5094051144.8548,coinmetrics-community,1.5805666838787138,1771030307456.4983,
2026-01-02,89940.1801671537,89940.1801671537,89940.1801671537,89940.1801671537,89940.1801671537,15137901318.7639,coinmetrics-community,1.6028335346054856,1796152439786.1328,
2026-01-03,90598.1301832262,90598.1301832262,90598.1301832262,90598.1301832262,90598.1301832262,5508980380.47392,coinmetrics-community,1.6144428345714434,1809335929206.2751,
2026-01-04,91359.7636823495,91359.7636823495,91359.7636823495,91359.7636823495,91359.7636823495,7454119280.35094,coinmetrics-community,1.6278233718322608,1824587914852.6606,
2026-01-05,93948.5821794272,93948.5821794272,93948.5821794272,93948.5821794272,93948.5821794272,16907301306.0856,coinmetrics-community,1.672965606192001,1876329155088.7573,
2026-01-06,93574.2871122151,93574.2871122151,93574.2871122151,93574.2871122151,93574.2871122151,17088302719.6859,coinmetrics-community,1.6656981847227375,1868891796056.5054,
2026-01-07,91208.9562606663,91208.9562606663,91208.9562606663,91208.9562606663,91208.9562606663,14817512349.9205,coinmetrics-community,1.6234736025512655,1821692646787.2021,
2026-01-08,91096.9161554647,91096.9161554647,91096.9161554647,91096.9161554647,91096.9161554647,13689781865.551,coinmetrics-community,1.6216948371778772,1819492476510.5996,
2026-01-09,90539.6032288136,90539.6032288136,90539.6032288136,90539.6032288136,90539.6032288136,12667583502.9143,coinmetrics-community,1.6124074298017157,1808401358128.1196,
2026-01-10,90406.1424114553,90406.1424114553,90406.1424114553,90406.1424114553,90406.1424114553,2998465868.93644,coinmetrics-community,1.6100132123879032,1805781433869.5881,
2026-01-11,90717.2063153127,90717.2063153127,90717.2063153127,90717.2063153127,90717.2063153127,4399752743.64628,coinmetrics-community,1.61585640170226,1812029241680.1577,
2026-01-12,91141.1498489188,91141.1498489188,91141.1498489188,91141.1498489188,91141.1498489188,13447991100.9482,coinmetrics-community,1.6235117369511674,1820537738213.6345,
2026-01-13,95304.4982942724,95304.4982942724,95304.4982942724,95304.4982942724,95304.4982942724,18052772425.0371,coinmetrics-community,1.6956457102183626,1903740522551.2454,
2026-01-14,97043.9927258913,97043.9927258913,97043.9927258913,97043.9927258913,97043.9927258913,19573284071.1156,coinmetrics-community,1.725258285011508,1938525133766.5828,
2026-01-15,95546.1397381648,95546.1397381648,95546.1397381648,95546.1397381648,95546.1397381648,15513091732.3609,coinmetrics-community,1.698251329285832,1908645921457.2375,
2026-01-16,95489.1299602572,95489.1299602572,95489.1299602572,95489.1299602572,95489.1299602572,9950363881.98624,coinmetrics-community,1.6967501163466354,1907545876899.8354,
2026-01-17,95106.980462595,95106.980462595,95106.980462595,95106.980462595,95106.980462595,3771967991.5157,coinmetrics-community,1.6895599397740113,1899956122538.015,
2026-01-18,94261.3294313267,94261.3294313267,94261.3294313267,94261.3294313267,94261.3294313267,5172210667.30483,coinmetrics-community,1.6743922801666509,1883103755876.9592,
2026-01-19,92526.2419643483,92526.2419643483,92526.2419643483,92526.2419643483,92526.2419643483,10767857457.8887,coinmetrics-community,1.6436868798008477,1848484453618.5076,
2026-01-20,88236.5631922852,88236.5631922852,88236.5631922852,88236.5631922852,88236.5631922852,16870115090.3656,coinmetrics-community,1.5689223614895769,1762822147346.9717,
2026-01-21,89599.361874927,89599.361874927,89599.361874927,89599.361874927,89599.361874927,18618685583.6731,coinmetrics-community,1.5933664347912717,1790086994742.5427,
2026-01-22,89395.700735827,89395.700735827,89395.700735827,89395.700735827,89395.700735827,11238508529.4976,coinmetrics-community,1.5900557424434003,1786063068452.813,
2026-01-23,89439.7718909994,89439.7718909994,89439.7718909994,89439.7718909994,89439.7718909994,12195380643.8802,coinmetrics-community,1.597227656500748,1786982708956.3025,
2026-01-24,89185.0386990064,89185.0386990064,89185.0386990064,89185.0386990064,89185.0386990064,3382816668.32844,coinmetrics-community,1.5927055312322624,1781920520861.2185,
2026-01-25,86445.6705926359,86445.6705926359,86445.6705926359,86445.6705926359,86445.6705926359,10479342199.3972,coinmetrics-community,1.5441681672754624,1727217015608.6611,
2026-01-26,88337.4545511397,88337.4545511397,88337.4545511397,88337.4545511397,88337.4545511397,13972514016.9652,coinmetrics-community,1.5779781705662028,1765049801467.8804,
2026-01-27,89260.3805397429,89260.3805397429,89260.3805397429,89260.3805397429,89260.3805397429,12185717259.7339,coinmetrics-community,1.594258404220792,1783524598036.6025,
2026-01-28,89177.7892507306,89177.7892507306,89177.7892507306,89177.7892507306,89177.7892507306,12764139942.4735,coinmetrics-community,1.5929682871962683,1781904984387.2817,
2026-01-29,84520.3973106371,84520.3973106371,84520.3973106371,84520.3973106371,84520.3973106371,20310891947.3136,coinmetrics-community,1.5108463744510505,1688877168322.3572,
2026-01-30,84017.0340292227,84017.0340292227,84017.0340292227,84017.0340292227,84017.0340292227,21908127887.6901,coinmetrics-community,1.5027941233677342,1678853413751.91,
2026-01-31,78702.38550263,78702.38550263,78702.38550263,78702.38550263,78702.38550263,22589874141.195,coinmetrics-community,1.409206961565977,1572688463359.5845,
2026-02-01,76911.0523772648,76911.0523772648,76911.0523772648,76911.0523772648,76911.0523772648,17677831721.9741,coinmetrics-community,1.3779375282101736,1536921339757.8945,
2026-02-02,78716.6018088837,78716.6018088837,78716.6018088837,78716.6018088837,78716.6018088837,24437332330.7999,coinmetrics-community,1.411272421681785,1573030843440.0928,
2026-02-03,75684.7660277616,75684.7660277616,75684.7660277616,75684.7660277616,75684.7660277616,22188271531.5373,coinmetrics-community,1.3597906397012434,1512475464307.3,
2026-02-04,73095.1914646406,73095.1914646406,73095.1914646406,73095.1914646406,73095.1914646406,22248662366.6922,coinmetrics-community,1.315930750700471,1460758146742.2795,
2026-02-05,63494.6884456458,63494.6884456458,63494.6884456458,63494.6884456458,63494.6884456458,44630368803.2227,coinmetrics-community,1.1497951473288677,1268923762593.2034,
2026-02-06,70647.6982188778,70647.6982188778,70647.6982188778,70647.6982188778,70647.6982188778,37324027378.0035,coinmetrics-community,1.2794885803917828,1411906693993.6548,
2026-02-07,69166.2594424313,69166.2594424313,69166.2594424313,69166.2594424313,69166.2594424313,18403458968.9534,coinmetrics-community,1.2542864998384384,1382335759076.3145,
2026-02-08,70522.5892393337,70522.5892393337,70522.5892393337,70522.5892393337,70522.5892393337,10348141701.1473,coinmetrics-community,1.278752679408799,1409480417712.4243,
2026-02-09,70244.1017773232,70244.1017773232,70244.1017773232,70244.1017773232,70244.1017773232,15365029287.9833,coinmetrics-community,1.274890122985872,1403950284903.542,
2026-02-10,68688.793113384,68688.793113384,68688.793113384,68688.793113384,68688.793113384,12491716714.4872,coinmetrics-community,1.2481033012418763,1372895651922.4705,
2026-02-11,66989.7165920514,66989.7165920514,66989.7165920514,66989.7165920514,66989.7165920514,16288568242.8511,coinmetrics-community,1.2182387788490885,1338968761086.8115,
2026-02-12,66221.5443115137,66221.5443115137,66221.5443115137,66221.5443115137,66221.5443115137,13500803360.6476,coinmetrics-community,1.2056557515363073,1323651411101.5576,
2026-02-13,68860.8411633548,68860.8411633548,68860.8411633548,68860.8411633548,68860.8411633548,12166056907.2927,coinmetrics-community,1.2543817127922632,1376438775426.905,
2026-02-14,69798.0791253653,69798.0791253653,69798.0791253653,69798.0791253653,69798.0791253653,7931475979.29924,coinmetrics-community,1.271428434942344,1395209152714.0444,
2026-02-15,68629.9599760374,68629.9599760374,68629.9599760374,68629.9599760374,68629.9599760374,9805724947.98248,coinmetrics-community,1.2503520156434709,1371901612478.9856,
2026-02-16,68747.4380286383,68747.4380286383,68747.4380286383,68747.4380286383,68747.4380286383,8996323258.06611,coinmetrics-community,1.2529918805039757,1374287575683.373,
2026-02-17,67471.0508465809,67471.0508465809,67471.0508465809,67471.0508465809,67471.0508465809,10237409745.7159,coinmetrics-community,1.2303595955650781,1348806897572.9492,
2026-02-18,66380.7069611339,66380.7069611339,66380.7069611339,66380.7069611339,66380.7069611339,9773524623.90791,coinmetrics-community,1.2114637146625802,1327041682412.6785,
2026-02-19,66932.3522118644,66932.3522118644,66932.3522118644,66932.3522118644,66932.3522118644,9077495321.16127,coinmetrics-community,1.2218447878485281,1338103087136.072,
2026-02-20,67977.3092612507,67977.3092612507,67977.3092612507,67977.3092612507,67977.3092612507,13693046180.5243,coinmetrics-community,1.2419474106076231,1359022838573.6174,
2026-02-21,68020.6677612507,68020.6677612507,68020.6677612507,68020.6677612507,68020.6677612507,5002388456.52706,coinmetrics-community,1.2427727388908916,1359914969948.6675,
2026-02-22,67550.0240768556,67550.0240768556,67550.0240768556,67550.0240768556,67550.0240768556,4752977660.97473,coinmetrics-community,1.234286313377275,1350540164036.8374,
2026-02-23,64689.9123308007,64689.9123308007,64689.9123308007,64689.9123308007,64689.9123308007,15313809541.5711,coinmetrics-community,1.1831842972470235,1293387338339.2383,
2026-02-24,64123.7510780245,64123.7510780245,64123.7510780245,64123.7510780245,64123.7510780245,13795669712.7971,coinmetrics-community,1.1743319937937022,1282100773328.001,
2026-02-25,68038.5221794272,68038.5221794272,68038.5221794272,68038.5221794272,68038.5221794272,18821465002.8458,coinmetrics-community,1.2461229941727416,1360406516183.8442,
2026-02-26,67519.2645292227,67519.2645292227,67519.2645292227,67519.2645292227,67519.2645292227,14016731382.87,coinmetrics-community,1.2368113915864163,1350053680284.782,
2026-02-27,65864.1358170661,65864.1358170661,65864.1358170661,65864.1358170661,65864.1358170661,12404681958.2026,coinmetrics-community,1.2073254705520617,1316988256328.348,
2026-02-28,66965.6353091759,66965.6353091759,66965.6353091759,66965.6353091759,66965.6353091759,12912585947.9494,coinmetrics-community,1.2275612619982268,1339043246944.1082,
2026-03-01,65733.5212597896,65733.5212597896,65733.5212597896,65733.5212597896,65733.5212597896,12098871406.3624,coinmetrics-community,1.205248174799525,1314436530955.2666,
2026-03-02,68922.6242974869,68922.6242974869,68922.6242974869,68922.6242974869,68922.6242974869,16575437044.9949,coinmetrics-community,1.263760682233652,1378236536262.6738,
2026-03-03,68431.1740306838,68431.1740306838,68431.1740306838,68431.1740306838,68431.1740306838,22036193359.5996,coinmetrics-community,1.2548907532524818,1368437726302.048,
2026-03-04,72667.4630575687,72667.4630575687,72667.4630575687,72667.4630575687,72667.4630575687,21395736162.1408,coinmetrics-community,1.3324599332646212,1453181528720.1433,
2026-03-05,70987.427176505,70987.427176505,70987.427176505,70987.427176505,70987.427176505,14464643420.2755,coinmetrics-community,1.3020998734899654,1419621513717.071,
2026-03-06,68226.7053927528,68226.7053927528,68226.7053927528,68226.7053927528,68226.7053927528,12703080811.2152,coinmetrics-community,1.2527874949037452,1364443146701.8782,
2026-03-07,67315.5529135009,67315.5529135009,67315.5529135009,67315.5529135009,67315.5529135009,5390091419.78599,coinmetrics-community,1.236301300128931,1346249079545.6663,
2026-03-08,66202.6978731736,66202.6978731736,66202.6978731736,66202.6978731736,66202.6978731736,8743505849.24012,coinmetrics-community,1.2160004257646573,1324020725745.869,
2026-03-09,68528.5384699007,68528.5384699007,68528.5384699007,68528.5384699007,68528.5384699007,13732881594.7633,coinmetrics-community,1.2588288726421142,1370565923110.882,
2026-03-10,69891.8238576856,69891.8238576856,69891.8238576856,69891.8238576856,69891.8238576856,14926029166.8694,coinmetrics-community,1.2838921987216934,1397861675303.8767,
2026-03-11,70298.5753530099,70298.5753530099,70298.5753530099,70298.5753530099,70298.5753530099,11806121641.6261,coinmetrics-community,1.2926305604960422,1406027387800.1365,
2026-03-12,70538.1074623027,70538.1074623027,70538.1074623027,70538.1074623027,70538.1074623027,10757231426.1741,coinmetrics-community,1.297352966463531,1410846656064.0881,
2026-03-13,70930.0132793688,70930.0132793688,70930.0132793688,70930.0132793688,70930.0132793688,15503153905.6751,coinmetrics-community,1.30454126489792,1418712062331.4456,
2026-03-14,71136.2179199299,71136.2179199299,71136.2179199299,71136.2179199299,71136.2179199299,4912921003.83107,coinmetrics-community,1.3085611269402389,1422864934640.0215,
2026-03-15,72712.1461957919,72712.1461957919,72712.1461957919,72712.1461957919,72712.1461957919,6685093781.73073,coinmetrics-community,1.3372863065162932,1454415017618.7727,
2026-03-16,74723.9575534775,74723.9575534775,74723.9575534775,74723.9575534775,74723.9575534775,14074228146.9453,coinmetrics-community,1.3736647820354706,1494685195333.6306,
2026-03-17,74086.013609585,74086.013609585,74086.013609585,74086.013609585,74086.013609585,12975796814.9742,coinmetrics-community,1.3620392217241302,1481953960271.9119,
2026-03-18,71253.9579275278,71253.9579275278,71253.9579275278,71253.9579275278,71253.9579275278,11441129206.9302,coinmetrics-community,1.3108271207032423,1425334864470.0562,
2026-03-19,69948.9048267095,69948.9048267095,69948.9048267095,69948.9048267095,69948.9048267095,11156808586.9005,coinmetrics-community,1.2873233530441246,1399258410166.362,
2026-03-20,70510.4196797194,70510.4196797194,70510.4196797194,70510.4196797194,70510.4196797194,9585769501.115,coinmetrics-community,1.2979134579553593,1410520483673.4092,
2026-03-21,69707.285009059,69707.285009059,69707.285009059,69707.285009059,69707.285009059,4614139324.0746,coinmetrics-community,1.2832286394689276,1394484296727.6091,
2026-03-22,68018.1534815897,68018.1534815897,68018.1534815897,68018.1534815897,68018.1534815897,7246839804.57112,coinmetrics-community,1.2516621596693462,1360727895569.4658,
2026-03-23,70726.2110461718,70726.2110461718,70726.2110461718,70726.2110461718,70726.2110461718,13251917379.2754,coinmetrics-community,1.301409408329922,1414938935053.9595,
2026-03-24,70610.0187121566,70610.0187121566,70610.0187121566,70610.0187121566,70610.0187121566,10140065174.356,coinmetrics-community,1.3002777489726738,1412641989096.3228,
2026-03-25,71281.2973921683,71281.2973921683,71281.2973921683,71281.2973921683,71281.2973921683,8731445657.5429,coinmetrics-community,1.3129187923123302,1426105842430.46,
2026-03-26,68722.9718366452,68722.9718366452,68722.9718366452,68722.9718366452,68722.9718366452,9943606544.86567,coinmetrics-community,1.2664072256679186,1374957542916.4944,
2026-03-27,66214.1715134424,66214.1715134424,66214.1715134424,66214.1715134424,66214.1715134424,11658318655.1302,coinmetrics-community,1.221391534843414,1324794804322.2463,
2026-03-28,66351.0725251315,66351.0725251315,66351.0725251315,66351.0725251315,66351.0725251315,4914337630.76285,coinmetrics-community,1.224282130242581,1327569960241.5442,
2026-03-29,65966.7523939217,65966.7523939217,65966.7523939217,65966.7523939217,65966.7523939217,5345293011.41617,coinmetrics-community,1.2173465160210977,1319910065564.9558,
2026-03-30,66651.2320037989,66651.2320037989,66651.2320037989,66651.2320037989,66651.2320037989,9824296421.02488,coinmetrics-community,1.2307677885365405,1333633950994.4387,
2026-03-31,68214.8680388662,68214.8680388662,68214.8680388662,68214.8680388662,68214.8680388662,11230550844.217,coinmetrics-community,1.259461592624952,1364949957429.4087,
2026-04-01,68116.8167933957,68116.8167933957,68116.8167933957,68116.8167933957,68116.8167933957,8541859341.44069,coinmetrics-community,1.2578004357870882,1363022478623.5505,
2026-04-02,66908.3179918177,66908.3179918177,66908.3179918177,66908.3179918177,66908.3179918177,8940972793.29402,coinmetrics-community,1.2361570581529684,1338870647177.839,
2026-04-03,66891.7422279369,66891.7422279369,66891.7422279369,66891.7422279369,66891.7422279369,4537508158.45123,coinmetrics-community,1.236095290145614,1338566550263.67,
2026-04-04,67295.1309137931,67295.1309137931,67295.1309137931,67295.1309137931,67295.1309137931,2713849095.87375,coinmetrics-community,1.2435879583030516,1346663972184.613,
2026-04-05,68921.8060911748,68921.8060911748,68921.8060911748,68921.8060911748,68921.8060911748,4431514958.17496,coinmetrics-community,1.2731860065048008,1379250124896.7249,
2026-04-06,68742.9133085915,68742.9133085915,68742.9133085915,68742.9133085915,68742.9133085915,9177587835.93239,coinmetrics-community,1.2700938124247623,1375697653591.4316,
2026-04-07,72057.1243614845,72057.1243614845,72057.1243614845,72057.1243614845,72057.1243614845,11564273126.921,coinmetrics-community,1.3307033415283853,1442053417557.3213,
2026-04-08,71085.0583702513,71085.0583702513,71085.0583702513,71085.0583702513,71085.0583702513,10472729559.0965,coinmetrics-community,1.3129220338742065,1422632685924.1663,
2026-04-09,71788.6797825833,71788.6797825833,71788.6797825833,71788.6797825833,71788.6797825833,9629160052.18699,coinmetrics-community,1.3258289461254553,1436746639526.9473,
2026-04-10,72945.0707241379,72945.0707241379,72945.0707241379,72945.0707241379,72945.0707241379,9055226545.25332,coinmetrics-community,1.3468426562660187,1459918626570.64,
2026-04-11,73119.1091168907,73119.1091168907,73119.1091168907,73119.1091168907,73119.1091168907,4481982639.82638,coinmetrics-community,1.3497406830177825,1463429926532.002,
2026-04-12,70685.3697019287,70685.3697019287,70685.3697019287,70685.3697019287,70685.3697019287,7014699118.68866,coinmetrics-community,1.3049673347970956,1414754502718.0574,
2026-04-13,74632.7455856224,74632.7455856224,74632.7455856224,74632.7455856224,74632.7455856224,13131024727.6709,coinmetrics-community,1.3770482398402828,1493795013094.8875,
2026-04-14,74173.5083603156,74173.5083603156,74173.5083603156,74173.5083603156,74173.5083603156,13550695493.509,coinmetrics-community,1.3687529040183417,1484641267129.7375,
2026-04-15,74761.964654588,74761.964654588,74761.964654588,74761.964654588,74761.964654588,11070705577.5124,coinmetrics-community,1.3796263886883917,1496448887839.818,
2026-04-16,75095.7442159556,75095.7442159556,75095.7442159556,75095.7442159556,75095.7442159556,10039394423.3582,coinmetrics-community,1.3856258612153995,1503165549783.1582,
2026-04-17,77114.481438048,77114.481438048,77114.481438048,77114.481438048,77114.481438048,13233227191.8139,coinmetrics-community,1.4223235153878984,1543607893397.0964,
2026-04-18,75792.0637510228,75792.0637510228,75792.0637510228,75792.0637510228,75792.0637510228,5332187760.4989,coinmetrics-community,1.3980047368399022,1517173171126.9146,
2026-04-19,73905.2041016949,73905.2041016949,73905.2041016949,73905.2041016949,73905.2041016949,6917646203.17757,coinmetrics-community,1.3634656752952108,1479439310993.9817,
2026-04-20,75814.1453237873,75814.1453237873,75814.1453237873,75814.1453237873,75814.1453237873,9730180393.45963,coinmetrics-community,1.3987305546501194,1517683423347.0813,
2026-04-21,76107.4432977791,76107.4432977791,76107.4432977791,76107.4432977791,76107.4432977791,9141669158.82648,coinmetrics-community,1.4040391749892125,1523586908754.2576,
2026-04-22,78317.7422720631,78317.7422720631,78317.7422720631,78317.7422720631,78317.7422720631,11229538356.7097,coinmetrics-community,1.4451816880881303,1567866712950.4104,
2026-04-23,78233.6837492694,78233.6837492694,78233.6837492694,78233.6837492694,78233.6837492694,9992572834.63467,coinmetrics-community,1.443518010298725,1566213501915.128,
2026-04-24,77444.269277031,77444.269277031,77444.269277031,77444.269277031,77444.269277031,8039278939.10969,coinmetrics-community,1.4313054086958685,1550445734881.661,
2026-04-25,77624.7114821742,77624.7114821742,77624.7114821742,77624.7114821742,77624.7114821742,2950906890.33129,coinmetrics-community,1.4345741475645932,1554092175350.093,
2026-04-26,78538.7733573933,78538.7733573933,78538.7733573933,78538.7733573933,78538.7733573933,4740570129.62856,coinmetrics-community,1.4512399107371687,1572428798917.551,
2026-04-27,77256.297159848,77256.297159848,77256.297159848,77256.297159848,77256.297159848,9168642335.69921,coinmetrics-community,1.4274966444382788,1546785594139.1619,
2026-04-28,76295.531117183,76295.531117183,76295.531117183,76295.531117183,76295.531117183,7095223999.42712,coinmetrics-community,1.4098968122284414,1527582774590.8953,
2026-04-29,75795.0098530099,75795.0098530099,75795.0098530099,75795.0098530099,75795.0098530099,9332698126.82505,coinmetrics-community,1.4012950588480768,1517591460634.2573,
2026-04-30,76299.6161285798,76299.6161285798,76299.6161285798,76299.6161285798,76299.6161285798,6754679935.88663,coinmetrics-community,1.4109087161770764,1527728226837.0828,
2026-05-01,78132.6437852133,78132.6437852133,78132.6437852133,78132.6437852133,78132.6437852133,8899608158.98036,coinmetrics-community,1.4441109410626063,1564469061455.333,
2026-05-02,78712.5387317358,78712.5387317358,78712.5387317358,78712.5387317358,78712.5387317358,3142512094.68045,coinmetrics-community,1.4546787719928143,1576113892815.107,
2026-05-03,78649.1732893045,78649.1732893045,78649.1732893045,78649.1732893045,78649.1732893045,3884299376.22402,coinmetrics-community,1.4532128991393036,1574882442469.4604,
2026-05-04,79826.107817066,79826.107817066,79826.107817066,79826.107817066,79826.107817066,12668308186.6847,coinmetrics-community,1.4734139625232838,1598486719022.3071,
2026-05-05,80936.7548252484,80936.7548252484,80936.7548252484,80936.7548252484,80936.7548252484,8763765050.73473,coinmetrics-community,1.49326488273632,1620764931897.133,
2026-05-06,81364.6201285798,81364.6201285798,81364.6201285798,81364.6201285798,81364.6201285798,9240366121.47559,coinmetrics-community,1.5007289347155646,1629368819802.4692,
2026-05-07,79988.9987343659,79988.9987343659,79988.9987343659,79988.9987343659,79988.9987343659,8278398107.84933,coinmetrics-community,1.4754077327071486,1601856781311.401,
2026-05-08,80179.6922957335,80179.6922957335,80179.6922957335,80179.6922957335,80179.6922957335,7131369152.18117,coinmetrics-community,1.4788069377076725,1605712436185.0662,
2026-05-09,80663.6296519579,80663.6296519579,80663.6296519579,80663.6296519579,80663.6296519579,3315687892.14463,coinmetrics-community,1.4875564619691928,1615447075021.543,
2026-05-10,82256.781137931,82256.781137931,82256.781137931,82256.781137931,82256.781137931,5558559205.01854,coinmetrics-community,1.5165762999799848,1647391609832.0415,
2026-05-11,81714.7420499708,81714.7420499708,81714.7420499708,81714.7420499708,81714.7420499708,7779465162.57041,coinmetrics-community,1.5062797314103844,1636578096185.1265,
2026-05-12,80525.563024547,80525.563024547,80525.563024547,80525.563024547,80525.563024547,7465573232.75409,coinmetrics-community,1.4843434176790684,1612795007979.533,
2026-05-13,79291.9110017534,79291.9110017534,79291.9110017534,79291.9110017534,79291.9110017534,7738595266.74738,coinmetrics-community,1.4616979219598496,1588121422920.642,
2026-05-14,81175.8271116306,81175.8271116306,81175.8271116306,81175.8271116306,81175.8271116306,10604111465.9649,coinmetrics-community,1.496291810555883,1625892297141.893,
2026-05-15,79063.4145756868,79063.4145756868,79063.4145756868,79063.4145756868,79063.4145756868,8879776564.0672,coinmetrics-community,1.4576482075977497,1583618048523.585,
2026-05-16,78164.4952711864,78164.4952711864,78164.4952711864,78164.4952711864,78164.4952711864,4900843128.82173,coinmetrics-community,1.4411207320741926,1565649830508.3457,
2026-05-17,77497.697113384,77497.697113384,77497.697113384,77497.697113384,77497.697113384,4499336102.44801,coinmetrics-community,1.4288785719516937,1552327640770.8088,
2026-05-18,76975.9111998831,76975.9111998831,76975.9111998831,76975.9111998831,76975.9111998831,10848478512.2411,coinmetrics-community,1.419569255459985,1541909617519.7688,
2026-05-19,76807.460956166,76807.460956166,76807.460956166,76807.460956166,76807.460956166,6772474385.83501,coinmetrics-community,1.4170368263075273,1538569462749.442,
2026-05-20,77408.1722089421,77408.1722089421,77408.1722089421,77408.1722089421,77408.1722089421,6805669527.71708,coinmetrics-community,1.4282474320399443,1550639385411.9678,
2026-05-21,77595.3861717446,77595.3861717446,77595.3861717446,77595.3861717446,77595.3861717446,6812039048.54854,coinmetrics-community,1.4318398636638516,1554420448473.3013,
2026-05-22,75567.5430431093,75567.5430431093,75567.5430431093,75567.5430431093,75567.5430431093,7352144087.41491,coinmetrics-community,1.3951977957217803,1513834758642.7258,
2026-05-23,76619.8666090415,76619.8666090415,76619.8666090415,76619.8666090415,76619.8666090415,7541379949.98425,coinmetrics-community,1.4145646606056597,1534955087416.1213,
2026-05-24,76619.8666090415,76619.8666090415,76619.8666090415,76619.8666090415,76619.8666090415,,coinmetrics-community,,,
2026-05-25,76975.99,77834.55,76807.04,77249.07,77249.07,3335.38172719,coinbase-exchange,,,
2026-05-26,77249.07,78015.46,75555.0,75826.1,75826.1,8614.2448817,coinbase-exchange,,,
2026-05-27,75826.1,76033.66,74113.95,74315.98,74315.98,6385.20290985,coinbase-exchange,,,
2026-05-28,74316.71,74462.4,72445.11,73512.56,73512.56,8579.08613888,coinbase-exchange,,,
2026-05-29,73512.55,74224.84,72364.13,73366.77,73366.77,9057.16460696,coinbase-exchange,,,
2026-05-30,73366.77,74029.01,73107.24,73770.69,73770.69,4015.02525805,coinbase-exchange,,,
2026-05-31,73770.69,74156.59,73288.0,73575.17,73575.17,3318.87878933,coinbase-exchange,,,
2026-06-01,73575.18,73978.52,70555.0,71314.42,71314.42,10835.86426218,coinbase-exchange,,,
2026-06-02,71314.43,71315.67,66100.01,66658.35,66658.35,15741.32305621,coinbase-exchange,,,
2026-06-03,66658.45,67416.5,63985.01,64040.0,64040.0,15790.02945596,coinbase-exchange,,,
2026-06-04,64039.99,64695.0,61309.25,63806.02,63806.02,25533.586511,coinbase-exchange,,,
2026-06-05,63806.02,63906.02,59073.01,61032.0,61032.0,28732.71500543,coinbase-exchange,,,
2026-06-06,61031.98,61499.41,59448.45,60850.48,60850.48,9073.41539934,coinbase-exchange,,,
2026-06-07,60850.48,64234.45,60706.4,63302.73,63302.73,9793.1727327,coinbase-exchange,,,
2026-06-08,63302.03,64200.02,62365.43,63062.98,63062.98,11755.65646469,coinbase-exchange,,,
2026-06-09,63062.97,63490.49,60713.5,61685.8,61685.8,11218.32861079,coinbase-exchange,,,
2026-06-10,61685.81,62809.04,60708.92,61449.46,61449.46,9040.95804487,coinbase-exchange,,,
2026-06-11,61449.47,63866.82,61449.47,63563.42,63563.42,9449.25103044,coinbase-exchange,,,
2026-06-12,63563.44,64347.32,62739.81,63538.43,63538.43,8179.86676422,coinbase-exchange,,,
2026-06-13,63538.44,64727.27,63400.92,64429.99,64429.99,4146.44545759,coinbase-exchange,,,
2026-06-14,64424.98,65764.16,63640.0,65706.62,65706.62,4719.21113394,coinbase-exchange,,,
2026-06-15,65704.23,67264.0,65302.08,66276.8,66276.8,8071.56079236,coinbase-exchange,,,
2026-06-16,66276.79,66944.0,65300.03,65616.64,65616.64,6347.81359553,coinbase-exchange,,,
2026-06-17,65616.64,66384.01,63851.02,64446.04,64446.04,7644.1962471,coinbase-exchange,,,
2026-06-18,64446.05,64752.51,62159.76,62879.01,62879.01,7475.48695466,coinbase-exchange,,,
2026-06-19,62879.01,63595.93,62246.24,63475.2,63475.2,3592.2486366,coinbase-exchange,,,
2026-06-20,63475.08,64312.73,63131.38,64222.99,64222.99,3866.36413615,coinbase-exchange,,,
2026-06-21,64223.0,64508.4,63171.19,63235.63,63235.63,3741.2101443,coinbase-exchange,,,
2026-06-22,63235.63,65553.39,63235.61,63950.61,63950.61,7944.1273781,coinbase-exchange,,,
2026-06-23,63950.61,64211.95,61862.27,62644.86,62644.86,6931.61213742,coinbase-exchange,,,
2026-06-24,62644.86,63156.34,59010.74,60983.13,60983.13,15635.11089006,coinbase-exchange,,,
2026-06-25,60983.14,61868.39,58000.0,59703.65,59703.65,15027.87126075,coinbase-exchange,,,
2026-06-26,59703.66,60660.0,58243.36,60002.53,60002.53,14344.89687871,coinbase-exchange,,,
2026-06-27,60002.97,60838.92,59765.1,59934.84,59934.84,4263.41546366,coinbase-exchange,,,
2026-06-28,59934.84,60455.0,58810.11,59474.01,59474.01,4245.96241874,coinbase-exchange,,,
2026-06-29,59473.99,60702.63,58800.0,60162.73,60162.73,10607.13260857,coinbase-exchange,,,
2026-06-30,60162.73,60191.99,58056.0,58523.93,58523.93,9465.93232684,coinbase-exchange,,,
2026-07-01,58523.93,61287.33,57717.55,59961.45,59961.45,10684.76298705,coinbase-exchange,,,
2026-07-02,61659.14,61659.14,61659.14,61659.14,61659.14,10524.59675341,coinbase-spot-ticker,,,
