date,open,high,low,close,adj_close,volume,source
2016-05-18,12.5,14.93,12.5,13.18,13.18,482.52182654,coinbase-exchange
2016-05-19,13.18,14.9,13.0,14.9,14.9,950.44120523,coinbase-exchange
2016-05-20,14.82,14.82,13.71,14.17,14.17,254.16661711,coinbase-exchange
2016-05-23,13.86,13.91,13.61,13.61,13.61,180.78671194,coinbase-exchange
2016-05-24,13.68,13.74,12.0,12.77,12.77,2753.23929761,coinbase-exchange
2016-05-25,13.0,13.18,11.93,12.61,12.61,9697.18159109,coinbase-exchange
2016-05-26,12.61,12.95,12.15,12.47,12.47,2989.89095855,coinbase-exchange
2016-05-27,12.47,12.47,10.25,10.98,10.98,19334.80270001,coinbase-exchange
2016-05-28,11.3,12.44,10.7,12.02,12.02,15681.8628585,coinbase-exchange
2016-05-29,12.02,12.49,11.7,12.34,12.34,3387.40487214,coinbase-exchange
2016-05-30,12.35,12.88,12.0,12.88,12.88,4135.59302674,coinbase-exchange
2016-05-31,12.84,14.24,12.37,14.16,14.16,5807.80267105,coinbase-exchange
2016-06-01,14.15,14.45,13.5,13.93,13.93,10399.90743021,coinbase-exchange
2016-06-02,13.93,14.18,13.76,14.03,14.03,8053.87238728,coinbase-exchange
2016-06-03,14.03,14.12,13.49,13.98,13.98,13008.11158384,coinbase-exchange
2016-06-04,13.98,14.03,13.56,13.95,13.95,6261.45920002,coinbase-exchange
2016-06-05,13.97,14.06,13.8,14.04,14.04,1959.58572034,coinbase-exchange
2016-06-06,14.02,14.3,13.83,14.22,14.22,5140.25595197,coinbase-exchange
2016-06-07,14.21,14.69,13.97,14.52,14.52,13018.45243483,coinbase-exchange
2016-06-08,14.53,14.87,14.4,14.64,14.64,12612.50810563,coinbase-exchange
2016-06-09,14.64,14.85,14.55,14.71,14.71,8228.78935239,coinbase-exchange
2016-06-10,14.61,14.74,13.76,13.91,13.91,17343.60529673,coinbase-exchange
2016-06-11,13.93,14.29,13.86,14.1,14.1,7584.34578331,coinbase-exchange
2016-06-12,14.14,15.91,13.92,15.58,15.58,20345.76593924,coinbase-exchange
2016-06-13,15.91,17.93,15.49,17.89,17.89,24139.28308106,coinbase-exchange
2016-06-14,17.86,19.08,16.96,18.79,18.79,35354.00175853,coinbase-exchange
2016-06-15,18.79,18.81,17.89,18.42,18.42,13621.19598818,coinbase-exchange
2016-06-16,18.51,21.35,18.5,20.99,20.99,34254.40154851,coinbase-exchange
2016-06-17,20.99,22.0,13.75,15.65,15.65,123086.50823711,coinbase-exchange
2016-06-18,15.64,15.74,10.0,11.64,11.64,80852.03798852,coinbase-exchange
2016-06-19,11.55,13.4,10.72,12.35,12.35,28851.00195531,coinbase-exchange
2016-06-20,12.35,12.74,10.8,11.81,11.81,34641.79666928,coinbase-exchange
2016-06-21,11.44,13.89,11.2,13.89,13.89,32071.49064345,coinbase-exchange
2016-06-22,13.3,15.89,13.07,13.18,13.18,68057.88469055,coinbase-exchange
2016-06-23,13.18,14.5,12.68,13.81,13.81,34442.87789793,coinbase-exchange
2016-06-24,13.98,14.8,13.25,14.55,14.55,32274.19757915,coinbase-exchange
2016-06-25,14.55,14.74,14.0,14.37,14.37,10302.71187563,coinbase-exchange
2016-06-26,14.39,14.49,13.6,14.02,14.02,7488.8236385,coinbase-exchange
2016-06-27,14.0,14.59,13.85,14.1,14.1,10078.63738047,coinbase-exchange
2016-06-28,14.06,14.25,11.52,12.23,12.23,42387.67810322,coinbase-exchange
2016-06-29,12.16,13.13,11.62,12.74,12.74,25997.64756834,coinbase-exchange
2016-06-30,12.7,13.06,12.19,12.49,12.49,12663.14580924,coinbase-exchange
2016-07-01,12.48,12.54,11.8,12.34,12.34,19205.4897143,coinbase-exchange
2016-07-02,12.28,12.45,12.0,12.09,12.09,11840.96985278,coinbase-exchange
2016-07-03,12.16,12.16,11.65,12.02,12.02,11736.40355589,coinbase-exchange
2016-07-04,11.94,11.99,11.41,11.48,11.48,5533.2581474,coinbase-exchange
2016-07-05,11.45,11.48,9.31,10.6,10.6,34511.7068254,coinbase-exchange
2016-07-06,10.6,11.0,10.24,10.61,10.61,14275.48001113,coinbase-exchange
2016-07-07,10.6,10.7,9.75,10.08,10.08,21326.77616712,coinbase-exchange
2016-07-08,10.08,11.8,10.05,11.43,11.43,27617.23490332,coinbase-exchange
2016-07-09,11.39,11.57,10.68,11.01,11.01,9083.5261648,coinbase-exchange
2016-07-10,11.02,11.3,10.9,11.02,11.02,9663.83583708,coinbase-exchange
2016-07-11,11.0,11.16,10.11,10.72,10.72,11107.71792781,coinbase-exchange
2016-07-12,10.65,10.98,10.5,10.57,10.57,13923.53770765,coinbase-exchange
2016-07-13,10.58,10.65,10.49,10.49,10.49,5528.53520559,coinbase-exchange
2016-07-14,10.5,11.78,10.33,11.62,11.62,25186.1631715,coinbase-exchange
2016-07-15,11.56,12.75,11.4,11.99,11.99,24310.41873758,coinbase-exchange
2016-07-16,11.98,12.4,11.79,11.8,11.8,7835.09442747,coinbase-exchange
2016-07-17,11.81,11.92,11.02,11.33,11.33,12640.65466527,coinbase-exchange
2016-07-18,11.27,11.93,11.0,11.05,11.05,14252.84312825,coinbase-exchange
2016-07-19,11.08,11.98,11.07,11.75,11.75,7847.98405008,coinbase-exchange
2016-07-20,11.7,13.0,11.22,12.5,12.5,39972.64055705,coinbase-exchange
2016-07-21,12.53,13.09,12.1,12.76,12.76,72238.15862963,coinbase-exchange
2016-07-22,12.76,15.11,12.73,14.83,14.83,199021.78612215,coinbase-exchange
2016-07-23,14.99,15.39,14.0,14.52,14.52,115664.85905823,coinbase-exchange
2016-07-24,14.52,14.57,12.05,12.78,12.78,140551.75773818,coinbase-exchange
2016-07-25,12.71,14.01,12.61,13.91,13.91,102002.13638217,coinbase-exchange
2016-07-26,13.93,13.95,11.88,12.0,12.0,165956.58096664,coinbase-exchange
2016-07-27,12.0,13.4,11.75,13.1,13.1,109888.51441769,coinbase-exchange
2016-07-28,13.1,13.14,12.53,12.93,12.93,65888.62850025,coinbase-exchange
2016-07-29,12.93,12.95,12.57,12.84,12.84,53574.54517222,coinbase-exchange
2016-07-30,12.84,12.88,12.49,12.49,12.49,38688.56312304,coinbase-exchange
2016-07-31,12.49,12.67,11.61,11.99,11.99,57176.02478705,coinbase-exchange
2016-08-01,11.98,12.12,10.8,10.95,10.95,91877.26285049,coinbase-exchange
2016-08-02,10.9,11.31,6.68,8.78,8.78,195130.59686567,coinbase-exchange
2016-08-03,8.68,10.78,8.54,10.68,10.68,215583.512364,coinbase-exchange
2016-08-04,10.6,11.55,10.42,11.32,11.32,99077.49496569,coinbase-exchange
2016-08-05,11.3,11.4,10.81,11.18,11.18,47211.47460946,coinbase-exchange
2016-08-06,11.18,11.18,10.42,11.01,11.01,34961.5442009,coinbase-exchange
2016-08-07,11.0,11.25,10.84,10.99,10.99,30029.04625241,coinbase-exchange
2016-08-08,10.99,11.42,10.94,11.34,11.34,30922.78458975,coinbase-exchange
2016-08-09,11.33,12.48,11.24,12.28,12.28,84417.44258041,coinbase-exchange
2016-08-10,12.28,12.91,11.87,12.21,12.21,146626.25933812,coinbase-exchange
2016-08-11,12.22,12.39,11.6,11.73,11.73,54926.88562361,coinbase-exchange
2016-08-12,11.73,12.08,11.65,11.81,11.81,30677.55295917,coinbase-exchange
2016-08-13,11.8,11.86,11.54,11.61,11.61,28354.66338244,coinbase-exchange
2016-08-14,11.61,11.76,11.2,11.28,11.28,25765.64425382,coinbase-exchange
2016-08-15,11.28,11.52,11.02,11.3,11.3,33109.31343517,coinbase-exchange
2016-08-16,11.3,11.38,11.0,11.18,11.18,51006.91887219,coinbase-exchange
2016-08-17,11.18,11.26,10.69,10.82,10.82,40056.82719069,coinbase-exchange
2016-08-18,10.82,11.06,10.76,10.77,10.77,35781.19456056,coinbase-exchange
2016-08-19,10.77,10.86,10.65,10.77,10.77,29172.24769995,coinbase-exchange
2016-08-20,10.77,11.37,10.7,11.3,11.3,35237.83119915,coinbase-exchange
2016-08-21,11.3,11.3,10.98,11.21,11.21,17991.20253784,coinbase-exchange
2016-08-22,11.17,11.34,11.04,11.1,11.1,36422.56390129,coinbase-exchange
2016-08-23,11.1,11.2,10.85,11.0,11.0,32543.67623417,coinbase-exchange
2016-08-24,11.0,11.16,10.98,11.01,11.01,24028.11262635,coinbase-exchange
2016-08-25,11.01,11.35,10.99,11.34,11.34,28931.96029963,coinbase-exchange
2016-08-26,11.34,11.47,11.2,11.28,11.28,27315.07630676,coinbase-exchange
2016-08-27,11.27,11.28,11.17,11.18,11.18,19819.1825905,coinbase-exchange
2016-08-28,11.18,11.19,10.97,11.01,11.01,18597.57337445,coinbase-exchange
2016-08-29,11.01,11.16,10.8,10.95,10.95,31692.28420368,coinbase-exchange
2016-08-30,10.95,11.25,10.95,11.21,11.21,26085.36423008,coinbase-exchange
2016-08-31,11.21,11.7,11.09,11.7,11.7,37764.85035055,coinbase-exchange
2016-09-01,11.66,12.5,11.57,12.05,12.05,86923.53623039,coinbase-exchange
2016-09-02,12.04,12.35,11.95,12.15,12.15,40624.95260066,coinbase-exchange
2016-09-03,12.15,12.47,11.6,11.88,11.88,37685.4071003,coinbase-exchange
2016-09-04,11.84,11.88,11.54,11.77,11.77,19087.25431474,coinbase-exchange
2016-09-05,11.77,11.84,11.62,11.76,11.76,14082.01283621,coinbase-exchange
2016-09-06,11.75,11.76,11.5,11.71,11.71,27155.23259948,coinbase-exchange
2016-09-07,11.75,11.9,11.53,11.58,11.58,33512.36863088,coinbase-exchange
2016-09-08,11.55,11.7,11.31,11.39,11.39,31912.58143522,coinbase-exchange
2016-09-09,11.39,11.69,11.34,11.64,11.64,21564.69540449,coinbase-exchange
2016-09-10,11.64,12.21,11.55,12.21,12.21,20050.67411838,coinbase-exchange
2016-09-11,12.2,12.21,11.6,11.65,11.65,25284.19288293,coinbase-exchange
2016-09-12,11.64,11.95,11.64,11.86,11.86,20983.23937881,coinbase-exchange
2016-09-13,11.87,12.08,11.84,11.92,11.92,29477.73756322,coinbase-exchange
2016-09-14,11.92,12.03,11.8,11.91,11.91,24242.33658977,coinbase-exchange
2016-09-15,11.91,12.1,11.91,11.96,11.96,23164.41465827,coinbase-exchange
2016-09-16,11.95,12.76,11.86,12.58,12.58,56290.96301989,coinbase-exchange
2016-09-17,12.58,12.99,12.41,12.79,12.79,33762.67691171,coinbase-exchange
2016-09-18,12.8,12.98,12.33,12.64,12.64,55642.67412855,coinbase-exchange
2016-09-19,12.64,13.2,12.61,13.17,13.17,37963.90128102,coinbase-exchange
2016-09-20,13.18,15.25,13.1,14.56,14.56,103258.24414717,coinbase-exchange
2016-09-21,14.98,15.2,13.16,13.76,13.76,86878.31339992,coinbase-exchange
2016-09-22,13.77,13.77,12.33,13.2,13.2,69158.51094682,coinbase-exchange
2016-09-23,13.21,13.45,13.14,13.37,13.37,25435.93131045,coinbase-exchange
2016-09-24,13.37,13.41,12.62,12.97,12.97,36744.51623709,coinbase-exchange
2016-09-25,12.96,13.18,12.8,13.12,13.12,19609.30272338,coinbase-exchange
2016-09-26,13.14,13.15,12.83,12.84,12.84,23612.37515815,coinbase-exchange
2016-09-27,12.85,13.25,12.85,13.09,13.09,28030.75843558,coinbase-exchange
2016-09-28,13.09,13.58,13.09,13.32,13.32,43267.65943128,coinbase-exchange
2016-09-29,13.31,13.39,13.1,13.11,13.11,36907.16255685,coinbase-exchange
2016-09-30,13.11,13.39,13.08,13.23,13.23,33018.43006697,coinbase-exchange
2016-10-01,13.23,13.31,13.09,13.22,13.22,32857.12250033,coinbase-exchange
2016-10-02,13.23,13.31,13.19,13.28,13.28,20487.3243321,coinbase-exchange
2016-10-03,13.29,13.56,13.25,13.51,13.51,36084.40484462,coinbase-exchange
2016-10-04,13.52,13.58,13.24,13.32,13.32,54546.99415642,coinbase-exchange
2016-10-05,13.34,13.45,13.08,13.09,13.09,36972.42755302,coinbase-exchange
2016-10-06,13.09,13.18,12.68,12.86,12.86,48476.08066793,coinbase-exchange
2016-10-07,12.88,13.08,12.5,12.7,12.7,53435.17624298,coinbase-exchange
2016-10-08,12.7,12.74,12.06,12.26,12.26,33575.16553442,coinbase-exchange
2016-10-09,12.22,12.43,12.02,12.1,12.1,24643.27120188,coinbase-exchange
2016-10-10,12.1,12.18,11.62,11.78,11.78,48881.85295965,coinbase-exchange
2016-10-11,11.78,12.24,11.7,11.77,11.77,37428.62847419,coinbase-exchange
2016-10-12,11.77,12.11,11.68,11.92,11.92,35966.20680253,coinbase-exchange
2016-10-13,11.92,12.11,11.72,11.87,11.87,33573.94475711,coinbase-exchange
2016-10-14,11.88,12.07,11.84,11.92,11.92,36671.12333652,coinbase-exchange
2016-10-15,11.91,11.97,11.78,11.95,11.95,21325.87373761,coinbase-exchange
2016-10-16,11.96,12.05,11.9,11.95,11.95,16434.51951062,coinbase-exchange
2016-10-17,11.95,11.99,11.83,11.96,11.96,29086.86618026,coinbase-exchange
2016-10-18,11.96,12.94,11.95,12.54,12.54,46033.28690624,coinbase-exchange
2016-10-19,12.55,12.65,11.88,12.01,12.01,39153.6350369,coinbase-exchange
2016-10-20,12.01,12.26,11.92,12.06,12.06,30258.77366766,coinbase-exchange
2016-10-21,12.07,12.13,11.96,12.05,12.05,19934.99934351,coinbase-exchange
2016-10-22,12.05,12.14,11.87,12.03,12.03,25534.43284617,coinbase-exchange
2016-10-23,12.04,12.06,11.87,11.94,11.94,20447.6787279,coinbase-exchange
2016-10-24,11.93,11.99,11.89,11.92,11.92,22587.73970274,coinbase-exchange
2016-10-25,11.91,11.95,11.05,11.33,11.33,73843.36530765,coinbase-exchange
2016-10-26,11.32,11.7,11.32,11.49,11.49,43365.69437554,coinbase-exchange
2016-10-27,11.49,11.57,11.22,11.48,11.48,43041.55366569,coinbase-exchange
2016-10-28,11.49,11.63,10.93,11.13,11.13,49280.81055404,coinbase-exchange
2016-10-29,11.14,11.35,9.52,10.47,10.47,88253.02376514,coinbase-exchange
2016-10-30,10.45,11.45,10.35,11.19,11.19,43247.01519783,coinbase-exchange
2016-10-31,11.2,11.44,10.85,10.97,10.97,34573.58358316,coinbase-exchange
2016-11-01,10.97,11.25,10.35,10.84,10.84,72257.87837691,coinbase-exchange
2016-11-02,10.84,11.17,10.72,10.83,10.83,39938.25548255,coinbase-exchange
2016-11-03,10.82,11.14,10.77,10.87,10.87,51296.3181471,coinbase-exchange
2016-11-04,10.87,11.16,10.81,11.15,11.15,34173.19268052,coinbase-exchange
2016-11-05,11.16,11.24,11.01,11.16,11.16,22486.50204423,coinbase-exchange
2016-11-06,11.16,11.2,10.92,11.01,11.01,20054.20708478,coinbase-exchange
2016-11-07,11.01,11.06,10.9,10.93,10.93,28151.129996,coinbase-exchange
2016-11-08,10.93,11.01,10.81,10.84,10.84,41425.93379279,coinbase-exchange
2016-11-09,10.83,10.86,10.28,10.62,10.62,73175.2243969,coinbase-exchange
2016-11-10,10.64,10.68,10.44,10.51,10.51,26510.99928124,coinbase-exchange
2016-11-11,10.51,10.72,10.16,10.29,10.29,44519.98049712,coinbase-exchange
2016-11-12,10.29,10.34,9.65,9.95,9.95,46389.01102957,coinbase-exchange
2016-11-13,9.92,10.41,9.82,10.14,10.14,26632.72759074,coinbase-exchange
2016-11-14,10.13,10.19,9.93,10.02,10.02,29852.22718226,coinbase-exchange
2016-11-15,10.0,10.3,9.81,10.27,10.27,30112.61210255,coinbase-exchange
2016-11-16,10.27,10.42,9.82,10.0,10.0,42878.9240058,coinbase-exchange
2016-11-17,10.0,10.13,9.8,9.91,9.91,48661.31895181,coinbase-exchange
2016-11-18,9.9,9.97,9.45,9.51,9.51,55819.74097787,coinbase-exchange
2016-11-19,9.51,9.78,9.45,9.68,9.68,25492.17245913,coinbase-exchange
2016-11-20,9.69,9.78,9.52,9.6,9.6,25186.76775388,coinbase-exchange
2016-11-21,9.58,9.65,9.41,9.54,9.54,28988.66220382,coinbase-exchange
2016-11-22,9.53,10.21,9.49,9.87,9.87,38033.8677779,coinbase-exchange
2016-11-23,9.87,9.93,9.73,9.8,9.8,21427.23282124,coinbase-exchange
2016-11-24,9.8,9.82,8.68,9.18,9.18,67233.11391859,coinbase-exchange
2016-11-25,9.19,9.74,9.16,9.4,9.4,21992.7200396,coinbase-exchange
2016-11-26,9.42,9.48,9.26,9.33,9.33,17875.33366307,coinbase-exchange
2016-11-27,9.33,9.33,8.66,8.98,8.98,61939.50710924,coinbase-exchange
2016-11-28,8.97,9.0,8.63,8.67,8.67,46708.57126503,coinbase-exchange
2016-11-29,8.67,8.72,7.79,8.14,8.14,84684.16746046,coinbase-exchange
2016-11-30,8.14,8.75,8.14,8.61,8.61,57443.67791609,coinbase-exchange
2016-12-01,8.59,8.68,8.3,8.45,8.45,42193.04172297,coinbase-exchange
2016-12-02,8.46,8.46,7.27,7.73,7.73,118183.25313796,coinbase-exchange
2016-12-03,7.73,8.12,7.34,7.86,7.86,57901.27746199,coinbase-exchange
2016-12-04,7.87,7.92,7.35,7.37,7.37,45053.36838461,coinbase-exchange
2016-12-05,7.39,7.58,6.56,6.75,6.75,93549.91705137,coinbase-exchange
2016-12-06,6.76,7.99,5.81,7.83,7.83,169727.89511206,coinbase-exchange
2016-12-07,7.83,8.6,7.33,8.35,8.35,91022.39199888,coinbase-exchange
2016-12-08,8.35,8.95,8.2,8.2,8.2,69191.58131147,coinbase-exchange
2016-12-09,8.21,8.65,7.97,8.47,8.47,60616.06116836,coinbase-exchange
2016-12-10,8.46,8.55,8.04,8.14,8.14,44650.73726691,coinbase-exchange
2016-12-11,8.14,8.26,8.11,8.23,8.23,22169.58367344,coinbase-exchange
2016-12-12,8.23,8.62,8.18,8.5,8.5,44454.92057029,coinbase-exchange
2016-12-13,8.53,8.57,8.35,8.41,8.41,37242.66222809,coinbase-exchange
2016-12-14,8.4,8.48,8.19,8.24,8.24,34073.30998726,coinbase-exchange
2016-12-15,8.24,8.32,7.64,7.83,7.83,74745.17121022,coinbase-exchange
2016-12-16,7.85,7.95,7.77,7.84,7.84,33701.60810742,coinbase-exchange
2016-12-17,7.84,7.93,7.51,7.85,7.85,37375.06272,coinbase-exchange
2016-12-18,7.84,7.97,7.69,7.92,7.92,21241.08083959,coinbase-exchange
2016-12-19,7.92,7.95,7.57,7.64,7.64,41333.50672096,coinbase-exchange
2016-12-20,7.65,7.77,7.55,7.64,7.64,28560.53439842,coinbase-exchange
2016-12-21,7.64,7.97,7.64,7.91,7.91,46350.30741928,coinbase-exchange
2016-12-22,7.93,7.95,7.5,7.55,7.55,86905.17310973,coinbase-exchange
2016-12-23,7.54,7.67,7.01,7.13,7.13,95553.44592549,coinbase-exchange
2016-12-24,7.14,7.46,7.08,7.22,7.22,29874.25951248,coinbase-exchange
2016-12-25,7.23,7.34,7.12,7.19,7.19,26438.83510247,coinbase-exchange
2016-12-26,7.18,7.33,7.02,7.26,7.26,26970.32002986,coinbase-exchange
2016-12-27,7.23,7.37,7.05,7.16,7.16,45356.90645935,coinbase-exchange
2016-12-28,7.15,7.72,7.05,7.62,7.62,98303.43480063,coinbase-exchange
2016-12-29,7.6,8.53,7.6,8.29,8.29,152526.66075647,coinbase-exchange
2016-12-30,8.3,8.52,8.01,8.21,8.21,66140.23918059,coinbase-exchange
2016-12-31,8.2,8.29,8.0,8.16,8.16,43418.8498603,coinbase-exchange
2017-01-01,8.16,8.6,8.08,8.18,8.18,59519.78894094,coinbase-exchange
2017-01-02,8.2,8.53,8.05,8.38,8.38,70490.23263029,coinbase-exchange
2017-01-03,8.38,10.02,8.24,9.59,9.59,193090.5325617,coinbase-exchange
2017-01-04,9.62,11.17,9.34,11.17,11.17,249702.49312189,coinbase-exchange
2017-01-05,11.13,11.8,9.08,10.23,10.23,318195.64966402,coinbase-exchange
2017-01-06,10.23,10.46,9.52,10.14,10.14,139579.01357529,coinbase-exchange
2017-01-07,10.14,10.21,9.55,9.92,9.92,68202.88241145,coinbase-exchange
2017-01-08,9.92,10.58,9.89,10.5,10.5,62882.92455958,coinbase-exchange
2017-01-09,10.5,10.94,10.23,10.39,10.39,71537.68592965,coinbase-exchange
2017-01-10,10.41,10.75,10.34,10.63,10.63,55080.01658617,coinbase-exchange
2017-01-11,10.63,10.84,9.47,9.95,9.95,156690.86721608,coinbase-exchange
2017-01-12,9.96,10.17,9.12,9.8,9.8,79647.24561381,coinbase-exchange
2017-01-13,9.81,9.91,9.51,9.84,9.84,77394.58240566,coinbase-exchange
2017-01-14,9.84,9.94,9.69,9.86,9.86,37283.35356003,coinbase-exchange
2017-01-15,9.86,10.05,9.8,9.9,9.9,27754.14426025,coinbase-exchange
2017-01-16,9.91,10.23,9.56,9.66,9.66,63109.15135822,coinbase-exchange
2017-01-17,9.66,10.53,9.65,10.34,10.34,70391.9885457,coinbase-exchange
2017-01-18,10.33,10.51,9.99,10.23,10.23,62955.27909693,coinbase-exchange
2017-01-19,10.24,10.5,10.18,10.42,10.42,47611.24661444,coinbase-exchange
2017-01-20,10.46,10.81,10.42,10.62,10.62,59455.01891867,coinbase-exchange
2017-01-21,10.65,11.06,10.58,10.93,10.93,60044.83210136,coinbase-exchange
2017-01-22,10.94,11.07,10.66,10.77,10.77,49893.01076167,coinbase-exchange
2017-01-23,10.77,10.85,10.65,10.8,10.8,35338.62281061,coinbase-exchange
2017-01-24,10.79,10.92,10.51,10.57,10.57,55179.70253114,coinbase-exchange
2017-01-25,10.57,10.66,10.43,10.55,10.55,41045.88754223,coinbase-exchange
2017-01-26,10.54,10.67,10.5,10.6,10.6,43444.18171844,coinbase-exchange
2017-01-27,10.61,10.64,10.42,10.55,10.55,45845.48034511,coinbase-exchange
2017-01-28,10.55,10.58,10.47,10.58,10.58,26322.92714156,coinbase-exchange
2017-01-29,10.58,10.58,10.46,10.49,10.49,19237.12895493,coinbase-exchange
2017-01-30,10.5,10.71,10.37,10.6,10.6,42007.88104909,coinbase-exchange
2017-01-31,10.59,10.79,10.58,10.7,10.7,40509.60288467,coinbase-exchange
2017-02-01,10.7,10.86,10.51,10.72,10.72,58400.82763664,coinbase-exchange
2017-02-02,10.73,10.86,10.62,10.82,10.82,48583.70326323,coinbase-exchange
2017-02-03,10.82,10.99,10.67,10.99,10.99,49696.94671619,coinbase-exchange
2017-02-04,10.99,11.45,10.98,11.41,11.41,89642.39949355,coinbase-exchange
2017-02-05,11.39,11.44,11.15,11.26,11.26,39382.95306944,coinbase-exchange
2017-02-06,11.27,11.42,11.22,11.34,11.34,47907.3447215,coinbase-exchange
2017-02-07,11.33,11.59,11.29,11.51,11.51,57274.01020311,coinbase-exchange
2017-02-08,11.51,11.65,11.15,11.41,11.41,88158.86526488,coinbase-exchange
2017-02-09,11.41,11.54,10.61,11.02,11.02,118356.17173816,coinbase-exchange
2017-02-10,11.02,11.48,10.88,11.43,11.43,69285.63535576,coinbase-exchange
2017-02-11,11.44,11.52,11.34,11.52,11.52,35280.52010547,coinbase-exchange
2017-02-12,11.51,11.54,11.4,11.5,11.5,23350.56327133,coinbase-exchange
2017-02-13,11.5,11.54,11.21,11.43,11.43,50130.29677266,coinbase-exchange
2017-02-14,11.42,14.7,11.39,13.14,13.14,260872.34248683,coinbase-exchange
2017-02-15,13.16,13.2,12.66,12.98,12.98,117752.61105449,coinbase-exchange
2017-02-16,12.98,13.03,12.62,12.89,12.89,89348.20727242,coinbase-exchange
2017-02-17,12.92,12.95,12.71,12.75,12.75,90714.24317995,coinbase-exchange
2017-02-18,12.77,12.93,12.77,12.89,12.89,45730.92082413,coinbase-exchange
2017-02-19,12.87,12.95,12.79,12.9,12.9,34815.25412059,coinbase-exchange
2017-02-20,12.9,12.95,12.56,12.61,12.61,70683.04381469,coinbase-exchange
2017-02-21,12.59,12.87,12.3,12.83,12.83,99099.33659705,coinbase-exchange
2017-02-22,12.83,12.99,12.68,12.75,12.75,83638.11582907,coinbase-exchange
2017-02-23,12.74,13.37,12.73,13.21,13.21,101645.2415701,coinbase-exchange
2017-02-24,13.22,13.33,12.81,13.2,13.2,141593.77689977,coinbase-exchange
2017-02-25,13.18,13.87,13.06,13.65,13.65,96882.62283402,coinbase-exchange
2017-02-26,13.64,14.84,13.4,14.74,14.74,100654.43777812,coinbase-exchange
2017-02-27,14.74,16.32,14.37,15.66,15.66,228006.55645929,coinbase-exchange
2017-02-28,15.66,16.94,15.21,16.4,16.4,345271.59116257,coinbase-exchange
2017-03-01,15.75,17.58,15.68,17.37,17.37,251745.10779028,coinbase-exchange
2017-03-02,17.46,19.99,16.88,19.27,19.27,353524.92611792,coinbase-exchange
2017-03-03,19.27,21.49,18.2,19.68,19.68,418297.89550869,coinbase-exchange
2017-03-04,19.61,20.4,18.65,18.65,18.65,150803.54752055,coinbase-exchange
2017-03-05,18.65,19.45,18.18,19.4,19.4,128246.54175649,coinbase-exchange
2017-03-06,19.39,20.24,19.17,19.68,19.68,141853.14193665,coinbase-exchange
2017-03-07,19.68,19.77,18.59,18.96,18.96,156651.35264277,coinbase-exchange
2017-03-08,18.96,18.96,16.65,16.68,16.68,280505.20713503,coinbase-exchange
2017-03-09,16.66,18.29,16.2,17.82,17.82,182292.81461265,coinbase-exchange
2017-03-10,17.81,19.7,17.01,19.2,19.2,309439.25716125,coinbase-exchange
2017-03-11,19.21,21.89,18.91,21.64,21.64,228815.88246844,coinbase-exchange
2017-03-12,21.67,24.25,21.33,23.39,23.39,263673.05636486,coinbase-exchange
2017-03-13,23.38,31.1,23.38,28.64,28.64,625354.24051185,coinbase-exchange
2017-03-14,28.63,30.0,27.16,28.69,28.69,226096.64753758,coinbase-exchange
2017-03-15,28.69,35.86,28.5,35.65,35.65,408524.96947696,coinbase-exchange
2017-03-16,35.66,47.03,35.65,45.96,45.96,732580.28886923,coinbase-exchange
2017-03-17,45.97,57.67,35.04,44.62,44.62,719985.84989644,coinbase-exchange
2017-03-18,44.62,45.0,30.7,33.64,33.64,569966.50109942,coinbase-exchange
2017-03-19,34.03,45.64,33.78,43.21,43.21,459232.39385515,coinbase-exchange
2017-03-20,43.21,45.25,40.86,42.31,42.31,229608.94221823,coinbase-exchange
2017-03-21,42.37,43.68,41.76,42.36,42.36,153385.24652058,coinbase-exchange
2017-03-22,42.39,42.59,38.26,41.37,41.37,215331.31154119,coinbase-exchange
2017-03-23,41.33,43.97,40.33,42.99,42.99,176283.58226551,coinbase-exchange
2017-03-24,42.92,53.44,42.5,52.93,52.93,412077.11150094,coinbase-exchange
2017-03-25,52.93,53.4,47.29,50.5,50.5,322875.49976772,coinbase-exchange
2017-03-26,50.61,51.5,48.51,50.73,50.73,139381.60730493,coinbase-exchange
2017-03-27,50.74,51.71,48.28,48.97,48.97,167954.10960827,coinbase-exchange
2017-03-28,48.97,50.44,48.51,50.3,50.3,148961.43460651,coinbase-exchange
2017-03-29,50.29,53.97,50.11,53.1,53.1,242696.94276526,coinbase-exchange
2017-03-30,53.11,53.34,51.52,51.88,51.88,133949.75343624,coinbase-exchange
2017-03-31,51.87,52.41,46.98,50.18,50.18,248184.61398357,coinbase-exchange
2017-04-01,50.17,51.85,48.85,50.71,50.71,90500.31838149,coinbase-exchange
2017-04-02,50.72,51.19,48.14,48.74,48.74,150244.53593327,coinbase-exchange
2017-04-03,48.74,48.97,42.39,44.25,44.25,324319.06028293,coinbase-exchange
2017-04-04,44.33,46.25,41.45,44.47,44.47,218472.02147232,coinbase-exchange
2017-04-05,44.45,47.63,44.2,44.78,44.78,153161.83660282,coinbase-exchange
2017-04-06,44.97,45.97,41.1,43.3,43.3,172306.59173301,coinbase-exchange
2017-04-07,43.31,44.64,41.57,42.32,42.32,106456.14070104,coinbase-exchange
2017-04-08,42.32,45.5,42.31,44.45,44.45,78801.726831,coinbase-exchange
2017-04-09,44.5,44.74,42.72,43.92,43.92,56534.48029788,coinbase-exchange
2017-04-10,43.92,44.65,42.72,43.92,43.92,68377.98513004,coinbase-exchange
2017-04-11,43.92,44.5,43.55,43.83,43.83,55284.12760715,coinbase-exchange
2017-04-12,43.84,47.88,43.58,46.48,46.48,124468.48627904,coinbase-exchange
2017-04-13,46.48,51.11,46.22,49.77,49.77,175187.47016084,coinbase-exchange
2017-04-14,49.86,50.0,46.52,47.2,47.2,85109.7751633,coinbase-exchange
2017-04-15,47.19,74.98,46.78,48.94,48.94,43693.04585819,coinbase-exchange
2017-04-16,48.93,49.25,47.5,48.13,48.13,42384.56530848,coinbase-exchange
2017-04-17,48.19,48.29,47.5,47.94,47.94,54227.36640121,coinbase-exchange
2017-04-18,47.94,49.93,47.7,49.79,49.79,81393.9122876,coinbase-exchange
2017-04-19,49.85,50.32,47.25,47.78,47.78,103907.90858065,coinbase-exchange
2017-04-20,47.71,49.5,47.6,49.38,49.38,93735.58522977,coinbase-exchange
2017-04-21,49.39,49.49,48.24,48.37,48.37,76552.53094971,coinbase-exchange
2017-04-22,48.38,49.08,48.22,48.61,48.61,59641.96199605,coinbase-exchange
2017-04-23,48.58,49.0,48.25,48.96,48.96,53556.71591886,coinbase-exchange
2017-04-24,48.95,50.44,48.94,50.12,50.12,87541.85950957,coinbase-exchange
2017-04-25,50.11,50.75,50.0,50.31,50.31,76648.08871869,coinbase-exchange
2017-04-26,50.28,54.85,50.25,53.42,53.42,188049.80301613,coinbase-exchange
2017-04-27,53.4,63.99,52.66,63.67,63.67,307148.30636896,coinbase-exchange
2017-04-28,63.65,74.9,62.5,73.14,73.14,442921.18135476,coinbase-exchange
2017-04-29,73.17,74.89,68.24,70.4,70.4,243330.29671571,coinbase-exchange
2017-04-30,70.37,82.9,70.0,80.87,80.87,272307.30087488,coinbase-exchange
2017-05-01,80.72,85.21,72.24,79.35,79.35,417924.11535989,coinbase-exchange
2017-05-02,79.05,83.07,75.54,77.55,77.55,211378.02819441,coinbase-exchange
2017-05-03,77.55,81.4,75.89,81.29,81.29,217887.00012124,coinbase-exchange
2017-05-04,81.19,96.66,80.31,95.97,95.97,356318.1438017,coinbase-exchange
2017-05-05,95.98,98.98,89.0,91.93,91.93,241440.1723698,coinbase-exchange
2017-05-06,91.94,96.42,91.94,95.84,95.84,111473.40974383,coinbase-exchange
2017-05-07,95.74,97.95,90.0,93.82,93.82,146704.7426076,coinbase-exchange
2017-05-08,93.83,94.74,85.1,89.25,89.25,212998.74977984,coinbase-exchange
2017-05-09,89.25,90.08,75.89,86.58,86.58,274317.97090647,coinbase-exchange
2017-05-10,86.77,91.98,85.39,88.36,88.36,143176.40257741,coinbase-exchange
2017-05-11,88.36,90.99,87.01,88.3,88.3,115231.87479637,coinbase-exchange
2017-05-12,88.3,90.3,82.2,85.17,85.17,135905.56078613,coinbase-exchange
2017-05-13,85.19,88.74,82.0,88.42,88.42,88764.58772447,coinbase-exchange
2017-05-14,88.38,89.94,87.13,89.39,89.39,53063.13338631,coinbase-exchange
2017-05-15,89.42,94.7,89.28,91.0,91.0,131363.64582398,coinbase-exchange
2017-05-16,91.0,92.3,87.08,87.98,87.98,127231.00022453,coinbase-exchange
2017-05-17,87.97,89.98,82.5,86.88,86.88,152795.43726305,coinbase-exchange
2017-05-18,86.88,96.2,86.5,96.2,96.2,173625.24322665,coinbase-exchange
2017-05-19,96.2,129.98,96.18,125.14,125.14,484630.316657,coinbase-exchange
2017-05-20,125.04,129.34,121.0,123.63,123.63,201025.57359568,coinbase-exchange
2017-05-21,123.56,148.97,122.0,148.78,148.78,324006.43960756,coinbase-exchange
2017-05-22,148.86,184.22,131.22,160.1,160.1,644273.1716854,coinbase-exchange
2017-05-23,160.38,177.9,155.7,169.95,169.95,269504.95674999,coinbase-exchange
2017-05-24,169.9,202.0,167.7,196.06,196.06,361470.85784076,coinbase-exchange
2017-05-25,196.05,217.85,162.04,181.51,181.51,484975.36393576,coinbase-exchange
2017-05-26,181.4,199.99,140.0,163.8,163.8,442739.38733464,coinbase-exchange
2017-05-27,163.78,172.0,115.67,159.91,159.91,465437.92029385,coinbase-exchange
2017-05-28,159.71,185.0,159.59,175.48,175.48,236048.08435851,coinbase-exchange
2017-05-29,175.48,199.0,167.0,194.82,194.82,218954.39607822,coinbase-exchange
2017-05-30,194.89,233.09,185.0,228.69,228.69,448799.28541494,coinbase-exchange
2017-05-31,228.67,234.76,215.42,229.14,229.14,350748.08045495,coinbase-exchange
2017-06-01,229.15,238.97,206.02,221.91,221.91,345620.06538661,coinbase-exchange
2017-06-02,221.84,229.75,216.5,222.04,222.04,166454.3515687,coinbase-exchange
2017-06-03,221.95,227.5,218.56,224.95,224.95,110291.48994177,coinbase-exchange
2017-06-04,224.95,249.04,224.0,245.5,245.5,212990.77161956,coinbase-exchange
2017-06-05,245.48,248.98,241.2,248.0,248.0,148012.87141512,coinbase-exchange
2017-06-06,247.99,269.36,247.0,264.22,264.22,321257.13754041,coinbase-exchange
2017-06-07,264.5,265.63,244.98,255.68,255.68,218451.7317111,coinbase-exchange
2017-06-08,255.61,261.0,250.0,258.64,258.64,137027.20512509,coinbase-exchange
2017-06-09,258.64,279.39,258.63,279.38,279.38,191150.05975101,coinbase-exchange
2017-06-10,279.39,358.46,278.03,340.2,340.2,424269.45519765,coinbase-exchange
2017-06-11,340.13,355.0,317.05,343.01,343.01,251526.11642898,coinbase-exchange
2017-06-12,343.29,420.0,306.11,397.37,397.37,535807.37275223,coinbase-exchange
2017-06-13,397.36,400.0,359.75,388.0,388.0,270476.84967737,coinbase-exchange
2017-06-14,388.0,394.47,315.0,341.7,341.7,373882.12090848,coinbase-exchange
2017-06-15,341.7,356.29,253.0,343.71,343.71,750552.70232997,coinbase-exchange
2017-06-16,343.71,364.0,314.0,354.26,354.26,256375.67115986,coinbase-exchange
2017-06-17,354.26,369.0,341.65,368.98,368.98,144149.67943169,coinbase-exchange
2017-06-18,368.99,381.66,340.11,351.85,351.85,156569.03884936,coinbase-exchange
2017-06-19,351.84,362.5,346.88,358.71,358.71,103120.69222457,coinbase-exchange
2017-06-20,358.71,365.79,325.0,350.94,350.94,209201.65923438,coinbase-exchange
2017-06-21,350.94,352.0,0.1,325.41,325.41,441449.72983966,coinbase-exchange
2017-06-22,327.36,336.68,305.0,320.02,320.02,149181.79483138,coinbase-exchange
2017-06-23,320.02,332.95,316.66,326.99,326.99,77450.68733618,coinbase-exchange
2017-06-24,326.98,330.7,295.55,304.5,304.5,131625.76300771,coinbase-exchange
2017-06-25,304.5,310.0,251.3,278.49,278.49,263539.27127496,coinbase-exchange
2017-06-26,278.49,293.0,206.5,252.99,252.99,572327.07792308,coinbase-exchange
2017-06-27,252.97,288.51,211.0,287.23,287.23,469363.14454721,coinbase-exchange
2017-06-28,287.27,323.69,260.11,315.32,315.32,401411.43973853,coinbase-exchange
2017-06-29,315.32,322.9,286.22,292.95,292.95,204009.03186533,coinbase-exchange
2017-06-30,292.95,306.5,270.5,280.04,280.04,232770.11496367,coinbase-exchange
2017-07-01,280.03,281.98,253.23,263.12,263.12,179041.22371058,coinbase-exchange
2017-07-02,263.12,293.73,255.7,285.0,285.0,191572.82260716,coinbase-exchange
2017-07-03,285.0,285.0,273.07,276.37,276.37,126101.36349921,coinbase-exchange
2017-07-04,276.37,282.83,265.0,269.2,269.2,109679.71817595,coinbase-exchange
2017-07-05,269.18,274.97,252.67,266.27,266.27,166163.90647145,coinbase-exchange
2017-07-06,266.27,275.0,261.59,266.01,266.01,86798.37421098,coinbase-exchange
2017-07-07,266.01,266.97,235.01,241.28,241.28,179643.78239179,coinbase-exchange
2017-07-08,241.27,249.5,231.25,246.64,246.64,135553.94613742,coinbase-exchange
2017-07-09,246.65,253.31,236.0,238.81,238.81,71500.75627037,coinbase-exchange
2017-07-10,238.4,240.33,185.39,202.86,202.86,398041.70357687,coinbase-exchange
2017-07-11,201.65,216.5,175.56,190.57,190.57,529884.63788858,coinbase-exchange
2017-07-12,190.57,228.88,181.0,224.04,224.04,417514.89238521,coinbase-exchange
2017-07-13,224.01,227.0,193.07,205.0,205.0,226699.02590419,coinbase-exchange
2017-07-14,205.0,206.99,183.12,197.23,197.23,213188.74009561,coinbase-exchange
2017-07-15,197.23,198.97,167.0,167.72,167.72,261390.37737053,coinbase-exchange
2017-07-16,168.22,172.3,130.26,155.68,155.68,609640.25747522,coinbase-exchange
2017-07-17,155.69,191.5,153.25,190.87,190.87,632198.84128556,coinbase-exchange
2017-07-18,190.87,249.4,176.51,227.01,227.01,871486.85742525,coinbase-exchange
2017-07-19,227.01,243.9,186.01,194.74,194.74,769832.272328,coinbase-exchange
2017-07-20,194.74,237.0,194.74,226.06,226.06,616596.49227661,coinbase-exchange
2017-07-21,226.23,238.0,208.5,216.6,216.6,289938.17184544,coinbase-exchange
2017-07-22,216.58,237.67,215.1,230.69,230.69,179566.03971823,coinbase-exchange
2017-07-23,230.69,234.35,221.2,228.31,228.31,115026.49432892,coinbase-exchange
2017-07-24,228.27,229.99,224.0,225.96,225.96,74988.12540113,coinbase-exchange
2017-07-25,225.97,226.59,193.0,203.78,203.78,367646.15788578,coinbase-exchange
2017-07-26,203.78,209.89,193.4,203.23,203.23,212126.71693004,coinbase-exchange
2017-07-27,203.23,205.0,198.85,202.94,202.94,125511.49297384,coinbase-exchange
2017-07-28,202.95,203.95,189.34,190.72,190.72,170551.22979694,coinbase-exchange
2017-07-29,190.99,209.77,178.03,205.9,205.9,273049.87544549,coinbase-exchange
2017-07-30,205.89,209.9,193.26,196.95,196.95,105150.12887105,coinbase-exchange
2017-07-31,196.95,201.98,190.78,200.82,200.82,117870.21208966,coinbase-exchange
2017-08-01,200.83,232.73,200.82,225.73,225.73,435806.82462287,coinbase-exchange
2017-08-02,225.73,228.8,215.37,217.92,217.92,149917.3774405,coinbase-exchange
2017-08-03,217.92,227.53,217.35,224.0,224.0,113161.87452226,coinbase-exchange
2017-08-04,224.0,226.82,219.51,220.72,220.72,98579.24462276,coinbase-exchange
2017-08-05,220.72,258.98,219.54,251.85,251.85,321010.76739422,coinbase-exchange
2017-08-06,251.86,273.0,250.99,263.96,263.96,239167.77373496,coinbase-exchange
2017-08-07,263.97,274.81,257.1,269.9,269.9,168723.43057382,coinbase-exchange
2017-08-08,269.89,299.45,267.0,295.95,295.95,267302.64930407,coinbase-exchange
2017-08-09,295.95,314.71,276.55,295.26,295.26,465374.56335406,coinbase-exchange
2017-08-10,295.26,309.8,288.34,300.51,300.51,154431.32113167,coinbase-exchange
2017-08-11,300.51,310.0,295.79,309.65,309.65,131543.77345794,coinbase-exchange
2017-08-12,309.65,319.7,303.61,308.35,308.35,175661.18081898,coinbase-exchange
2017-08-13,308.35,309.95,287.0,296.66,296.66,196015.46006707,coinbase-exchange
2017-08-14,296.67,309.35,294.96,299.16,299.16,116394.59975549,coinbase-exchange
2017-08-15,299.16,299.18,267.0,286.71,286.71,213475.96869542,coinbase-exchange
2017-08-16,286.71,303.9,280.0,300.45,300.45,125548.24950077,coinbase-exchange
2017-08-17,300.45,309.41,298.0,300.67,300.67,117913.06770258,coinbase-exchange
2017-08-18,300.66,306.09,287.0,292.87,292.87,132176.43410008,coinbase-exchange
2017-08-19,292.86,298.7,287.0,293.58,293.58,68015.67500724,coinbase-exchange
2017-08-20,293.58,298.5,289.5,297.79,297.79,55102.04407497,coinbase-exchange
2017-08-21,297.79,344.34,295.27,322.0,322.0,312029.89411077,coinbase-exchange
2017-08-22,322.0,329.97,292.0,314.19,314.19,200165.56685601,coinbase-exchange
2017-08-23,314.19,324.61,313.72,317.5,317.5,102640.68582938,coinbase-exchange
2017-08-24,317.5,328.0,316.0,324.56,324.56,77759.33281317,coinbase-exchange
2017-08-25,324.56,336.99,324.38,330.14,330.14,118403.86049802,coinbase-exchange
2017-08-26,330.14,334.51,325.1,332.99,332.99,64257.23654457,coinbase-exchange
2017-08-27,332.99,348.2,332.44,348.2,348.2,94727.24092539,coinbase-exchange
2017-08-28,348.2,349.99,336.35,347.54,347.54,111495.22073893,coinbase-exchange
2017-08-29,347.54,374.91,347.54,372.48,372.48,172763.72910699,coinbase-exchange
2017-08-30,372.48,392.0,368.3,384.1,384.1,164881.8885695,coinbase-exchange
2017-08-31,384.1,389.97,381.2,389.2,389.2,119008.82851471,coinbase-exchange
2017-09-01,389.2,396.88,386.98,392.87,392.87,160640.81878876,coinbase-exchange
2017-09-02,392.87,393.76,333.0,354.87,354.87,293413.40236712,coinbase-exchange
2017-09-03,354.88,372.0,344.0,353.06,353.06,137268.86305024,coinbase-exchange
2017-09-04,353.06,353.15,285.0,316.86,316.86,458363.975868,coinbase-exchange
2017-09-05,316.87,325.0,290.0,320.08,320.08,318353.88523581,coinbase-exchange
2017-09-06,320.09,345.0,319.3,339.38,339.38,194966.28863943,coinbase-exchange
2017-09-07,339.38,339.38,323.26,335.56,335.56,103175.36266456,coinbase-exchange
2017-09-08,335.56,335.56,292.71,307.96,307.96,299196.18205446,coinbase-exchange
2017-09-09,307.96,313.87,294.0,304.99,304.99,97356.16715522,coinbase-exchange
2017-09-10,305.0,306.5,285.0,300.33,300.33,123364.47278542,coinbase-exchange
2017-09-11,300.34,307.97,288.0,298.47,298.47,131872.4413353,coinbase-exchange
2017-09-12,298.47,316.19,286.0,294.5,294.5,193866.88976529,coinbase-exchange
2017-09-13,294.5,294.5,256.41,275.71,275.71,330077.26740091,coinbase-exchange
2017-09-14,275.71,280.75,221.3,223.85,223.85,517640.07889459,coinbase-exchange
2017-09-15,223.85,270.0,202.25,260.88,260.88,667715.3795006,coinbase-exchange
2017-09-16,260.87,278.0,247.1,255.84,255.84,194275.26114785,coinbase-exchange
2017-09-17,255.85,272.0,240.15,259.66,259.66,127514.7477237,coinbase-exchange
2017-09-18,259.66,303.78,259.65,298.0,298.0,298160.31829275,coinbase-exchange
2017-09-19,298.0,301.0,275.25,282.8,282.8,172906.38843809,coinbase-exchange
2017-09-20,282.94,293.71,278.04,283.55,283.55,108925.71300684,coinbase-exchange
2017-09-21,283.55,286.99,252.55,258.11,258.11,211091.13505245,coinbase-exchange
2017-09-22,258.11,272.0,254.01,263.88,263.88,120473.05688255,coinbase-exchange
2017-09-23,263.88,286.63,260.02,286.03,286.03,79343.8978278,coinbase-exchange
2017-09-24,286.03,294.89,276.23,283.21,283.21,95448.67822107,coinbase-exchange
2017-09-25,283.21,296.7,282.66,294.41,294.41,90047.80087125,coinbase-exchange
2017-09-26,294.41,295.48,286.0,288.77,288.77,64077.24189666,coinbase-exchange
2017-09-27,288.77,312.75,288.25,309.85,309.85,121905.91012243,coinbase-exchange
2017-09-28,309.86,310.0,298.1,302.33,302.33,94872.87426245,coinbase-exchange
2017-09-29,302.33,302.6,278.0,291.88,291.88,165285.97835623,coinbase-exchange
2017-09-30,291.88,304.69,291.25,301.57,301.57,62093.33386924,coinbase-exchange
2017-10-01,301.57,303.25,295.75,303.25,303.25,42910.47058427,coinbase-exchange
2017-10-02,303.25,303.5,293.73,296.72,296.72,62589.24548424,coinbase-exchange
2017-10-03,296.78,299.0,287.65,292.36,292.36,59960.60279169,coinbase-exchange
2017-10-04,292.36,295.0,289.62,292.0,292.0,42408.18343628,coinbase-exchange
2017-10-05,292.0,296.99,286.44,294.89,294.89,44754.00010261,coinbase-exchange
2017-10-06,294.89,308.5,294.21,307.73,307.73,95965.30843062,coinbase-exchange
2017-10-07,307.73,314.62,304.57,311.12,311.12,66524.25999297,coinbase-exchange
2017-10-08,311.12,313.6,308.62,309.2,309.2,44589.14793264,coinbase-exchange
2017-10-09,309.2,309.32,285.88,297.0,297.0,145514.15882144,coinbase-exchange
2017-10-10,297.0,305.0,290.23,297.99,297.99,88318.01221504,coinbase-exchange
2017-10-11,297.99,303.0,297.53,302.0,302.0,45397.39333105,coinbase-exchange
2017-10-12,302.0,307.0,300.3,302.12,302.12,114002.1952516,coinbase-exchange
2017-10-13,302.12,345.0,298.29,335.89,335.89,272969.19650775,coinbase-exchange
2017-10-14,335.85,347.0,332.46,338.37,338.37,91560.24722557,coinbase-exchange
2017-10-15,338.37,341.0,320.0,336.89,336.89,103363.87991863,coinbase-exchange
2017-10-16,336.89,350.0,330.84,334.36,334.36,140569.03708849,coinbase-exchange
2017-10-17,334.33,334.66,310.5,316.37,316.37,117188.42621289,coinbase-exchange
2017-10-18,316.32,316.53,287.4,313.59,313.59,167629.0127989,coinbase-exchange
2017-10-19,313.59,316.21,305.34,308.02,308.02,84536.00998177,coinbase-exchange
2017-10-20,308.02,311.53,302.0,303.15,303.15,93615.86032848,coinbase-exchange
2017-10-21,303.16,303.74,291.38,300.0,300.0,116955.08960367,coinbase-exchange
2017-10-22,300.0,306.55,291.81,295.14,295.14,62949.25853616,coinbase-exchange
2017-10-23,295.14,295.15,275.46,285.83,285.83,130465.48008549,coinbase-exchange
2017-10-24,285.84,311.7,280.3,296.99,296.99,173126.46810102,coinbase-exchange
2017-10-25,297.0,300.97,288.05,296.76,296.76,73647.31462122,coinbase-exchange
2017-10-26,296.76,299.95,293.81,295.98,295.98,46575.16530348,coinbase-exchange
2017-10-27,295.98,298.98,291.53,297.59,297.59,40781.36186865,coinbase-exchange
2017-10-28,297.48,297.9,293.51,295.11,295.11,27343.87091403,coinbase-exchange
2017-10-29,295.12,310.0,294.29,303.38,303.38,68441.69707434,coinbase-exchange
2017-10-30,303.39,309.69,302.53,306.87,306.87,42544.03539724,coinbase-exchange
2017-10-31,306.87,309.94,303.49,303.51,303.51,61326.79867058,coinbase-exchange
2017-11-01,303.51,305.0,289.51,290.82,290.82,116206.12030481,coinbase-exchange
2017-11-02,290.84,296.0,278.88,285.4,285.4,201683.70460013,coinbase-exchange
2017-11-03,285.4,308.06,285.4,306.0,306.0,121279.13293603,coinbase-exchange
2017-11-04,306.0,306.0,295.0,301.66,301.66,64936.7892894,coinbase-exchange
2017-11-05,301.74,302.0,295.64,296.57,296.57,55757.0277432,coinbase-exchange
2017-11-06,296.58,304.9,292.0,297.32,297.32,89982.42383484,coinbase-exchange
2017-11-07,297.32,304.0,287.0,292.42,292.42,149216.29427116,coinbase-exchange
2017-11-08,292.42,319.89,291.0,307.91,307.91,228868.58046192,coinbase-exchange
2017-11-09,307.92,329.47,307.01,320.72,320.72,163531.79911828,coinbase-exchange
2017-11-10,320.73,325.12,291.3,298.04,298.04,161078.72458709,coinbase-exchange
2017-11-11,298.04,319.94,297.67,315.69,315.69,122519.64096539,coinbase-exchange
2017-11-12,315.7,316.55,301.04,307.1,307.1,178394.5193831,coinbase-exchange
2017-11-13,307.11,319.0,306.5,315.56,315.56,144149.6345376,coinbase-exchange
2017-11-14,315.56,336.91,315.5,335.04,335.04,210940.91854212,coinbase-exchange
2017-11-15,335.04,340.84,326.0,331.81,331.81,132787.77324127,coinbase-exchange
2017-11-16,331.81,334.8,321.91,330.21,330.21,133360.32118202,coinbase-exchange
2017-11-17,330.19,334.3,326.46,332.31,332.31,93686.6537577,coinbase-exchange
2017-11-18,332.31,349.0,328.22,346.6,346.6,108931.36816884,coinbase-exchange
2017-11-19,346.6,374.7,344.0,354.59,354.59,207184.66996219,coinbase-exchange
2017-11-20,354.24,373.75,354.24,368.24,368.24,126768.33353275,coinbase-exchange
2017-11-21,368.25,372.99,350.5,361.51,361.51,199586.86857333,coinbase-exchange
2017-11-22,361.51,382.96,361.0,381.73,381.73,129296.81489114,coinbase-exchange
2017-11-23,381.74,428.6,376.04,406.61,406.61,321886.28834087,coinbase-exchange
2017-11-24,405.99,479.89,401.0,470.98,470.98,340383.99106199,coinbase-exchange
2017-11-25,470.98,488.0,456.0,466.77,466.77,269164.43646378,coinbase-exchange
2017-11-26,466.77,477.65,451.81,473.99,473.99,191283.86889318,coinbase-exchange
2017-11-27,473.99,492.99,462.1,477.53,477.53,232775.83960646,coinbase-exchange
2017-11-28,477.54,483.0,463.6,468.52,468.52,178477.39782473,coinbase-exchange
2017-11-29,468.52,518.13,402.11,434.01,434.01,504522.58690876,coinbase-exchange
2017-11-30,434.01,470.0,401.5,434.0,434.0,362792.40177696,coinbase-exchange
2017-12-01,434.0,468.43,421.57,463.82,463.82,195042.34530378,coinbase-exchange
2017-12-02,463.82,474.96,451.21,460.34,460.34,162583.05431314,coinbase-exchange
2017-12-03,460.35,483.61,450.0,465.0,465.0,168448.63108491,coinbase-exchange
2017-12-04,465.0,473.0,449.4,468.22,468.22,135879.81871327,coinbase-exchange
2017-12-05,468.22,470.0,451.56,457.3,457.3,155144.70994105,coinbase-exchange
2017-12-06,457.29,461.99,425.01,432.49,432.49,350795.74233167,coinbase-exchange
2017-12-07,432.48,448.89,415.01,433.28,433.28,331265.58132093,coinbase-exchange
2017-12-08,432.82,479.1,420.01,463.45,463.45,404030.4606077,coinbase-exchange
2017-12-09,463.45,535.1,450.0,485.04,485.04,546108.72481997,coinbase-exchange
2017-12-10,485.05,486.13,438.0,447.51,447.51,217508.33886249,coinbase-exchange
2017-12-11,447.51,519.49,445.23,518.0,518.0,298621.16793715,coinbase-exchange
2017-12-12,518.0,714.0,501.11,686.82,686.82,880549.7554281,coinbase-exchange
2017-12-13,686.82,784.77,606.0,711.94,711.94,788838.94576575,coinbase-exchange
2017-12-14,711.95,758.61,660.83,705.01,705.01,426482.48114599,coinbase-exchange
2017-12-15,705.01,706.0,618.0,693.5,693.5,317917.74059557,coinbase-exchange
2017-12-16,693.5,735.0,684.0,703.59,703.59,199898.99237473,coinbase-exchange
2017-12-17,703.62,746.93,703.0,732.18,732.18,170354.11616159,coinbase-exchange
2017-12-18,732.17,798.81,695.0,785.65,785.65,315411.709876,coinbase-exchange
2017-12-19,785.65,875.0,770.03,826.65,826.65,430872.59791515,coinbase-exchange
2017-12-20,826.65,833.6,701.0,802.86,802.86,341649.85084019,coinbase-exchange
2017-12-21,802.86,845.0,767.15,796.98,796.98,249165.60279887,coinbase-exchange
2017-12-22,796.99,799.95,460.0,682.11,682.11,838405.70542309,coinbase-exchange
2017-12-23,682.11,774.99,670.0,732.8,732.8,203543.16648422,coinbase-exchange
2017-12-24,732.76,734.86,641.14,697.04,697.04,173846.03845096,coinbase-exchange
2017-12-25,697.05,759.88,693.5,740.5,740.5,125678.41700524,coinbase-exchange
2017-12-26,740.5,771.0,738.07,755.07,755.07,101773.79267031,coinbase-exchange
2017-12-27,755.06,767.0,706.0,739.99,739.99,127594.32418255,coinbase-exchange
2017-12-28,740.0,742.31,676.03,719.5,719.5,184333.05438818,coinbase-exchange
2017-12-29,719.5,755.0,710.11,748.89,748.89,155267.18744139,coinbase-exchange
2017-12-30,748.9,748.9,691.1,710.58,710.58,135167.77156992,coinbase-exchange
2017-12-31,710.58,751.0,699.0,741.27,741.27,89048.14792704,coinbase-exchange
2018-01-01,741.24,764.97,727.14,759.03,759.03,87376.83947108,coinbase-exchange
2018-01-02,759.03,878.5,759.02,865.0,865.0,370299.26995958,coinbase-exchange
2018-01-03,865.0,949.98,850.11,938.31,938.31,306487.14249665,coinbase-exchange
2018-01-04,938.16,994.89,906.01,949.0,949.0,316803.96238412,coinbase-exchange
2018-01-05,949.0,1015.0,935.0,969.27,969.27,277363.74285238,coinbase-exchange
2018-01-06,969.27,1009.11,961.23,1006.68,1006.68,126077.38026582,coinbase-exchange
2018-01-07,1006.68,1118.3,1003.02,1118.3,1118.3,180428.27762373,coinbase-exchange
2018-01-08,1118.3,1228.99,950.0,1137.01,1137.01,387581.63428549,coinbase-exchange
2018-01-09,1137.01,1297.58,1115.3,1290.01,1290.01,279844.04240321,coinbase-exchange
2018-01-10,1290.01,1386.99,1207.61,1246.94,1246.94,387754.78898298,coinbase-exchange
2018-01-11,1246.95,1335.0,1083.97,1137.01,1137.01,403973.32204112,coinbase-exchange
2018-01-12,1137.01,1285.0,1089.0,1260.0,1260.0,217366.85071187,coinbase-exchange
2018-01-13,1260.0,1419.96,1259.99,1386.02,1386.02,206633.43741285,coinbase-exchange
2018-01-14,1386.01,1389.11,1256.01,1365.46,1365.46,148724.40647829,coinbase-exchange
2018-01-15,1365.46,1380.97,1267.01,1278.63,1278.63,130053.00817551,coinbase-exchange
2018-01-16,1278.77,1285.57,852.0,1080.0,1080.0,670580.77884899,coinbase-exchange
2018-01-17,1080.01,1165.0,757.0,1028.06,1028.06,855374.32707121,coinbase-exchange
2018-01-18,1028.06,1100.0,951.0,1025.78,1025.78,355917.02420489,coinbase-exchange
2018-01-19,1025.77,1093.0,993.4,1037.45,1037.45,168398.26483981,coinbase-exchange
2018-01-20,1037.45,1164.97,1036.08,1150.02,1150.02,166622.96451295,coinbase-exchange
2018-01-21,1150.02,1151.0,1010.01,1047.13,1047.13,159406.456775,coinbase-exchange
2018-01-22,1047.13,1080.0,917.0,999.68,999.68,221314.9038768,coinbase-exchange
2018-01-23,999.69,1019.0,905.0,984.03,984.03,215044.38062351,coinbase-exchange
2018-01-24,984.03,1056.99,952.0,1056.99,1056.99,157025.9041844,coinbase-exchange
2018-01-25,1056.99,1098.74,1014.88,1040.0,1040.0,170404.74805818,coinbase-exchange
2018-01-26,1040.0,1071.75,987.54,1045.57,1045.57,145279.96709597,coinbase-exchange
2018-01-27,1045.58,1119.0,1029.29,1100.0,1100.0,120969.27298683,coinbase-exchange
2018-01-28,1100.0,1224.0,1087.94,1215.01,1215.01,178932.35566459,coinbase-exchange
2018-01-29,1215.01,1221.74,1137.2,1162.27,1162.27,132320.79156191,coinbase-exchange
2018-01-30,1162.28,1171.0,1025.0,1054.39,1054.39,243673.8356597,coinbase-exchange
2018-01-31,1054.39,1121.03,1013.25,1105.01,1105.01,178928.93139615,coinbase-exchange
2018-02-01,1105.01,1143.0,930.0,1017.48,1017.48,341682.45401305,coinbase-exchange
2018-02-02,1017.48,1020.48,726.43,911.99,911.99,589204.00296477,coinbase-exchange
2018-02-03,912.0,998.0,841.61,969.4,969.4,198329.83958329,coinbase-exchange
2018-02-04,969.4,970.4,783.27,826.0,826.0,218636.51378989,coinbase-exchange
2018-02-05,826.01,857.5,614.02,693.54,693.54,620562.56650555,coinbase-exchange
2018-02-06,694.3,807.5,555.56,783.83,783.83,761461.38006203,coinbase-exchange
2018-02-07,783.85,864.68,718.03,750.04,750.04,361972.28375423,coinbase-exchange
2018-02-08,750.05,843.0,747.82,812.0,812.0,185681.09842313,coinbase-exchange
2018-02-09,812.0,879.2,780.0,875.99,875.99,168813.92673636,coinbase-exchange
2018-02-10,875.99,908.76,815.0,849.47,849.47,160263.60599544,coinbase-exchange
2018-02-11,849.46,851.77,780.0,811.35,811.35,104311.85730828,coinbase-exchange
2018-02-12,811.38,874.03,810.99,864.4,864.4,90918.31734928,coinbase-exchange
2018-02-13,864.4,867.48,826.0,840.49,840.49,72295.28036275,coinbase-exchange
2018-02-14,840.49,924.7,839.45,920.26,920.26,173283.37319094,coinbase-exchange
2018-02-15,920.24,948.23,905.49,929.3,929.3,140117.88456704,coinbase-exchange
2018-02-16,929.3,944.92,910.8,936.02,936.02,83382.83414035,coinbase-exchange
2018-02-17,936.02,976.79,934.2,974.99,974.99,75150.09895847,coinbase-exchange
2018-02-18,975.0,982.99,909.1,912.41,912.41,100689.1761804,coinbase-exchange
2018-02-19,913.4,956.0,911.0,939.01,939.01,53604.18377857,coinbase-exchange
2018-02-20,939.01,958.0,875.0,884.76,884.76,120862.01182593,coinbase-exchange
2018-02-21,884.77,908.17,817.01,840.34,840.34,135641.91857835,coinbase-exchange
2018-02-22,840.31,870.0,790.01,806.0,806.0,105441.6326386,coinbase-exchange
2018-02-23,806.0,883.89,786.0,854.01,854.01,105258.56447565,coinbase-exchange
2018-02-24,854.01,874.66,808.37,833.2,833.2,66461.87856069,coinbase-exchange
2018-02-25,833.2,849.26,816.89,841.96,841.96,39655.67873162,coinbase-exchange
2018-02-26,841.96,877.5,835.0,867.09,867.09,67394.02255544,coinbase-exchange
2018-02-27,867.1,894.0,860.5,871.07,871.07,65115.19154972,coinbase-exchange
2018-02-28,871.07,887.5,848.21,849.99,849.99,60718.84772108,coinbase-exchange
2018-03-01,849.99,878.0,845.54,868.74,868.74,51017.46336265,coinbase-exchange
2018-03-02,868.75,873.12,845.85,854.31,854.31,46202.19655424,coinbase-exchange
2018-03-03,854.3,866.72,851.04,854.34,854.34,35046.64999677,coinbase-exchange
2018-03-04,854.34,865.0,836.3,861.74,861.74,36135.5736882,coinbase-exchange
2018-03-05,861.74,866.0,848.83,848.83,848.83,40939.49250903,coinbase-exchange
2018-03-06,848.83,849.97,800.89,815.43,815.43,62303.95684311,coinbase-exchange
2018-03-07,815.44,825.0,724.0,751.38,751.38,138801.22495145,coinbase-exchange
2018-03-08,751.38,774.0,686.0,698.83,698.83,111033.84491381,coinbase-exchange
2018-03-09,698.81,734.0,641.6,728.46,728.46,172486.90960483,coinbase-exchange
2018-03-10,728.46,749.0,680.2,683.6,683.6,69514.86138119,coinbase-exchange
2018-03-11,683.6,735.0,666.0,719.79,719.79,67834.01788669,coinbase-exchange
2018-03-12,719.79,739.0,678.0,696.51,696.51,76014.9779029,coinbase-exchange
2018-03-13,696.51,713.45,679.78,690.39,690.39,64082.73782615,coinbase-exchange
2018-03-14,690.32,702.5,585.52,614.63,614.63,153028.37672067,coinbase-exchange
2018-03-15,614.63,621.47,571.16,610.99,610.99,149125.19563793,coinbase-exchange
2018-03-16,611.0,626.13,585.0,600.51,600.51,88999.75786119,coinbase-exchange
2018-03-17,600.52,609.94,541.11,549.79,549.79,105894.77241498,coinbase-exchange
2018-03-18,549.79,587.74,450.0,538.0,538.0,444996.56948669,coinbase-exchange
2018-03-19,538.01,560.9,516.4,555.55,555.55,185104.97751743,coinbase-exchange
2018-03-20,555.44,567.04,515.97,558.0,558.0,161094.32369964,coinbase-exchange
2018-03-21,558.0,589.75,545.2,559.98,559.98,119344.11951373,coinbase-exchange
2018-03-22,559.99,578.73,517.6,539.89,539.89,96400.02307994,coinbase-exchange
2018-03-23,539.9,543.04,507.84,543.04,543.04,87454.1549111,coinbase-exchange
2018-03-24,543.04,545.94,517.7,519.57,519.57,53609.18496706,coinbase-exchange
2018-03-25,519.58,536.0,510.2,522.55,522.55,51317.17024489,coinbase-exchange
2018-03-26,522.55,525.0,466.1,486.75,486.75,151611.18882043,coinbase-exchange
2018-03-27,486.75,493.0,445.0,449.0,449.0,163326.70003859,coinbase-exchange
2018-03-28,449.0,464.89,439.18,445.47,445.47,96060.62752281,coinbase-exchange
2018-03-29,445.72,448.0,379.1,383.29,383.29,291819.30211658,coinbase-exchange
2018-03-30,383.3,411.0,365.0,394.46,394.46,285614.7646498,coinbase-exchange
2018-03-31,394.47,438.77,388.88,394.54,394.54,157961.19963445,coinbase-exchange
2018-04-01,394.73,400.65,360.0,378.18,378.18,110964.69777902,coinbase-exchange
2018-04-02,378.69,393.96,375.36,384.0,384.0,91317.1026635,coinbase-exchange
2018-04-03,384.0,421.59,380.89,416.28,416.28,165871.58692268,coinbase-exchange
2018-04-04,416.29,418.0,370.08,378.43,378.43,120039.45534577,coinbase-exchange
2018-04-05,378.42,387.2,366.54,381.55,381.55,92587.28752724,coinbase-exchange
2018-04-06,381.55,386.21,363.33,370.32,370.32,96737.30368153,coinbase-exchange
2018-04-07,370.32,395.9,369.2,384.61,384.61,62794.02261332,coinbase-exchange
2018-04-08,384.62,404.4,384.61,399.9,399.9,70956.26828009,coinbase-exchange
2018-04-09,399.9,432.0,388.0,398.8,398.8,131510.44151693,coinbase-exchange
2018-04-10,398.8,418.26,392.25,415.45,415.45,69641.56857811,coinbase-exchange
2018-04-11,415.45,433.83,410.11,430.81,430.81,91622.26394054,coinbase-exchange
2018-04-12,430.82,497.0,413.81,493.41,493.41,247902.01497352,coinbase-exchange
2018-04-13,493.42,529.36,481.18,495.76,495.76,236191.09457986,coinbase-exchange
2018-04-14,495.76,513.86,488.0,502.4,502.4,77289.00537972,coinbase-exchange
2018-04-15,502.4,534.57,502.4,533.74,533.74,101647.50851232,coinbase-exchange
2018-04-16,534.0,537.5,498.29,511.28,511.28,130844.05596765,coinbase-exchange
2018-04-17,511.29,522.0,500.49,502.42,502.42,96075.46298383,coinbase-exchange
2018-04-18,502.43,526.49,501.2,525.89,525.89,98209.17829484,coinbase-exchange
2018-04-19,525.9,569.95,521.18,567.29,567.29,134431.90904282,coinbase-exchange
2018-04-20,567.29,622.22,557.4,617.17,617.17,186456.04306219,coinbase-exchange
2018-04-21,617.17,624.21,571.61,605.16,605.16,105009.75223954,coinbase-exchange
2018-04-22,605.16,643.47,590.7,620.07,620.07,93457.05655859,coinbase-exchange
2018-04-23,620.08,647.47,618.7,642.85,642.85,93438.80089026,coinbase-exchange
2018-04-24,642.85,711.0,642.85,703.38,703.38,207432.35618658,coinbase-exchange
2018-04-25,703.38,704.0,578.75,617.49,617.49,341753.13213573,coinbase-exchange
2018-04-26,617.5,667.0,600.0,661.0,661.0,146340.68819105,coinbase-exchange
2018-04-27,661.01,685.91,638.33,643.11,643.11,115972.93900682,coinbase-exchange
2018-04-28,643.11,693.15,638.7,682.0,682.0,75723.8348299,coinbase-exchange
2018-04-29,682.01,696.71,666.04,687.51,687.51,68368.91701607,coinbase-exchange
2018-04-30,688.0,692.45,662.11,669.81,669.81,91361.21901579,coinbase-exchange
2018-05-01,669.82,675.01,627.2,670.75,670.75,156063.56183062,coinbase-exchange
2018-05-02,670.74,689.98,660.63,685.02,685.02,100629.0546095,coinbase-exchange
2018-05-03,685.65,784.76,684.0,775.51,775.51,191794.75198349,coinbase-exchange
2018-05-04,775.51,805.31,757.1,783.01,783.01,150931.93016815,coinbase-exchange
2018-05-05,783.01,824.67,778.5,812.0,812.0,98235.94776246,coinbase-exchange
2018-05-06,812.0,828.97,750.7,784.28,784.28,105797.16005163,coinbase-exchange
2018-05-07,784.88,789.98,695.11,752.42,752.42,224756.62066775,coinbase-exchange
2018-05-08,752.43,776.0,720.0,746.99,746.99,127881.06212239,coinbase-exchange
2018-05-09,746.99,759.5,708.8,750.0,750.0,100749.17068492,coinbase-exchange
2018-05-10,750.0,768.0,723.01,723.51,723.51,89580.23122691,coinbase-exchange
2018-05-11,723.51,735.19,662.18,678.05,678.05,185449.6282951,coinbase-exchange
2018-05-12,678.05,692.39,637.65,684.66,684.66,107293.67817864,coinbase-exchange
2018-05-13,684.7,740.31,671.0,729.29,729.29,81110.2164824,coinbase-exchange
2018-05-14,729.29,746.06,684.0,726.9,726.9,165755.95743882,coinbase-exchange
2018-05-15,726.91,738.0,694.75,706.08,706.08,96346.24302161,coinbase-exchange
2018-05-16,706.09,710.44,677.55,707.45,707.45,87515.71655463,coinbase-exchange
2018-05-17,707.45,717.17,661.0,668.56,668.56,83374.27295315,coinbase-exchange
2018-05-18,668.56,694.71,656.5,694.5,694.5,84713.72667052,coinbase-exchange
2018-05-19,694.5,715.76,676.84,695.96,695.96,51170.47405967,coinbase-exchange
2018-05-20,695.97,723.0,687.7,714.0,714.0,51152.5577087,coinbase-exchange
2018-05-21,714.0,717.0,686.05,696.77,696.77,49334.83836469,coinbase-exchange
2018-05-22,696.77,699.0,638.0,640.5,640.5,102285.02351164,coinbase-exchange
2018-05-23,640.13,648.46,563.27,577.2,577.2,214309.26173537,coinbase-exchange
2018-05-24,577.2,609.21,545.36,602.64,602.64,136326.78521805,coinbase-exchange
2018-05-25,602.65,616.0,568.27,584.02,584.02,99242.20155189,coinbase-exchange
2018-05-26,584.02,606.0,577.65,584.99,584.99,44818.80475184,coinbase-exchange
2018-05-27,585.0,589.5,556.0,570.75,570.75,54447.36889848,coinbase-exchange
2018-05-28,570.75,575.0,507.0,511.33,511.33,115800.06325204,coinbase-exchange
2018-05-29,511.33,573.64,510.91,566.66,566.66,136873.46762627,coinbase-exchange
2018-05-30,566.65,585.92,541.23,557.22,557.22,99280.45946439,coinbase-exchange
2018-05-31,557.22,589.0,553.6,577.1,577.1,97490.97141173,coinbase-exchange
2018-06-01,577.1,588.0,561.11,578.89,578.89,97547.89157134,coinbase-exchange
2018-06-02,578.89,600.0,571.75,590.46,590.46,64556.52789267,coinbase-exchange
2018-06-03,590.46,627.83,590.46,618.63,618.63,54877.31717722,coinbase-exchange
2018-06-04,618.63,626.55,576.15,591.5,591.5,67683.92429136,coinbase-exchange
2018-06-05,591.51,612.0,574.31,607.6,607.6,75119.33350357,coinbase-exchange
2018-06-06,607.6,611.69,592.63,606.18,606.18,77825.6268239,coinbase-exchange
2018-06-07,606.19,615.26,594.0,603.56,603.56,94570.72725134,coinbase-exchange
2018-06-08,603.56,607.0,591.0,598.59,598.59,39747.97679678,coinbase-exchange
2018-06-09,598.6,608.0,591.81,593.41,593.41,26760.9322832,coinbase-exchange
2018-06-10,593.4,593.41,505.0,525.25,525.25,141919.66454912,coinbase-exchange
2018-06-11,525.25,536.85,509.97,531.68,531.68,113031.3876127,coinbase-exchange
2018-06-12,531.68,538.99,485.0,494.14,494.14,122418.52638227,coinbase-exchange
2018-06-13,494.14,502.4,450.11,476.02,476.02,166483.47004971,coinbase-exchange
2018-06-14,476.03,530.0,459.45,519.75,519.75,217414.28431916,coinbase-exchange
2018-06-15,519.75,521.0,481.57,487.45,487.45,101900.02747789,coinbase-exchange
2018-06-16,487.45,502.97,484.12,497.31,497.31,44820.26736856,coinbase-exchange
2018-06-17,496.99,507.83,493.33,496.5,496.5,35010.38637307,coinbase-exchange
2018-06-18,496.5,525.0,488.0,517.47,517.47,72652.16283089,coinbase-exchange
2018-06-19,517.47,547.4,514.45,538.5,538.5,71905.8945705,coinbase-exchange
2018-06-20,538.5,541.8,516.67,536.0,536.0,63547.84183023,coinbase-exchange
2018-06-21,536.0,544.23,521.5,525.49,525.49,52814.33055734,coinbase-exchange
2018-06-22,525.5,525.65,449.02,462.01,462.01,159809.3519873,coinbase-exchange
2018-06-23,462.01,481.74,457.87,475.17,475.17,48107.42304878,coinbase-exchange
2018-06-24,475.18,476.9,421.1,454.79,454.79,148560.96982973,coinbase-exchange
2018-06-25,454.79,473.27,445.0,458.41,458.41,82314.39474815,coinbase-exchange
2018-06-26,458.41,460.72,429.0,429.08,429.08,77287.0907213,coinbase-exchange
2018-06-27,429.08,446.21,420.12,441.41,441.41,72744.76141836,coinbase-exchange
2018-06-28,441.5,443.78,417.0,420.0,420.0,58039.79406083,coinbase-exchange
2018-06-29,420.01,442.0,404.22,434.6,434.6,99473.38572708,coinbase-exchange
2018-06-30,434.5,462.49,434.5,453.29,453.29,58391.94222717,coinbase-exchange
2018-07-01,453.3,455.87,444.85,451.43,451.43,34160.78132274,coinbase-exchange
2018-07-02,451.43,481.99,442.79,476.34,476.34,73537.36076481,coinbase-exchange
2018-07-03,476.34,486.76,459.11,461.75,461.75,70832.75445941,coinbase-exchange
2018-07-04,461.75,482.01,451.35,466.9,466.9,58200.73415567,coinbase-exchange
2018-07-05,466.9,477.99,457.85,467.25,467.25,55189.22578687,coinbase-exchange
2018-07-06,467.24,474.99,451.68,469.3,469.3,42719.95857763,coinbase-exchange
2018-07-07,469.3,486.69,462.0,484.48,484.48,32601.96576381,coinbase-exchange
2018-07-08,484.49,494.74,479.31,486.08,486.08,39468.25855777,coinbase-exchange
2018-07-09,486.09,488.0,469.0,471.6,471.6,45759.94503975,coinbase-exchange
2018-07-10,471.6,473.0,427.88,432.59,432.59,100665.53249183,coinbase-exchange
2018-07-11,432.71,448.54,425.34,446.25,446.25,70923.10221158,coinbase-exchange
2018-07-12,446.25,447.17,418.23,431.46,431.46,52128.61867084,coinbase-exchange
2018-07-13,431.38,442.31,425.1,432.8,432.8,51453.54754722,coinbase-exchange
2018-07-14,432.8,440.0,428.13,434.13,434.13,24290.88765523,coinbase-exchange
2018-07-15,434.14,454.21,431.29,449.41,449.41,36806.36252991,coinbase-exchange
2018-07-16,449.42,479.92,444.05,478.18,478.18,65262.41185478,coinbase-exchange
2018-07-17,478.19,510.79,466.1,499.01,499.01,96530.99254641,coinbase-exchange
2018-07-18,499.01,515.88,468.85,478.81,478.81,98509.85475243,coinbase-exchange
2018-07-19,478.92,483.88,462.07,468.39,468.39,52575.33303783,coinbase-exchange
2018-07-20,468.38,468.73,441.0,448.21,448.21,63247.13934367,coinbase-exchange
2018-07-21,448.21,468.85,442.0,461.5,461.5,33370.03300077,coinbase-exchange
2018-07-22,461.5,471.74,455.0,456.9,456.9,30453.61703928,coinbase-exchange
2018-07-23,456.9,469.3,445.66,449.0,449.0,60608.22750801,coinbase-exchange
2018-07-24,449.0,483.92,447.99,478.79,478.79,87160.56699552,coinbase-exchange
2018-07-25,478.79,484.43,463.55,470.81,470.81,64253.17438848,coinbase-exchange
2018-07-26,470.81,483.88,460.0,461.42,461.42,47802.50322557,coinbase-exchange
2018-07-27,461.43,473.33,454.25,469.3,469.3,43939.28025599,coinbase-exchange
2018-07-28,469.3,471.01,461.25,468.12,468.12,19179.64218383,coinbase-exchange
2018-07-29,468.12,471.37,462.0,466.01,466.01,20117.80509384,coinbase-exchange
2018-07-30,466.01,469.0,446.0,456.46,456.46,51162.28711265,coinbase-exchange
2018-07-31,456.47,457.3,427.33,432.35,432.35,59440.91065082,coinbase-exchange
2018-08-01,432.36,435.48,407.78,419.6,419.6,76974.23009648,coinbase-exchange
2018-08-02,419.59,424.61,407.29,410.71,410.71,43453.78187481,coinbase-exchange
2018-08-03,410.71,420.27,395.0,417.8,417.8,95200.1162607,coinbase-exchange
2018-08-04,417.8,419.16,401.0,407.0,407.0,37316.36430412,coinbase-exchange
2018-08-05,407.0,413.33,400.5,408.83,408.83,30585.81027505,coinbase-exchange
2018-08-06,408.96,413.17,401.0,404.99,404.99,35553.84200703,coinbase-exchange
2018-08-07,404.99,410.0,369.1,378.08,378.08,79598.40595612,coinbase-exchange
2018-08-08,378.07,380.77,347.18,355.7,355.7,185480.83073366,coinbase-exchange
2018-08-09,355.69,371.09,351.0,363.99,363.99,93660.54696981,coinbase-exchange
2018-08-10,363.99,366.46,326.0,330.99,330.99,102786.11054812,coinbase-exchange
2018-08-11,331.0,332.0,305.14,318.02,318.02,138086.69928099,coinbase-exchange
2018-08-12,318.32,328.12,313.29,318.15,318.15,59713.51417242,coinbase-exchange
2018-08-13,318.16,322.27,281.41,284.11,284.11,222117.52492092,coinbase-exchange
2018-08-14,284.11,285.0,250.28,279.4,279.4,359941.01144007,coinbase-exchange
2018-08-15,279.39,305.4,275.93,281.21,281.21,268255.89152066,coinbase-exchange
2018-08-16,281.21,298.89,277.84,286.67,286.67,119548.61877195,coinbase-exchange
2018-08-17,286.67,319.0,285.42,317.54,317.54,170451.92209544,coinbase-exchange
2018-08-18,317.55,322.16,283.1,296.61,296.61,105672.19642623,coinbase-exchange
2018-08-19,296.59,307.65,289.33,300.03,300.03,63555.26729245,coinbase-exchange
2018-08-20,300.03,304.0,268.02,270.76,270.76,115416.72792886,coinbase-exchange
2018-08-21,270.76,286.42,269.13,281.49,281.49,73300.85753571,coinbase-exchange
2018-08-22,281.5,298.99,259.11,270.47,270.47,160772.15113457,coinbase-exchange
2018-08-23,270.48,280.39,268.6,275.87,275.87,96644.34487666,coinbase-exchange
2018-08-24,275.87,283.38,270.27,281.35,281.35,75748.64847814,coinbase-exchange
2018-08-25,281.35,282.95,276.99,277.97,277.97,32482.25807385,coinbase-exchange
2018-08-26,277.97,277.97,270.0,274.25,274.25,41263.99454601,coinbase-exchange
2018-08-27,274.26,288.64,271.32,287.99,287.99,66277.9291864,coinbase-exchange
2018-08-28,288.11,297.64,282.85,295.39,295.39,82043.13012686,coinbase-exchange
2018-08-29,295.4,297.32,284.11,289.0,289.0,59249.050789,coinbase-exchange
2018-08-30,288.99,290.99,272.13,284.52,284.52,82418.20650024,coinbase-exchange
2018-08-31,284.52,284.7,276.66,281.94,281.94,50547.47759252,coinbase-exchange
2018-09-01,281.95,302.2,281.94,294.64,294.64,60377.24722536,coinbase-exchange
2018-09-02,294.65,298.72,288.42,295.06,295.06,45223.02715521,coinbase-exchange
2018-09-03,295.06,296.38,285.76,288.6,288.6,57319.50761057,coinbase-exchange
2018-09-04,288.6,292.11,282.1,285.43,285.43,74773.19149528,coinbase-exchange
2018-09-05,285.43,287.95,225.53,227.56,227.56,233332.99898428,coinbase-exchange
2018-09-06,227.56,233.6,211.0,229.03,229.03,283857.17980889,coinbase-exchange
2018-09-07,229.35,234.23,214.0,215.21,215.21,132144.11290942,coinbase-exchange
2018-09-08,215.2,220.0,190.0,197.0,197.0,194116.40458204,coinbase-exchange
2018-09-09,197.0,208.5,185.39,195.91,195.91,155044.12347013,coinbase-exchange
2018-09-10,195.92,202.7,186.59,196.94,196.94,137188.19392798,coinbase-exchange
2018-09-11,196.94,199.25,175.5,185.15,185.15,179482.6357956,coinbase-exchange
2018-09-12,185.15,185.15,167.0,182.79,182.79,253131.74321164,coinbase-exchange
2018-09-13,182.92,215.0,182.91,211.39,211.39,291413.55188749,coinbase-exchange
2018-09-14,211.15,224.3,202.5,210.0,210.0,223363.98301937,coinbase-exchange
2018-09-15,210.0,227.55,208.26,221.69,221.69,116977.23283788,coinbase-exchange
2018-09-16,221.7,223.43,208.01,220.19,220.19,98138.95587542,coinbase-exchange
2018-09-17,220.19,224.9,192.2,195.97,195.97,231151.5274723,coinbase-exchange
2018-09-18,196.09,214.87,194.05,208.5,208.5,146600.61495684,coinbase-exchange
2018-09-19,208.22,214.68,197.34,209.81,209.81,169675.52807699,coinbase-exchange
2018-09-20,209.81,227.34,206.64,224.41,224.41,177248.2184546,coinbase-exchange
2018-09-21,224.41,252.0,221.0,247.76,247.76,275556.14523401,coinbase-exchange
2018-09-22,247.76,255.0,232.67,240.71,240.71,125026.55905007,coinbase-exchange
2018-09-23,240.71,249.79,237.1,244.35,244.35,76058.21331054,coinbase-exchange
2018-09-24,244.35,245.79,225.15,228.01,228.01,126087.70355033,coinbase-exchange
2018-09-25,228.01,228.01,203.24,219.19,219.19,239214.88967415,coinbase-exchange
2018-09-26,219.19,222.43,207.23,214.15,214.15,154213.73310933,coinbase-exchange
2018-09-27,214.15,233.5,210.01,229.0,229.0,175712.24138176,coinbase-exchange
2018-09-28,229.0,234.59,215.0,220.67,220.67,139498.22319499,coinbase-exchange
2018-09-29,220.67,235.35,213.7,231.01,231.01,108156.43724946,coinbase-exchange
2018-09-30,231.01,238.69,225.5,232.27,232.27,92112.81192603,coinbase-exchange
2018-10-01,232.27,234.92,223.45,230.4,230.4,85964.99535152,coinbase-exchange
2018-10-02,230.4,231.08,221.44,224.85,224.85,76658.97876023,coinbase-exchange
2018-10-03,224.85,224.9,214.0,219.01,219.01,95124.62230285,coinbase-exchange
2018-10-04,219.1,225.66,218.31,221.0,221.0,74275.51465712,coinbase-exchange
2018-10-05,221.0,230.34,218.0,226.89,226.89,71553.04039729,coinbase-exchange
2018-10-06,226.88,227.51,222.32,223.85,223.85,32635.73942303,coinbase-exchange
2018-10-07,223.85,225.95,220.0,224.82,224.82,31120.90366916,coinbase-exchange
2018-10-08,224.83,231.1,222.25,227.68,227.68,52494.74130557,coinbase-exchange
2018-10-09,227.71,228.45,225.06,226.15,226.15,41885.89404604,coinbase-exchange
2018-10-10,226.14,226.25,221.52,223.61,223.61,56636.2682239,coinbase-exchange
2018-10-11,223.61,223.61,184.81,188.32,188.32,316654.3133909,coinbase-exchange
2018-10-12,188.32,198.5,187.15,194.1,194.1,94955.90937595,coinbase-exchange
2018-10-13,194.01,198.37,193.45,196.72,196.72,39709.49692781,coinbase-exchange
2018-10-14,196.72,199.41,189.13,191.87,191.87,50132.32545292,coinbase-exchange
2018-10-15,192.05,220.64,189.96,204.53,204.53,222616.17410508,coinbase-exchange
2018-10-16,204.55,207.97,202.1,205.43,205.43,56530.71462819,coinbase-exchange
2018-10-17,205.43,206.35,201.2,203.21,203.21,65015.90657877,coinbase-exchange
2018-10-18,203.21,205.56,195.15,199.2,199.2,102830.17997033,coinbase-exchange
2018-10-19,199.1,201.47,197.8,200.0,200.0,49760.17159262,coinbase-exchange
2018-10-20,200.0,204.66,199.31,202.69,202.69,73297.71204662,coinbase-exchange
2018-10-21,202.69,205.66,201.19,202.12,202.12,34115.86267097,coinbase-exchange
2018-10-22,202.12,203.0,198.75,201.25,201.25,46179.42865075,coinbase-exchange
2018-10-23,201.25,201.96,197.96,201.12,201.12,41922.86883239,coinbase-exchange
2018-10-24,201.12,202.47,200.38,200.68,200.68,40013.43593106,coinbase-exchange
2018-10-25,200.68,200.72,195.83,199.65,199.65,69962.93507866,coinbase-exchange
2018-10-26,199.66,204.35,198.64,200.7,200.7,48108.36095811,coinbase-exchange
2018-10-27,200.71,201.7,200.42,201.46,201.46,21675.18980369,coinbase-exchange
2018-10-28,201.46,202.85,201.0,202.43,202.43,21354.21586505,coinbase-exchange
2018-10-29,202.44,202.65,190.92,194.31,194.31,78724.65664721,coinbase-exchange
2018-10-30,194.29,196.41,192.6,195.35,195.35,57625.06380685,coinbase-exchange
2018-10-31,195.36,200.0,191.4,196.95,196.95,56547.60918898,coinbase-exchange
2018-11-01,196.95,198.63,196.2,197.96,197.96,35742.82382362,coinbase-exchange
2018-11-02,197.96,201.75,197.8,199.75,199.75,45642.51794534,coinbase-exchange
2018-11-03,199.75,200.0,197.51,198.35,198.35,27311.98346683,coinbase-exchange
2018-11-04,198.46,217.77,198.1,210.06,210.06,99918.45884,coinbase-exchange
2018-11-05,210.06,211.2,205.38,208.53,208.53,57325.49179142,coinbase-exchange
2018-11-06,208.53,219.08,207.13,218.65,218.65,112409.82321353,coinbase-exchange
2018-11-07,218.66,222.78,215.56,216.84,216.84,69736.02015595,coinbase-exchange
2018-11-08,216.85,218.27,209.66,210.34,210.34,57923.00913792,coinbase-exchange
2018-11-09,210.35,212.2,206.2,208.01,208.01,38594.06994426,coinbase-exchange
2018-11-10,208.01,212.78,207.69,210.29,210.29,30237.75116139,coinbase-exchange
2018-11-11,210.28,211.17,206.15,209.88,209.88,21445.01984029,coinbase-exchange
2018-11-12,209.72,211.22,207.0,208.77,208.77,40880.42280294,coinbase-exchange
2018-11-13,208.77,208.77,202.76,203.2,203.2,62704.03543844,coinbase-exchange
2018-11-14,203.2,204.9,165.2,177.79,177.79,336823.61672987,coinbase-exchange
2018-11-15,177.76,181.0,165.33,178.89,178.89,236756.41840392,coinbase-exchange
2018-11-16,178.89,179.76,169.22,172.4,172.4,120624.58161092,coinbase-exchange
2018-11-17,172.4,174.41,170.34,172.49,172.49,59323.10686193,coinbase-exchange
2018-11-18,172.49,180.21,172.15,175.87,175.87,68496.26937723,coinbase-exchange
2018-11-19,175.9,175.92,142.0,145.21,145.21,437034.79384885,coinbase-exchange
2018-11-20,145.22,149.5,121.5,127.55,127.55,769531.16269751,coinbase-exchange
2018-11-21,127.56,138.48,122.65,134.73,134.73,349956.46745766,coinbase-exchange
2018-11-22,134.75,136.71,122.54,123.25,123.25,146571.74543072,coinbase-exchange
2018-11-23,123.3,125.15,116.24,121.44,121.44,270783.54268914,coinbase-exchange
2018-11-24,121.44,125.89,106.15,110.16,110.16,216618.50007219,coinbase-exchange
2018-11-25,110.22,118.83,98.2,114.3,114.3,456787.11594616,coinbase-exchange
2018-11-26,114.29,116.88,102.26,106.95,106.95,323797.00414135,coinbase-exchange
2018-11-27,106.84,111.6,99.26,108.7,108.7,260914.59485603,coinbase-exchange
2018-11-28,108.74,126.46,108.74,121.94,121.94,336446.6517417,coinbase-exchange
2018-11-29,121.95,123.05,113.0,116.38,116.38,208250.88102992,coinbase-exchange
2018-11-30,116.38,119.0,109.24,111.65,111.65,132379.95197781,coinbase-exchange
2018-12-01,111.7,119.77,110.0,116.82,116.82,123338.64180085,coinbase-exchange
2018-12-02,116.82,119.45,114.05,114.76,114.76,76262.88012718,coinbase-exchange
2018-12-03,114.76,115.12,104.74,107.21,107.21,141150.72465588,coinbase-exchange
2018-12-04,107.21,112.0,104.78,108.61,108.61,114117.39538312,coinbase-exchange
2018-12-05,108.61,109.37,99.5,100.76,100.76,181819.43919535,coinbase-exchange
2018-12-06,100.75,102.85,88.92,89.09,89.09,347693.32282974,coinbase-exchange
2018-12-07,89.1,97.16,81.02,92.45,92.45,561764.88745187,coinbase-exchange
2018-12-08,92.46,97.52,84.0,89.99,89.99,252970.51521697,coinbase-exchange
2018-12-09,89.99,98.3,88.15,92.79,92.79,190909.13208633,coinbase-exchange
2018-12-10,92.8,94.62,87.3,89.23,89.23,138872.09717663,coinbase-exchange
2018-12-11,89.23,91.21,85.15,86.96,86.96,128274.4301784,coinbase-exchange
2018-12-12,86.96,91.0,86.06,89.09,89.09,117430.49906082,coinbase-exchange
2018-12-13,89.02,90.25,83.48,85.35,85.35,146120.43656492,coinbase-exchange
2018-12-14,85.35,85.98,80.6,83.0,83.0,158096.10199817,coinbase-exchange
2018-12-15,83.0,84.29,80.89,83.03,83.03,111703.11480954,coinbase-exchange
2018-12-16,82.92,86.82,82.82,83.74,83.74,95638.40836968,coinbase-exchange
2018-12-17,83.74,96.74,83.51,93.79,93.79,266398.71355486,coinbase-exchange
2018-12-18,93.8,101.5,91.55,101.0,101.0,200102.85759057,coinbase-exchange
2018-12-19,101.0,107.88,98.16,99.34,99.34,358540.81469224,coinbase-exchange
2018-12-20,99.39,119.0,98.5,114.52,114.52,336677.57243746,coinbase-exchange
2018-12-21,114.52,120.0,105.3,107.74,107.74,250746.79953019,coinbase-exchange
2018-12-22,107.74,116.3,105.5,116.09,116.09,122011.29825044,coinbase-exchange
2018-12-23,116.1,133.0,116.01,129.61,129.61,332666.35600676,coinbase-exchange
2018-12-24,129.61,159.51,129.53,139.09,139.09,618285.82327341,coinbase-exchange
2018-12-25,139.02,140.26,122.15,128.82,128.82,369771.52426131,coinbase-exchange
2018-12-26,128.83,136.72,123.54,130.47,130.47,208096.40093351,coinbase-exchange
2018-12-27,130.47,131.78,112.26,114.63,114.63,283102.63676172,coinbase-exchange
2018-12-28,114.53,138.58,113.31,136.82,136.82,332662.38220525,coinbase-exchange
2018-12-29,136.81,147.3,131.72,134.15,134.15,261566.1373545,coinbase-exchange
2018-12-30,134.36,140.64,128.3,138.78,138.78,214924.88535576,coinbase-exchange
2018-12-31,138.83,138.9,128.5,130.53,130.53,171863.09302169,coinbase-exchange
2019-01-01,130.66,140.9,129.55,139.75,139.75,157652.41008451,coinbase-exchange
2019-01-02,139.76,156.69,138.75,153.5,153.5,238326.55103927,coinbase-exchange
2019-01-03,153.5,154.44,144.49,147.23,147.23,197122.58599257,coinbase-exchange
2019-01-04,147.23,155.51,145.14,153.24,153.24,220512.57070221,coinbase-exchange
2019-01-05,153.24,160.62,152.5,154.21,154.21,213686.16276661,coinbase-exchange
2019-01-06,154.21,159.58,148.5,155.92,155.92,173438.86219927,coinbase-exchange
2019-01-07,155.91,157.15,148.59,150.62,150.62,145179.87148568,coinbase-exchange
2019-01-08,150.57,152.9,146.71,148.97,148.97,123724.63399899,coinbase-exchange
2019-01-09,149.1,152.88,148.36,149.5,149.5,94953.11101914,coinbase-exchange
2019-01-10,149.49,150.9,122.15,126.41,126.41,346632.61968851,coinbase-exchange
2019-01-11,126.42,128.84,121.74,125.83,125.83,161522.39856758,coinbase-exchange
2019-01-12,125.83,127.28,123.4,124.59,124.59,88962.93998702,coinbase-exchange
2019-01-13,124.57,125.21,113.5,115.58,115.58,145212.54789435,coinbase-exchange
2019-01-14,115.61,132.38,115.34,128.37,128.37,203574.72632038,coinbase-exchange
2019-01-15,128.36,130.61,116.91,120.0,120.0,201834.22366877,coinbase-exchange
2019-01-16,120.01,127.6,119.0,122.12,122.12,148908.69096552,coinbase-exchange
2019-01-17,122.19,123.83,117.12,122.55,122.55,117990.75819607,coinbase-exchange
2019-01-18,122.53,122.88,118.18,119.53,119.53,65948.75483108,coinbase-exchange
2019-01-19,119.54,126.3,119.54,123.17,123.17,90928.9630829,coinbase-exchange
2019-01-20,123.2,123.7,115.51,117.43,117.43,96855.28662478,coinbase-exchange
2019-01-21,117.44,118.02,113.68,115.86,115.86,84283.26849933,coinbase-exchange
2019-01-22,115.86,119.5,110.37,118.08,118.08,124950.90769255,coinbase-exchange
2019-01-23,118.08,118.9,115.02,116.55,116.55,61060.32189658,coinbase-exchange
2019-01-24,116.56,117.11,113.62,116.4,116.4,59367.65707181,coinbase-exchange
2019-01-25,116.4,117.09,114.04,114.95,114.95,77821.19091979,coinbase-exchange
2019-01-26,114.95,117.47,114.78,115.01,115.01,43621.34385393,coinbase-exchange
2019-01-27,115.01,115.45,110.3,111.35,111.35,70799.34308281,coinbase-exchange
2019-01-28,111.35,112.1,100.9,105.47,105.47,175738.30871965,coinbase-exchange
2019-01-29,105.44,105.98,102.16,104.02,104.02,77500.92418347,coinbase-exchange
2019-01-30,104.01,109.45,102.9,107.61,107.61,111443.14135118,coinbase-exchange
2019-01-31,107.61,109.97,104.83,105.79,105.79,85581.12191545,coinbase-exchange
2019-02-01,105.79,107.69,103.0,105.88,105.88,88491.11648974,coinbase-exchange
2019-02-02,105.85,109.98,105.16,109.3,109.3,58843.40230811,coinbase-exchange
2019-02-03,109.3,110.0,104.52,105.94,105.94,65945.94324768,coinbase-exchange
2019-02-04,105.98,107.85,105.29,106.08,106.08,45781.08750642,coinbase-exchange
2019-02-05,106.04,106.5,105.08,106.0,106.0,41040.00011483,coinbase-exchange
2019-02-06,106.02,106.31,100.15,103.36,103.36,106516.79606559,coinbase-exchange
2019-02-07,103.32,104.77,102.75,103.21,103.21,47915.93888922,coinbase-exchange
2019-02-08,103.22,122.0,102.29,117.96,117.96,232502.28262242,coinbase-exchange
2019-02-09,117.96,119.77,116.55,118.06,118.06,67741.85203653,coinbase-exchange
2019-02-10,118.06,125.28,115.04,123.94,123.94,93443.53388736,coinbase-exchange
2019-02-11,123.93,124.11,118.24,119.55,119.55,126354.21715778,coinbase-exchange
2019-02-12,119.57,122.35,117.0,120.82,120.82,104451.63662862,coinbase-exchange
2019-02-13,120.81,125.0,119.51,120.74,120.74,91230.80347702,coinbase-exchange
2019-02-14,120.74,123.22,118.73,119.39,119.39,74312.95458156,coinbase-exchange
2019-02-15,119.39,123.57,119.13,120.42,120.42,62036.48868837,coinbase-exchange
2019-02-16,120.42,123.6,120.42,121.56,121.56,37397.10303824,coinbase-exchange
2019-02-17,121.55,134.14,121.38,132.34,132.34,189286.81824004,coinbase-exchange
2019-02-18,132.33,147.8,131.05,144.62,144.62,324838.34445571,coinbase-exchange
2019-02-19,144.58,149.47,142.46,142.69,142.69,174940.35332438,coinbase-exchange
2019-02-20,142.71,148.4,138.16,147.19,147.19,142484.55505055,coinbase-exchange
2019-02-21,147.16,148.6,141.76,144.21,144.21,114594.16926271,coinbase-exchange
2019-02-22,144.19,147.5,142.26,146.68,146.68,82908.85085031,coinbase-exchange
2019-02-23,146.67,159.91,144.89,157.56,157.56,169420.2257729,coinbase-exchange
2019-02-24,157.55,165.62,131.0,131.76,131.76,349219.94405158,coinbase-exchange
2019-02-25,131.76,141.09,130.61,137.64,137.64,165457.69097425,coinbase-exchange
2019-02-26,137.63,140.63,133.03,135.66,135.66,94611.60674136,coinbase-exchange
2019-02-27,135.74,140.0,125.7,134.46,134.46,149133.38447066,coinbase-exchange
2019-02-28,134.36,139.0,131.66,134.48,134.48,118030.51658506,coinbase-exchange
2019-03-01,134.48,137.53,133.52,134.72,134.72,90382.88879399,coinbase-exchange
2019-03-02,134.71,135.39,128.85,132.32,132.32,73890.52108609,coinbase-exchange
2019-03-03,132.31,134.41,127.49,129.78,129.78,56761.42680555,coinbase-exchange
2019-03-04,129.79,130.22,122.75,125.24,125.24,145880.92698053,coinbase-exchange
2019-03-05,125.24,137.49,124.78,136.3,136.3,126482.54436724,coinbase-exchange
2019-03-06,136.3,140.0,129.4,137.0,137.0,132735.21160008,coinbase-exchange
2019-03-07,137.0,139.68,134.84,136.29,136.29,78148.67498289,coinbase-exchange
2019-03-08,136.25,138.6,130.13,132.75,132.75,109051.38383922,coinbase-exchange
2019-03-09,132.75,138.01,132.09,136.41,136.41,72226.47787985,coinbase-exchange
2019-03-10,136.41,136.73,133.42,134.66,134.66,39485.26535825,coinbase-exchange
2019-03-11,134.67,135.37,130.57,132.05,132.05,60950.85678864,coinbase-exchange
2019-03-12,132.05,134.3,127.19,132.8,132.8,109786.4621842,coinbase-exchange
2019-03-13,132.81,132.94,130.2,131.16,131.16,46032.46797637,coinbase-exchange
2019-03-14,131.14,135.09,128.9,131.4,131.4,50560.72963066,coinbase-exchange
2019-03-15,131.4,136.91,131.4,135.99,135.99,91959.49521847,coinbase-exchange
2019-03-16,135.99,147.23,135.98,140.48,140.48,146871.31910951,coinbase-exchange
2019-03-17,140.49,140.56,136.3,138.07,138.07,50370.40578707,coinbase-exchange
2019-03-18,138.08,141.3,135.67,137.01,137.01,78074.3144158,coinbase-exchange
2019-03-19,137.01,138.65,136.32,138.15,138.15,51002.41575666,coinbase-exchange
2019-03-20,138.15,139.33,135.4,138.73,138.73,54900.47763403,coinbase-exchange
2019-03-21,138.72,139.14,132.21,134.41,134.41,87061.37800034,coinbase-exchange
2019-03-22,134.47,136.93,134.1,135.63,135.63,43537.77573634,coinbase-exchange
2019-03-23,135.67,137.5,135.18,136.52,136.52,31767.16377086,coinbase-exchange
2019-03-24,136.52,136.52,133.22,135.37,135.37,47018.65729994,coinbase-exchange
2019-03-25,135.36,136.12,130.64,133.01,133.01,54980.7929363,coinbase-exchange
2019-03-26,133.01,133.8,131.38,133.28,133.28,35935.77654048,coinbase-exchange
2019-03-27,133.26,139.71,133.01,139.08,139.08,95849.8485137,coinbase-exchange
2019-03-28,139.08,139.08,136.7,137.46,137.46,42440.12631835,coinbase-exchange
2019-03-29,137.43,143.09,136.88,142.83,142.83,69918.16695945,coinbase-exchange
2019-03-30,142.83,145.48,140.12,142.12,142.12,70292.40607708,coinbase-exchange
2019-03-31,142.12,142.27,140.21,141.2,141.2,34441.10928232,coinbase-exchange
2019-04-01,141.23,143.0,138.81,141.0,141.0,60125.58056027,coinbase-exchange
2019-04-02,140.91,167.5,140.71,164.69,164.69,377851.4887581,coinbase-exchange
2019-04-03,164.55,180.1,150.52,161.33,161.33,508272.16678562,coinbase-exchange
2019-04-04,161.05,164.84,153.5,157.65,157.65,167376.33672998,coinbase-exchange
2019-04-05,157.69,169.2,155.5,166.08,166.08,138429.58476632,coinbase-exchange
2019-04-06,166.07,173.19,160.48,165.79,165.79,121006.88089457,coinbase-exchange
2019-04-07,165.7,177.17,164.27,174.84,174.84,133596.30513451,coinbase-exchange
2019-04-08,174.91,187.62,173.95,180.74,180.74,262579.62465928,coinbase-exchange
2019-04-09,180.74,180.83,174.34,175.83,175.83,110942.00252594,coinbase-exchange
2019-04-10,175.78,185.62,169.52,177.55,177.55,234412.23707184,coinbase-exchange
2019-04-11,177.64,177.9,160.56,164.92,164.92,183632.89673191,coinbase-exchange
2019-04-12,164.92,168.87,159.27,164.27,164.27,122195.27831273,coinbase-exchange
2019-04-13,164.24,166.45,161.08,163.75,163.75,45742.98420894,coinbase-exchange
2019-04-14,163.76,169.25,161.83,168.27,168.27,42758.2169932,coinbase-exchange
2019-04-15,168.32,169.76,156.0,160.24,160.24,110835.43191846,coinbase-exchange
2019-04-16,160.03,168.6,159.46,166.38,166.38,83300.80229979,coinbase-exchange
2019-04-17,166.38,168.73,164.55,166.54,166.54,57218.56651837,coinbase-exchange
2019-04-18,166.53,176.17,166.01,174.15,174.15,122931.05509079,coinbase-exchange
2019-04-19,174.15,174.84,169.14,173.83,173.83,88665.991039,coinbase-exchange
2019-04-20,173.83,177.84,170.87,173.73,173.73,65288.39101341,coinbase-exchange
2019-04-21,173.74,174.45,166.33,169.9,169.9,72244.11862119,coinbase-exchange
2019-04-22,169.89,173.65,168.21,171.58,171.58,79232.67046925,coinbase-exchange
2019-04-23,171.59,176.94,169.01,170.14,170.14,128517.81262502,coinbase-exchange
2019-04-24,170.21,171.08,160.3,165.75,165.75,135785.58300153,coinbase-exchange
2019-04-25,165.54,166.34,146.0,152.05,152.05,160352.9439292,coinbase-exchange
2019-04-26,152.07,156.0,148.26,153.41,153.41,138423.24332632,coinbase-exchange
2019-04-27,153.42,159.0,152.54,155.66,155.66,60998.93058193,coinbase-exchange
2019-04-28,155.73,156.45,152.16,153.19,153.19,50413.79060096,coinbase-exchange
2019-04-29,153.17,154.69,148.81,152.36,152.36,67927.03934099,coinbase-exchange
2019-04-30,152.4,161.2,152.32,160.4,160.4,98019.06623203,coinbase-exchange
2019-05-01,160.39,163.25,156.59,158.3,158.3,68430.60820603,coinbase-exchange
2019-05-02,158.31,160.57,155.91,158.7,158.7,57673.51245969,coinbase-exchange
2019-05-03,158.7,169.26,157.61,164.74,164.74,119958.52315646,coinbase-exchange
2019-05-04,164.73,168.71,158.0,161.85,161.85,121207.98149473,coinbase-exchange
2019-05-05,161.93,163.4,157.28,161.25,161.25,76173.12414933,coinbase-exchange
2019-05-06,161.26,175.97,157.78,171.07,171.07,143496.62724211,coinbase-exchange
2019-05-07,171.08,180.69,165.2,166.51,166.51,206913.20117177,coinbase-exchange
2019-05-08,166.5,172.03,162.0,169.58,169.58,124621.32917553,coinbase-exchange
2019-05-09,169.61,173.33,165.25,170.11,170.11,108442.46096158,coinbase-exchange
2019-05-10,170.11,176.32,167.49,172.21,172.21,187668.29578342,coinbase-exchange
2019-05-11,172.23,207.0,172.19,192.52,192.52,458103.16155206,coinbase-exchange
2019-05-12,192.59,204.19,182.39,188.23,188.23,324858.65370109,coinbase-exchange
2019-05-13,188.23,209.85,185.62,196.51,196.51,347273.92922569,coinbase-exchange
2019-05-14,196.38,221.0,195.17,217.44,217.44,449154.94366757,coinbase-exchange
2019-05-15,217.66,250.79,216.84,249.0,249.0,537189.049239,coinbase-exchange
2019-05-16,249.0,281.77,242.19,264.39,264.39,817730.92021458,coinbase-exchange
2019-05-17,264.31,269.23,222.88,244.59,244.59,586719.23064754,coinbase-exchange
2019-05-18,244.47,249.24,231.4,234.03,234.03,166530.75233775,coinbase-exchange
2019-05-19,234.0,264.77,232.44,261.09,261.09,271401.01834159,coinbase-exchange
2019-05-20,260.44,260.83,239.0,252.22,252.22,255384.8649075,coinbase-exchange
2019-05-21,252.42,264.2,247.84,254.74,254.74,241217.96171467,coinbase-exchange
2019-05-22,254.64,261.62,240.04,243.32,243.32,224807.14020856,coinbase-exchange
2019-05-23,243.37,248.7,231.12,245.64,245.64,173213.80426885,coinbase-exchange
2019-05-24,245.8,256.06,242.4,249.83,249.83,164082.25365936,coinbase-exchange
2019-05-25,249.82,258.89,248.43,251.55,251.55,69549.67352134,coinbase-exchange
2019-05-26,251.55,271.19,245.66,268.37,268.37,160477.67495655,coinbase-exchange
2019-05-27,268.23,279.55,262.0,271.24,271.24,221001.51087716,coinbase-exchange
2019-05-28,271.53,276.5,265.45,271.15,271.15,113649.4720459,coinbase-exchange
2019-05-29,271.15,274.25,260.2,269.39,269.39,146998.82045879,coinbase-exchange
2019-05-30,269.39,288.77,235.44,254.62,254.62,409842.88900647,coinbase-exchange
2019-05-31,254.7,268.55,245.05,267.74,267.74,189923.24442757,coinbase-exchange
2019-06-01,267.68,274.99,261.3,264.78,264.78,122918.63094281,coinbase-exchange
2019-06-02,264.72,274.75,264.11,269.23,269.23,59571.35658779,coinbase-exchange
2019-06-03,269.24,270.3,246.6,249.55,249.55,156011.2024819,coinbase-exchange
2019-06-04,249.4,250.99,233.0,240.93,240.93,237867.29020342,coinbase-exchange
2019-06-05,240.95,249.0,237.55,246.32,246.32,140417.13083672,coinbase-exchange
2019-06-06,246.28,251.29,235.32,249.4,249.4,127820.31105012,coinbase-exchange
2019-06-07,249.54,254.4,244.84,249.49,249.49,120802.14284974,coinbase-exchange
2019-06-08,249.47,251.17,241.52,244.3,244.3,53536.02546265,coinbase-exchange
2019-06-09,244.3,244.97,226.56,231.3,231.3,127013.25075945,coinbase-exchange
2019-06-10,231.36,248.16,227.52,247.84,247.84,124592.5254577,coinbase-exchange
2019-06-11,247.75,249.38,237.33,245.11,245.11,105193.94701042,coinbase-exchange
2019-06-12,245.16,263.81,243.01,262.92,262.92,163750.61979963,coinbase-exchange
2019-06-13,262.89,264.75,254.2,255.4,255.4,132862.50737434,coinbase-exchange
2019-06-14,255.29,266.21,252.42,263.8,263.8,130707.86632348,coinbase-exchange
2019-06-15,263.83,273.3,261.57,269.29,269.29,104725.00632798,coinbase-exchange
2019-06-16,269.26,278.83,263.02,268.33,268.33,129767.84976422,coinbase-exchange
2019-06-17,268.35,275.93,267.69,273.97,273.97,110046.64920659,coinbase-exchange
2019-06-18,273.9,274.24,261.0,264.37,264.37,123601.20044052,coinbase-exchange
2019-06-19,264.27,270.07,263.36,268.79,268.79,91888.67661292,coinbase-exchange
2019-06-20,268.88,274.84,266.51,272.0,272.0,79241.93844686,coinbase-exchange
2019-06-21,272.0,299.0,272.0,296.25,296.25,266126.47729855,coinbase-exchange
2019-06-22,296.79,315.54,293.46,308.49,308.49,290407.69396188,coinbase-exchange
2019-06-23,308.5,318.0,304.6,306.98,306.98,166054.97568955,coinbase-exchange
2019-06-24,306.85,313.1,295.68,311.0,311.0,160200.27089955,coinbase-exchange
2019-06-25,311.0,317.4,306.0,316.59,316.59,136811.07252438,coinbase-exchange
2019-06-26,316.59,364.49,308.0,334.86,334.86,554774.40893851,coinbase-exchange
2019-06-27,334.81,343.82,273.5,293.47,293.47,502689.16596106,coinbase-exchange
2019-06-28,293.47,312.9,289.66,309.37,309.37,208306.57785915,coinbase-exchange
2019-06-29,309.38,324.5,291.25,317.0,317.0,184051.58650003,coinbase-exchange
2019-06-30,317.04,323.61,286.0,290.07,290.07,164606.3739219,coinbase-exchange
2019-07-01,290.08,301.32,278.65,293.7,293.7,184839.74588246,coinbase-exchange
2019-07-02,293.72,296.24,270.42,291.25,291.25,221624.50052172,coinbase-exchange
2019-07-03,291.25,303.83,289.61,301.79,301.79,105705.70508639,coinbase-exchange
2019-07-04,301.77,304.0,280.1,282.8,282.8,100227.78726344,coinbase-exchange
2019-07-05,282.81,294.9,280.0,288.0,288.0,106439.56862999,coinbase-exchange
2019-07-06,287.83,298.25,285.31,287.57,287.57,67042.77052392,coinbase-exchange
2019-07-07,287.58,310.7,283.87,306.34,306.34,124381.70907471,coinbase-exchange
2019-07-08,306.33,315.0,302.24,313.24,313.24,107535.39042955,coinbase-exchange
2019-07-09,313.23,318.6,302.78,307.92,307.92,127696.99944532,coinbase-exchange
2019-07-10,307.95,314.98,281.3,288.64,288.64,188864.02455619,coinbase-exchange
2019-07-11,288.68,288.68,261.57,268.68,268.68,220929.69769032,coinbase-exchange
2019-07-12,268.88,279.3,266.37,275.55,275.55,87768.42959196,coinbase-exchange
2019-07-13,275.62,276.34,261.79,269.04,269.04,82315.42742837,coinbase-exchange
2019-07-14,268.99,270.02,222.7,225.76,225.76,233603.44513134,coinbase-exchange
2019-07-15,225.96,235.87,203.0,228.28,228.28,396067.77282556,coinbase-exchange
2019-07-16,228.2,234.58,190.11,198.89,198.89,405991.73776733,coinbase-exchange
2019-07-17,198.92,221.0,192.04,211.4,211.4,264597.39633053,coinbase-exchange
2019-07-18,211.55,229.99,206.2,226.31,226.31,227395.84250302,coinbase-exchange
2019-07-19,226.29,226.78,213.15,221.21,221.21,118256.35139233,coinbase-exchange
2019-07-20,221.3,236.58,219.98,228.89,228.89,108052.81733306,coinbase-exchange
2019-07-21,228.84,229.85,217.04,225.64,225.64,91169.56939364,coinbase-exchange
2019-07-22,225.7,228.28,211.45,217.13,217.13,110967.22826496,coinbase-exchange
2019-07-23,217.13,219.11,208.43,211.93,211.93,120650.93848248,coinbase-exchange
2019-07-24,211.96,218.14,200.5,216.59,216.59,162160.41709381,coinbase-exchange
2019-07-25,216.55,226.22,215.19,219.28,219.28,104748.44286272,coinbase-exchange
2019-07-26,219.29,222.12,212.69,219.35,219.35,75266.41662311,coinbase-exchange
2019-07-27,219.42,224.14,202.46,207.11,207.11,130620.90261067,coinbase-exchange
2019-07-28,207.11,213.98,197.0,211.5,211.5,81987.96383481,coinbase-exchange
2019-07-29,211.5,215.31,205.7,210.73,210.73,93192.25144299,coinbase-exchange
2019-07-30,210.7,214.56,204.0,209.83,209.83,55786.22007482,coinbase-exchange
2019-07-31,209.8,218.92,209.53,218.7,218.7,65562.00210273,coinbase-exchange
2019-08-01,218.68,219.3,211.0,217.55,217.55,63542.11348322,coinbase-exchange
2019-08-02,217.53,222.77,214.82,217.8,217.8,76956.2426997,coinbase-exchange
2019-08-03,217.86,224.81,215.5,222.14,222.14,72439.25920706,coinbase-exchange
2019-08-04,222.15,224.04,217.37,222.81,222.81,42059.8553061,coinbase-exchange
2019-08-05,222.87,236.9,222.82,233.0,233.0,122200.24027698,coinbase-exchange
2019-08-06,232.91,239.45,222.05,225.81,225.81,116406.49371703,coinbase-exchange
2019-08-07,225.82,231.22,220.0,225.8,225.8,90294.83853933,coinbase-exchange
2019-08-08,225.96,226.48,213.7,220.81,220.81,102248.08047428,coinbase-exchange
2019-08-09,220.83,221.3,206.5,210.3,210.3,86725.7821728,coinbase-exchange
2019-08-10,210.3,214.68,200.38,206.1,206.1,78386.70942215,coinbase-exchange
2019-08-11,206.11,216.58,205.63,216.06,216.06,53920.19155512,coinbase-exchange
2019-08-12,216.21,216.47,209.51,211.26,211.26,63007.74590222,coinbase-exchange
2019-08-13,211.28,211.28,202.8,208.58,208.58,84753.26760416,coinbase-exchange
2019-08-14,208.49,209.13,181.6,186.3,186.3,179928.54755359,coinbase-exchange
2019-08-15,186.3,191.47,171.0,188.2,188.2,175478.78465505,coinbase-exchange
2019-08-16,188.2,188.21,178.47,185.26,185.26,68769.95687118,coinbase-exchange
2019-08-17,185.25,186.9,181.57,185.59,185.59,38299.77489852,coinbase-exchange
2019-08-18,185.59,198.17,183.31,194.74,194.74,66730.98135188,coinbase-exchange
2019-08-19,194.74,203.91,193.0,202.32,202.32,66346.48442619,coinbase-exchange
2019-08-20,202.32,202.81,194.52,196.56,196.56,62215.84391136,coinbase-exchange
2019-08-21,196.56,197.17,180.0,187.37,187.37,105456.79961362,coinbase-exchange
2019-08-22,187.29,195.11,182.53,190.41,190.41,77023.06777788,coinbase-exchange
2019-08-23,190.42,196.66,188.56,194.59,194.59,85533.19472661,coinbase-exchange
2019-08-24,194.55,194.59,186.02,190.89,190.89,43117.71933613,coinbase-exchange
2019-08-25,190.9,192.76,182.04,186.59,186.59,42924.71730806,coinbase-exchange
2019-08-26,186.6,194.28,185.51,188.3,188.3,69639.14164157,coinbase-exchange
2019-08-27,188.26,189.0,184.33,186.94,186.94,42651.99630144,coinbase-exchange
2019-08-28,186.95,187.92,165.9,172.79,172.79,115048.02313062,coinbase-exchange
2019-08-29,172.81,173.51,163.57,168.82,168.82,94511.90637422,coinbase-exchange
2019-08-30,168.92,170.43,165.3,168.4,168.4,60991.56306126,coinbase-exchange
2019-08-31,168.45,175.0,165.5,171.93,171.93,38474.87409743,coinbase-exchange
2019-09-01,171.89,173.98,168.03,171.29,171.29,41984.88292842,coinbase-exchange
2019-09-02,171.31,181.78,170.54,178.8,178.8,60890.77326734,coinbase-exchange
2019-09-03,178.81,183.15,174.2,178.96,178.96,76512.19739815,coinbase-exchange
2019-09-04,179.09,180.33,173.29,174.82,174.82,58944.58363482,coinbase-exchange
2019-09-05,174.83,175.82,168.82,174.0,174.0,54459.52734815,coinbase-exchange
2019-09-06,174.01,178.45,164.99,169.2,169.2,79408.28186347,coinbase-exchange
2019-09-07,169.25,181.07,168.38,178.08,178.08,59067.8275201,coinbase-exchange
2019-09-08,178.08,184.73,176.01,181.56,181.56,74954.60693096,coinbase-exchange
2019-09-09,181.56,186.0,176.11,180.63,180.63,65713.85192782,coinbase-exchange
2019-09-10,180.64,184.55,176.6,179.64,179.64,46977.59300526,coinbase-exchange
2019-09-11,179.65,182.49,173.7,178.3,178.3,59154.85755616,coinbase-exchange
2019-09-12,178.31,182.66,176.46,181.09,181.09,32447.47898189,coinbase-exchange
2019-09-13,181.05,181.85,177.57,181.65,181.65,51330.3237735,coinbase-exchange
2019-09-14,181.65,189.32,180.4,188.85,188.85,59593.5066095,coinbase-exchange
2019-09-15,188.88,190.99,186.3,189.3,189.3,69949.05939013,coinbase-exchange
2019-09-16,189.31,199.55,188.23,197.59,197.59,112064.05199504,coinbase-exchange
2019-09-17,197.59,215.0,195.67,207.95,207.95,180307.35677094,coinbase-exchange
2019-09-18,207.95,217.49,207.5,210.27,210.27,111866.08222226,coinbase-exchange
2019-09-19,210.28,224.71,200.98,220.8,220.8,167317.15562892,coinbase-exchange
2019-09-20,220.85,222.38,212.0,218.06,218.06,91581.94212672,coinbase-exchange
2019-09-21,218.02,221.61,213.35,214.8,214.8,65798.83554123,coinbase-exchange
2019-09-22,214.87,215.45,206.02,211.1,211.1,64814.29444826,coinbase-exchange
2019-09-23,211.17,211.6,198.18,200.8,200.8,92704.99923469,coinbase-exchange
2019-09-24,201.06,202.72,157.75,166.26,166.26,405426.94795946,coinbase-exchange
2019-09-25,166.26,175.25,162.25,170.0,170.0,183524.37413052,coinbase-exchange
2019-09-26,170.0,171.0,152.11,165.85,165.85,188006.849955,coinbase-exchange
2019-09-27,165.85,177.24,161.19,174.44,174.44,109649.43559361,coinbase-exchange
2019-09-28,174.36,176.0,168.21,173.9,173.9,75406.27245908,coinbase-exchange
2019-09-29,173.9,175.26,164.34,169.38,169.38,72173.97481869,coinbase-exchange
2019-09-30,169.39,181.85,165.2,181.17,181.17,126949.56757796,coinbase-exchange
2019-10-01,181.22,185.89,173.85,176.15,176.15,97883.38773094,coinbase-exchange
2019-10-02,176.14,181.66,174.15,180.82,180.82,73478.77608148,coinbase-exchange
2019-10-03,180.9,181.26,169.59,175.05,175.05,70968.26833233,coinbase-exchange
2019-10-04,175.11,179.69,170.77,175.97,175.97,52275.84820737,coinbase-exchange
2019-10-05,175.97,177.05,172.27,176.73,176.73,32009.68689295,coinbase-exchange
2019-10-06,176.72,177.12,167.5,170.18,170.18,57631.70410292,coinbase-exchange
2019-10-07,170.18,182.5,168.61,180.26,180.26,90340.80934495,coinbase-exchange
2019-10-08,180.29,185.3,177.42,180.72,180.72,67362.24343145,coinbase-exchange
2019-10-09,180.73,196.09,179.2,193.26,193.26,147160.11182224,coinbase-exchange
2019-10-10,193.26,194.85,187.29,191.79,191.79,86674.1411952,coinbase-exchange
2019-10-11,191.86,197.93,179.23,180.84,180.84,121748.84380072,coinbase-exchange
2019-10-12,180.94,184.87,177.27,179.86,179.86,57840.90237742,coinbase-exchange
2019-10-13,179.76,184.75,178.63,181.18,181.18,51204.16843879,coinbase-exchange
2019-10-14,181.12,187.91,180.52,186.85,186.85,60870.08017908,coinbase-exchange
2019-10-15,186.86,188.58,176.48,180.58,180.58,119904.59634039,coinbase-exchange
2019-10-16,180.56,181.2,171.7,174.5,174.5,83244.34068561,coinbase-exchange
2019-10-17,174.55,179.71,172.79,177.31,177.31,67073.57692863,coinbase-exchange
2019-10-18,177.31,177.49,168.34,172.96,172.96,80245.09602392,coinbase-exchange
2019-10-19,172.96,175.5,169.72,172.09,172.09,47766.30788022,coinbase-exchange
2019-10-20,172.05,176.8,169.11,175.49,175.49,43323.2493949,coinbase-exchange
2019-10-21,175.49,178.0,171.45,174.37,174.37,69165.37852042,coinbase-exchange
2019-10-22,174.36,175.4,170.47,171.3,171.3,41854.53917383,coinbase-exchange
2019-10-23,171.26,174.05,153.0,162.49,162.49,204251.4778462,coinbase-exchange
2019-10-24,162.42,164.0,158.9,160.67,160.67,56468.22413448,coinbase-exchange
2019-10-25,160.67,187.74,160.57,181.66,181.66,158620.93268548,coinbase-exchange
2019-10-26,181.66,199.5,173.86,180.03,180.03,241944.54485677,coinbase-exchange
2019-10-27,180.02,189.18,176.84,184.41,184.41,85150.97041769,coinbase-exchange
2019-10-28,184.32,190.0,181.0,182.02,182.02,83795.56183726,coinbase-exchange
2019-10-29,182.03,193.41,181.72,191.1,191.1,67590.05967617,coinbase-exchange
2019-10-30,191.03,192.2,180.05,183.38,183.38,74614.13014363,coinbase-exchange
2019-10-31,183.4,185.47,177.81,182.38,182.38,63173.80698137,coinbase-exchange
2019-11-01,182.38,184.99,177.39,183.19,183.19,61313.90214742,coinbase-exchange
2019-11-02,183.26,186.19,181.91,183.25,183.25,29643.79000242,coinbase-exchange
2019-11-03,183.26,185.0,179.11,181.73,181.73,23415.99177531,coinbase-exchange
2019-11-04,181.73,189.5,180.45,186.25,186.25,52941.33587948,coinbase-exchange
2019-11-05,186.26,192.47,181.76,188.88,188.88,71159.65174538,coinbase-exchange
2019-11-06,188.88,194.6,187.87,191.13,191.13,53163.07554597,coinbase-exchange
2019-11-07,191.17,192.27,184.14,186.42,186.42,44563.94990128,coinbase-exchange
2019-11-08,186.42,188.09,180.71,183.62,183.62,66332.92266474,coinbase-exchange
2019-11-09,183.62,185.7,182.21,184.77,184.77,31447.97094429,coinbase-exchange
2019-11-10,184.77,192.0,183.41,188.88,188.88,44224.51984423,coinbase-exchange
2019-11-11,188.89,190.0,183.77,184.65,184.65,34818.77604733,coinbase-exchange
2019-11-12,184.65,187.27,182.07,186.98,186.98,41578.59846537,coinbase-exchange
2019-11-13,186.98,189.31,185.08,187.72,187.72,33802.01492951,coinbase-exchange
2019-11-14,187.81,188.45,182.75,184.55,184.55,81996.7273791,coinbase-exchange
2019-11-15,184.55,186.59,177.0,179.82,179.82,97521.84219423,coinbase-exchange
2019-11-16,179.79,183.17,178.95,182.25,182.25,32159.27524038,coinbase-exchange
2019-11-17,182.23,186.26,180.0,183.88,183.88,34966.19809893,coinbase-exchange
2019-11-18,183.88,183.95,173.56,177.85,177.85,57753.51387824,coinbase-exchange
2019-11-19,177.8,178.14,172.38,175.73,175.73,45880.80040413,coinbase-exchange
2019-11-20,175.75,177.25,173.26,174.35,174.35,48839.47664908,coinbase-exchange
2019-11-21,174.35,175.49,155.0,160.82,160.82,142035.81431758,coinbase-exchange
2019-11-22,160.83,162.65,137.8,149.97,149.97,282192.72934448,coinbase-exchange
2019-11-23,149.98,154.54,146.37,152.0,152.0,88211.89264035,coinbase-exchange
2019-11-24,152.0,153.19,138.53,139.99,139.99,86567.95699641,coinbase-exchange
2019-11-25,140.1,151.69,131.8,145.91,145.91,223502.71656311,coinbase-exchange
2019-11-26,146.16,149.9,143.57,147.83,147.83,72544.44431373,coinbase-exchange
2019-11-27,147.83,155.89,141.02,153.0,153.0,129890.14649212,coinbase-exchange
2019-11-28,153.04,155.0,149.31,151.01,151.01,56243.39113343,coinbase-exchange
2019-11-29,151.01,157.73,150.5,154.75,154.75,82606.47013886,coinbase-exchange
2019-11-30,154.75,155.45,149.6,151.78,151.78,45611.17813513,coinbase-exchange
2019-12-01,151.61,152.67,145.97,150.97,150.97,59294.95282201,coinbase-exchange
2019-12-02,150.94,151.65,146.82,148.97,148.97,42531.00970201,coinbase-exchange
2019-12-03,148.83,150.0,145.67,147.33,147.33,39186.51439846,coinbase-exchange
2019-12-04,147.33,153.0,143.17,145.5,145.5,100067.8290018,coinbase-exchange
2019-12-05,145.5,148.95,143.8,148.18,148.18,48788.47831841,coinbase-exchange
2019-12-06,148.2,149.85,145.75,148.82,148.82,45179.42472738,coinbase-exchange
2019-12-07,148.82,149.88,147.2,147.43,147.43,22433.78975537,coinbase-exchange
2019-12-08,147.41,152.0,146.36,150.71,150.71,34863.39671715,coinbase-exchange
2019-12-09,150.7,151.47,146.69,147.3,147.3,46803.5083513,coinbase-exchange
2019-12-10,147.28,148.22,143.81,145.55,145.55,42296.17158865,coinbase-exchange
2019-12-11,145.54,146.29,142.01,143.29,143.29,32984.0629026,coinbase-exchange
2019-12-12,143.29,146.12,139.1,144.69,144.69,71296.16682566,coinbase-exchange
2019-12-13,144.7,145.13,142.76,144.7,144.7,40038.07083,coinbase-exchange
2019-12-14,144.7,145.03,141.11,141.73,141.73,35634.32109091,coinbase-exchange
2019-12-15,141.72,143.99,139.8,142.38,142.38,38771.46693104,coinbase-exchange
2019-12-16,142.38,142.53,129.03,132.36,132.36,112774.91970049,coinbase-exchange
2019-12-17,132.36,132.66,119.5,121.83,121.83,190028.12824453,coinbase-exchange
2019-12-18,121.84,134.81,116.25,132.89,132.89,203446.51981441,coinbase-exchange
2019-12-19,132.89,134.11,125.68,128.18,128.18,93934.20288922,coinbase-exchange
2019-12-20,128.18,129.32,125.71,128.37,128.37,44379.22091837,coinbase-exchange
2019-12-21,128.36,128.45,126.63,127.09,127.09,25941.74023594,coinbase-exchange
2019-12-22,127.16,133.22,126.89,132.4,132.4,40439.9594125,coinbase-exchange
2019-12-23,132.4,135.24,126.16,127.78,127.78,62248.12241615,coinbase-exchange
2019-12-24,127.75,129.5,126.5,127.71,127.71,34976.25422744,coinbase-exchange
2019-12-25,127.67,127.77,123.16,125.0,125.0,45117.58085216,coinbase-exchange
2019-12-26,125.0,132.06,124.06,125.49,125.49,51891.10919615,coinbase-exchange
2019-12-27,125.49,126.7,122.15,126.23,126.23,39780.97303035,coinbase-exchange
2019-12-28,126.23,129.6,125.8,127.91,127.91,47036.68791942,coinbase-exchange
2019-12-29,127.95,137.85,127.22,134.3,134.3,64885.83350862,coinbase-exchange
2019-12-30,134.31,135.97,129.79,131.1,131.1,58811.72784574,coinbase-exchange
2019-12-31,131.08,133.19,127.6,128.54,128.54,85044.39188554,coinbase-exchange
2020-01-01,128.54,132.68,128.12,130.19,130.19,57512.49500629,coinbase-exchange
2020-01-02,130.14,130.18,125.83,126.81,126.81,49211.56901537,coinbase-exchange
2020-01-03,126.81,134.93,125.52,134.17,134.17,88651.89284841,coinbase-exchange
2020-01-04,134.17,135.75,132.5,134.14,134.14,31254.84712421,coinbase-exchange
2020-01-05,134.14,138.97,134.14,135.31,135.31,45353.69311227,coinbase-exchange
2020-01-06,135.31,144.51,134.78,144.19,144.19,91523.60992709,coinbase-exchange
2020-01-07,144.2,145.25,138.79,143.08,143.08,96525.42253821,coinbase-exchange
2020-01-08,143.08,148.0,137.03,140.6,140.6,101682.09291578,coinbase-exchange
2020-01-09,140.64,141.38,135.12,137.71,137.71,61184.99933797,coinbase-exchange
2020-01-10,137.72,145.81,135.26,144.72,144.72,137620.99823131,coinbase-exchange
2020-01-11,144.89,148.0,142.0,142.63,142.63,52850.50876755,coinbase-exchange
2020-01-12,142.51,146.6,141.83,146.6,146.6,35450.66532334,coinbase-exchange
2020-01-13,146.55,147.0,142.1,143.51,143.51,44072.65864059,coinbase-exchange
2020-01-14,143.5,170.83,143.45,165.76,165.76,258408.61594025,coinbase-exchange
2020-01-15,165.74,172.18,159.13,166.29,166.29,165292.68609565,coinbase-exchange
2020-01-16,166.27,167.28,158.17,163.93,163.93,88188.75031049,coinbase-exchange
2020-01-17,164.0,174.52,162.01,169.59,169.59,134919.66648757,coinbase-exchange
2020-01-18,169.54,179.32,164.92,174.06,174.06,113052.32285408,coinbase-exchange
2020-01-19,174.05,178.0,161.7,166.75,166.75,113433.68959115,coinbase-exchange
2020-01-20,166.67,169.3,161.1,166.68,166.68,66340.77435099,coinbase-exchange
2020-01-21,166.66,170.0,164.28,169.19,169.19,61518.4955582,coinbase-exchange
2020-01-22,169.29,171.05,165.65,167.68,167.68,49452.51856158,coinbase-exchange
2020-01-23,167.73,167.79,158.44,162.4,162.4,69309.04423236,coinbase-exchange
2020-01-24,162.49,164.21,154.48,162.3,162.3,88510.10066684,coinbase-exchange
2020-01-25,162.31,162.41,157.4,160.12,160.12,36677.5237579,coinbase-exchange
2020-01-26,160.0,167.59,159.09,167.35,167.35,44653.7353865,coinbase-exchange
2020-01-27,167.58,171.7,164.89,169.77,169.77,84463.87778454,coinbase-exchange
2020-01-28,169.78,176.5,169.78,175.99,175.99,102264.17475594,coinbase-exchange
2020-01-29,175.91,178.31,173.13,173.45,173.45,85409.92407361,coinbase-exchange
2020-01-30,173.41,186.89,170.0,184.55,184.55,104426.47390742,coinbase-exchange
2020-01-31,184.52,185.68,175.0,179.74,179.74,108639.77662455,coinbase-exchange
2020-02-01,179.72,184.2,179.0,183.5,183.5,65650.16851655,coinbase-exchange
2020-02-02,183.49,193.52,178.98,188.29,188.29,96138.84421015,coinbase-exchange
2020-02-03,188.22,195.21,186.25,189.42,189.42,89093.19595622,coinbase-exchange
2020-02-04,189.41,191.37,184.29,188.24,188.24,89059.71463466,coinbase-exchange
2020-02-05,188.25,207.93,186.89,204.0,204.0,143938.17466042,coinbase-exchange
2020-02-06,204.01,216.49,200.54,212.95,212.95,162316.43667648,coinbase-exchange
2020-02-07,212.94,224.78,212.94,223.22,223.22,161651.51487279,coinbase-exchange
2020-02-08,223.22,228.4,213.24,223.37,223.37,137475.60159995,coinbase-exchange
2020-02-09,223.36,230.9,223.16,228.8,228.8,111211.55092349,coinbase-exchange
2020-02-10,228.8,229.6,216.31,222.85,222.85,106485.3898759,coinbase-exchange
2020-02-11,222.86,239.92,217.83,237.98,237.98,174444.85728588,coinbase-exchange
2020-02-12,237.99,276.15,237.95,266.49,266.49,293996.34960631,coinbase-exchange
2020-02-13,266.63,278.01,253.75,268.42,268.42,264197.24736242,coinbase-exchange
2020-02-14,268.37,287.98,260.13,286.27,286.27,191566.74315799,coinbase-exchange
2020-02-15,285.95,290.0,261.35,264.92,264.92,251243.79219334,coinbase-exchange
2020-02-16,264.83,274.0,236.37,258.5,258.5,248679.14437688,coinbase-exchange
2020-02-17,258.58,269.0,242.36,268.03,268.03,204959.48476961,coinbase-exchange
2020-02-18,268.2,286.87,259.24,283.31,283.31,211662.70708459,coinbase-exchange
2020-02-19,283.34,287.13,250.0,258.66,258.66,239803.85463207,coinbase-exchange
2020-02-20,258.51,264.26,245.25,257.4,257.4,203271.5155604,coinbase-exchange
2020-02-21,257.2,268.71,254.1,265.8,265.8,136892.24699258,coinbase-exchange
2020-02-22,265.79,267.04,256.3,262.08,262.08,63814.59112412,coinbase-exchange
2020-02-23,261.94,276.62,261.53,275.48,275.48,104405.13989679,coinbase-exchange
2020-02-24,275.48,278.13,256.06,265.31,265.31,197775.66826806,coinbase-exchange
2020-02-25,265.53,266.24,244.44,246.5,246.5,152709.51365655,coinbase-exchange
2020-02-26,246.28,250.84,215.33,223.5,223.5,404352.61565839,coinbase-exchange
2020-02-27,223.78,239.0,209.26,227.63,227.63,342714.17971542,coinbase-exchange
2020-02-28,227.6,234.9,213.63,227.37,227.37,258340.98757632,coinbase-exchange
2020-02-29,227.13,233.32,216.83,217.31,217.31,93401.32179224,coinbase-exchange
2020-03-01,217.36,227.99,211.5,217.26,217.26,144339.90935814,coinbase-exchange
2020-03-02,217.34,234.5,215.75,232.12,232.12,189047.53250784,coinbase-exchange
2020-03-03,232.12,232.92,220.0,223.75,223.75,173987.90547375,coinbase-exchange
2020-03-04,223.72,228.83,220.39,224.56,224.56,106846.75811775,coinbase-exchange
2020-03-05,224.49,234.47,224.49,228.64,228.64,160025.91518532,coinbase-exchange
2020-03-06,228.6,245.84,227.77,245.56,245.56,140307.21140132,coinbase-exchange
2020-03-07,245.53,253.01,236.67,237.75,237.75,147025.87399131,coinbase-exchange
2020-03-08,237.75,237.75,196.0,199.46,199.46,293962.39516435,coinbase-exchange
2020-03-09,199.51,208.65,189.85,202.77,202.77,461839.12853606,coinbase-exchange
2020-03-10,202.76,206.28,195.17,200.5,200.5,184956.93858031,coinbase-exchange
2020-03-11,200.63,202.98,181.0,194.61,194.61,240340.20653555,coinbase-exchange
2020-03-12,194.62,195.64,101.22,110.3,110.3,1290935.34805301,coinbase-exchange
2020-03-13,110.3,148.0,90.0,135.51,135.51,1322282.9798003,coinbase-exchange
2020-03-14,135.44,135.9,120.71,122.17,122.17,284672.85934781,coinbase-exchange
2020-03-15,122.11,134.1,119.84,123.3,123.3,438391.83520594,coinbase-exchange
2020-03-16,123.33,123.75,100.5,111.38,111.38,891238.58022214,coinbase-exchange
2020-03-17,111.36,121.49,109.66,116.09,116.09,418552.55664492,coinbase-exchange
2020-03-18,116.06,118.88,110.18,118.6,118.6,306306.60980115,coinbase-exchange
2020-03-19,118.59,144.44,115.72,136.68,136.68,486951.21183315,coinbase-exchange
2020-03-20,136.65,154.0,115.51,133.27,133.27,626525.45202553,coinbase-exchange
2020-03-21,133.35,137.64,125.84,132.79,132.79,259380.31056445,coinbase-exchange
2020-03-22,132.79,137.38,120.9,122.42,122.42,261957.09352208,coinbase-exchange
2020-03-23,122.31,138.0,119.2,137.0,137.0,392334.34456747,coinbase-exchange
2020-03-24,137.0,144.16,133.04,139.0,139.0,328276.63196021,coinbase-exchange
2020-03-25,138.95,142.79,132.5,136.26,136.26,228043.63383605,coinbase-exchange
2020-03-26,136.35,140.36,133.52,139.0,139.0,168611.79605607,coinbase-exchange
2020-03-27,139.0,142.5,130.0,131.56,131.56,173786.92012003,coinbase-exchange
2020-03-28,131.56,133.8,125.01,131.35,131.35,172811.93639922,coinbase-exchange
2020-03-29,131.36,132.18,123.72,124.35,124.35,93067.42014241,coinbase-exchange
2020-03-30,124.43,135.48,124.05,132.32,132.32,154018.23932986,coinbase-exchange
2020-03-31,132.3,135.35,130.45,133.08,133.08,86613.22974083,coinbase-exchange
2020-04-01,133.08,137.4,128.6,136.14,136.14,99102.5178578,coinbase-exchange
2020-04-02,136.14,150.5,135.5,141.53,141.53,214501.14100152,coinbase-exchange
2020-04-03,141.48,146.81,138.0,141.54,141.54,120557.4337924,coinbase-exchange
2020-04-04,141.48,146.69,139.04,144.48,144.48,85410.10645987,coinbase-exchange
2020-04-05,144.49,145.98,140.81,142.79,142.79,64777.90082877,coinbase-exchange
2020-04-06,142.79,172.19,142.79,171.5,171.5,398555.26124929,coinbase-exchange
2020-04-07,171.56,176.82,161.47,164.57,164.57,533130.95121358,coinbase-exchange
2020-04-08,164.54,174.77,163.49,173.36,173.36,192588.6023951,coinbase-exchange
2020-04-09,173.43,173.55,165.32,169.75,169.75,165254.80474587,coinbase-exchange
2020-04-10,169.71,170.39,152.3,158.1,158.1,258810.1653336,coinbase-exchange
2020-04-11,158.1,161.5,154.2,158.55,158.55,96587.83228092,coinbase-exchange
2020-04-12,158.68,165.45,155.31,158.87,158.87,133037.62244785,coinbase-exchange
2020-04-13,158.82,159.44,149.7,156.76,156.76,233848.97745777,coinbase-exchange
2020-04-14,156.76,163.0,155.56,158.65,158.65,198839.23382124,coinbase-exchange
2020-04-15,158.68,161.5,152.17,152.77,152.77,142489.51028959,coinbase-exchange
2020-04-16,152.76,175.2,148.08,172.55,172.55,376129.26054849,coinbase-exchange
2020-04-17,172.58,175.1,168.5,170.89,170.89,136537.58680864,coinbase-exchange
2020-04-18,170.85,191.22,170.69,187.88,187.88,320092.58324239,coinbase-exchange
2020-04-19,187.85,189.92,176.53,180.39,180.39,194900.14018716,coinbase-exchange
2020-04-20,180.28,186.67,166.4,170.5,170.5,280053.96893369,coinbase-exchange
2020-04-21,170.39,174.93,168.44,171.07,171.07,169875.06657111,coinbase-exchange
2020-04-22,171.05,184.41,170.02,183.11,183.11,178433.47878367,coinbase-exchange
2020-04-23,183.1,194.86,178.44,185.66,185.66,271745.32794126,coinbase-exchange
2020-04-24,185.65,189.91,184.97,187.84,187.84,125300.66822971,coinbase-exchange
2020-04-25,187.92,198.2,185.97,194.42,194.42,147021.91304917,coinbase-exchange
2020-04-26,194.42,200.0,192.54,197.83,197.83,134905.32156149,coinbase-exchange
2020-04-27,197.8,199.41,189.6,196.78,196.78,165535.9963748,coinbase-exchange
2020-04-28,196.88,197.95,192.5,196.67,196.67,105608.41827873,coinbase-exchange
2020-04-29,196.64,219.59,196.64,215.66,215.66,377357.2932836,coinbase-exchange
2020-04-30,215.74,227.5,202.3,206.23,206.23,410315.64169167,coinbase-exchange
2020-05-01,206.22,217.58,206.18,212.09,212.09,153088.48477931,coinbase-exchange
2020-05-02,212.08,215.59,210.57,214.25,214.25,86048.74335239,coinbase-exchange
2020-05-03,214.25,219.48,205.28,210.24,210.24,145164.74879656,coinbase-exchange
2020-05-04,210.24,210.96,195.17,206.86,206.86,209514.67319864,coinbase-exchange
2020-05-05,207.02,212.17,201.33,205.43,205.43,126463.17604265,coinbase-exchange
2020-05-06,205.5,211.21,198.18,199.26,199.26,172142.53654051,coinbase-exchange
2020-05-07,199.1,215.99,196.82,212.47,212.47,259914.56415047,coinbase-exchange
2020-05-08,212.5,217.0,207.2,211.59,211.59,156564.17053734,coinbase-exchange
2020-05-09,211.65,214.79,208.27,210.0,210.0,120178.88081369,coinbase-exchange
2020-05-10,210.06,210.06,180.01,187.73,187.73,479238.22296594,coinbase-exchange
2020-05-11,187.65,193.77,176.43,185.93,185.93,266403.27205753,coinbase-exchange
2020-05-12,185.93,192.89,185.79,190.1,190.1,114408.63558372,coinbase-exchange
2020-05-13,189.93,201.59,188.36,199.92,199.92,145067.37490257,coinbase-exchange
2020-05-14,199.92,206.25,195.7,203.4,203.4,169935.22065409,coinbase-exchange
2020-05-15,203.4,204.3,191.35,194.7,194.7,145885.04950668,coinbase-exchange
2020-05-16,194.66,203.36,193.24,200.53,200.53,89046.63238362,coinbase-exchange
2020-05-17,200.5,210.0,199.1,207.05,207.05,114512.3105608,coinbase-exchange
2020-05-18,207.05,216.99,206.99,214.97,214.97,163043.28096713,coinbase-exchange
2020-05-19,214.86,215.84,209.22,214.71,214.71,98910.17410947,coinbase-exchange
2020-05-20,214.8,215.5,205.1,209.96,209.96,104103.82197937,coinbase-exchange
2020-05-21,209.95,211.52,191.27,198.62,198.62,179532.29834323,coinbase-exchange
2020-05-22,198.61,209.28,196.12,207.32,207.32,129598.18331979,coinbase-exchange
2020-05-23,207.3,211.3,204.56,206.66,206.66,67466.85940148,coinbase-exchange
2020-05-24,206.61,210.67,199.3,199.63,199.63,106095.09791687,coinbase-exchange
2020-05-25,199.63,205.71,198.01,204.06,204.06,81997.29845547,coinbase-exchange
2020-05-26,204.13,205.03,196.65,200.91,200.91,100703.87164821,coinbase-exchange
2020-05-27,200.87,208.48,200.76,208.41,208.41,77179.58901738,coinbase-exchange
2020-05-28,208.41,220.68,204.5,220.44,220.44,146497.83268041,coinbase-exchange
2020-05-29,220.39,224.84,217.52,220.62,220.62,135620.52543794,coinbase-exchange
2020-05-30,220.55,247.36,218.33,243.84,243.84,254679.91896954,coinbase-exchange
2020-05-31,243.85,245.46,229.46,231.54,231.54,162582.98189044,coinbase-exchange
2020-06-01,231.43,251.46,230.59,248.41,248.41,216373.63959941,coinbase-exchange
2020-06-02,248.42,253.6,225.6,237.71,237.71,270793.52134846,coinbase-exchange
2020-06-03,237.7,245.39,233.28,244.6,244.6,112638.13782506,coinbase-exchange
2020-06-04,244.59,246.73,236.17,243.18,243.18,159033.0192543,coinbase-exchange
2020-06-05,243.18,247.9,238.65,240.04,240.04,117168.70393642,coinbase-exchange
2020-06-06,240.04,244.52,237.67,241.92,241.92,60101.61055226,coinbase-exchange
2020-06-07,241.92,245.45,234.48,244.81,244.81,128372.56725763,coinbase-exchange
2020-06-08,244.79,247.97,240.82,246.55,246.55,93327.75056481,coinbase-exchange
2020-06-09,246.55,249.99,238.91,244.03,244.03,111405.53181014,coinbase-exchange
2020-06-10,244.04,250.56,242.13,248.16,248.16,142311.15342422,coinbase-exchange
2020-06-11,248.27,250.26,225.2,230.15,230.15,240083.16277683,coinbase-exchange
2020-06-12,230.14,239.54,227.84,237.53,237.53,133036.84861839,coinbase-exchange
2020-06-13,237.57,238.8,234.11,238.17,238.17,46315.99128011,coinbase-exchange
2020-06-14,238.18,238.59,229.75,231.34,231.34,108186.66771876,coinbase-exchange
2020-06-15,231.34,234.0,217.79,230.98,230.98,240181.57688417,coinbase-exchange
2020-06-16,230.96,236.02,228.78,235.34,235.34,86465.3143021,coinbase-exchange
2020-06-17,235.35,237.0,227.5,233.71,233.71,89376.40701295,coinbase-exchange
2020-06-18,233.69,234.5,227.37,231.05,231.05,64198.37536142,coinbase-exchange
2020-06-19,231.05,231.9,226.43,228.66,228.66,66279.2578057,coinbase-exchange
2020-06-20,228.67,230.67,225.5,228.8,228.8,44777.05564533,coinbase-exchange
2020-06-21,228.8,231.29,226.86,227.68,227.68,44083.75435657,coinbase-exchange
2020-06-22,227.7,246.95,227.2,243.23,243.23,166917.79861423,coinbase-exchange
2020-06-23,243.24,244.8,240.73,243.12,243.12,73617.26296542,coinbase-exchange
2020-06-24,243.08,249.04,230.66,234.44,234.44,145340.38961032,coinbase-exchange
2020-06-25,234.44,235.24,227.05,231.97,231.97,115681.75713751,coinbase-exchange
2020-06-26,231.94,233.25,227.3,229.44,229.44,82611.98976703,coinbase-exchange
2020-06-27,229.45,231.1,215.16,220.76,220.76,131871.65434052,coinbase-exchange
2020-06-28,220.74,227.93,217.35,224.76,224.76,67155.35599069,coinbase-exchange
2020-06-29,224.94,229.98,220.98,227.81,227.81,81211.44620718,coinbase-exchange
2020-06-30,227.81,228.69,222.93,225.48,225.48,57678.36075887,coinbase-exchange
2020-07-01,225.5,232.77,224.11,231.03,231.03,91282.48097,coinbase-exchange
2020-07-02,231.15,232.15,222.78,226.48,226.48,89324.15323347,coinbase-exchange
2020-07-03,226.43,228.26,224.31,225.06,225.06,67562.68650168,coinbase-exchange
2020-07-04,224.98,231.04,224.5,229.34,229.34,50798.99631699,coinbase-exchange
2020-07-05,229.34,229.93,223.5,227.67,227.67,45635.09435721,coinbase-exchange
2020-07-06,227.62,241.99,227.08,241.65,241.65,140881.46531449,coinbase-exchange
2020-07-07,241.71,243.82,234.55,239.37,239.37,84359.1623332,coinbase-exchange
2020-07-08,239.37,249.0,237.91,247.14,247.14,135216.77486401,coinbase-exchange
2020-07-09,247.11,247.67,237.04,242.0,242.0,107698.9573371,coinbase-exchange
2020-07-10,242.0,242.12,235.56,241.2,241.2,71281.88112286,coinbase-exchange
2020-07-11,241.26,241.58,237.43,239.17,239.17,38867.95249326,coinbase-exchange
2020-07-12,239.18,243.9,236.51,242.81,242.81,61521.88398572,coinbase-exchange
2020-07-13,242.81,245.37,236.97,239.44,239.44,123671.07492457,coinbase-exchange
2020-07-14,239.25,242.01,236.66,240.43,240.43,70522.17530535,coinbase-exchange
2020-07-15,240.4,241.44,236.36,238.33,238.33,116172.66592129,coinbase-exchange
2020-07-16,238.35,239.16,229.77,233.41,233.41,143676.50946975,coinbase-exchange
2020-07-17,233.47,234.55,230.87,232.63,232.63,77645.60947152,coinbase-exchange
2020-07-18,232.59,236.97,232.24,235.72,235.72,48348.08464248,coinbase-exchange
2020-07-19,235.69,240.0,233.28,239.17,239.17,47600.88537256,coinbase-exchange
2020-07-20,239.26,239.8,233.85,236.1,236.1,75335.42836551,coinbase-exchange
2020-07-21,236.12,247.18,235.77,245.65,245.65,132078.78763576,coinbase-exchange
2020-07-22,245.64,269.49,241.62,264.28,264.28,152721.59642151,coinbase-exchange
2020-07-23,264.28,282.6,260.1,275.68,275.68,309092.34216714,coinbase-exchange
2020-07-24,275.56,287.8,268.39,279.59,279.59,180943.23090308,coinbase-exchange
2020-07-25,279.66,310.0,279.62,305.66,305.66,245086.41093138,coinbase-exchange
2020-07-26,305.55,319.86,300.21,311.35,311.35,238205.01599146,coinbase-exchange
2020-07-27,311.43,334.34,311.38,322.24,322.24,412079.37629514,coinbase-exchange
2020-07-28,322.41,327.34,306.29,317.59,317.59,208395.56039785,coinbase-exchange
2020-07-29,317.52,325.85,312.66,318.16,318.16,166994.96333734,coinbase-exchange
2020-07-30,318.15,342.4,314.52,335.31,335.31,175330.87646686,coinbase-exchange
2020-07-31,335.25,349.74,328.35,346.86,346.86,199448.47978816,coinbase-exchange
2020-08-01,346.86,394.0,343.75,387.4,387.4,308505.50003166,coinbase-exchange
2020-08-02,387.4,415.0,325.75,372.21,372.21,573146.54484066,coinbase-exchange
2020-08-03,372.19,399.69,366.34,386.22,386.22,246596.56665901,coinbase-exchange
2020-08-04,386.27,403.64,380.67,389.82,389.82,250989.95459676,coinbase-exchange
2020-08-05,389.76,408.0,383.86,401.21,401.21,208377.2177264,coinbase-exchange
2020-08-06,401.21,404.03,391.0,395.28,395.28,147321.25541594,coinbase-exchange
2020-08-07,395.28,398.57,362.88,379.75,379.75,258109.56327072,coinbase-exchange
2020-08-08,379.76,400.06,376.18,397.51,397.51,109615.57796907,coinbase-exchange
2020-08-09,397.5,401.0,384.02,390.41,390.41,144028.58904543,coinbase-exchange
2020-08-10,390.41,400.21,385.44,395.78,395.78,198449.18038811,coinbase-exchange
2020-08-11,395.77,398.3,364.77,378.88,378.88,231283.21718575,coinbase-exchange
2020-08-12,378.92,389.57,365.19,387.27,387.27,193171.5051413,coinbase-exchange
2020-08-13,387.27,432.94,376.46,424.94,424.94,363868.52826094,coinbase-exchange
2020-08-14,425.0,445.45,417.52,438.83,438.83,320572.96388462,coinbase-exchange
2020-08-15,438.83,443.33,428.0,432.55,432.55,170960.90077551,coinbase-exchange
2020-08-16,432.67,437.0,412.51,433.7,433.7,198013.6894012,coinbase-exchange
2020-08-17,433.71,447.5,420.5,431.5,431.5,221839.14358535,coinbase-exchange
2020-08-18,431.5,434.27,414.44,422.31,422.31,148682.30738539,coinbase-exchange
2020-08-19,422.31,426.97,393.75,407.59,407.59,212936.96902525,coinbase-exchange
2020-08-20,407.6,419.58,402.3,415.92,415.92,146536.51021535,coinbase-exchange
2020-08-21,415.92,418.92,385.0,388.05,388.05,218376.51497554,coinbase-exchange
2020-08-22,388.0,399.73,379.53,395.62,395.62,145453.08931908,coinbase-exchange
2020-08-23,395.52,400.0,383.67,390.9,390.9,79939.92783349,coinbase-exchange
2020-08-24,390.78,411.97,387.72,407.76,407.76,153521.94600679,coinbase-exchange
2020-08-25,407.76,409.31,369.36,383.33,383.33,189576.54223265,coinbase-exchange
2020-08-26,383.26,393.5,377.56,386.1,386.1,131417.52221164,coinbase-exchange
2020-08-27,386.12,397.15,371.5,383.25,383.25,121889.95194935,coinbase-exchange
2020-08-28,383.27,398.16,379.67,395.47,395.47,123755.41938251,coinbase-exchange
2020-08-29,395.35,405.82,392.34,398.58,398.58,89963.76995825,coinbase-exchange
2020-08-30,398.57,429.9,398.24,428.94,428.94,170379.4456584,coinbase-exchange
2020-08-31,428.92,439.0,418.16,433.89,433.89,168619.80537213,coinbase-exchange
2020-09-01,433.88,488.95,429.66,475.57,475.57,333743.62207967,coinbase-exchange
2020-09-02,475.57,481.2,420.58,440.02,440.02,320308.05438354,coinbase-exchange
2020-09-03,439.99,451.0,370.0,382.87,382.87,407832.29146336,coinbase-exchange
2020-09-04,382.15,400.5,359.0,388.96,388.96,286186.00739699,coinbase-exchange
2020-09-05,389.2,394.38,310.0,335.25,335.25,607878.87819331,coinbase-exchange
2020-09-06,335.25,360.61,316.43,352.77,352.77,266338.83290829,coinbase-exchange
2020-09-07,352.85,358.66,323.17,353.71,353.71,215514.08931085,coinbase-exchange
2020-09-08,353.71,357.01,325.36,337.48,337.48,209229.73612667,coinbase-exchange
2020-09-09,337.48,359.41,330.6,351.1,351.1,166730.61512655,coinbase-exchange
2020-09-10,351.11,377.79,350.23,368.06,368.06,217245.43576712,coinbase-exchange
2020-09-11,367.94,375.38,355.81,373.93,373.93,132464.58690229,coinbase-exchange
2020-09-12,373.93,388.25,364.88,387.81,387.81,109437.79363532,coinbase-exchange
2020-09-13,387.82,390.41,353.58,366.58,366.58,164465.94392732,coinbase-exchange
2020-09-14,366.58,384.61,355.66,377.28,377.28,190573.77197746,coinbase-exchange
2020-09-15,377.27,382.76,362.5,364.2,364.2,170054.9627384,coinbase-exchange
2020-09-16,364.05,373.37,355.0,365.23,365.23,130167.7980122,coinbase-exchange
2020-09-17,365.22,394.55,363.4,389.45,389.45,212965.41279613,coinbase-exchange
2020-09-18,389.52,392.69,375.19,384.64,384.64,163353.49313499,coinbase-exchange
2020-09-19,384.6,388.43,377.2,385.23,385.23,70257.87733175,coinbase-exchange
2020-09-20,385.25,385.31,364.89,370.69,370.69,89803.37071302,coinbase-exchange
2020-09-21,371.03,376.76,331.0,340.11,340.11,266795.43383713,coinbase-exchange
2020-09-22,340.36,346.84,335.57,344.26,344.26,125988.89838001,coinbase-exchange
2020-09-23,344.25,344.64,313.0,320.63,320.63,190725.11444266,coinbase-exchange
2020-09-24,320.65,353.14,316.65,349.14,349.14,183245.45463309,coinbase-exchange
2020-09-25,349.14,358.12,337.63,352.11,352.11,126913.44997664,coinbase-exchange
2020-09-26,352.12,356.5,346.03,354.13,354.13,61035.01105045,coinbase-exchange
2020-09-27,354.01,362.86,347.05,357.55,357.55,80085.26429182,coinbase-exchange
2020-09-28,357.53,368.52,351.88,353.91,353.91,104212.37558644,coinbase-exchange
2020-09-29,353.68,360.59,350.19,359.9,359.9,116581.13501754,coinbase-exchange
2020-09-30,359.93,361.51,351.38,359.89,359.89,61528.3697469,coinbase-exchange
2020-10-01,360.01,370.25,345.01,352.9,352.9,123288.381776,coinbase-exchange
2020-10-02,352.84,354.25,334.19,345.7,345.7,152553.41162458,coinbase-exchange
2020-10-03,345.74,351.2,343.71,346.18,346.18,39972.14867485,coinbase-exchange
2020-10-04,346.18,354.35,344.08,352.48,352.48,57672.70466128,coinbase-exchange
2020-10-05,352.42,356.12,348.69,353.73,353.73,53291.56083882,coinbase-exchange
2020-10-06,353.82,355.33,336.73,340.78,340.78,101113.66417348,coinbase-exchange
2020-10-07,340.8,342.83,332.87,341.68,341.68,95554.36544775,coinbase-exchange
2020-10-08,341.7,353.34,334.29,351.25,351.25,88039.97567275,coinbase-exchange
2020-10-09,351.17,368.7,347.15,365.36,365.36,116241.01508045,coinbase-exchange
2020-10-10,365.35,380.81,365.02,370.75,370.75,117309.72652529,coinbase-exchange
2020-10-11,370.73,377.49,369.02,374.38,374.38,55925.96138195,coinbase-exchange
2020-10-12,374.37,395.18,365.77,386.74,386.74,111464.29529211,coinbase-exchange
2020-10-13,386.77,387.88,374.29,381.37,381.37,84543.6186979,coinbase-exchange
2020-10-14,381.37,387.63,373.29,378.97,378.97,80200.71716699,coinbase-exchange
2020-10-15,379.01,381.99,370.06,377.94,377.94,68915.97860381,coinbase-exchange
2020-10-16,377.89,380.0,361.38,365.57,365.57,106263.28472121,coinbase-exchange
2020-10-17,365.57,370.57,363.56,368.48,368.48,41868.07115942,coinbase-exchange
2020-10-18,368.48,378.69,367.31,378.58,378.58,42509.2101992,coinbase-exchange
2020-10-19,378.56,384.69,372.89,379.36,379.36,69957.45766229,coinbase-exchange
2020-10-20,379.53,380.9,363.01,368.81,368.81,84940.26982272,coinbase-exchange
2020-10-21,368.81,402.62,368.06,391.53,391.53,249849.80700571,coinbase-exchange
2020-10-22,391.36,421.47,391.33,414.7,414.7,182333.508395,coinbase-exchange
2020-10-23,414.64,419.48,401.51,409.52,409.52,124844.52058112,coinbase-exchange
2020-10-24,409.55,417.0,407.4,412.58,412.58,68349.19907782,coinbase-exchange
2020-10-25,412.58,417.86,402.92,406.46,406.46,53762.84086586,coinbase-exchange
2020-10-26,406.32,411.47,382.21,393.12,393.12,129676.34185848,coinbase-exchange
2020-10-27,393.07,411.77,390.35,404.55,404.55,108903.27558482,coinbase-exchange
2020-10-28,404.56,409.52,380.5,388.63,388.63,128255.13819075,coinbase-exchange
2020-10-29,388.59,394.0,380.75,387.6,387.6,104421.73544657,coinbase-exchange
2020-10-30,387.49,392.16,373.4,382.77,382.77,107710.17276225,coinbase-exchange
2020-10-31,382.77,394.0,380.76,386.74,386.74,76755.21020838,coinbase-exchange
2020-11-01,386.72,397.65,385.09,396.91,396.91,49385.47176829,coinbase-exchange
2020-11-02,396.91,404.57,378.36,383.33,383.33,128275.51088227,coinbase-exchange
2020-11-03,383.33,390.35,370.5,388.32,388.32,105339.73002582,coinbase-exchange
2020-11-04,388.33,409.0,376.64,403.18,403.18,214751.18285099,coinbase-exchange
2020-11-05,403.19,421.25,396.43,417.17,417.17,248936.20591844,coinbase-exchange
2020-11-06,417.29,458.92,415.57,456.65,456.65,357787.28499666,coinbase-exchange
2020-11-07,456.69,468.98,423.0,435.73,435.73,297289.78479728,coinbase-exchange
2020-11-08,435.59,460.57,432.65,454.61,454.61,111199.12192081,coinbase-exchange
2020-11-09,454.61,460.0,433.83,444.81,444.81,171387.94473541,coinbase-exchange
2020-11-10,444.84,455.51,439.36,450.89,450.89,132863.6764641,coinbase-exchange
2020-11-11,450.89,476.8,449.95,463.79,463.79,195694.06578762,coinbase-exchange
2020-11-12,463.75,470.56,452.07,462.98,462.98,180116.97555794,coinbase-exchange
2020-11-13,462.91,478.31,457.64,477.14,477.14,134796.05936368,coinbase-exchange
2020-11-14,477.15,478.0,452.17,461.16,461.16,114594.78378366,coinbase-exchange
2020-11-15,461.21,463.24,439.77,448.58,448.58,89217.75628557,coinbase-exchange
2020-11-16,448.6,466.21,445.91,460.85,460.85,112980.26100088,coinbase-exchange
2020-11-17,460.87,485.0,460.05,482.68,482.68,196041.73514216,coinbase-exchange
2020-11-18,482.75,495.68,456.5,478.96,478.96,296492.09128068,coinbase-exchange
2020-11-19,479.0,480.99,465.18,471.92,471.92,131594.48266392,coinbase-exchange
2020-11-20,471.92,514.73,471.07,510.43,510.43,296509.77452923,coinbase-exchange
2020-11-21,510.6,554.28,502.82,553.07,553.07,287728.12781004,coinbase-exchange
2020-11-22,553.06,581.8,511.16,560.82,560.82,403902.15612966,coinbase-exchange
2020-11-23,560.78,611.43,550.0,609.26,609.26,444789.07944749,coinbase-exchange
2020-11-24,609.26,623.22,587.25,605.45,605.45,387478.59472708,coinbase-exchange
2020-11-25,605.45,606.49,554.0,568.79,568.79,255508.1788265,coinbase-exchange
2020-11-26,569.19,577.0,480.08,520.34,520.34,614152.35686943,coinbase-exchange
2020-11-27,520.35,531.41,493.51,519.07,519.07,199205.09175665,coinbase-exchange
2020-11-28,519.04,548.83,505.01,538.11,538.11,166450.43752162,coinbase-exchange
2020-11-29,537.97,577.55,531.0,576.76,576.76,139940.81576302,coinbase-exchange
2020-11-30,576.9,617.0,571.11,617.0,617.0,313418.9868296,coinbase-exchange
2020-12-01,617.0,636.53,563.01,586.03,586.03,373179.79775575,coinbase-exchange
2020-12-02,585.87,604.96,575.08,597.35,597.35,136242.16440789,coinbase-exchange
2020-12-03,597.03,624.57,586.11,616.65,616.65,168346.30401374,coinbase-exchange
2020-12-04,616.46,620.56,566.0,567.6,567.6,195480.70629191,coinbase-exchange
2020-12-05,567.76,597.88,561.15,597.29,597.29,95956.77136123,coinbase-exchange
2020-12-06,597.29,607.46,583.31,601.95,601.95,101652.72670304,coinbase-exchange
2020-12-07,601.97,603.4,584.54,591.47,591.47,79196.58540342,coinbase-exchange
2020-12-08,591.53,595.47,548.12,554.79,554.79,173888.79056355,coinbase-exchange
2020-12-09,554.8,578.67,530.32,573.38,573.38,246145.836363,coinbase-exchange
2020-12-10,573.26,575.62,547.83,559.45,559.45,117320.21056794,coinbase-exchange
2020-12-11,559.33,560.62,535.5,544.23,544.23,173696.26025699,coinbase-exchange
2020-12-12,544.51,574.33,543.22,568.64,568.64,101618.14658727,coinbase-exchange
2020-12-13,568.64,595.21,563.79,590.75,590.75,105159.23425191,coinbase-exchange
2020-12-14,590.45,591.71,575.58,586.39,586.39,103488.31631148,coinbase-exchange
2020-12-15,586.4,597.04,579.15,589.08,589.08,95567.38638129,coinbase-exchange
2020-12-16,589.08,639.58,581.21,637.98,637.98,261818.28860235,coinbase-exchange
2020-12-17,637.91,677.05,626.79,643.37,643.37,430253.08270837,coinbase-exchange
2020-12-18,643.26,664.46,629.59,654.66,654.66,177136.01903836,coinbase-exchange
2020-12-19,654.66,672.06,646.54,658.96,658.96,186815.55508677,coinbase-exchange
2020-12-20,658.8,661.4,621.46,638.4,638.4,164504.33582055,coinbase-exchange
2020-12-21,638.19,648.35,596.9,608.07,608.07,267136.10267039,coinbase-exchange
2020-12-22,608.07,638.5,587.54,636.82,636.82,207333.55726725,coinbase-exchange
2020-12-23,636.73,638.75,551.45,585.11,585.11,328147.46529268,coinbase-exchange
2020-12-24,585.37,614.99,565.61,612.27,612.27,213890.61477265,coinbase-exchange
2020-12-25,612.25,633.97,604.26,626.75,626.75,158871.75321373,coinbase-exchange
2020-12-26,626.71,652.7,615.22,636.52,636.52,195895.6773533,coinbase-exchange
2020-12-27,636.85,714.99,625.01,684.12,684.12,436385.25431205,coinbase-exchange
2020-12-28,684.11,747.0,680.9,729.7,729.7,397946.53045409,coinbase-exchange
2020-12-29,729.65,739.66,688.0,731.76,731.76,295088.40177823,coinbase-exchange
2020-12-30,731.79,759.0,717.0,752.86,752.86,238441.21767564,coinbase-exchange
2020-12-31,752.87,755.9,724.0,737.67,737.67,217610.26070386,coinbase-exchange
2021-01-01,737.89,750.0,717.1,730.99,730.99,198060.44209411,coinbase-exchange
2021-01-02,730.97,789.21,715.22,775.3,775.3,368899.31941969,coinbase-exchange
2021-01-03,775.29,1015.14,770.0,980.44,980.44,858743.81908511,coinbase-exchange
2021-01-04,980.44,1168.99,886.33,1042.38,1042.38,1103882.9026854,coinbase-exchange
2021-01-05,1042.24,1136.93,975.0,1103.73,1103.73,858495.88816745,coinbase-exchange
2021-01-06,1103.71,1215.98,1058.32,1212.02,1212.02,821084.91284462,coinbase-exchange
2021-01-07,1212.68,1291.94,1140.0,1227.34,1227.34,661416.03292889,coinbase-exchange
2021-01-08,1227.55,1275.0,1063.18,1217.35,1217.35,781425.78426996,coinbase-exchange
2021-01-09,1217.31,1310.0,1172.86,1281.45,1281.45,434123.02634182,coinbase-exchange
2021-01-10,1281.25,1350.88,1153.0,1255.13,1255.13,670103.5931583,coinbase-exchange
2021-01-11,1255.1,1260.24,905.0,1088.79,1088.79,1556217.07756248,coinbase-exchange
2021-01-12,1088.55,1150.0,1006.83,1049.79,1049.79,656376.70350396,coinbase-exchange
2021-01-13,1050.46,1137.75,980.0,1130.8,1130.8,504920.57439418,coinbase-exchange
2021-01-14,1130.79,1246.99,1087.05,1231.32,1231.32,438467.28987015,coinbase-exchange
2021-01-15,1231.59,1255.59,1065.0,1168.1,1168.1,578841.8829192,coinbase-exchange
2021-01-16,1169.04,1294.0,1152.3,1227.14,1227.14,422140.39314774,coinbase-exchange
2021-01-17,1227.76,1268.83,1165.78,1232.99,1232.99,295103.60231119,coinbase-exchange
2021-01-18,1232.6,1261.0,1181.9,1258.48,1258.48,287749.94730348,coinbase-exchange
2021-01-19,1258.55,1440.0,1252.01,1368.04,1368.04,709702.99933138,coinbase-exchange
2021-01-20,1367.7,1408.5,1234.01,1376.88,1376.88,596370.07168489,coinbase-exchange
2021-01-21,1377.15,1390.0,1081.0,1110.62,1110.62,789194.34468025,coinbase-exchange
2021-01-22,1110.61,1275.99,1039.62,1233.6,1233.6,758560.99547401,coinbase-exchange
2021-01-23,1233.42,1272.0,1196.74,1234.55,1234.55,269855.02080844,coinbase-exchange
2021-01-24,1234.47,1401.92,1221.66,1394.0,1394.0,434746.40508943,coinbase-exchange
2021-01-25,1394.04,1477.3,1293.65,1317.97,1317.97,627535.52793717,coinbase-exchange
2021-01-26,1317.98,1378.12,1245.0,1367.98,1367.98,484756.90659865,coinbase-exchange
2021-01-27,1367.97,1375.91,1206.05,1240.96,1240.96,546037.67685749,coinbase-exchange
2021-01-28,1240.62,1363.27,1220.08,1333.19,1333.19,361803.16655087,coinbase-exchange
2021-01-29,1333.61,1442.88,1286.56,1379.87,1379.87,629545.82992845,coinbase-exchange
2021-01-30,1380.04,1408.97,1327.0,1380.0,1380.0,283799.50273321,coinbase-exchange
2021-01-31,1380.0,1382.0,1283.0,1313.94,1313.94,216853.04918505,coinbase-exchange
2021-02-01,1313.95,1378.02,1271.31,1374.6,1374.6,282549.58638538,coinbase-exchange
2021-02-02,1374.55,1549.0,1360.27,1513.67,1513.67,596570.35740844,coinbase-exchange
2021-02-03,1513.85,1672.21,1509.48,1668.72,1668.72,492422.63736011,coinbase-exchange
2021-02-04,1668.71,1699.0,1556.0,1597.55,1597.55,531943.12791716,coinbase-exchange
2021-02-05,1597.34,1763.93,1589.17,1721.06,1721.06,414535.83691975,coinbase-exchange
2021-02-06,1721.06,1745.25,1646.7,1679.77,1679.77,330440.89591973,coinbase-exchange
2021-02-07,1679.76,1695.38,1493.28,1615.32,1615.32,416691.917484,coinbase-exchange
2021-02-08,1615.51,1780.0,1565.98,1752.98,1752.98,454314.62328634,coinbase-exchange
2021-02-09,1752.98,1824.23,1710.01,1772.16,1772.16,345860.43376582,coinbase-exchange
2021-02-10,1771.91,1839.0,1680.0,1742.93,1742.93,368565.10934926,coinbase-exchange
2021-02-11,1742.51,1819.0,1704.23,1787.32,1787.32,263018.46640028,coinbase-exchange
2021-02-12,1787.33,1868.9,1741.29,1845.0,1845.0,324522.83669583,coinbase-exchange
2021-02-13,1844.78,1877.88,1766.15,1818.01,1818.01,222718.507164,coinbase-exchange
2021-02-14,1817.85,1852.47,1785.07,1803.75,1803.75,172443.99258151,coinbase-exchange
2021-02-15,1803.25,1836.0,1659.93,1779.62,1779.62,320429.97588848,coinbase-exchange
2021-02-16,1780.59,1825.0,1725.0,1781.97,1781.97,209801.29066471,coinbase-exchange
2021-02-17,1782.14,1857.61,1733.87,1852.0,1852.0,224624.79625355,coinbase-exchange
2021-02-18,1851.9,1950.3,1851.47,1939.64,1939.64,279501.81066288,coinbase-exchange
2021-02-19,1939.64,1974.98,1890.0,1957.68,1957.68,247118.43154671,coinbase-exchange
2021-02-20,1957.9,2041.42,1811.25,1915.46,1915.46,419107.37348279,coinbase-exchange
2021-02-21,1915.01,1976.72,1885.0,1935.57,1935.57,159669.07872776,coinbase-exchange
2021-02-22,1935.67,1938.95,1507.34,1778.66,1778.66,665395.31208108,coinbase-exchange
2021-02-23,1778.33,1783.22,1356.0,1577.83,1577.83,1013355.39743643,coinbase-exchange
2021-02-24,1577.84,1714.0,1500.28,1625.3,1625.3,440088.38004088,coinbase-exchange
2021-02-25,1625.27,1672.49,1458.5,1482.62,1482.62,335391.64228393,coinbase-exchange
2021-02-26,1482.05,1564.11,1400.01,1445.18,1445.18,380775.95904184,coinbase-exchange
2021-02-27,1445.09,1526.82,1420.0,1460.57,1460.57,231399.55692715,coinbase-exchange
2021-02-28,1460.49,1469.96,1292.76,1422.02,1422.02,460805.82144299,coinbase-exchange
2021-03-01,1421.8,1574.28,1412.61,1571.82,1571.82,313413.589566,coinbase-exchange
2021-03-02,1571.87,1605.89,1455.86,1488.34,1488.34,240668.58113618,coinbase-exchange
2021-03-03,1488.34,1657.91,1476.72,1567.86,1567.86,233779.70945241,coinbase-exchange
2021-03-04,1568.4,1625.0,1504.06,1539.69,1539.69,231528.48274717,coinbase-exchange
2021-03-05,1539.53,1551.19,1442.32,1528.82,1528.82,324961.01226774,coinbase-exchange
2021-03-06,1528.82,1673.02,1512.45,1651.83,1651.83,248888.00355718,coinbase-exchange
2021-03-07,1651.75,1735.0,1631.07,1728.22,1728.22,210732.49738587,coinbase-exchange
2021-03-08,1727.95,1843.99,1664.08,1834.58,1834.58,310581.14494936,coinbase-exchange
2021-03-09,1834.88,1872.26,1800.0,1871.99,1871.99,225203.26521323,coinbase-exchange
2021-03-10,1871.93,1879.0,1756.29,1795.37,1795.37,284059.53415917,coinbase-exchange
2021-03-11,1795.55,1847.0,1725.0,1827.04,1827.04,210929.2155979,coinbase-exchange
2021-03-12,1826.53,1841.96,1721.15,1767.79,1767.79,236995.37958528,coinbase-exchange
2021-03-13,1766.76,1944.0,1728.3,1921.61,1921.61,242511.38585835,coinbase-exchange
2021-03-14,1921.76,1931.97,1836.61,1848.9,1848.9,153591.2699543,coinbase-exchange
2021-03-15,1848.56,1893.75,1734.87,1795.07,1795.07,283178.47343009,coinbase-exchange
2021-03-16,1794.08,1819.2,1706.25,1806.03,1806.03,183635.76254277,coinbase-exchange
2021-03-17,1805.7,1841.13,1742.0,1824.74,1824.74,192527.7769105,coinbase-exchange
2021-03-18,1824.45,1850.0,1758.4,1776.4,1776.4,190138.5330396,coinbase-exchange
2021-03-19,1776.4,1840.69,1734.29,1809.38,1809.38,144695.63348271,coinbase-exchange
2021-03-20,1808.95,1869.0,1800.55,1806.47,1806.47,111937.33021974,coinbase-exchange
2021-03-21,1806.04,1818.86,1748.25,1784.0,1784.0,121647.31152544,coinbase-exchange
2021-03-22,1784.11,1806.39,1657.17,1681.02,1681.02,200417.24791012,coinbase-exchange
2021-03-23,1681.4,1723.61,1651.58,1668.09,1668.09,212509.86225776,coinbase-exchange
2021-03-24,1668.37,1740.91,1545.77,1581.79,1581.79,278130.15826272,coinbase-exchange
2021-03-25,1581.97,1622.27,1548.69,1587.08,1587.08,286235.84724682,coinbase-exchange
2021-03-26,1587.01,1700.7,1586.81,1700.1,1700.1,175253.6705026,coinbase-exchange
2021-03-27,1699.97,1732.85,1666.4,1713.88,1713.88,110263.21715736,coinbase-exchange
2021-03-28,1713.96,1725.71,1662.0,1686.92,1686.92,95999.89882024,coinbase-exchange
2021-03-29,1686.92,1841.88,1675.28,1815.73,1815.73,203102.37426045,coinbase-exchange
2021-03-30,1815.73,1860.0,1785.77,1841.16,1841.16,151376.69947985,coinbase-exchange
2021-03-31,1841.03,1948.0,1771.94,1920.0,1920.0,263472.22513295,coinbase-exchange
2021-04-01,1919.99,1982.21,1886.11,1968.38,1968.38,206220.44426132,coinbase-exchange
2021-04-02,1968.74,2145.0,1948.67,2134.68,2134.68,273307.72019019,coinbase-exchange
2021-04-03,2134.38,2139.33,2000.0,2009.25,2009.25,198152.20897275,coinbase-exchange
2021-04-04,2008.97,2093.07,1980.0,2076.36,2076.36,117506.19033922,coinbase-exchange
2021-04-05,2076.31,2131.27,2003.1,2106.98,2106.98,150633.34725495,coinbase-exchange
2021-04-06,2107.45,2151.0,2046.08,2113.0,2113.0,195664.36827122,coinbase-exchange
2021-04-07,2113.55,2128.99,1929.69,1964.23,1964.23,297887.0746854,coinbase-exchange
2021-04-08,1964.69,2084.54,1949.34,2081.29,2081.29,134740.59760903,coinbase-exchange
2021-04-09,2081.29,2100.0,2048.41,2066.03,2066.03,116343.17660276,coinbase-exchange
2021-04-10,2066.5,2195.0,2057.2,2133.08,2133.08,172198.2806936,coinbase-exchange
2021-04-11,2133.07,2163.18,2112.58,2150.54,2150.54,83861.37599123,coinbase-exchange
2021-04-12,2150.54,2199.11,2102.55,2138.03,2138.03,127578.86243868,coinbase-exchange
2021-04-13,2138.02,2317.3,2135.9,2299.92,2299.92,230007.9920857,coinbase-exchange
2021-04-14,2300.01,2446.91,2283.26,2432.54,2432.54,322816.09722215,coinbase-exchange
2021-04-15,2432.16,2546.82,2401.25,2517.03,2517.03,218658.15563428,coinbase-exchange
2021-04-16,2517.03,2548.0,2305.0,2426.64,2426.64,305993.48077725,coinbase-exchange
2021-04-17,2426.64,2497.84,2305.55,2318.7,2318.7,184015.29039346,coinbase-exchange
2021-04-18,2319.11,2341.0,2000.0,2241.46,2241.46,484164.17039406,coinbase-exchange
2021-04-19,2241.67,2282.6,2050.0,2163.82,2163.82,269095.50575273,coinbase-exchange
2021-04-20,2163.69,2349.5,2054.25,2332.6,2332.6,312215.54603767,coinbase-exchange
2021-04-21,2332.18,2471.72,2237.02,2357.21,2357.21,305022.6790685,coinbase-exchange
2021-04-22,2357.74,2646.2,2304.0,2399.99,2399.99,584078.8877022,coinbase-exchange
2021-04-23,2399.21,2442.29,2040.0,2370.05,2370.05,644161.18986279,coinbase-exchange
2021-04-24,2369.8,2371.18,2158.36,2216.72,2216.72,220990.83137577,coinbase-exchange
2021-04-25,2216.18,2358.22,2166.0,2322.16,2322.16,253708.11161981,coinbase-exchange
2021-04-26,2322.43,2542.04,2306.03,2534.0,2534.0,310905.02678021,coinbase-exchange
2021-04-27,2533.99,2683.0,2484.56,2667.86,2667.86,276539.98979416,coinbase-exchange
2021-04-28,2667.86,2762.59,2551.0,2751.59,2751.59,388997.91493036,coinbase-exchange
2021-04-29,2751.56,2800.0,2672.0,2758.92,2758.92,289566.94008224,coinbase-exchange
2021-04-30,2758.92,2800.0,2727.0,2776.45,2776.45,203784.33868508,coinbase-exchange
2021-05-01,2776.76,2955.9,2757.28,2948.92,2948.92,219121.32332416,coinbase-exchange
2021-05-02,2948.92,2986.0,2855.29,2952.09,2952.09,158755.45128689,coinbase-exchange
2021-05-03,2952.21,3457.75,2952.08,3433.99,3433.99,552087.28112543,coinbase-exchange
2021-05-04,3433.99,3534.5,3166.12,3240.01,3240.01,713308.42978124,coinbase-exchange
2021-05-05,3239.61,3550.0,3201.33,3529.97,3529.97,466260.19811275,coinbase-exchange
2021-05-06,3529.96,3610.91,3381.11,3492.75,3492.75,368967.13672979,coinbase-exchange
2021-05-07,3492.33,3595.07,3356.69,3484.7,3484.7,305837.39644288,coinbase-exchange
2021-05-08,3484.69,3962.44,3455.0,3917.26,3917.26,329490.02398979,coinbase-exchange
2021-05-09,3917.26,3984.0,3726.29,3928.44,3928.44,303199.06513222,coinbase-exchange
2021-05-10,3928.41,4213.85,3650.01,3949.45,3949.45,591122.82046763,coinbase-exchange
2021-05-11,3949.45,4183.25,3760.0,4179.76,4179.76,371785.21687275,coinbase-exchange
2021-05-12,4179.77,4384.43,3700.0,3826.37,3826.37,617506.79293758,coinbase-exchange
2021-05-13,3826.37,4055.62,3525.62,3719.23,3719.23,812296.19058095,coinbase-exchange
2021-05-14,3719.22,4177.77,3695.0,4080.51,4080.51,344804.82454669,coinbase-exchange
2021-05-15,4080.51,4138.0,3632.0,3649.54,3649.54,332664.12210277,coinbase-exchange
2021-05-16,3648.16,3878.23,3334.88,3585.62,3585.62,496714.18827206,coinbase-exchange
2021-05-17,3584.79,3590.0,3101.0,3283.32,3283.32,681492.46445778,coinbase-exchange
2021-05-18,3283.32,3567.4,3241.06,3375.96,3375.96,443596.42566946,coinbase-exchange
2021-05-19,3376.98,3444.96,1860.0,2443.91,2443.91,1664158.9063247,coinbase-exchange
2021-05-20,2443.91,2999.99,2156.0,2775.07,2775.07,1050830.69730324,coinbase-exchange
2021-05-21,2775.06,2950.0,2105.0,2434.86,2434.86,936011.86609611,coinbase-exchange
2021-05-22,2434.86,2486.29,2156.0,2297.19,2297.19,665111.58789821,coinbase-exchange
2021-05-23,2296.68,2382.0,1728.0,2099.58,2099.58,1045012.76021567,coinbase-exchange
2021-05-24,2100.07,2678.25,2072.15,2651.24,2651.24,860939.09041545,coinbase-exchange
2021-05-25,2651.57,2768.0,2383.39,2707.56,2707.56,725633.89598362,coinbase-exchange
2021-05-26,2707.75,2913.68,2647.21,2889.84,2889.84,532990.73904717,coinbase-exchange
2021-05-27,2889.43,2893.96,2639.32,2745.51,2745.51,380707.48775302,coinbase-exchange
2021-05-28,2745.25,2762.91,2329.2,2413.81,2413.81,657497.5191979,coinbase-exchange
2021-05-29,2413.28,2574.86,2207.74,2280.72,2280.72,496783.55299687,coinbase-exchange
2021-05-30,2280.78,2480.69,2182.2,2387.66,2387.66,388966.15183724,coinbase-exchange
2021-05-31,2387.65,2720.0,2275.22,2707.12,2707.12,400639.23849696,coinbase-exchange
2021-06-01,2707.87,2748.0,2527.88,2634.42,2634.42,341435.04494495,coinbase-exchange
2021-06-02,2634.46,2803.0,2552.28,2706.64,2706.64,268753.93459884,coinbase-exchange
2021-06-03,2706.87,2890.0,2663.02,2856.68,2856.68,254235.89167581,coinbase-exchange
2021-06-04,2856.73,2859.85,2554.39,2690.68,2690.68,294466.9594428,coinbase-exchange
2021-06-05,2691.13,2816.92,2552.18,2629.75,2629.75,228143.70836692,coinbase-exchange
2021-06-06,2629.45,2745.36,2615.0,2710.97,2710.97,122420.16649011,coinbase-exchange
2021-06-07,2710.97,2849.15,2575.0,2592.47,2592.47,267934.37140931,coinbase-exchange
2021-06-08,2592.47,2621.91,2306.52,2509.11,2509.11,451505.06172677,coinbase-exchange
2021-06-09,2509.1,2628.16,2406.33,2611.27,2611.27,291643.03769418,coinbase-exchange
2021-06-10,2611.4,2625.0,2428.16,2471.59,2471.59,181679.49879048,coinbase-exchange
2021-06-11,2471.59,2499.34,2322.16,2355.27,2355.27,189880.6813896,coinbase-exchange
2021-06-12,2355.11,2452.58,2257.07,2371.49,2371.49,177293.96771257,coinbase-exchange
2021-06-13,2371.85,2550.0,2309.67,2510.23,2510.23,172712.48563163,coinbase-exchange
2021-06-14,2510.22,2609.02,2461.63,2582.86,2582.86,169626.35302782,coinbase-exchange
2021-06-15,2582.45,2640.0,2506.23,2543.58,2543.58,168529.3479128,coinbase-exchange
2021-06-16,2543.57,2555.0,2351.01,2367.73,2367.73,178257.28803783,coinbase-exchange
2021-06-17,2368.24,2459.53,2306.35,2373.33,2373.33,153637.62400874,coinbase-exchange
2021-06-18,2373.33,2377.8,2125.12,2234.47,2234.47,273328.22658507,coinbase-exchange
2021-06-19,2234.8,2279.0,2162.72,2164.72,2164.72,162828.91242019,coinbase-exchange
2021-06-20,2165.13,2275.78,2042.5,2242.9,2242.9,231871.91509491,coinbase-exchange
2021-06-21,2242.89,2259.1,1864.5,1885.67,1885.67,598655.07269099,coinbase-exchange
2021-06-22,1885.49,1996.67,1700.0,1881.65,1881.65,620163.37396399,coinbase-exchange
2021-06-23,1881.24,2045.0,1823.97,1968.37,1968.37,287217.09052056,coinbase-exchange
2021-06-24,1968.36,2035.39,1884.77,1988.81,1988.81,208623.5990145,coinbase-exchange
2021-06-25,1988.81,2019.39,1792.0,1809.07,1809.07,370739.74744615,coinbase-exchange
2021-06-26,1809.07,1851.97,1717.41,1829.17,1829.17,238207.16665611,coinbase-exchange
2021-06-27,1829.0,1988.62,1807.89,1984.71,1984.71,177413.91064922,coinbase-exchange
2021-06-28,1984.84,2143.67,1957.24,2083.79,2083.79,278261.98240028,coinbase-exchange
2021-06-29,2083.99,2247.03,2074.53,2166.18,2166.18,215702.68781407,coinbase-exchange
2021-06-30,2165.64,2288.0,2089.16,2276.72,2276.72,254873.14574192,coinbase-exchange
2021-07-01,2276.74,2277.44,2072.06,2107.01,2107.01,240720.57482006,coinbase-exchange
2021-07-02,2107.75,2159.43,2017.07,2156.0,2156.0,192127.19122379,coinbase-exchange
2021-07-03,2156.0,2239.69,2113.18,2226.95,2226.95,98666.79185779,coinbase-exchange
2021-07-04,2227.46,2389.22,2190.56,2323.15,2323.15,126325.73621254,coinbase-exchange
2021-07-05,2323.27,2324.44,2160.0,2197.34,2197.34,156103.9362224,coinbase-exchange
2021-07-06,2197.34,2350.0,2195.02,2321.84,2321.84,165693.46720418,coinbase-exchange
2021-07-07,2322.2,2411.19,2294.16,2316.82,2316.82,159702.0440841,coinbase-exchange
2021-07-08,2317.64,2325.46,2084.0,2116.95,2116.95,223830.00371273,coinbase-exchange
2021-07-09,2116.3,2189.28,2050.0,2147.38,2147.38,190883.32617917,coinbase-exchange
2021-07-10,2147.38,2192.98,2075.0,2110.55,2110.55,116594.48589325,coinbase-exchange
2021-07-11,2110.56,2173.37,2081.51,2140.82,2140.82,89340.97126887,coinbase-exchange
2021-07-12,2141.45,2169.0,2002.0,2030.72,2030.72,174561.37955667,coinbase-exchange
2021-07-13,2030.74,2047.72,1917.4,1940.76,1940.76,217891.77262081,coinbase-exchange
2021-07-14,1940.34,2019.9,1865.5,1994.11,1994.11,195351.53451543,coinbase-exchange
2021-07-15,1994.12,2039.99,1880.0,1918.07,1918.07,229477.74435019,coinbase-exchange
2021-07-16,1918.99,1965.35,1850.15,1877.22,1877.22,184221.68200937,coinbase-exchange
2021-07-17,1877.22,1919.0,1847.0,1899.75,1899.75,113724.29716977,coinbase-exchange
2021-07-18,1899.75,1994.4,1878.67,1891.46,1891.46,124679.10845278,coinbase-exchange
2021-07-19,1891.46,1918.65,1805.47,1818.44,1818.44,191611.5191467,coinbase-exchange
2021-07-20,1818.45,1840.79,1718.41,1786.46,1786.46,278984.79921803,coinbase-exchange
2021-07-21,1786.51,2033.16,1754.27,1996.18,1996.18,263702.46075895,coinbase-exchange
2021-07-22,1996.21,2046.74,1948.68,2024.75,2024.75,196355.49626351,coinbase-exchange
2021-07-23,2024.75,2131.51,1995.0,2125.81,2125.81,177278.18951605,coinbase-exchange
2021-07-24,2125.82,2200.0,2107.13,2185.95,2185.95,151102.52474975,coinbase-exchange
2021-07-25,2186.76,2197.05,2108.08,2193.03,2193.03,129013.98912781,coinbase-exchange
2021-07-26,2192.38,2437.99,2172.99,2228.26,2228.26,427763.06726806,coinbase-exchange
2021-07-27,2228.71,2321.0,2152.0,2300.59,2300.59,253782.97390467,coinbase-exchange
2021-07-28,2300.28,2347.88,2245.1,2300.42,2300.42,205833.21106135,coinbase-exchange
2021-07-29,2300.76,2399.99,2267.78,2383.32,2383.32,172925.7166805,coinbase-exchange
2021-07-30,2383.47,2474.82,2317.51,2463.9,2463.9,222140.744211,coinbase-exchange
2021-07-31,2463.88,2555.0,2422.31,2533.74,2533.74,134549.11974341,coinbase-exchange
2021-08-01,2533.54,2699.0,2511.5,2555.43,2555.43,260742.0604239,coinbase-exchange
2021-08-02,2555.99,2666.36,2503.7,2608.12,2608.12,234264.49105555,coinbase-exchange
2021-08-03,2608.12,2633.0,2445.58,2508.31,2508.31,237814.06443089,coinbase-exchange
2021-08-04,2508.16,2771.42,2455.94,2724.71,2724.71,250129.62895073,coinbase-exchange
2021-08-05,2724.71,2845.0,2530.69,2829.35,2829.35,326176.98753449,coinbase-exchange
2021-08-06,2829.49,2949.21,2721.0,2892.98,2892.98,283374.42059615,coinbase-exchange
2021-08-07,2892.83,3173.72,2866.58,3163.09,3163.09,299359.36243726,coinbase-exchange
2021-08-08,3163.09,3191.99,2948.76,3014.13,3014.13,244654.45876056,coinbase-exchange
2021-08-09,3014.12,3190.0,2892.5,3162.34,3162.34,315853.32665056,coinbase-exchange
2021-08-10,3162.33,3235.1,3051.0,3142.09,3142.09,223500.03188943,coinbase-exchange
2021-08-11,3142.18,3275.0,3122.22,3162.61,3162.61,194586.91786387,coinbase-exchange
2021-08-12,3162.16,3239.69,2980.0,3047.21,3047.21,243214.90148817,coinbase-exchange
2021-08-13,3047.21,3330.0,3034.52,3324.51,3324.51,190905.3520745,coinbase-exchange
2021-08-14,3324.51,3333.0,3206.96,3266.52,3266.52,118892.50906903,coinbase-exchange
2021-08-15,3266.52,3323.54,3112.96,3310.93,3310.93,162311.47927523,coinbase-exchange
2021-08-16,3311.02,3341.47,3135.0,3146.6,3146.6,177756.89052157,coinbase-exchange
2021-08-17,3146.6,3293.15,2992.15,3011.01,3011.01,246541.89921532,coinbase-exchange
2021-08-18,3011.77,3126.51,2951.0,3014.38,3014.38,193245.63285215,coinbase-exchange
2021-08-19,3014.38,3187.48,2960.0,3184.21,3184.21,161902.28879318,coinbase-exchange
2021-08-20,3184.32,3300.0,3178.65,3286.58,3286.58,173202.49961989,coinbase-exchange
2021-08-21,3286.82,3311.0,3206.96,3226.73,3226.73,108432.72740463,coinbase-exchange
2021-08-22,3226.38,3275.0,3128.82,3241.42,3241.42,98417.87656735,coinbase-exchange
2021-08-23,3241.41,3378.6,3233.19,3323.12,3323.12,170976.09020067,coinbase-exchange
2021-08-24,3322.76,3360.0,3133.45,3171.52,3171.52,162665.07930976,coinbase-exchange
2021-08-25,3170.94,3249.0,3079.92,3228.51,3228.51,138830.69124351,coinbase-exchange
2021-08-26,3228.51,3251.05,3056.0,3093.2,3093.2,140286.63490594,coinbase-exchange
2021-08-27,3092.71,3283.26,3050.0,3274.67,3274.67,168913.62309989,coinbase-exchange
2021-08-28,3275.32,3290.51,3212.01,3247.99,3247.99,72183.42536015,coinbase-exchange
2021-08-29,3247.99,3287.73,3153.75,3226.46,3226.46,89119.39624772,coinbase-exchange
2021-08-30,3226.45,3349.0,3145.45,3229.01,3229.01,219625.56218696,coinbase-exchange
2021-08-31,3229.02,3486.8,3190.56,3430.23,3430.23,320212.11999266,coinbase-exchange
2021-09-01,3430.0,3843.12,3384.24,3829.39,3829.39,306568.70086335,coinbase-exchange
2021-09-02,3829.29,3838.28,3722.65,3787.97,3787.97,206168.93909873,coinbase-exchange
2021-09-03,3788.2,4030.35,3710.59,3940.06,3940.06,284766.1603865,coinbase-exchange
2021-09-04,3940.06,3970.0,3834.57,3887.53,3887.53,130047.41569531,coinbase-exchange
2021-09-05,3887.58,3982.64,3835.7,3952.17,3952.17,101339.56157838,coinbase-exchange
2021-09-06,3951.68,3973.27,3868.0,3928.89,3928.89,111675.62991707,coinbase-exchange
2021-09-07,3928.72,3948.0,3009.0,3436.96,3436.96,482489.77503547,coinbase-exchange
2021-09-08,3436.75,3562.98,3216.0,3500.34,3500.34,352658.69072643,coinbase-exchange
2021-09-09,3499.54,3568.59,3393.17,3424.95,3424.95,244244.24892658,coinbase-exchange
2021-09-10,3424.32,3514.37,3142.67,3209.82,3209.82,271075.68986114,coinbase-exchange
2021-09-11,3209.29,3349.43,3199.88,3266.77,3266.77,133373.86127026,coinbase-exchange
2021-09-12,3266.97,3472.99,3231.75,3403.75,3403.75,133979.51978513,coinbase-exchange
2021-09-13,3403.81,3430.0,3111.14,3286.2,3286.2,215497.91819641,coinbase-exchange
2021-09-14,3285.66,3439.15,3270.74,3436.29,3436.29,152957.54148077,coinbase-exchange
2021-09-15,3436.29,3621.15,3359.96,3615.65,3615.65,157550.50123984,coinbase-exchange
2021-09-16,3615.68,3675.92,3482.97,3568.66,3568.66,193709.08937556,coinbase-exchange
2021-09-17,3568.77,3595.0,3350.06,3400.0,3400.0,164813.94731616,coinbase-exchange
2021-09-18,3400.0,3543.0,3369.53,3436.31,3436.31,129386.37129349,coinbase-exchange
2021-09-19,3436.59,3457.22,3278.0,3328.59,3328.59,93362.31450909,coinbase-exchange
2021-09-20,3328.7,3346.58,2911.81,2976.48,2976.48,434236.7826118,coinbase-exchange
2021-09-21,2976.36,3104.82,2651.0,2765.69,2765.69,441567.8736938,coinbase-exchange
2021-09-22,2765.33,3090.83,2738.24,3078.43,3078.43,271497.54590784,coinbase-exchange
2021-09-23,3078.42,3182.34,3035.83,3154.62,3154.62,166485.49300907,coinbase-exchange
2021-09-24,3154.42,3160.48,2735.0,2930.61,2930.61,365024.83204626,coinbase-exchange
2021-09-25,2930.59,2968.85,2800.01,2924.01,2924.01,145561.52444175,coinbase-exchange
2021-09-26,2923.91,3117.48,2741.34,3060.71,3060.71,168746.48142334,coinbase-exchange
2021-09-27,3059.92,3168.03,2925.0,2925.27,2925.27,172472.29785812,coinbase-exchange
2021-09-28,2926.27,2971.16,2782.6,2805.65,2805.65,186331.02775653,coinbase-exchange
2021-09-29,2805.64,2950.6,2781.99,2850.14,2850.14,177979.48195163,coinbase-exchange
2021-09-30,2849.71,3048.58,2836.21,3000.46,3000.46,169873.45079422,coinbase-exchange
2021-10-01,3001.14,3337.15,2967.41,3311.16,3311.16,201035.51345113,coinbase-exchange
2021-10-02,3311.2,3469.95,3258.94,3387.82,3387.82,144778.38450029,coinbase-exchange
2021-10-03,3388.67,3489.18,3343.36,3420.07,3420.07,124271.04864619,coinbase-exchange
2021-10-04,3419.63,3438.91,3269.67,3387.2,3387.2,163829.62677831,coinbase-exchange
2021-10-05,3386.9,3547.88,3365.34,3515.3,3515.3,163084.66881477,coinbase-exchange
2021-10-06,3517.26,3632.44,3342.16,3575.85,3575.85,219116.78797009,coinbase-exchange
2021-10-07,3576.45,3655.02,3471.52,3588.51,3588.51,195554.94828114,coinbase-exchange
2021-10-08,3588.83,3670.0,3535.0,3563.96,3563.96,146564.44707403,coinbase-exchange
2021-10-09,3563.96,3634.13,3538.61,3575.83,3575.83,88782.58533301,coinbase-exchange
2021-10-10,3575.2,3605.49,3406.44,3415.0,3415.0,112835.1020128,coinbase-exchange
2021-10-11,3414.75,3625.0,3373.45,3542.37,3542.37,142525.70987846,coinbase-exchange
2021-10-12,3542.2,3549.0,3403.51,3490.61,3490.61,176617.45185163,coinbase-exchange
2021-10-13,3490.17,3614.48,3412.45,3608.21,3608.21,158955.26821205,coinbase-exchange
2021-10-14,3608.43,3828.84,3588.55,3791.66,3791.66,216569.69208772,coinbase-exchange
2021-10-15,3791.06,3900.0,3734.44,3869.73,3869.73,204682.20802319,coinbase-exchange
2021-10-16,3869.73,3968.49,3802.0,3829.66,3829.66,130674.36831436,coinbase-exchange
2021-10-17,3829.7,3919.0,3643.0,3847.18,3847.18,134515.91092357,coinbase-exchange
2021-10-18,3847.38,3894.7,3676.35,3745.48,3745.48,187448.53280815,coinbase-exchange
2021-10-19,3745.13,3890.36,3700.0,3878.17,3878.17,154012.15326702,coinbase-exchange
2021-10-20,3878.35,4169.0,3829.59,4161.94,4161.94,235728.75520251,coinbase-exchange
2021-10-21,4161.83,4374.95,4010.22,4053.9,4053.9,286201.83773073,coinbase-exchange
2021-10-22,4053.97,4169.72,3885.25,3971.55,3971.55,187484.20093549,coinbase-exchange
2021-10-23,3971.89,4172.04,3935.92,4168.56,4168.56,109253.57167984,coinbase-exchange
2021-10-24,4168.53,4188.42,3962.05,4082.64,4082.64,126731.47064484,coinbase-exchange
2021-10-25,4082.09,4236.27,4069.22,4220.93,4220.93,145753.84102089,coinbase-exchange
2021-10-26,4221.16,4297.0,4091.31,4131.47,4131.47,169619.87486465,coinbase-exchange
2021-10-27,4132.19,4314.63,3911.0,3923.94,3923.94,279555.38152718,coinbase-exchange
2021-10-28,3925.26,4299.0,3889.05,4288.26,4288.26,257149.82955488,coinbase-exchange
2021-10-29,4288.25,4461.96,4266.91,4421.23,4421.23,257148.94601167,coinbase-exchange
2021-10-30,4421.23,4435.0,4236.99,4324.67,4324.67,123410.59442713,coinbase-exchange
2021-10-31,4325.55,4395.99,4168.1,4290.16,4290.16,148206.08981334,coinbase-exchange
2021-11-01,4290.31,4385.16,4151.0,4322.89,4322.89,165298.66872401,coinbase-exchange
2021-11-02,4322.89,4604.99,4287.32,4595.01,4595.01,217839.79309642,coinbase-exchange
2021-11-03,4594.27,4671.0,4456.0,4606.07,4606.07,213935.75674438,coinbase-exchange
2021-11-04,4606.07,4610.24,4423.01,4537.15,4537.15,182872.96131449,coinbase-exchange
2021-11-05,4537.14,4574.0,4446.01,4479.47,4479.47,142403.14739608,coinbase-exchange
2021-11-06,4479.47,4534.43,4329.21,4523.16,4523.16,107961.55343832,coinbase-exchange
2021-11-07,4523.73,4639.8,4506.99,4617.02,4617.02,85312.85613745,coinbase-exchange
2021-11-08,4617.27,4825.0,4616.5,4811.9,4811.9,163884.29350308,coinbase-exchange
2021-11-09,4811.89,4842.54,4697.9,4731.59,4731.59,154525.60456333,coinbase-exchange
2021-11-10,4731.58,4867.81,4460.0,4632.22,4632.22,249949.62441734,coinbase-exchange
2021-11-11,4632.23,4783.05,4578.05,4721.87,4721.87,112248.30258781,coinbase-exchange
2021-11-12,4721.07,4809.27,4508.42,4667.34,4667.34,160383.45748095,coinbase-exchange
2021-11-13,4667.79,4708.6,4586.8,4644.44,4644.44,76568.33646209,coinbase-exchange
2021-11-14,4644.43,4695.07,4516.05,4627.03,4627.03,96933.07064437,coinbase-exchange
2021-11-15,4626.61,4770.0,4541.0,4565.06,4565.06,121693.76091856,coinbase-exchange
2021-11-16,4564.34,4564.98,4108.0,4209.5,4209.5,309826.45957038,coinbase-exchange
2021-11-17,4209.89,4300.01,4068.24,4289.4,4289.4,197969.47328462,coinbase-exchange
2021-11-18,4289.4,4346.42,3960.0,3997.93,3997.93,291477.64786245,coinbase-exchange
2021-11-19,3998.57,4314.82,3975.24,4299.55,4299.55,191232.56135587,coinbase-exchange
2021-11-20,4299.55,4438.96,4206.03,4416.69,4416.69,96882.12097892,coinbase-exchange
2021-11-21,4416.36,4427.72,4246.07,4262.99,4262.99,83775.31676078,coinbase-exchange
2021-11-22,4263.04,4322.86,4024.45,4089.16,4089.16,174572.98932477,coinbase-exchange
2021-11-23,4089.17,4389.95,4062.28,4341.62,4341.62,159935.23797902,coinbase-exchange
2021-11-24,4341.58,4359.88,4168.99,4270.74,4270.74,120268.67729032,coinbase-exchange
2021-11-25,4270.93,4555.11,4250.0,4525.87,4525.87,132338.28173546,coinbase-exchange
2021-11-26,4527.03,4555.53,3915.0,4043.67,4043.67,324817.57682312,coinbase-exchange
2021-11-27,4043.62,4186.97,4031.56,4098.31,4098.31,93299.56271946,coinbase-exchange
2021-11-28,4098.53,4303.35,3950.0,4298.38,4298.38,124752.71262005,coinbase-exchange
2021-11-29,4298.38,4466.0,4282.07,4449.42,4449.42,170935.20731881,coinbase-exchange
2021-11-30,4449.42,4759.0,4350.91,4634.95,4634.95,312105.05293146,coinbase-exchange
2021-12-01,4636.43,4784.5,4526.94,4586.95,4586.95,241301.695591,coinbase-exchange
2021-12-02,4586.87,4637.39,4435.0,4514.59,4514.59,171913.60834148,coinbase-exchange
2021-12-03,4514.54,4662.75,4035.0,4216.93,4216.93,312836.25058642,coinbase-exchange
2021-12-04,4216.3,4240.0,3575.0,4123.13,4123.13,512946.90714235,coinbase-exchange
2021-12-05,4123.13,4257.0,4038.13,4203.22,4203.22,250275.13989584,coinbase-exchange
2021-12-06,4203.22,4380.8,3913.0,4354.22,4354.22,349333.84787974,coinbase-exchange
2021-12-07,4354.09,4433.99,4260.0,4310.19,4310.19,198306.85854675,coinbase-exchange
2021-12-08,4310.21,4456.36,4226.88,4440.51,4440.51,186740.13696568,coinbase-exchange
2021-12-09,4440.94,4490.72,4076.15,4106.06,4106.06,222048.28315781,coinbase-exchange
2021-12-10,4105.99,4232.38,3889.42,3900.91,3900.91,273780.7217072,coinbase-exchange
2021-12-11,3899.97,4099.87,3835.0,4091.18,4091.18,166327.13830459,coinbase-exchange
2021-12-12,4091.17,4186.16,3989.41,4132.92,4132.92,108368.85746466,coinbase-exchange
2021-12-13,4132.91,4146.1,3660.0,3783.81,3783.81,305712.33000025,coinbase-exchange
2021-12-14,3784.0,3884.08,3686.49,3860.74,3860.74,197099.24204846,coinbase-exchange
2021-12-15,3860.72,4097.0,3643.43,4021.53,4021.53,319094.24570016,coinbase-exchange
2021-12-16,4021.41,4116.39,3952.81,3957.28,3957.28,174285.93324831,coinbase-exchange
2021-12-17,3957.12,3994.81,3699.0,3876.02,3876.02,209823.26509135,coinbase-exchange
2021-12-18,3876.37,3999.0,3768.14,3961.92,3961.92,113485.77521903,coinbase-exchange
2021-12-19,3961.93,4039.73,3886.03,3925.79,3925.79,102078.81232557,coinbase-exchange
2021-12-20,3925.78,3984.08,3754.8,3946.16,3946.16,172027.91571974,coinbase-exchange
2021-12-21,3946.59,4063.89,3908.13,4017.11,4017.11,137991.50149241,coinbase-exchange
2021-12-22,4017.35,4075.0,3933.74,3981.12,3981.12,110316.26044274,coinbase-exchange
2021-12-23,3980.82,4157.82,3895.7,4113.08,4113.08,180980.07790929,coinbase-exchange
2021-12-24,4113.64,4138.71,4005.0,4049.65,4049.65,109472.89747679,coinbase-exchange
2021-12-25,4049.81,4143.13,4021.31,4097.43,4097.43,68854.05530395,coinbase-exchange
2021-12-26,4098.67,4106.5,4008.01,4065.91,4065.91,66848.08372392,coinbase-exchange
2021-12-27,4066.14,4128.9,4027.56,4038.64,4038.64,108344.57109844,coinbase-exchange
2021-12-28,4038.18,4038.68,3760.01,3793.67,3793.67,203399.82203323,coinbase-exchange
2021-12-29,3793.66,3828.18,3603.0,3630.59,3630.59,167709.4231065,coinbase-exchange
2021-12-30,3630.18,3769.99,3585.85,3710.02,3710.02,155011.95096414,coinbase-exchange
2021-12-31,3710.01,3815.04,3619.78,3675.8,3675.8,171634.96154996,coinbase-exchange
2022-01-01,3675.81,3777.82,3674.02,3765.72,3765.72,98353.62552826,coinbase-exchange
2022-01-02,3765.98,3855.77,3718.2,3828.87,3828.87,78466.35113548,coinbase-exchange
2022-01-03,3828.93,3851.66,3681.62,3766.04,3766.04,106574.13357834,coinbase-exchange
2022-01-04,3766.01,3894.12,3714.22,3785.0,3785.0,148752.52638971,coinbase-exchange
2022-01-05,3785.0,3848.2,3414.88,3539.0,3539.0,240345.13859808,coinbase-exchange
2022-01-06,3539.0,3550.02,3300.0,3406.03,3406.03,282771.63777278,coinbase-exchange
2022-01-07,3405.66,3415.52,3065.0,3198.82,3198.82,376752.15627171,coinbase-exchange
2022-01-08,3198.96,3247.89,3000.0,3080.48,3080.48,231676.12058726,coinbase-exchange
2022-01-09,3080.92,3212.46,3057.82,3151.66,3151.66,131897.75381912,coinbase-exchange
2022-01-10,3151.65,3180.29,2928.69,3083.51,3083.51,260769.14044553,coinbase-exchange
2022-01-11,3083.51,3265.98,3052.19,3240.83,3240.83,158466.70742447,coinbase-exchange
2022-01-12,3240.83,3420.08,3206.72,3373.64,3373.64,165432.46044549,coinbase-exchange
2022-01-13,3373.25,3413.36,3233.67,3241.88,3241.88,130378.3015897,coinbase-exchange
2022-01-14,3241.6,3346.81,3188.34,3310.45,3310.45,110175.14720879,coinbase-exchange
2022-01-15,3309.98,3373.56,3260.0,3328.12,3328.12,58794.17252061,coinbase-exchange
2022-01-16,3327.81,3394.45,3275.0,3349.46,3349.46,58643.37423357,coinbase-exchange
2022-01-17,3349.88,3360.07,3142.39,3210.98,3210.98,128212.72032287,coinbase-exchange
2022-01-18,3211.08,3246.2,3083.68,3160.81,3160.81,151969.48482665,coinbase-exchange
2022-01-19,3160.78,3176.81,3047.0,3085.27,3085.27,159240.24960598,coinbase-exchange
2022-01-20,3084.49,3273.32,2986.0,3000.94,3000.94,185761.37491937,coinbase-exchange
2022-01-21,3000.99,3034.7,2467.11,2569.01,2569.01,603711.8291189,coinbase-exchange
2022-01-22,2568.12,2628.36,2301.6,2411.9,2411.9,457765.04354891,coinbase-exchange
2022-01-23,2411.91,2551.3,2371.58,2541.19,2541.19,248046.68461556,coinbase-exchange
2022-01-24,2541.19,2541.74,2159.0,2441.74,2441.74,583901.18061678,coinbase-exchange
2022-01-25,2441.6,2509.87,2351.18,2460.68,2460.68,268705.41724115,coinbase-exchange
2022-01-26,2460.4,2724.0,2400.0,2465.0,2465.0,409131.34465566,coinbase-exchange
2022-01-27,2464.99,2521.96,2315.72,2425.82,2425.82,272971.5127865,coinbase-exchange
2022-01-28,2425.01,2559.55,2358.63,2546.84,2546.84,231189.51401633,coinbase-exchange
2022-01-29,2546.84,2640.0,2521.72,2603.74,2603.74,138968.35714717,coinbase-exchange
2022-01-30,2603.39,2642.0,2542.66,2602.89,2602.89,103353.36641229,coinbase-exchange
2022-01-31,2602.63,2708.98,2478.31,2689.72,2689.72,193802.14585439,coinbase-exchange
2022-02-01,2689.87,2815.49,2675.99,2789.66,2789.66,212782.90255881,coinbase-exchange
2022-02-02,2789.62,2814.1,2613.42,2682.66,2682.66,256394.56721487,coinbase-exchange
2022-02-03,2683.09,2729.01,2572.66,2697.59,2697.59,197429.85205996,coinbase-exchange
2022-02-04,2697.59,2999.0,2672.84,2998.19,2998.19,275254.72885163,coinbase-exchange
2022-02-05,2997.63,3063.48,2957.98,3014.5,3014.5,159547.93620619,coinbase-exchange
2022-02-06,3014.83,3076.25,2950.26,3058.22,3058.22,80118.01843273,coinbase-exchange
2022-02-07,3058.21,3199.08,2995.22,3141.89,3141.89,232464.2844524,coinbase-exchange
2022-02-08,3141.84,3234.67,3027.56,3119.57,3119.57,215565.05621758,coinbase-exchange
2022-02-09,3119.91,3274.0,3057.16,3246.22,3246.22,159305.14378693,coinbase-exchange
2022-02-10,3246.28,3284.75,3057.81,3074.85,3074.85,221267.33665333,coinbase-exchange
2022-02-11,3074.84,3140.86,2879.34,2929.08,2929.08,268537.66433701,coinbase-exchange
2022-02-12,2929.09,2987.62,2857.11,2919.99,2919.99,113168.17322545,coinbase-exchange
2022-02-13,2919.86,2955.65,2836.47,2872.84,2872.84,82968.08334438,coinbase-exchange
2022-02-14,2872.83,2966.53,2830.01,2931.01,2931.01,176105.13710553,coinbase-exchange
2022-02-15,2931.17,3199.0,2911.87,3186.24,3186.24,180355.80323661,coinbase-exchange
2022-02-16,3186.24,3190.0,3043.41,3124.45,3124.45,148463.93058713,coinbase-exchange
2022-02-17,3124.44,3162.35,2853.0,2893.56,2893.56,210090.91381776,coinbase-exchange
2022-02-18,2894.52,2945.98,2752.67,2780.08,2780.08,197402.29756962,coinbase-exchange
2022-02-19,2780.05,2833.3,2696.39,2764.44,2764.44,111215.14420451,coinbase-exchange
2022-02-20,2764.53,2765.24,2575.75,2622.47,2622.47,165033.10298905,coinbase-exchange
2022-02-21,2622.47,2760.71,2559.77,2569.0,2569.0,235808.75914421,coinbase-exchange
2022-02-22,2569.6,2667.28,2500.74,2637.98,2637.98,241082.81650581,coinbase-exchange
2022-02-23,2638.2,2756.9,2576.69,2580.97,2580.97,189232.9352146,coinbase-exchange
2022-02-24,2580.54,2750.0,2300.0,2597.42,2597.42,495732.46045534,coinbase-exchange
2022-02-25,2597.39,2837.23,2572.23,2769.52,2769.52,232940.26531533,coinbase-exchange
2022-02-26,2769.24,2880.0,2728.53,2780.71,2780.71,118737.45939774,coinbase-exchange
2022-02-27,2780.76,2836.26,2558.48,2618.01,2618.01,193491.83696032,coinbase-exchange
2022-02-28,2617.79,2960.25,2570.0,2923.08,2923.08,273216.3610563,coinbase-exchange
2022-03-01,2922.87,3040.7,2855.29,2977.72,2977.72,249644.25411598,coinbase-exchange
2022-03-02,2977.72,3045.0,2914.9,2948.56,2948.56,231625.47605833,coinbase-exchange
2022-03-03,2948.58,2972.07,2785.01,2833.66,2833.66,191801.94423344,coinbase-exchange
2022-03-04,2833.71,2835.95,2575.0,2623.07,2623.07,264628.67091773,coinbase-exchange
2022-03-05,2623.08,2685.93,2589.93,2665.77,2665.77,74795.81490054,coinbase-exchange
2022-03-06,2665.94,2677.0,2536.4,2550.77,2550.77,81556.05091403,coinbase-exchange
2022-03-07,2550.46,2649.81,2445.0,2491.58,2491.58,209566.73792961,coinbase-exchange
2022-03-08,2491.29,2626.16,2480.33,2576.72,2576.72,192900.83723166,coinbase-exchange
2022-03-09,2577.11,2774.26,2567.98,2727.6,2727.6,178230.29132363,coinbase-exchange
2022-03-10,2727.86,2734.33,2553.42,2608.22,2608.22,181463.07885867,coinbase-exchange
2022-03-11,2608.46,2679.56,2523.28,2556.42,2556.42,155353.98026641,coinbase-exchange
2022-03-12,2556.39,2617.83,2552.52,2569.3,2569.3,56451.09317314,coinbase-exchange
2022-03-13,2569.09,2603.56,2492.98,2516.41,2516.41,71303.49491982,coinbase-exchange
2022-03-14,2516.42,2609.56,2499.0,2590.23,2590.23,133881.30167965,coinbase-exchange
2022-03-15,2590.12,2670.53,2508.05,2619.15,2619.15,161601.50858275,coinbase-exchange
2022-03-16,2619.01,2789.58,2604.32,2774.89,2774.89,211196.06612638,coinbase-exchange
2022-03-17,2775.16,2839.59,2747.77,2814.67,2814.67,228315.81827779,coinbase-exchange
2022-03-18,2814.62,2987.0,2768.25,2939.17,2939.17,226096.28101747,coinbase-exchange
2022-03-19,2939.18,2988.89,2895.37,2952.16,2952.16,101087.67252083,coinbase-exchange
2022-03-20,2952.35,2965.94,2819.18,2862.44,2862.44,103674.36633811,coinbase-exchange
2022-03-21,2862.44,2965.26,2832.97,2891.08,2891.08,148907.41126764,coinbase-exchange
2022-03-22,2890.78,3053.98,2887.79,2970.51,2970.51,192172.55035781,coinbase-exchange
2022-03-23,2970.51,3046.99,2920.64,3038.93,3038.93,212170.39198444,coinbase-exchange
2022-03-24,3037.82,3130.41,3003.51,3112.52,3112.52,248655.86785905,coinbase-exchange
2022-03-25,3112.95,3195.0,3076.18,3104.15,3104.15,220943.39724511,coinbase-exchange
2022-03-26,3103.91,3154.47,3086.2,3146.22,3146.22,69714.86952634,coinbase-exchange
2022-03-27,3146.33,3299.99,3127.74,3296.29,3296.29,122475.83176341,coinbase-exchange
2022-03-28,3296.24,3437.24,3275.57,3334.47,3334.47,237110.16743972,coinbase-exchange
2022-03-29,3334.19,3483.87,3331.23,3401.71,3401.71,174573.96933975,coinbase-exchange
2022-03-30,3401.7,3448.62,3333.87,3386.68,3386.68,135283.45551922,coinbase-exchange
2022-03-31,3386.69,3447.03,3260.99,3283.08,3283.08,168597.71177893,coinbase-exchange
2022-04-01,3283.08,3482.42,3211.66,3456.48,3456.48,213450.79609118,coinbase-exchange
2022-04-02,3456.25,3532.85,3433.31,3445.38,3445.38,117055.44343232,coinbase-exchange
2022-04-03,3445.25,3581.6,3413.66,3522.78,3522.78,100873.78414588,coinbase-exchange
2022-04-04,3522.51,3548.51,3405.79,3520.66,3520.66,155953.23125025,coinbase-exchange
2022-04-05,3520.5,3555.48,3395.8,3407.0,3407.0,166478.13322904,coinbase-exchange
2022-04-06,3406.99,3408.0,3161.64,3168.52,3168.52,311364.33037265,coinbase-exchange
2022-04-07,3168.1,3269.56,3143.07,3227.56,3227.56,157725.46332848,coinbase-exchange
2022-04-08,3227.26,3313.79,3173.48,3192.54,3192.54,137312.60396565,coinbase-exchange
2022-04-09,3192.54,3269.74,3181.8,3258.99,3258.99,48962.32688662,coinbase-exchange
2022-04-10,3259.45,3309.28,3189.92,3203.05,3203.05,58700.63987676,coinbase-exchange
2022-04-11,3203.05,3214.88,2950.0,2979.55,2979.55,238180.41734881,coinbase-exchange
2022-04-12,2979.32,3089.87,2950.35,3027.82,3027.82,201291.80136702,coinbase-exchange
2022-04-13,3028.27,3129.92,2997.5,3119.0,3119.0,135126.03200322,coinbase-exchange
2022-04-14,3119.01,3145.19,2976.0,3021.78,3021.78,131077.99214911,coinbase-exchange
2022-04-15,3021.68,3058.99,2993.29,3040.19,3040.19,75091.03161864,coinbase-exchange
2022-04-16,3040.41,3086.83,3010.67,3060.35,3060.35,46446.22013313,coinbase-exchange
2022-04-17,3060.35,3082.96,2981.52,2988.4,2988.4,67328.66942615,coinbase-exchange
2022-04-18,2988.09,3071.26,2880.0,3056.19,3056.19,165766.83949602,coinbase-exchange
2022-04-19,3055.86,3132.47,3029.58,3102.26,3102.26,117657.24244335,coinbase-exchange
2022-04-20,3102.44,3169.29,3032.72,3077.06,3077.06,117310.39372033,coinbase-exchange
2022-04-21,3077.16,3179.74,2940.0,2983.94,2983.94,173634.26729666,coinbase-exchange
2022-04-22,2983.72,3033.76,2933.13,2963.05,2963.05,147896.5340014,coinbase-exchange
2022-04-23,2963.03,2979.57,2917.34,2933.44,2933.44,50757.61746238,coinbase-exchange
2022-04-24,2933.45,2968.31,2911.9,2921.96,2921.96,47964.59818886,coinbase-exchange
2022-04-25,2921.7,3026.93,2797.51,3007.22,3007.22,231201.08128973,coinbase-exchange
2022-04-26,3007.24,3038.6,2766.77,2809.26,2809.26,191167.43185373,coinbase-exchange
2022-04-27,2809.5,2920.0,2794.23,2889.78,2889.78,172782.71761809,coinbase-exchange
2022-04-28,2889.78,2980.36,2853.83,2935.91,2935.91,167061.01272126,coinbase-exchange
2022-04-29,2935.97,2946.68,2775.51,2816.94,2816.94,204389.17477782,coinbase-exchange
2022-04-30,2816.77,2842.08,2716.4,2726.59,2726.59,98131.72028071,coinbase-exchange
2022-05-01,2726.37,2849.0,2716.79,2824.86,2824.86,98806.09499191,coinbase-exchange
2022-05-02,2824.79,2883.0,2776.26,2856.21,2856.21,205159.66957242,coinbase-exchange
2022-05-03,2856.3,2861.73,2753.66,2780.34,2780.34,156812.90555596,coinbase-exchange
2022-05-04,2780.35,2969.86,2770.02,2939.98,2939.98,173451.30953603,coinbase-exchange
2022-05-05,2939.98,2953.73,2687.88,2747.43,2747.43,194599.9120659,coinbase-exchange
2022-05-06,2747.46,2757.78,2631.97,2691.72,2691.72,184926.26187383,coinbase-exchange
2022-05-07,2691.89,2703.61,2585.79,2634.8,2634.8,75304.26885485,coinbase-exchange
2022-05-08,2634.57,2641.4,2482.0,2519.1,2519.1,136224.22284735,coinbase-exchange
2022-05-09,2518.82,2529.47,2222.22,2228.5,2228.5,470978.69055761,coinbase-exchange
2022-05-10,2227.74,2458.09,2198.24,2340.51,2340.51,464832.53812722,coinbase-exchange
2022-05-11,2340.66,2451.12,2000.0,2075.93,2075.93,562341.54813863,coinbase-exchange
2022-05-12,2075.55,2188.14,1701.0,1954.39,1954.39,803672.07576455,coinbase-exchange
2022-05-13,1954.27,2145.56,1934.61,2005.48,2005.48,336488.21225639,coinbase-exchange
2022-05-14,2005.69,2066.4,1941.57,2053.33,2053.33,118520.23264436,coinbase-exchange
2022-05-15,2053.43,2164.17,1997.44,2142.69,2142.69,100927.05806766,coinbase-exchange
2022-05-16,2142.74,2142.82,1976.22,2020.58,2020.58,188600.42878138,coinbase-exchange
2022-05-17,2020.57,2120.0,2005.0,2088.96,2088.96,153232.48671811,coinbase-exchange
2022-05-18,2088.95,2108.8,1905.24,1911.98,1911.98,180708.34004634,coinbase-exchange
2022-05-19,1912.04,2039.52,1900.1,2017.57,2017.57,206357.25885445,coinbase-exchange
2022-05-20,2017.36,2062.45,1919.56,1956.58,1956.58,197708.34053418,coinbase-exchange
2022-05-21,1956.57,1988.3,1935.0,1972.64,1972.64,54572.49166422,coinbase-exchange
2022-05-22,1972.64,2054.01,1963.4,2040.92,2040.92,81822.31011257,coinbase-exchange
2022-05-23,2040.91,2087.6,1954.4,1971.06,1971.06,202518.25742473,coinbase-exchange
2022-05-24,1970.85,1991.51,1909.51,1978.15,1978.15,163986.41926361,coinbase-exchange
2022-05-25,1977.94,2020.0,1932.12,1940.83,1940.83,164438.55615099,coinbase-exchange
2022-05-26,1940.48,1963.68,1734.5,1790.65,1790.65,289942.90063136,coinbase-exchange
2022-05-27,1790.08,1820.84,1702.53,1724.83,1724.83,341796.6398698,coinbase-exchange
2022-05-28,1724.8,1807.68,1719.76,1790.23,1790.23,107501.25754592,coinbase-exchange
2022-05-29,1790.22,1825.22,1760.32,1811.1,1811.1,84009.43387178,coinbase-exchange
2022-05-30,1811.27,2013.0,1801.21,1998.3,1998.3,218864.05954827,coinbase-exchange
2022-05-31,1998.29,2015.54,1924.17,1940.59,1940.59,242245.22269345,coinbase-exchange
2022-06-01,1940.49,1972.5,1761.59,1816.05,1816.05,266690.7084996,coinbase-exchange
2022-06-02,1816.06,1852.01,1780.0,1832.45,1832.45,174506.82421008,coinbase-exchange
2022-06-03,1832.62,1842.43,1735.79,1773.25,1773.25,190669.34154148,coinbase-exchange
2022-06-04,1773.11,1814.4,1746.6,1803.35,1803.35,64987.78039249,coinbase-exchange
2022-06-05,1803.47,1829.16,1771.77,1804.7,1804.7,59938.51406164,coinbase-exchange
2022-06-06,1804.78,1918.47,1802.52,1858.21,1858.21,184600.86286202,coinbase-exchange
2022-06-07,1858.44,1872.82,1725.0,1811.89,1811.89,212923.71432914,coinbase-exchange
2022-06-08,1812.17,1838.0,1763.69,1790.72,1790.72,170731.58092776,coinbase-exchange
2022-06-09,1790.63,1832.31,1775.67,1787.55,1787.55,124180.46274382,coinbase-exchange
2022-06-10,1787.44,1802.85,1654.15,1660.78,1660.78,236039.72064137,coinbase-exchange
2022-06-11,1660.77,1680.43,1499.79,1531.09,1531.09,295048.58494874,coinbase-exchange
2022-06-12,1531.23,1545.5,1423.0,1433.19,1433.19,308514.54263385,coinbase-exchange
2022-06-13,1432.97,1452.97,1163.31,1207.82,1207.82,954717.177807,coinbase-exchange
2022-06-14,1207.9,1266.34,1074.64,1207.58,1207.58,681419.51063789,coinbase-exchange
2022-06-15,1207.58,1247.0,1012.72,1236.45,1236.45,827548.41393819,coinbase-exchange
2022-06-16,1236.45,1257.04,1050.39,1066.87,1066.87,411463.97783225,coinbase-exchange
2022-06-17,1067.07,1117.43,1049.19,1085.76,1085.76,323648.95266925,coinbase-exchange
2022-06-18,1085.65,1096.64,879.8,993.64,993.64,581590.08416866,coinbase-exchange
2022-06-19,993.64,1156.99,933.6,1126.9,1126.9,435976.06851744,coinbase-exchange
2022-06-20,1126.97,1168.18,1051.3,1126.84,1126.84,314649.45956811,coinbase-exchange
2022-06-21,1127.04,1193.0,1107.87,1124.85,1124.85,303835.07141015,coinbase-exchange
2022-06-22,1124.9,1126.44,1042.36,1048.96,1048.96,270475.56973113,coinbase-exchange
2022-06-23,1048.93,1153.01,1043.68,1144.0,1144.0,250147.3059031,coinbase-exchange
2022-06-24,1144.01,1244.78,1131.02,1224.47,1224.47,252255.18809433,coinbase-exchange
2022-06-25,1224.26,1255.0,1178.77,1241.33,1241.33,152145.87815948,coinbase-exchange
2022-06-26,1241.14,1280.0,1194.01,1197.13,1197.13,151784.21006562,coinbase-exchange
2022-06-27,1196.99,1237.83,1171.88,1191.27,1191.27,196439.99342204,coinbase-exchange
2022-06-28,1191.27,1236.21,1134.9,1142.65,1142.65,217739.97338483,coinbase-exchange
2022-06-29,1142.47,1155.21,1085.41,1099.15,1099.15,287668.03810615,coinbase-exchange
2022-06-30,1099.09,1105.61,997.02,1070.08,1070.08,338995.29713713,coinbase-exchange
2022-07-01,1070.08,1115.0,1031.86,1057.57,1057.57,324097.48129585,coinbase-exchange
2022-07-02,1058.3,1077.5,1025.95,1065.61,1065.61,114219.74455559,coinbase-exchange
2022-07-03,1065.58,1087.33,1039.55,1072.88,1072.88,110714.6004927,coinbase-exchange
2022-07-04,1072.9,1160.0,1043.47,1149.98,1149.98,205563.79288557,coinbase-exchange
2022-07-05,1149.98,1172.38,1075.7,1131.26,1131.26,267186.05683546,coinbase-exchange
2022-07-06,1131.16,1203.2,1110.56,1185.61,1185.61,284112.14163333,coinbase-exchange
2022-07-07,1185.61,1254.04,1162.32,1237.13,1237.13,347073.16202279,coinbase-exchange
2022-07-08,1237.55,1275.51,1192.16,1213.19,1213.19,321436.46883666,coinbase-exchange
2022-07-09,1213.38,1233.54,1203.7,1216.78,1216.78,94148.28233858,coinbase-exchange
2022-07-10,1216.78,1219.41,1153.15,1167.68,1167.68,110105.33274633,coinbase-exchange
2022-07-11,1167.66,1170.47,1079.8,1095.56,1095.56,229708.48705223,coinbase-exchange
2022-07-12,1095.48,1097.35,1031.92,1037.34,1037.34,334310.07377997,coinbase-exchange
2022-07-13,1037.5,1118.0,1005.25,1114.26,1114.26,448221.83579622,coinbase-exchange
2022-07-14,1114.06,1213.26,1071.1,1192.7,1192.7,340272.00761286,coinbase-exchange
2022-07-15,1192.67,1288.88,1180.16,1231.1,1231.1,439762.06228135,coinbase-exchange
2022-07-16,1231.07,1423.31,1190.9,1355.7,1355.7,281556.54770912,coinbase-exchange
2022-07-17,1355.5,1386.55,1318.79,1338.2,1338.2,287292.9117132,coinbase-exchange
2022-07-18,1338.03,1597.58,1335.35,1581.34,1581.34,586368.76273009,coinbase-exchange
2022-07-19,1581.09,1631.32,1492.66,1542.63,1542.63,531595.12469671,coinbase-exchange
2022-07-20,1542.6,1621.44,1485.17,1522.12,1522.12,399979.02882551,coinbase-exchange
2022-07-21,1521.88,1606.42,1463.26,1575.68,1575.68,333578.08401554,coinbase-exchange
2022-07-22,1575.44,1646.13,1516.75,1535.84,1535.84,301049.38716503,coinbase-exchange
2022-07-23,1535.68,1596.87,1487.14,1549.15,1549.15,179754.71211316,coinbase-exchange
2022-07-24,1549.16,1664.41,1546.7,1597.72,1597.72,181245.88687987,coinbase-exchange
2022-07-25,1598.12,1610.0,1433.91,1440.75,1440.75,309771.90005337,coinbase-exchange
2022-07-26,1440.63,1454.56,1356.3,1449.63,1449.63,283778.37687636,coinbase-exchange
2022-07-27,1449.6,1645.46,1420.66,1636.4,1636.4,388150.08353335,coinbase-exchange
2022-07-28,1636.53,1792.55,1592.36,1725.19,1725.19,446776.87871545,coinbase-exchange
2022-07-29,1725.19,1766.56,1655.47,1722.25,1722.25,311510.53584064,coinbase-exchange
2022-07-30,1722.46,1745.05,1674.05,1698.01,1698.01,180720.73885884,coinbase-exchange
2022-07-31,1698.02,1754.25,1667.7,1679.31,1679.31,130340.37729581,coinbase-exchange
2022-08-01,1679.31,1705.0,1606.9,1630.82,1630.82,180669.82560511,coinbase-exchange
2022-08-02,1630.81,1679.28,1560.0,1631.28,1631.28,246683.06058859,coinbase-exchange
2022-08-03,1631.1,1685.87,1590.0,1618.82,1618.82,328786.47691824,coinbase-exchange
2022-08-04,1618.78,1663.35,1580.5,1608.16,1608.16,323547.74502974,coinbase-exchange
2022-08-05,1608.16,1742.52,1605.55,1736.79,1736.79,415383.76775755,coinbase-exchange
2022-08-06,1737.12,1750.0,1685.99,1690.81,1690.81,206524.40782357,coinbase-exchange
2022-08-07,1691.18,1730.26,1668.87,1700.42,1700.42,177400.97769802,coinbase-exchange
2022-08-08,1700.52,1818.25,1693.41,1777.36,1777.36,345585.00729302,coinbase-exchange
2022-08-09,1777.36,1791.33,1668.8,1703.35,1703.35,353991.64333061,coinbase-exchange
2022-08-10,1703.35,1886.36,1656.0,1854.12,1854.12,491866.38496074,coinbase-exchange
2022-08-11,1854.42,1946.21,1850.95,1881.04,1881.04,451248.19043761,coinbase-exchange
2022-08-12,1880.96,1966.89,1850.51,1959.91,1959.91,301803.38654781,coinbase-exchange
2022-08-13,1959.94,2020.73,1947.19,1984.75,1984.75,282479.09097599,coinbase-exchange
2022-08-14,1984.72,2031.39,1906.51,1935.85,1935.85,263413.87030944,coinbase-exchange
2022-08-15,1936.0,2013.47,1866.51,1899.39,1899.39,473905.07822533,coinbase-exchange
2022-08-16,1899.05,1915.51,1852.85,1876.57,1876.57,362478.81254801,coinbase-exchange
2022-08-17,1877.06,1957.59,1815.0,1834.61,1834.61,450374.826949,coinbase-exchange
2022-08-18,1834.52,1883.35,1821.02,1845.9,1845.9,270253.66533006,coinbase-exchange
2022-08-19,1846.15,1848.29,1602.28,1608.72,1608.72,731158.98936189,coinbase-exchange
2022-08-20,1608.64,1658.14,1523.54,1575.76,1575.76,450361.01659576,coinbase-exchange
2022-08-21,1575.76,1646.69,1562.27,1617.84,1617.84,397164.81880075,coinbase-exchange
2022-08-22,1617.88,1629.61,1528.93,1624.78,1624.78,518834.55819815,coinbase-exchange
2022-08-23,1624.89,1674.12,1563.29,1665.93,1665.93,445250.58071281,coinbase-exchange
2022-08-24,1665.95,1694.89,1604.6,1656.74,1656.74,508562.94204632,coinbase-exchange
2022-08-25,1656.54,1722.18,1653.57,1695.27,1695.27,300950.83219719,coinbase-exchange
2022-08-26,1695.16,1706.41,1485.94,1508.02,1508.02,570455.80622658,coinbase-exchange
2022-08-27,1508.04,1519.11,1446.62,1491.22,1491.22,368067.50483068,coinbase-exchange
2022-08-28,1490.87,1511.12,1423.85,1426.63,1426.63,292543.93479078,coinbase-exchange
2022-08-29,1426.29,1560.37,1420.74,1551.65,1551.65,488169.79068986,coinbase-exchange
2022-08-30,1551.51,1606.34,1474.14,1524.81,1524.81,544379.70835677,coinbase-exchange
2022-08-31,1524.61,1619.99,1524.12,1554.0,1554.0,511240.91582582,coinbase-exchange
2022-09-01,1554.25,1599.51,1512.83,1586.23,1586.23,327753.13141002,coinbase-exchange
2022-09-02,1586.1,1650.0,1546.2,1575.69,1575.69,321184.07570982,coinbase-exchange
2022-09-03,1575.81,1582.69,1534.54,1557.7,1557.7,129300.81242992,coinbase-exchange
2022-09-04,1557.55,1583.52,1540.59,1579.04,1579.04,100143.24859449,coinbase-exchange
2022-09-05,1578.97,1631.44,1557.04,1618.01,1618.01,183163.38342493,coinbase-exchange
2022-09-06,1617.87,1686.82,1554.03,1559.28,1559.28,440790.49644997,coinbase-exchange
2022-09-07,1558.92,1657.68,1489.98,1629.92,1629.92,335894.82441078,coinbase-exchange
2022-09-08,1629.61,1664.52,1594.31,1635.73,1635.73,321019.10969844,coinbase-exchange
2022-09-09,1635.72,1746.87,1630.51,1719.21,1719.21,343757.70988125,coinbase-exchange
2022-09-10,1719.38,1789.86,1706.94,1774.69,1774.69,175467.88521982,coinbase-exchange
2022-09-11,1774.73,1789.98,1719.01,1766.95,1766.95,153045.89168193,coinbase-exchange
2022-09-12,1766.97,1783.56,1692.45,1716.71,1716.71,257983.67681215,coinbase-exchange
2022-09-13,1716.65,1761.04,1561.06,1574.71,1574.71,456961.84966513,coinbase-exchange
2022-09-14,1574.4,1649.44,1552.88,1639.14,1639.14,311641.00945194,coinbase-exchange
2022-09-15,1639.12,1655.55,1457.69,1472.68,1472.68,415068.57662522,coinbase-exchange
2022-09-16,1472.85,1483.21,1404.31,1433.73,1433.73,391498.26827311,coinbase-exchange
2022-09-17,1433.64,1476.22,1408.79,1468.97,1468.97,193158.36959142,coinbase-exchange
2022-09-18,1468.9,1470.15,1325.48,1334.72,1334.72,310480.68847119,coinbase-exchange
2022-09-19,1334.71,1392.94,1279.0,1376.17,1376.17,381868.12870185,coinbase-exchange
2022-09-20,1376.23,1385.0,1312.4,1322.8,1322.8,419548.01749631,coinbase-exchange
2022-09-21,1322.74,1412.0,1220.0,1245.65,1245.65,569985.27204919,coinbase-exchange
2022-09-22,1245.36,1348.87,1237.0,1326.43,1326.43,563572.08233165,coinbase-exchange
2022-09-23,1326.14,1359.99,1261.9,1326.82,1326.82,519153.45184389,coinbase-exchange
2022-09-24,1327.24,1349.31,1306.29,1317.25,1317.25,206779.39938562,coinbase-exchange
2022-09-25,1317.49,1337.26,1269.41,1294.63,1294.63,185703.74947364,coinbase-exchange
2022-09-26,1294.65,1341.0,1278.24,1336.61,1336.61,416561.97805353,coinbase-exchange
2022-09-27,1336.45,1400.51,1303.66,1327.92,1327.92,457125.64604668,coinbase-exchange
2022-09-28,1327.87,1355.34,1253.65,1336.93,1336.93,488408.68270425,coinbase-exchange
2022-09-29,1336.92,1351.85,1288.12,1336.02,1336.02,409208.96175042,coinbase-exchange
2022-09-30,1336.04,1373.46,1315.0,1328.95,1328.95,423994.58067369,coinbase-exchange
2022-10-01,1328.74,1333.99,1302.65,1311.76,1311.76,98845.97328111,coinbase-exchange
2022-10-02,1311.79,1318.0,1269.69,1277.02,1277.02,150803.12600735,coinbase-exchange
2022-10-03,1276.84,1330.24,1262.45,1323.31,1323.31,341841.34001978,coinbase-exchange
2022-10-04,1323.44,1370.43,1318.82,1362.06,1362.06,265741.94725719,coinbase-exchange
2022-10-05,1362.1,1364.93,1316.54,1352.48,1352.48,297201.24863549,coinbase-exchange
2022-10-06,1352.37,1384.41,1345.0,1352.24,1352.24,437205.23026817,coinbase-exchange
2022-10-07,1352.18,1362.14,1317.54,1331.14,1331.14,268128.07428348,coinbase-exchange
2022-10-08,1331.12,1337.61,1303.76,1315.71,1315.71,85052.24063383,coinbase-exchange
2022-10-09,1315.71,1329.33,1307.21,1323.41,1323.41,98670.85008504,coinbase-exchange
2022-10-10,1323.27,1338.41,1287.66,1290.06,1290.06,248135.48630736,coinbase-exchange
2022-10-11,1289.94,1297.95,1267.0,1279.94,1279.94,361513.38640616,coinbase-exchange
2022-10-12,1279.87,1306.72,1274.73,1294.33,1294.33,257271.51091194,coinbase-exchange
2022-10-13,1294.21,1301.85,1190.0,1286.96,1286.96,533160.99117969,coinbase-exchange
2022-10-14,1286.89,1344.4,1283.26,1296.36,1296.36,483178.87927368,coinbase-exchange
2022-10-15,1296.42,1302.14,1263.6,1275.09,1275.09,146252.46427666,coinbase-exchange
2022-10-16,1275.16,1315.62,1274.61,1306.04,1306.04,160206.63331032,coinbase-exchange
2022-10-17,1305.89,1338.69,1295.36,1331.49,1331.49,274413.38632897,coinbase-exchange
2022-10-18,1331.57,1342.28,1286.67,1310.78,1310.78,375586.2181984,coinbase-exchange
2022-10-19,1310.79,1313.8,1280.02,1284.76,1284.76,249903.49640293,coinbase-exchange
2022-10-20,1284.92,1311.1,1270.34,1282.6,1282.6,310500.82723664,coinbase-exchange
2022-10-21,1282.59,1307.18,1254.0,1299.83,1299.83,307346.53371619,coinbase-exchange
2022-10-22,1299.94,1320.56,1294.17,1313.88,1313.88,98142.700874,coinbase-exchange
2022-10-23,1313.82,1370.66,1299.47,1364.06,1364.06,182202.51780535,coinbase-exchange
2022-10-24,1363.93,1370.9,1324.04,1343.71,1343.71,330219.49579837,coinbase-exchange
2022-10-25,1343.74,1525.38,1335.12,1460.34,1460.34,738604.66673918,coinbase-exchange
2022-10-26,1460.34,1595.44,1457.41,1566.37,1566.37,867339.4350063,coinbase-exchange
2022-10-27,1566.46,1580.0,1502.8,1514.09,1514.09,768442.493559,coinbase-exchange
2022-10-28,1514.2,1577.89,1479.41,1554.83,1554.83,517416.22097988,coinbase-exchange
2022-10-29,1554.81,1664.29,1547.79,1620.09,1620.09,371454.96971093,coinbase-exchange
2022-10-30,1620.18,1640.41,1576.24,1590.89,1590.89,262404.11149452,coinbase-exchange
2022-10-31,1590.88,1635.7,1546.31,1572.67,1572.67,442623.55124963,coinbase-exchange
2022-11-01,1572.58,1612.74,1563.05,1578.24,1578.24,338781.998348,coinbase-exchange
2022-11-02,1578.35,1622.24,1502.0,1518.04,1518.04,597803.71672197,coinbase-exchange
2022-11-03,1518.15,1558.95,1515.0,1530.81,1530.81,417983.19723455,coinbase-exchange
2022-11-04,1530.81,1677.0,1528.01,1644.61,1644.61,595048.87785607,coinbase-exchange
2022-11-05,1644.84,1667.03,1621.05,1627.0,1627.0,191562.15441931,coinbase-exchange
2022-11-06,1627.17,1638.72,1564.17,1568.34,1568.34,206626.51589598,coinbase-exchange
2022-11-07,1568.27,1608.66,1545.97,1568.34,1568.34,420305.13392561,coinbase-exchange
2022-11-08,1568.45,1580.0,1227.4,1334.25,1334.25,1191644.98913668,coinbase-exchange
2022-11-09,1333.97,1337.49,1071.11,1099.9,1099.9,1483345.10339453,coinbase-exchange
2022-11-10,1099.9,1347.62,1083.95,1295.36,1295.36,898160.51223308,coinbase-exchange
2022-11-11,1295.55,1307.36,1197.9,1285.29,1285.29,807406.05368993,coinbase-exchange
2022-11-12,1285.57,1289.16,1235.53,1255.14,1255.14,252702.81256691,coinbase-exchange
2022-11-13,1254.98,1272.0,1198.99,1219.43,1219.43,245429.7415013,coinbase-exchange
2022-11-14,1219.4,1289.17,1169.4,1241.56,1241.56,524054.26384295,coinbase-exchange
2022-11-15,1241.58,1289.78,1232.56,1251.74,1251.74,417549.56093034,coinbase-exchange
2022-11-16,1251.95,1266.99,1185.2,1215.21,1215.21,430253.13724259,coinbase-exchange
2022-11-17,1215.2,1227.34,1181.02,1199.44,1199.44,347569.96062493,coinbase-exchange
2022-11-18,1199.39,1232.37,1198.01,1210.93,1210.93,276244.25355508,coinbase-exchange
2022-11-19,1210.73,1231.62,1196.27,1216.12,1216.12,154207.57456321,coinbase-exchange
2022-11-20,1216.31,1225.26,1130.2,1140.07,1140.07,309725.68130629,coinbase-exchange
2022-11-21,1140.04,1145.0,1080.0,1105.91,1105.91,645537.15248314,coinbase-exchange
2022-11-22,1105.68,1141.26,1073.42,1138.17,1138.17,571006.86329332,coinbase-exchange
2022-11-23,1138.25,1189.51,1126.22,1183.53,1183.53,488293.70716425,coinbase-exchange
2022-11-24,1183.55,1216.1,1179.1,1202.81,1202.81,347857.6927724,coinbase-exchange
2022-11-25,1202.78,1206.84,1170.17,1198.66,1198.66,255469.51018685,coinbase-exchange
2022-11-26,1198.65,1234.97,1195.54,1204.8,1204.8,194599.63009605,coinbase-exchange
2022-11-27,1204.89,1222.81,1188.31,1193.3,1193.3,160395.219962,coinbase-exchange
2022-11-28,1193.46,1198.87,1150.09,1167.24,1167.24,336303.06814697,coinbase-exchange
2022-11-29,1167.22,1227.08,1157.37,1215.91,1215.91,334230.25859657,coinbase-exchange
2022-11-30,1216.04,1311.76,1212.0,1294.77,1294.77,513868.94915466,coinbase-exchange
2022-12-01,1294.68,1302.0,1262.85,1276.48,1276.48,341051.44664941,coinbase-exchange
2022-12-02,1276.48,1297.57,1265.56,1295.63,1295.63,312335.42943569,coinbase-exchange
2022-12-03,1295.63,1308.89,1236.42,1240.91,1240.91,233057.32789248,coinbase-exchange
2022-12-04,1240.91,1287.44,1240.27,1279.68,1279.68,195680.27732029,coinbase-exchange
2022-12-05,1279.67,1305.75,1246.73,1259.23,1259.23,334071.84681319,coinbase-exchange
2022-12-06,1259.32,1274.57,1241.83,1271.19,1271.19,310591.43275838,coinbase-exchange
2022-12-07,1271.36,1277.49,1215.0,1231.56,1231.56,294892.06525655,coinbase-exchange
2022-12-08,1231.49,1292.58,1221.72,1280.33,1280.33,305010.10153789,coinbase-exchange
2022-12-09,1280.15,1296.55,1255.61,1262.95,1262.95,268613.51750162,coinbase-exchange
2022-12-10,1262.75,1283.4,1259.59,1266.45,1266.45,127080.35178923,coinbase-exchange
2022-12-11,1266.45,1284.68,1255.7,1262.92,1262.92,136453.26405627,coinbase-exchange
2022-12-12,1263.08,1279.22,1240.0,1275.72,1275.72,244239.65101571,coinbase-exchange
2022-12-13,1275.74,1351.05,1255.67,1320.47,1320.47,340963.9356146,coinbase-exchange
2022-12-14,1320.47,1351.87,1300.85,1307.47,1307.47,490007.78017941,coinbase-exchange
2022-12-15,1307.42,1311.5,1259.37,1266.48,1266.48,394788.38073718,coinbase-exchange
2022-12-16,1266.48,1279.99,1155.55,1166.98,1166.98,529307.05569583,coinbase-exchange
2022-12-17,1166.98,1190.0,1161.83,1187.06,1187.06,227688.40724908,coinbase-exchange
2022-12-18,1187.17,1196.6,1172.43,1183.32,1183.32,174291.58481891,coinbase-exchange
2022-12-19,1183.37,1195.34,1150.34,1167.6,1167.6,324622.25840589,coinbase-exchange
2022-12-20,1167.59,1231.28,1163.02,1216.69,1216.69,341462.57912696,coinbase-exchange
2022-12-21,1216.76,1222.99,1203.06,1213.7,1213.7,237732.89806607,coinbase-exchange
2022-12-22,1213.7,1238.76,1182.43,1217.5,1217.5,316565.60833412,coinbase-exchange
2022-12-23,1217.48,1231.7,1210.6,1219.92,1219.92,287942.04914518,coinbase-exchange
2022-12-24,1219.99,1227.47,1213.7,1220.51,1220.51,135682.63966273,coinbase-exchange
2022-12-25,1220.49,1224.1,1193.17,1218.37,1218.37,167839.6524151,coinbase-exchange
2022-12-26,1218.41,1230.92,1209.0,1227.58,1227.58,133431.00775547,coinbase-exchange
2022-12-27,1227.66,1233.75,1199.58,1210.99,1210.99,214552.81999638,coinbase-exchange
2022-12-28,1211.06,1215.38,1180.04,1189.24,1189.24,301571.06009872,coinbase-exchange
2022-12-29,1189.33,1206.07,1186.13,1199.74,1199.74,240611.27081058,coinbase-exchange
2022-12-30,1199.73,1201.64,1180.44,1199.1,1199.1,228129.48726539,coinbase-exchange
2022-12-31,1199.19,1208.0,1191.01,1195.25,1195.25,144035.63835908,coinbase-exchange
2023-01-01,1195.25,1204.17,1190.03,1199.92,1199.92,110146.33985965,coinbase-exchange
2023-01-02,1199.97,1224.59,1192.41,1213.69,1213.69,181181.02038691,coinbase-exchange
2023-01-03,1213.77,1219.79,1204.04,1214.21,1214.21,185992.27832726,coinbase-exchange
2023-01-04,1214.21,1272.01,1212.17,1256.34,1256.34,339875.39832487,coinbase-exchange
2023-01-05,1256.35,1259.77,1239.97,1250.88,1250.88,236940.93295139,coinbase-exchange
2023-01-06,1250.87,1276.6,1234.2,1268.84,1268.84,290563.27086874,coinbase-exchange
2023-01-07,1268.94,1270.83,1260.75,1263.94,1263.94,105755.0768252,coinbase-exchange
2023-01-08,1263.84,1295.38,1257.34,1289.92,1289.92,158918.85227266,coinbase-exchange
2023-01-09,1289.73,1345.87,1285.0,1320.02,1320.02,422757.66914599,coinbase-exchange
2023-01-10,1320.0,1348.19,1316.63,1335.56,1335.56,312409.22657272,coinbase-exchange
2023-01-11,1335.69,1397.98,1319.81,1389.24,1389.24,323378.0899808,coinbase-exchange
2023-01-12,1389.21,1438.55,1361.39,1416.05,1416.05,498193.37603557,coinbase-exchange
2023-01-13,1416.05,1466.0,1400.75,1451.78,1451.78,360619.22951853,coinbase-exchange
2023-01-14,1451.7,1597.99,1449.38,1550.06,1550.06,416565.15549879,coinbase-exchange
2023-01-15,1550.06,1567.37,1516.06,1552.89,1552.89,239830.62852681,coinbase-exchange
2023-01-16,1552.83,1603.91,1521.01,1576.85,1576.85,358689.23697211,coinbase-exchange
2023-01-17,1577.01,1608.65,1540.49,1565.68,1565.68,305156.24219933,coinbase-exchange
2023-01-18,1565.52,1612.66,1500.32,1510.83,1510.83,448866.83667712,coinbase-exchange
2023-01-19,1510.9,1564.61,1508.87,1550.98,1550.98,301311.86624594,coinbase-exchange
2023-01-20,1550.96,1668.0,1541.94,1658.25,1658.25,384319.56762063,coinbase-exchange
2023-01-21,1658.36,1680.0,1617.29,1626.8,1626.8,279483.48492139,coinbase-exchange
2023-01-22,1626.83,1664.42,1603.39,1627.88,1627.88,260032.85446371,coinbase-exchange
2023-01-23,1628.01,1648.56,1584.43,1626.55,1626.55,318174.33544585,coinbase-exchange
2023-01-24,1626.71,1641.72,1528.95,1556.09,1556.09,328086.36249044,coinbase-exchange
2023-01-25,1556.1,1640.92,1513.77,1612.54,1612.54,400283.96163126,coinbase-exchange
2023-01-26,1612.64,1633.55,1577.61,1601.1,1601.1,287943.16630833,coinbase-exchange
2023-01-27,1601.14,1622.32,1550.0,1598.18,1598.18,268869.68835868,coinbase-exchange
2023-01-28,1598.14,1606.99,1556.21,1572.3,1572.3,157162.92260998,coinbase-exchange
2023-01-29,1572.4,1661.0,1566.61,1644.89,1644.89,248495.16574301,coinbase-exchange
2023-01-30,1644.79,1647.73,1534.71,1566.23,1566.23,338686.64935097,coinbase-exchange
2023-01-31,1566.23,1605.01,1561.43,1585.39,1585.39,260524.32481966,coinbase-exchange
2023-02-01,1585.32,1647.75,1556.83,1642.05,1642.05,249363.55705356,coinbase-exchange
2023-02-02,1642.06,1714.83,1625.86,1643.19,1643.19,247393.67193925,coinbase-exchange
2023-02-03,1643.14,1676.53,1625.0,1663.69,1663.69,174700.87440617,coinbase-exchange
2023-02-04,1663.63,1695.0,1645.33,1666.83,1666.83,87920.78907165,coinbase-exchange
2023-02-05,1666.83,1673.81,1608.91,1629.37,1629.37,98366.95792608,coinbase-exchange
2023-02-06,1629.44,1658.41,1605.0,1614.5,1614.5,127337.9625051,coinbase-exchange
2023-02-07,1614.57,1678.57,1613.26,1671.28,1671.28,160326.3142596,coinbase-exchange
2023-02-08,1671.27,1699.66,1630.33,1650.65,1650.65,160919.28668196,coinbase-exchange
2023-02-09,1650.65,1656.02,1524.31,1545.54,1545.54,208804.37359024,coinbase-exchange
2023-02-10,1545.64,1554.89,1491.44,1513.04,1513.04,208821.85745678,coinbase-exchange
2023-02-11,1513.04,1543.61,1505.05,1538.86,1538.86,45695.84884336,coinbase-exchange
2023-02-12,1538.85,1548.2,1493.77,1515.25,1515.25,63658.2777464,coinbase-exchange
2023-02-13,1515.24,1526.64,1462.0,1506.29,1506.29,184081.98744754,coinbase-exchange
2023-02-14,1506.29,1569.16,1490.23,1556.67,1556.67,166683.0389409,coinbase-exchange
2023-02-15,1556.52,1682.45,1540.85,1674.88,1674.88,194454.22724882,coinbase-exchange
2023-02-16,1674.8,1742.5,1633.63,1637.83,1637.83,265109.62279703,coinbase-exchange
2023-02-17,1637.88,1722.07,1630.2,1694.37,1694.37,193779.10526277,coinbase-exchange
2023-02-18,1694.32,1713.75,1680.14,1691.82,1691.82,83934.5636202,coinbase-exchange
2023-02-19,1691.81,1727.0,1666.67,1680.23,1680.23,125069.25929165,coinbase-exchange
2023-02-20,1680.42,1720.02,1650.72,1703.63,1703.63,128111.15414263,coinbase-exchange
2023-02-21,1703.62,1716.82,1636.42,1659.76,1659.76,165366.23058318,coinbase-exchange
2023-02-22,1659.76,1667.14,1594.84,1642.95,1642.95,225280.02772351,coinbase-exchange
2023-02-23,1642.99,1679.03,1629.3,1650.62,1650.62,193711.79800745,coinbase-exchange
2023-02-24,1650.62,1664.65,1575.44,1607.57,1607.57,220198.199975,coinbase-exchange
2023-02-25,1607.64,1609.05,1557.89,1594.51,1594.51,101537.791246,coinbase-exchange
2023-02-26,1594.5,1651.6,1587.64,1641.41,1641.41,102165.02620752,coinbase-exchange
2023-02-27,1641.34,1665.29,1608.23,1633.26,1633.26,168619.95684808,coinbase-exchange
2023-02-28,1633.22,1647.6,1597.32,1605.4,1605.4,121647.07726004,coinbase-exchange
2023-03-01,1605.59,1669.9,1595.0,1665.2,1665.2,159957.7634787,coinbase-exchange
2023-03-02,1665.2,1678.14,1619.0,1647.87,1647.87,142104.54557876,coinbase-exchange
2023-03-03,1647.82,1649.28,1547.54,1569.54,1569.54,215881.09939694,coinbase-exchange
2023-03-04,1569.55,1577.6,1550.0,1566.72,1566.72,30134.44715405,coinbase-exchange
2023-03-05,1566.72,1588.35,1553.5,1564.81,1564.81,63988.35247481,coinbase-exchange
2023-03-06,1564.8,1583.19,1554.8,1565.85,1565.85,110665.70266199,coinbase-exchange
2023-03-07,1565.82,1584.23,1535.7,1561.67,1561.67,159584.17283139,coinbase-exchange
2023-03-08,1561.61,1570.77,1522.73,1532.17,1532.17,167130.97340169,coinbase-exchange
2023-03-09,1532.11,1546.09,1407.0,1437.41,1437.41,275519.01763011,coinbase-exchange
2023-03-10,1437.39,1438.7,1369.79,1432.15,1432.15,378169.2201289,coinbase-exchange
2023-03-11,1432.15,1499.0,1416.98,1483.68,1483.68,237241.39320646,coinbase-exchange
2023-03-12,1483.62,1612.0,1459.79,1592.31,1592.31,173448.47788935,coinbase-exchange
2023-03-13,1592.04,1702.6,1571.0,1681.93,1681.93,327008.79604186,coinbase-exchange
2023-03-14,1681.93,1787.74,1650.45,1704.95,1704.95,396668.70615898,coinbase-exchange
2023-03-15,1704.9,1722.79,1613.7,1656.8,1656.8,307749.31182138,coinbase-exchange
2023-03-16,1656.7,1696.0,1637.72,1677.24,1677.24,176868.38336715,coinbase-exchange
2023-03-17,1677.36,1803.73,1666.16,1793.66,1793.66,329141.08281765,coinbase-exchange
2023-03-18,1793.61,1846.0,1752.52,1763.68,1763.68,235521.57569177,coinbase-exchange
2023-03-19,1763.88,1846.77,1762.62,1786.4,1786.4,191354.71647603,coinbase-exchange
2023-03-20,1786.37,1809.1,1728.52,1739.42,1739.42,249197.06842683,coinbase-exchange
2023-03-21,1739.28,1839.99,1724.37,1807.23,1807.23,215769.94317511,coinbase-exchange
2023-03-22,1806.79,1823.8,1715.17,1739.18,1739.18,196097.23997699,coinbase-exchange
2023-03-23,1738.99,1861.67,1733.77,1817.49,1817.49,182879.51736378,coinbase-exchange
2023-03-24,1817.27,1822.55,1728.27,1751.93,1751.93,193658.46405908,coinbase-exchange
2023-03-25,1751.79,1764.93,1715.23,1743.8,1743.8,80639.99683541,coinbase-exchange
2023-03-26,1743.69,1801.02,1741.01,1775.86,1775.86,81741.29679602,coinbase-exchange
2023-03-27,1775.85,1782.19,1688.0,1716.42,1716.42,120123.69610665,coinbase-exchange
2023-03-28,1716.13,1795.54,1701.81,1773.7,1773.7,126114.46205033,coinbase-exchange
2023-03-29,1773.82,1827.7,1772.99,1793.41,1793.41,124064.2834112,coinbase-exchange
2023-03-30,1793.4,1829.82,1762.94,1793.68,1793.68,136706.00627233,coinbase-exchange
2023-03-31,1793.68,1847.12,1779.47,1822.01,1822.01,150470.34252747,coinbase-exchange
2023-04-01,1822.11,1843.0,1809.12,1821.73,1821.73,75499.214378,coinbase-exchange
2023-04-02,1821.69,1825.97,1773.25,1795.37,1795.37,53524.50081719,coinbase-exchange
2023-04-03,1795.41,1839.99,1763.58,1810.92,1810.92,156367.81692427,coinbase-exchange
2023-04-04,1810.91,1892.1,1802.76,1871.36,1871.36,160288.10821587,coinbase-exchange
2023-04-05,1871.19,1943.64,1865.24,1908.9,1908.9,159154.20039336,coinbase-exchange
2023-04-06,1908.89,1910.59,1854.06,1873.29,1873.29,106044.61222348,coinbase-exchange
2023-04-07,1873.28,1883.35,1842.25,1865.02,1865.02,59267.01815764,coinbase-exchange
2023-04-08,1865.02,1880.56,1848.21,1850.06,1850.06,38479.70792157,coinbase-exchange
2023-04-09,1849.83,1874.78,1823.11,1859.84,1859.84,57884.00934696,coinbase-exchange
2023-04-10,1859.85,1920.0,1847.5,1911.23,1911.23,100746.45225435,coinbase-exchange
2023-04-11,1911.22,1938.85,1883.24,1891.82,1891.82,115741.82211523,coinbase-exchange
2023-04-12,1891.78,1934.08,1855.79,1918.91,1918.91,156466.30398029,coinbase-exchange
2023-04-13,1918.9,2025.0,1901.12,2013.98,2013.98,199544.51674204,coinbase-exchange
2023-04-14,2014.12,2131.2,2011.2,2101.85,2101.85,261883.28915686,coinbase-exchange
2023-04-15,2101.81,2112.88,2073.79,2092.45,2092.45,82555.5452833,coinbase-exchange
2023-04-16,2092.44,2142.85,2074.32,2120.07,2120.07,87897.67238295,coinbase-exchange
2023-04-17,2120.01,2122.02,2058.0,2075.63,2075.63,111821.36109573,coinbase-exchange
2023-04-18,2075.63,2125.0,2052.52,2104.61,2104.61,98463.83447004,coinbase-exchange
2023-04-19,2104.54,2105.9,1923.33,1934.8,1934.8,180156.78946917,coinbase-exchange
2023-04-20,1934.63,1983.34,1914.16,1943.16,1943.16,127783.1585988,coinbase-exchange
2023-04-21,1942.91,1956.81,1824.67,1848.16,1848.16,184098.48749579,coinbase-exchange
2023-04-22,1848.21,1887.88,1842.11,1874.48,1874.48,58568.76361222,coinbase-exchange
2023-04-23,1874.48,1882.6,1837.3,1861.9,1861.9,59392.15616391,coinbase-exchange
2023-04-24,1861.91,1890.0,1805.38,1842.17,1842.17,151059.34701623,coinbase-exchange
2023-04-25,1842.11,1878.16,1801.46,1866.23,1866.23,121957.82152629,coinbase-exchange
2023-04-26,1866.22,1965.04,1785.51,1866.73,1866.73,220757.79257172,coinbase-exchange
2023-04-27,1866.73,1939.56,1862.08,1908.92,1908.92,173658.77646459,coinbase-exchange
2023-04-28,1908.92,1924.79,1875.0,1892.54,1892.54,102737.14594464,coinbase-exchange
2023-04-29,1892.43,1919.15,1884.58,1908.96,1908.96,43424.36883267,coinbase-exchange
2023-04-30,1908.96,1939.76,1866.5,1870.76,1870.76,68260.39204639,coinbase-exchange
2023-05-01,1870.67,1887.12,1805.95,1831.41,1831.41,123062.84388793,coinbase-exchange
2023-05-02,1831.36,1882.55,1823.21,1871.26,1871.26,96998.09681491,coinbase-exchange
2023-05-03,1871.27,1917.16,1843.52,1905.89,1905.89,104714.67015513,coinbase-exchange
2023-05-04,1905.89,1918.34,1867.71,1878.01,1878.01,69495.9189541,coinbase-exchange
2023-05-05,1878.25,2000.0,1876.36,1995.76,1995.76,181402.98639087,coinbase-exchange
2023-05-06,1995.77,2020.0,1864.06,1900.12,1900.12,112739.21557998,coinbase-exchange
2023-05-07,1900.12,1936.45,1870.61,1873.27,1873.27,74231.15468325,coinbase-exchange
2023-05-08,1873.28,1886.87,1810.0,1849.11,1849.11,168218.43505268,coinbase-exchange
2023-05-09,1849.11,1862.57,1832.0,1847.7,1847.7,93273.22792235,coinbase-exchange
2023-05-10,1847.5,1888.97,1789.75,1842.47,1842.47,176402.42399244,coinbase-exchange
2023-05-11,1842.33,1843.62,1772.26,1795.24,1795.24,133802.64396645,coinbase-exchange
2023-05-12,1795.22,1817.25,1737.76,1808.35,1808.35,138780.08409832,coinbase-exchange
2023-05-13,1808.24,1817.32,1786.44,1795.99,1795.99,51855.71796261,coinbase-exchange
2023-05-14,1796.01,1824.67,1790.49,1800.03,1800.03,46196.57094705,coinbase-exchange
2023-05-15,1800.0,1848.05,1785.52,1816.79,1816.79,117667.19574722,coinbase-exchange
2023-05-16,1816.8,1833.25,1796.86,1824.64,1824.64,82503.84666329,coinbase-exchange
2023-05-17,1824.57,1837.15,1783.59,1822.49,1822.49,94085.03920847,coinbase-exchange
2023-05-18,1822.46,1831.84,1770.88,1800.61,1800.61,80676.45327688,coinbase-exchange
2023-05-19,1800.61,1830.0,1797.08,1812.84,1812.84,64344.11418462,coinbase-exchange
2023-05-20,1812.84,1829.85,1807.26,1819.96,1819.96,33384.79974843,coinbase-exchange
2023-05-21,1819.9,1829.53,1797.19,1805.28,1805.28,33106.35974055,coinbase-exchange
2023-05-22,1805.35,1829.51,1791.99,1817.76,1817.76,65551.70673749,coinbase-exchange
2023-05-23,1817.76,1873.7,1815.59,1854.41,1854.41,86046.40887122,coinbase-exchange
2023-05-24,1854.42,1854.75,1774.56,1799.75,1799.75,91642.89182667,coinbase-exchange
2023-05-25,1799.79,1818.94,1759.45,1805.83,1805.83,83744.8701424,coinbase-exchange
2023-05-26,1805.76,1838.96,1796.75,1828.43,1828.43,69736.78276535,coinbase-exchange
2023-05-27,1828.32,1837.0,1812.92,1830.67,1830.67,28429.50747639,coinbase-exchange
2023-05-28,1830.6,1921.0,1823.86,1909.25,1909.25,81609.20883023,coinbase-exchange
2023-05-29,1909.1,1928.51,1874.14,1893.2,1893.2,91048.58194716,coinbase-exchange
2023-05-30,1893.18,1917.61,1881.93,1901.11,1901.11,96724.93469207,coinbase-exchange
2023-05-31,1901.1,1908.04,1847.61,1874.04,1874.04,93058.72475908,coinbase-exchange
2023-06-01,1874.08,1889.29,1839.72,1862.43,1862.43,96470.72304438,coinbase-exchange
2023-06-02,1862.33,1911.31,1847.66,1907.41,1907.41,87806.05449698,coinbase-exchange
2023-06-03,1907.44,1909.63,1882.42,1892.62,1892.62,33883.00307554,coinbase-exchange
2023-06-04,1892.62,1914.83,1884.72,1890.23,1890.23,32506.25336073,coinbase-exchange
2023-06-05,1890.22,1891.34,1777.25,1811.21,1811.21,133729.38796529,coinbase-exchange
2023-06-06,1811.21,1898.25,1796.52,1884.95,1884.95,117911.62779482,coinbase-exchange
2023-06-07,1884.93,1898.0,1820.0,1832.49,1832.49,126979.80361204,coinbase-exchange
2023-06-08,1832.43,1861.59,1828.63,1845.99,1845.99,53739.2409447,coinbase-exchange
2023-06-09,1846.21,1855.44,1826.92,1840.46,1840.46,61326.07108796,coinbase-exchange
2023-06-10,1840.46,1845.19,1716.24,1752.32,1752.32,180377.32723936,coinbase-exchange
2023-06-11,1752.32,1778.65,1739.0,1753.1,1753.1,67320.65838212,coinbase-exchange
2023-06-12,1753.1,1759.58,1719.74,1742.66,1742.66,104213.35741918,coinbase-exchange
2023-06-13,1742.69,1766.23,1723.68,1739.54,1739.54,112831.26060085,coinbase-exchange
2023-06-14,1739.51,1749.85,1630.0,1650.84,1650.84,124654.02551192,coinbase-exchange
2023-06-15,1650.84,1678.91,1620.15,1665.28,1665.28,137062.43019777,coinbase-exchange
2023-06-16,1665.17,1727.8,1648.29,1716.8,1716.8,88651.50050649,coinbase-exchange
2023-06-17,1716.71,1769.08,1712.96,1727.09,1727.09,45580.87620723,coinbase-exchange
2023-06-18,1727.15,1747.4,1712.61,1720.43,1720.43,37169.42339912,coinbase-exchange
2023-06-19,1720.4,1750.71,1698.53,1736.58,1736.58,64986.67973263,coinbase-exchange
2023-06-20,1736.45,1797.24,1713.79,1792.86,1792.86,131094.31127116,coinbase-exchange
2023-06-21,1792.71,1901.86,1787.4,1889.57,1889.57,205714.82101311,coinbase-exchange
2023-06-22,1889.46,1933.72,1866.57,1872.13,1872.13,136777.14234797,coinbase-exchange
2023-06-23,1872.13,1936.68,1861.37,1893.66,1893.66,112622.71955974,coinbase-exchange
2023-06-24,1893.74,1906.86,1865.64,1875.87,1875.87,44081.47507327,coinbase-exchange
2023-06-25,1875.88,1930.66,1869.88,1899.73,1899.73,67353.84099709,coinbase-exchange
2023-06-26,1899.8,1908.95,1836.25,1859.19,1859.19,89749.72763224,coinbase-exchange
2023-06-27,1859.19,1912.6,1855.41,1889.82,1889.82,92097.01330236,coinbase-exchange
2023-06-28,1889.77,1890.49,1816.0,1827.37,1827.37,101759.55539935,coinbase-exchange
2023-06-29,1827.3,1879.6,1826.43,1852.11,1852.11,72773.6432135,coinbase-exchange
2023-06-30,1851.98,1946.75,1823.2,1933.57,1933.57,211965.83457331,coinbase-exchange
2023-07-01,1933.7,1944.32,1908.65,1924.14,1924.14,56737.84297268,coinbase-exchange
2023-07-02,1924.14,1959.7,1885.33,1937.26,1937.26,85221.98862426,coinbase-exchange
2023-07-03,1937.28,1976.99,1933.46,1955.76,1955.76,104013.30517861,coinbase-exchange
2023-07-04,1955.76,1967.07,1931.7,1936.42,1936.42,61516.63477519,coinbase-exchange
2023-07-05,1936.44,1942.66,1894.18,1910.14,1910.14,70482.06535559,coinbase-exchange
2023-07-06,1910.15,1957.76,1845.7,1845.8,1845.8,124378.76917782,coinbase-exchange
2023-07-07,1846.04,1878.09,1825.38,1870.93,1870.93,86368.39903159,coinbase-exchange
2023-07-08,1870.9,1873.23,1842.57,1865.56,1865.56,49501.03716728,coinbase-exchange
2023-07-09,1865.56,1879.35,1856.62,1863.01,1863.01,34389.84936597,coinbase-exchange
2023-07-10,1862.99,1905.83,1846.99,1880.62,1880.62,90689.06095885,coinbase-exchange
2023-07-11,1880.62,1891.7,1862.23,1878.66,1878.66,58861.84428148,coinbase-exchange
2023-07-12,1878.58,1905.0,1864.17,1871.65,1871.65,91650.67609635,coinbase-exchange
2023-07-13,1871.65,2014.26,1862.44,2005.95,2005.95,217841.38411854,coinbase-exchange
2023-07-14,2005.95,2029.34,1898.88,1938.91,1938.91,164795.03146848,coinbase-exchange
2023-07-15,1938.99,1947.04,1926.92,1931.9,1931.9,40675.73037046,coinbase-exchange
2023-07-16,1931.89,1944.15,1914.75,1923.38,1923.38,39618.81522884,coinbase-exchange
2023-07-17,1923.21,1936.93,1873.61,1911.38,1911.38,132065.00633478,coinbase-exchange
2023-07-18,1911.26,1917.49,1876.01,1897.72,1897.72,129808.3219303,coinbase-exchange
2023-07-19,1897.72,1922.33,1882.15,1888.73,1888.73,111607.1389253,coinbase-exchange
2023-07-20,1888.65,1929.03,1877.77,1891.72,1891.72,100239.01603496,coinbase-exchange
2023-07-21,1891.76,1905.41,1884.43,1891.92,1891.92,55235.39533058,coinbase-exchange
2023-07-22,1891.92,1897.62,1851.35,1866.69,1866.69,42352.40590843,coinbase-exchange
2023-07-23,1866.61,1905.24,1858.19,1888.65,1888.65,61563.29015459,coinbase-exchange
2023-07-24,1888.64,1890.93,1832.83,1849.69,1849.69,127978.18134477,coinbase-exchange
2023-07-25,1849.68,1868.14,1844.69,1857.28,1857.28,57419.42710699,coinbase-exchange
2023-07-26,1857.29,1887.75,1848.03,1871.92,1871.92,72684.14808293,coinbase-exchange
2023-07-27,1871.92,1886.15,1854.39,1860.88,1860.88,53353.05426066,coinbase-exchange
2023-07-28,1860.87,1882.77,1856.18,1874.05,1874.05,52759.67579773,coinbase-exchange
2023-07-29,1874.01,1886.26,1869.1,1880.71,1880.71,23628.03151224,coinbase-exchange
2023-07-30,1880.88,1885.46,1848.81,1861.65,1861.65,49111.67488831,coinbase-exchange
2023-07-31,1861.65,1876.82,1850.55,1856.0,1856.0,84251.92423923,coinbase-exchange
2023-08-01,1856.09,1874.88,1812.0,1872.89,1872.89,160513.30855928,coinbase-exchange
2023-08-02,1872.78,1878.86,1820.1,1838.92,1838.92,102912.60761585,coinbase-exchange
2023-08-03,1838.91,1857.6,1824.0,1834.34,1834.34,70134.44959281,coinbase-exchange
2023-08-04,1834.34,1849.99,1813.45,1827.3,1827.3,72934.78259447,coinbase-exchange
2023-08-05,1827.3,1837.16,1824.45,1834.66,1834.66,24788.06790609,coinbase-exchange
2023-08-06,1834.66,1836.92,1823.7,1827.5,1827.5,25736.92637861,coinbase-exchange
2023-08-07,1827.49,1844.11,1800.0,1826.9,1826.9,80578.46482025,coinbase-exchange
2023-08-08,1826.9,1876.1,1824.0,1855.71,1855.71,90813.36288326,coinbase-exchange
2023-08-09,1855.71,1870.85,1843.35,1854.09,1854.09,67061.64786301,coinbase-exchange
2023-08-10,1854.09,1864.35,1844.07,1850.38,1850.38,47379.82288863,coinbase-exchange
2023-08-11,1850.38,1855.54,1836.41,1846.76,1846.76,51401.34991694,coinbase-exchange
2023-08-12,1846.77,1852.7,1844.93,1849.09,1849.09,20642.38300552,coinbase-exchange
2023-08-13,1849.08,1859.99,1833.03,1838.98,1838.98,28666.82026917,coinbase-exchange
2023-08-14,1838.98,1854.19,1833.27,1844.01,1844.01,50098.05830532,coinbase-exchange
2023-08-15,1844.0,1845.65,1811.34,1827.19,1827.19,50058.31066665,coinbase-exchange
2023-08-16,1827.19,1829.39,1795.15,1805.51,1805.51,67033.53900372,coinbase-exchange
2023-08-17,1805.51,1808.18,1540.0,1681.42,1681.42,189703.49281099,coinbase-exchange
2023-08-18,1681.46,1699.33,1640.18,1661.4,1661.4,160133.36341664,coinbase-exchange
2023-08-19,1661.28,1696.0,1653.84,1669.65,1669.65,54692.61607557,coinbase-exchange
2023-08-20,1669.65,1694.48,1661.83,1685.39,1685.39,46426.8880623,coinbase-exchange
2023-08-21,1685.36,1688.1,1648.65,1667.2,1667.2,79186.37606678,coinbase-exchange
2023-08-22,1667.2,1669.11,1579.34,1634.33,1634.33,110850.76953958,coinbase-exchange
2023-08-23,1634.32,1700.46,1628.81,1679.22,1679.22,111905.50727937,coinbase-exchange
2023-08-24,1679.21,1683.16,1634.73,1660.36,1660.36,77217.23328739,coinbase-exchange
2023-08-25,1660.41,1676.19,1634.54,1652.75,1652.75,83010.44896333,coinbase-exchange
2023-08-26,1652.77,1654.74,1643.0,1646.25,1646.25,18986.91545465,coinbase-exchange
2023-08-27,1646.26,1659.43,1645.38,1657.51,1657.51,22244.70853004,coinbase-exchange
2023-08-28,1657.5,1662.7,1621.04,1651.94,1651.94,60673.32488256,coinbase-exchange
2023-08-29,1651.93,1745.88,1639.04,1729.34,1729.34,122275.58410558,coinbase-exchange
2023-08-30,1729.26,1730.96,1694.98,1705.47,1705.47,61097.35135783,coinbase-exchange
2023-08-31,1705.46,1726.16,1629.76,1645.58,1645.58,116578.15874188,coinbase-exchange
2023-09-01,1645.58,1654.27,1601.69,1628.46,1628.46,92601.69188977,coinbase-exchange
2023-09-02,1628.46,1644.64,1627.43,1636.83,1636.83,30753.43898001,coinbase-exchange
2023-09-03,1636.83,1646.97,1624.93,1635.68,1635.68,36069.9532434,coinbase-exchange
2023-09-04,1635.65,1644.57,1615.85,1629.75,1629.75,43034.41180385,coinbase-exchange
2023-09-05,1629.75,1646.66,1608.85,1633.85,1633.85,54592.69579861,coinbase-exchange
2023-09-06,1633.85,1669.0,1608.17,1632.08,1632.08,64159.11336815,coinbase-exchange
2023-09-07,1632.09,1659.1,1622.41,1647.44,1647.44,60902.59005054,coinbase-exchange
2023-09-08,1647.44,1658.29,1615.65,1635.94,1635.94,58305.48970523,coinbase-exchange
2023-09-09,1635.94,1637.14,1629.32,1635.14,1635.14,13173.50160468,coinbase-exchange
2023-09-10,1635.15,1635.66,1596.78,1616.65,1616.65,46891.05891276,coinbase-exchange
2023-09-11,1616.68,1618.61,1530.6,1551.36,1551.36,122138.1334909,coinbase-exchange
2023-09-12,1551.33,1624.99,1549.21,1593.07,1593.07,92121.78663878,coinbase-exchange
2023-09-13,1592.92,1618.56,1581.65,1608.06,1608.06,71432.28132924,coinbase-exchange
2023-09-14,1608.06,1644.4,1607.48,1627.18,1627.18,84810.57469743,coinbase-exchange
2023-09-15,1627.17,1653.52,1611.52,1641.49,1641.49,46587.30736974,coinbase-exchange
2023-09-16,1641.48,1652.54,1631.88,1634.87,1634.87,25839.72626893,coinbase-exchange
2023-09-17,1634.87,1635.66,1612.35,1622.83,1622.83,28240.63467229,coinbase-exchange
2023-09-18,1622.93,1669.43,1603.55,1636.94,1636.94,82672.75437174,coinbase-exchange
2023-09-19,1636.93,1661.05,1626.77,1643.42,1643.42,53665.4341842,coinbase-exchange
2023-09-20,1643.41,1649.57,1604.91,1622.27,1622.27,69413.64809618,coinbase-exchange
2023-09-21,1622.26,1625.23,1567.81,1583.86,1583.86,70280.57355242,coinbase-exchange
2023-09-22,1583.86,1602.43,1576.52,1593.03,1593.03,49010.24393275,coinbase-exchange
2023-09-23,1593.04,1598.19,1587.97,1593.85,1593.85,17727.34147545,coinbase-exchange
2023-09-24,1593.84,1600.89,1570.35,1580.64,1580.64,32773.52822928,coinbase-exchange
2023-09-25,1580.59,1597.12,1563.0,1587.75,1587.75,62583.93066252,coinbase-exchange
2023-09-26,1587.75,1598.84,1579.47,1593.0,1593.0,49000.89806179,coinbase-exchange
2023-09-27,1593.0,1632.94,1582.38,1597.65,1597.65,80254.4465463,coinbase-exchange
2023-09-28,1597.65,1668.55,1596.93,1652.94,1652.94,136755.38213349,coinbase-exchange
2023-09-29,1652.94,1688.16,1648.33,1667.21,1667.21,96959.81985572,coinbase-exchange
2023-09-30,1667.2,1694.25,1665.98,1670.84,1670.84,52608.92316992,coinbase-exchange
2023-10-01,1670.84,1755.2,1668.51,1733.4,1733.4,75393.93444956,coinbase-exchange
2023-10-02,1733.42,1743.84,1637.82,1662.62,1662.62,158288.87222448,coinbase-exchange
2023-10-03,1662.62,1670.61,1643.56,1656.91,1656.91,75294.23778427,coinbase-exchange
2023-10-04,1656.91,1657.91,1626.01,1646.58,1646.58,80420.09102569,coinbase-exchange
2023-10-05,1646.58,1655.28,1608.0,1611.63,1611.63,88002.97784141,coinbase-exchange
2023-10-06,1611.83,1662.23,1611.78,1645.95,1645.95,71144.41944879,coinbase-exchange
2023-10-07,1645.9,1648.7,1631.01,1634.65,1634.65,27241.91429218,coinbase-exchange
2023-10-08,1634.64,1642.33,1617.31,1633.78,1633.78,38081.14823402,coinbase-exchange
2023-10-09,1633.77,1636.51,1548.22,1580.13,1580.13,102399.55980653,coinbase-exchange
2023-10-10,1580.13,1595.15,1550.18,1567.63,1567.63,79103.82961904,coinbase-exchange
2023-10-11,1567.63,1578.53,1545.5,1566.46,1566.46,79781.25310923,coinbase-exchange
2023-10-12,1566.45,1568.05,1520.85,1539.25,1539.25,68485.99935697,coinbase-exchange
2023-10-13,1539.26,1574.66,1537.31,1552.04,1552.04,63935.58299379,coinbase-exchange
2023-10-14,1552.03,1561.53,1544.65,1554.87,1554.87,20369.55429181,coinbase-exchange
2023-10-15,1554.98,1566.92,1548.3,1558.01,1558.01,28564.73003903,coinbase-exchange
2023-10-16,1558.01,1641.41,1555.2,1600.02,1600.02,140896.46861986,coinbase-exchange
2023-10-17,1600.03,1601.44,1552.74,1565.24,1565.24,63796.87989577,coinbase-exchange
2023-10-18,1565.25,1586.27,1556.01,1563.67,1563.67,57059.23546765,coinbase-exchange
2023-10-19,1563.66,1576.25,1542.36,1567.48,1567.48,59230.76611412,coinbase-exchange
2023-10-20,1567.5,1632.11,1562.0,1604.96,1604.96,110280.40281731,coinbase-exchange
2023-10-21,1604.94,1644.77,1593.06,1629.38,1629.38,63605.34688817,coinbase-exchange
2023-10-22,1629.37,1668.28,1622.36,1664.43,1664.43,64860.7669214,coinbase-exchange
2023-10-23,1664.43,1799.55,1657.95,1766.27,1766.27,191320.15916936,coinbase-exchange
2023-10-24,1766.24,1854.62,1725.79,1785.28,1785.28,261859.90084142,coinbase-exchange
2023-10-25,1785.06,1818.29,1760.2,1787.58,1787.58,126450.2986493,coinbase-exchange
2023-10-26,1787.58,1865.86,1762.67,1803.57,1803.57,162066.45814023,coinbase-exchange
2023-10-27,1803.56,1804.29,1745.05,1779.81,1779.81,90425.04228072,coinbase-exchange
2023-10-28,1779.78,1803.48,1770.8,1776.48,1776.48,34085.17268661,coinbase-exchange
2023-10-29,1776.48,1811.68,1763.25,1795.74,1795.74,48201.56051951,coinbase-exchange
2023-10-30,1795.63,1830.64,1778.24,1809.69,1809.69,80444.07174014,coinbase-exchange
2023-10-31,1809.67,1820.0,1781.62,1815.14,1815.14,80270.49772666,coinbase-exchange
2023-11-01,1815.14,1859.0,1783.48,1847.74,1847.74,139857.49667144,coinbase-exchange
2023-11-02,1847.74,1875.0,1785.03,1801.31,1801.31,110389.55551632,coinbase-exchange
2023-11-03,1801.31,1836.16,1777.0,1833.76,1833.76,79637.2413367,coinbase-exchange
2023-11-04,1833.64,1870.32,1825.11,1857.23,1857.23,38916.34595206,coinbase-exchange
2023-11-05,1857.17,1913.57,1847.46,1893.16,1893.16,82496.39953529,coinbase-exchange
2023-11-06,1893.13,1916.13,1870.64,1901.68,1901.68,97625.94820106,coinbase-exchange
2023-11-07,1901.67,1908.07,1851.01,1885.93,1885.93,122337.33944691,coinbase-exchange
2023-11-08,1885.93,1905.3,1873.55,1888.84,1888.84,74827.09163576,coinbase-exchange
2023-11-09,1888.86,2131.91,1882.84,2121.3,2121.3,290571.52840203,coinbase-exchange
2023-11-10,2120.88,2136.53,2066.0,2078.57,2078.57,148151.5915368,coinbase-exchange
2023-11-11,2078.57,2091.61,2032.14,2053.83,2053.83,84815.43690608,coinbase-exchange
2023-11-12,2053.94,2066.93,2013.5,2046.06,2046.06,50912.23589705,coinbase-exchange
2023-11-13,2046.06,2118.65,2029.28,2053.99,2053.99,144429.20318696,coinbase-exchange
2023-11-14,2054.31,2065.48,1933.0,1979.61,1979.61,136319.6702245,coinbase-exchange
2023-11-15,1979.45,2063.58,1967.19,2059.38,2059.38,152595.88274792,coinbase-exchange
2023-11-16,2059.46,2100.0,1909.37,1961.76,1961.76,178044.63341731,coinbase-exchange
2023-11-17,1961.66,1991.25,1906.15,1961.57,1961.57,125667.83736351,coinbase-exchange
2023-11-18,1961.53,1972.38,1917.96,1963.76,1963.76,45737.12941532,coinbase-exchange
2023-11-19,1963.75,2016.6,1944.65,2012.29,2012.29,55072.30287312,coinbase-exchange
2023-11-20,2012.68,2067.79,1993.59,2022.55,2022.55,146484.68418925,coinbase-exchange
2023-11-21,2022.56,2035.77,1930.86,1933.45,1933.45,136174.20007133,coinbase-exchange
2023-11-22,1933.52,2092.66,1929.26,2063.94,2063.94,146760.1198297,coinbase-exchange
2023-11-23,2063.95,2089.18,2040.23,2062.78,2062.78,84629.71524463,coinbase-exchange
2023-11-24,2062.51,2134.16,2059.7,2082.61,2082.61,127130.6016511,coinbase-exchange
2023-11-25,2082.74,2091.72,2067.11,2084.02,2084.02,32637.81834342,coinbase-exchange
2023-11-26,2084.0,2095.16,2037.8,2063.09,2063.09,57167.2638941,coinbase-exchange
2023-11-27,2063.13,2072.0,1985.72,2027.47,2027.47,125768.15951531,coinbase-exchange
2023-11-28,2027.46,2076.0,1995.29,2049.08,2049.08,100207.915287,coinbase-exchange
2023-11-29,2048.94,2075.84,2019.63,2029.11,2029.11,75542.21726307,coinbase-exchange
2023-11-30,2029.14,2055.74,2020.96,2053.1,2053.1,75775.80126746,coinbase-exchange
2023-12-01,2053.08,2112.09,2045.99,2088.4,2088.4,142736.12841928,coinbase-exchange
2023-12-02,2088.43,2190.48,2086.97,2165.76,2165.76,83470.66010767,coinbase-exchange
2023-12-03,2165.85,2217.78,2150.3,2194.13,2194.13,78192.25684803,coinbase-exchange
2023-12-04,2194.12,2274.95,2192.41,2243.29,2243.29,156712.86675745,coinbase-exchange
2023-12-05,2243.25,2309.82,2187.97,2293.97,2293.97,167077.77250219,coinbase-exchange
2023-12-06,2293.96,2312.75,2219.61,2232.8,2232.8,134193.65734318,coinbase-exchange
2023-12-07,2233.08,2384.0,2222.58,2356.57,2356.57,159654.71681372,coinbase-exchange
2023-12-08,2356.4,2392.35,2338.25,2358.59,2358.59,130139.81922754,coinbase-exchange
2023-12-09,2359.01,2403.37,2329.35,2341.28,2341.28,69627.48310609,coinbase-exchange
2023-12-10,2341.48,2377.61,2322.53,2352.29,2352.29,44645.61294931,coinbase-exchange
2023-12-11,2352.71,2354.99,2127.36,2224.06,2224.06,193291.06535168,coinbase-exchange
2023-12-12,2224.15,2243.23,2164.82,2202.34,2202.34,128295.68890567,coinbase-exchange
2023-12-13,2202.39,2284.98,2144.52,2260.69,2260.69,141516.28789964,coinbase-exchange
2023-12-14,2260.69,2332.39,2229.9,2315.95,2315.95,142369.02286482,coinbase-exchange
2023-12-15,2315.81,2318.39,2199.76,2220.31,2220.31,122773.57046315,coinbase-exchange
2023-12-16,2220.44,2262.0,2209.68,2227.29,2227.29,49598.43029094,coinbase-exchange
2023-12-17,2227.19,2247.08,2189.89,2194.75,2194.75,56323.1405293,coinbase-exchange
2023-12-18,2194.45,2223.31,2115.22,2218.71,2218.71,103052.23127627,coinbase-exchange
2023-12-19,2218.58,2254.14,2134.43,2177.27,2177.27,122574.02370214,coinbase-exchange
2023-12-20,2177.32,2264.85,2156.96,2202.0,2202.0,164826.68035353,coinbase-exchange
2023-12-21,2201.93,2279.65,2182.83,2239.92,2239.92,136641.48600479,coinbase-exchange
2023-12-22,2239.92,2344.26,2230.66,2326.35,2326.35,173481.66487576,coinbase-exchange
2023-12-23,2326.49,2332.69,2266.79,2309.58,2309.58,71690.42077486,coinbase-exchange
2023-12-24,2309.51,2327.66,2244.79,2265.33,2265.33,66756.02178328,coinbase-exchange
2023-12-25,2265.45,2304.93,2253.96,2271.53,2271.53,46049.01449884,coinbase-exchange
2023-12-26,2271.42,2275.2,2148.1,2230.91,2230.91,112774.77130849,coinbase-exchange
2023-12-27,2230.93,2393.39,2212.12,2380.66,2380.66,167830.74188422,coinbase-exchange
2023-12-28,2380.54,2448.25,2336.7,2344.94,2344.94,187887.79244123,coinbase-exchange
2023-12-29,2345.08,2386.99,2255.78,2299.37,2299.37,155499.37553718,coinbase-exchange
2023-12-30,2299.17,2322.86,2267.63,2291.15,2291.15,66344.10814823,coinbase-exchange
2023-12-31,2291.51,2320.48,2259.1,2281.07,2281.07,94453.26052695,coinbase-exchange
2024-01-01,2281.03,2353.33,2264.86,2352.76,2352.76,65735.83712724,coinbase-exchange
2024-01-02,2352.8,2433.19,2342.19,2356.16,2356.16,146957.41838868,coinbase-exchange
2024-01-03,2356.27,2385.66,2100.0,2210.49,2210.49,238855.87311254,coinbase-exchange
2024-01-04,2210.49,2297.64,2203.1,2269.47,2269.47,139871.10592444,coinbase-exchange
2024-01-05,2269.48,2278.84,2207.6,2270.35,2270.35,103166.13797897,coinbase-exchange
2024-01-06,2270.29,2271.72,2217.0,2241.87,2241.87,43380.28085198,coinbase-exchange
2024-01-07,2241.81,2258.57,2206.66,2222.69,2222.69,44609.45118075,coinbase-exchange
2024-01-08,2222.86,2360.81,2167.68,2332.51,2332.51,124227.66088047,coinbase-exchange
2024-01-09,2332.52,2376.1,2228.42,2344.93,2344.93,180275.73765795,coinbase-exchange
2024-01-10,2344.97,2644.42,2340.77,2584.77,2584.77,317568.89216896,coinbase-exchange
2024-01-11,2584.85,2691.07,2567.08,2618.31,2618.31,237306.47182505,coinbase-exchange
2024-01-12,2618.37,2717.89,2455.0,2522.03,2522.03,254977.63549268,coinbase-exchange
2024-01-13,2522.02,2589.97,2496.41,2578.12,2578.12,121668.19007134,coinbase-exchange
2024-01-14,2578.13,2578.96,2467.97,2470.66,2470.66,103969.50283893,coinbase-exchange
2024-01-15,2470.65,2551.77,2468.6,2509.94,2509.94,72919.16160111,coinbase-exchange
2024-01-16,2509.85,2614.04,2498.25,2586.83,2586.83,98820.86634244,coinbase-exchange
2024-01-17,2586.46,2592.5,2505.19,2527.94,2527.94,78118.40218361,coinbase-exchange
2024-01-18,2528.02,2547.67,2423.43,2468.82,2468.82,128802.61780602,coinbase-exchange
2024-01-19,2468.82,2502.14,2412.4,2490.13,2490.13,96947.20379828,coinbase-exchange
2024-01-20,2489.98,2489.98,2452.02,2470.44,2470.44,27547.90442945,coinbase-exchange
2024-01-21,2470.51,2480.69,2451.26,2455.52,2455.52,20818.01056422,coinbase-exchange
2024-01-22,2455.09,2464.33,2301.0,2311.34,2311.34,152916.39516189,coinbase-exchange
2024-01-23,2311.52,2349.07,2165.01,2240.81,2240.81,186226.75172366,coinbase-exchange
2024-01-24,2241.1,2262.88,2195.32,2234.06,2234.06,72772.97341402,coinbase-exchange
2024-01-25,2234.34,2241.35,2169.47,2217.3,2217.3,75539.58539235,coinbase-exchange
2024-01-26,2217.29,2281.72,2194.88,2267.34,2267.34,94910.54129622,coinbase-exchange
2024-01-27,2267.47,2282.54,2250.9,2268.07,2268.07,30982.52441099,coinbase-exchange
2024-01-28,2268.12,2307.97,2239.3,2256.51,2256.51,39248.46860701,coinbase-exchange
2024-01-29,2256.47,2322.55,2233.15,2317.42,2317.42,63329.25489388,coinbase-exchange
2024-01-30,2317.63,2391.91,2296.86,2342.96,2342.96,96526.62504443,coinbase-exchange
2024-01-31,2342.96,2352.17,2262.47,2281.6,2281.6,85201.8639706,coinbase-exchange
2024-02-01,2281.55,2310.97,2239.04,2303.61,2303.61,62864.78139733,coinbase-exchange
2024-02-02,2303.66,2323.4,2280.43,2308.03,2308.03,50538.33300083,coinbase-exchange
2024-02-03,2308.06,2328.42,2292.29,2295.97,2295.97,17826.99315399,coinbase-exchange
2024-02-04,2295.97,2309.45,2266.14,2288.82,2288.82,29623.64332388,coinbase-exchange
2024-02-05,2288.82,2336.1,2268.0,2298.91,2298.91,44870.36550212,coinbase-exchange
2024-02-06,2298.93,2392.65,2295.79,2372.09,2372.09,102729.57926297,coinbase-exchange
2024-02-07,2372.09,2446.9,2352.34,2424.55,2424.55,81310.98318267,coinbase-exchange
2024-02-08,2424.71,2462.69,2410.77,2419.78,2419.78,111654.90807514,coinbase-exchange
2024-02-09,2419.78,2524.11,2418.79,2487.84,2487.84,121261.76511101,coinbase-exchange
2024-02-10,2487.87,2518.02,2473.32,2501.08,2501.08,33777.58281582,coinbase-exchange
2024-02-11,2501.08,2540.57,2494.42,2508.11,2508.11,37979.95085055,coinbase-exchange
2024-02-12,2508.49,2666.66,2472.17,2661.03,2661.03,115679.36286012,coinbase-exchange
2024-02-13,2661.13,2687.13,2590.41,2641.63,2641.63,128589.09309863,coinbase-exchange
2024-02-14,2641.84,2788.95,2619.36,2777.56,2777.56,110804.3856468,coinbase-exchange
2024-02-15,2777.37,2868.68,2761.9,2825.94,2825.94,123679.76881122,coinbase-exchange
2024-02-16,2825.88,2860.28,2745.48,2803.89,2803.89,108579.83594863,coinbase-exchange
2024-02-17,2804.09,2806.8,2719.73,2786.83,2786.83,50463.18174055,coinbase-exchange
2024-02-18,2787.12,2896.74,2765.55,2882.06,2882.06,64492.75636679,coinbase-exchange
2024-02-19,2881.91,2985.0,2857.33,2945.43,2945.43,102810.47000218,coinbase-exchange
2024-02-20,2944.94,3033.53,2873.82,3015.56,3015.56,162450.24960627,coinbase-exchange
2024-02-21,3015.53,3017.99,2868.32,2968.37,2968.37,168311.07685356,coinbase-exchange
2024-02-22,2968.37,3035.84,2906.13,2969.77,2969.77,159019.68302075,coinbase-exchange
2024-02-23,2969.75,2991.94,2905.71,2921.79,2921.79,95313.32394229,coinbase-exchange
2024-02-24,2921.76,3005.28,2906.2,2992.66,2992.66,46828.0872104,coinbase-exchange
2024-02-25,2992.41,3121.04,2983.45,3113.17,3113.17,86028.2084838,coinbase-exchange
2024-02-26,3113.37,3198.77,3036.62,3178.34,3178.34,149112.056773,coinbase-exchange
2024-02-27,3178.28,3291.36,3167.8,3243.84,3243.84,144336.78996453,coinbase-exchange
2024-02-28,3244.35,3492.31,3185.0,3386.64,3386.64,231321.85685237,coinbase-exchange
2024-02-29,3386.64,3521.99,3302.1,3341.78,3341.78,184874.52035185,coinbase-exchange
2024-03-01,3341.78,3454.95,3340.15,3436.0,3436.0,108273.12334217,coinbase-exchange
2024-03-02,3436.37,3462.0,3398.14,3424.04,3424.04,59797.37297303,coinbase-exchange
2024-03-03,3423.77,3493.78,3363.59,3489.53,3489.53,65187.6206346,coinbase-exchange
2024-03-04,3489.95,3650.0,3430.0,3633.23,3633.23,152726.49937298,coinbase-exchange
2024-03-05,3632.92,3829.93,3205.0,3557.41,3557.41,365410.47754845,coinbase-exchange
2024-03-06,3557.42,3903.42,3502.0,3821.82,3821.82,219365.56854364,coinbase-exchange
2024-03-07,3822.1,3941.57,3736.5,3875.28,3875.28,137053.14296446,coinbase-exchange
2024-03-08,3875.42,4000.0,3826.37,3892.6,3892.6,165705.35869307,coinbase-exchange
2024-03-09,3892.62,3951.37,3880.0,3913.55,3913.55,62180.56431897,coinbase-exchange
2024-03-10,3913.84,3972.17,3800.01,3881.96,3881.96,84572.21007878,coinbase-exchange
2024-03-11,3882.48,4091.67,3730.72,4066.21,4066.21,189041.07032596,coinbase-exchange
2024-03-12,4066.95,4093.88,3828.83,3980.34,3980.34,174639.81824993,coinbase-exchange
2024-03-13,3980.31,4085.57,3934.52,4007.7,4007.7,133886.82772964,coinbase-exchange
2024-03-14,4007.79,4013.25,3714.53,3880.45,3880.45,190612.34558486,coinbase-exchange
2024-03-15,3880.45,3932.39,3566.38,3742.95,3742.95,252124.79920745,coinbase-exchange
2024-03-16,3743.29,3781.4,3466.55,3520.1,3520.1,116692.68177422,coinbase-exchange
2024-03-17,3520.24,3676.76,3410.78,3641.02,3641.02,109583.54224228,coinbase-exchange
2024-03-18,3641.51,3642.56,3454.3,3520.66,3520.66,119847.05230624,coinbase-exchange
2024-03-19,3520.52,3547.97,3147.81,3156.97,3156.97,257986.0718834,coinbase-exchange
2024-03-20,3156.94,3536.72,3057.5,3516.68,3516.68,324768.03382929,coinbase-exchange
2024-03-21,3517.02,3586.59,3410.45,3491.78,3491.78,148636.00452543,coinbase-exchange
2024-03-22,3491.78,3542.56,3250.33,3337.41,3337.41,163488.1093582,coinbase-exchange
2024-03-23,3337.38,3436.39,3271.47,3330.05,3330.05,94959.72106776,coinbase-exchange
2024-03-24,3330.28,3471.22,3300.0,3454.67,3454.67,60606.08564157,coinbase-exchange
2024-03-25,3454.88,3661.7,3418.61,3591.02,3591.02,119411.57116768,coinbase-exchange
2024-03-26,3590.61,3681.9,3544.0,3587.67,3587.67,97999.11894572,coinbase-exchange
2024-03-27,3587.5,3665.95,3458.0,3499.56,3499.56,113287.84057127,coinbase-exchange
2024-03-28,3499.62,3612.3,3462.44,3561.1,3561.1,82506.6359203,coinbase-exchange
2024-03-29,3561.12,3584.9,3473.42,3511.08,3511.08,60142.83951755,coinbase-exchange
2024-03-30,3511.21,3568.13,3488.08,3507.51,3507.51,49286.0694304,coinbase-exchange
2024-03-31,3507.31,3654.87,3505.76,3645.48,3645.48,53825.13202391,coinbase-exchange
2024-04-01,3645.55,3646.38,3413.86,3505.85,3505.85,97053.82915967,coinbase-exchange
2024-04-02,3505.95,3507.69,3211.41,3279.64,3279.64,148814.96574824,coinbase-exchange
2024-04-03,3279.71,3369.43,3202.8,3312.43,3312.43,99323.0886667,coinbase-exchange
2024-04-04,3312.42,3444.95,3251.91,3329.39,3329.39,108312.21150232,coinbase-exchange
2024-04-05,3329.41,3348.33,3210.99,3319.26,3319.26,82464.50869563,coinbase-exchange
2024-04-06,3319.1,3398.8,3308.7,3352.66,3352.66,35789.96297357,coinbase-exchange
2024-04-07,3352.87,3459.52,3345.36,3453.67,3453.67,40642.58459362,coinbase-exchange
2024-04-08,3453.69,3729.16,3406.93,3694.56,3694.56,117580.32397415,coinbase-exchange
2024-04-09,3694.26,3726.79,3450.6,3504.58,3504.58,104295.66540925,coinbase-exchange
2024-04-10,3504.24,3562.51,3411.59,3546.0,3546.0,83472.76785832,coinbase-exchange
2024-04-11,3546.07,3617.97,3473.6,3503.06,3503.06,73843.06830002,coinbase-exchange
2024-04-12,3503.06,3553.03,3100.0,3239.31,3239.31,158974.418562,coinbase-exchange
2024-04-13,3238.98,3302.32,2850.0,3011.39,3011.39,241260.34609045,coinbase-exchange
2024-04-14,3012.01,3175.72,2911.23,3158.06,3158.06,160742.93293593,coinbase-exchange
2024-04-15,3158.2,3281.21,3025.0,3103.13,3103.13,129021.87609399,coinbase-exchange
2024-04-16,3103.4,3128.28,2990.0,3085.25,3085.25,117411.00495166,coinbase-exchange
2024-04-17,3085.41,3124.03,2914.01,2984.98,2984.98,122585.77561348,coinbase-exchange
2024-04-18,2984.9,3100.8,2952.53,3065.82,3065.82,91513.42190694,coinbase-exchange
2024-04-19,3065.8,3128.99,2865.71,3057.93,3057.93,126465.06248187,coinbase-exchange
2024-04-20,3057.9,3172.3,3019.11,3157.01,3157.01,42703.49658553,coinbase-exchange
2024-04-21,3156.62,3198.46,3117.46,3148.1,3148.1,34111.84839622,coinbase-exchange
2024-04-22,3148.06,3237.41,3129.68,3201.46,3201.46,70530.52584425,coinbase-exchange
2024-04-23,3201.67,3266.4,3153.41,3219.49,3219.49,69940.4136472,coinbase-exchange
2024-04-24,3219.42,3293.4,3102.62,3138.91,3138.91,88784.32655222,coinbase-exchange
2024-04-25,3139.27,3191.94,3071.79,3155.36,3155.36,95350.39968519,coinbase-exchange
2024-04-26,3155.27,3166.66,3101.01,3130.0,3130.0,69330.93637665,coinbase-exchange
2024-04-27,3130.04,3281.92,3067.27,3253.04,3253.04,65631.20199995,coinbase-exchange
2024-04-28,3253.04,3356.31,3239.72,3262.6,3262.6,66716.10732189,coinbase-exchange
2024-04-29,3262.99,3287.15,3114.56,3215.53,3215.53,85704.21545809,coinbase-exchange
2024-04-30,3215.89,3249.66,2916.34,3011.4,3011.4,122376.47890903,coinbase-exchange
2024-05-01,3011.24,3020.26,2814.12,2968.12,2968.12,148775.73927121,coinbase-exchange
2024-05-02,2968.18,3016.07,2890.28,2986.32,2986.32,74253.44635959,coinbase-exchange
2024-05-03,2986.12,3128.04,2958.55,3103.27,3103.27,82328.62907159,coinbase-exchange
2024-05-04,3104.11,3167.85,3093.87,3117.41,3117.41,37445.2105609,coinbase-exchange
2024-05-05,3117.52,3171.64,3073.7,3136.95,3136.95,38526.42777835,coinbase-exchange
2024-05-06,3136.77,3221.41,3045.59,3062.69,3062.69,79596.65949657,coinbase-exchange
2024-05-07,3062.69,3129.9,3000.0,3005.78,3005.78,62108.80446702,coinbase-exchange
2024-05-08,3006.09,3038.17,2937.09,2972.82,2972.82,52553.55510881,coinbase-exchange
2024-05-09,2972.81,3058.43,2949.52,3035.92,3035.92,56610.30197974,coinbase-exchange
2024-05-10,3035.92,3053.53,2878.38,2909.43,2909.43,79016.14737388,coinbase-exchange
2024-05-11,2909.38,2943.64,2885.8,2911.75,2911.75,26841.15468691,coinbase-exchange
2024-05-12,2911.77,2954.16,2900.59,2927.75,2927.75,23851.53354001,coinbase-exchange
2024-05-13,2927.72,2994.74,2864.35,2950.21,2950.21,81949.54698641,coinbase-exchange
2024-05-14,2950.09,2988.0,2858.76,2880.4,2880.4,84843.49382255,coinbase-exchange
2024-05-15,2880.39,3041.53,2862.36,3033.2,3033.2,102425.75517286,coinbase-exchange
2024-05-16,3033.23,3041.71,2923.73,2945.11,2945.11,79847.19015756,coinbase-exchange
2024-05-17,2944.86,3122.08,2932.68,3093.39,3093.39,80378.06214215,coinbase-exchange
2024-05-18,3093.2,3148.0,3085.07,3123.99,3123.99,35887.59340775,coinbase-exchange
2024-05-19,3123.76,3137.64,3053.74,3070.9,3070.9,36279.72976482,coinbase-exchange
2024-05-20,3070.83,3695.0,3048.58,3661.52,3661.52,280881.20562155,coinbase-exchange
2024-05-21,3661.51,3841.24,3625.58,3789.37,3789.37,253191.48042776,coinbase-exchange
2024-05-22,3789.41,3813.25,3653.11,3735.99,3735.99,152993.45828385,coinbase-exchange
2024-05-23,3736.02,3947.0,3521.24,3780.83,3780.83,309961.25314343,coinbase-exchange
2024-05-24,3780.42,3827.99,3627.53,3726.89,3726.89,112184.8378011,coinbase-exchange
2024-05-25,3726.87,3777.78,3707.41,3749.06,3749.06,33301.97878165,coinbase-exchange
2024-05-26,3749.23,3882.82,3731.03,3823.83,3823.83,57883.65812154,coinbase-exchange
2024-05-27,3823.55,3973.9,3821.01,3890.72,3890.72,71151.44619506,coinbase-exchange
2024-05-28,3890.72,3926.6,3769.47,3839.98,3839.98,100613.04720901,coinbase-exchange
2024-05-29,3840.18,3884.24,3740.75,3762.11,3762.11,108846.32940744,coinbase-exchange
2024-05-30,3762.07,3824.07,3700.4,3746.74,3746.74,96742.8620579,coinbase-exchange
2024-05-31,3746.64,3846.0,3720.52,3758.44,3758.44,83743.90660225,coinbase-exchange
2024-06-01,3758.44,3829.99,3748.31,3812.48,3812.48,33739.89750423,coinbase-exchange
2024-06-02,3812.49,3835.0,3750.59,3778.88,3778.88,44725.20926266,coinbase-exchange
2024-06-03,3778.88,3850.06,3757.32,3766.09,3766.09,66419.59243831,coinbase-exchange
2024-06-04,3766.12,3832.56,3730.56,3810.29,3810.29,57771.03645715,coinbase-exchange
2024-06-05,3810.24,3888.9,3777.25,3866.57,3866.57,67943.79281961,coinbase-exchange
2024-06-06,3866.42,3879.15,3758.19,3812.09,3812.09,53756.6117727,coinbase-exchange
2024-06-07,3812.04,3839.71,3575.23,3676.35,3676.35,110370.11489481,coinbase-exchange
2024-06-08,3676.31,3707.99,3658.0,3680.84,3680.84,28751.32754441,coinbase-exchange
2024-06-09,3680.89,3721.16,3666.2,3706.27,3706.27,19656.41005708,coinbase-exchange
2024-06-10,3706.4,3712.6,3643.02,3665.86,3665.86,43724.86169828,coinbase-exchange
2024-06-11,3665.86,3671.47,3381.0,3497.31,3497.31,137575.16363517,coinbase-exchange
2024-06-12,3497.27,3657.05,3461.52,3559.14,3559.14,98483.84286884,coinbase-exchange
2024-06-13,3559.14,3560.6,3425.87,3467.65,3467.65,108846.17560996,coinbase-exchange
2024-06-14,3467.9,3529.83,3360.62,3479.53,3479.53,102617.12125958,coinbase-exchange
2024-06-15,3479.53,3591.87,3470.96,3566.69,3566.69,56700.50673905,coinbase-exchange
2024-06-16,3566.82,3651.51,3538.74,3622.1,3622.1,44147.59671264,coinbase-exchange
2024-06-17,3622.53,3640.0,3463.38,3509.55,3509.55,111781.88622712,coinbase-exchange
2024-06-18,3509.81,3515.87,3351.0,3482.06,3482.06,129044.70825538,coinbase-exchange
2024-06-19,3482.07,3585.77,3464.44,3559.14,3559.14,103693.89596402,coinbase-exchange
2024-06-20,3559.24,3624.28,3483.5,3510.73,3510.73,108383.66568546,coinbase-exchange
2024-06-21,3510.73,3545.99,3444.7,3517.19,3517.19,103321.37276566,coinbase-exchange
2024-06-22,3517.18,3520.03,3473.78,3494.09,3494.09,30077.22258147,coinbase-exchange
2024-06-23,3494.09,3519.79,3405.07,3418.42,3418.42,43942.98809967,coinbase-exchange
2024-06-24,3418.42,3432.5,3233.75,3350.59,3350.59,171526.13894959,coinbase-exchange
2024-06-25,3350.6,3430.6,3334.79,3393.6,3393.6,105747.82411729,coinbase-exchange
2024-06-26,3393.59,3425.44,3323.0,3369.31,3369.31,82891.50854776,coinbase-exchange
2024-06-27,3369.76,3474.12,3359.23,3445.58,3445.58,76984.49380219,coinbase-exchange
2024-06-28,3445.57,3484.72,3360.01,3373.62,3373.62,102502.65124597,coinbase-exchange
2024-06-29,3373.75,3403.09,3366.21,3373.26,3373.26,24185.37815898,coinbase-exchange
2024-06-30,3373.34,3453.93,3347.21,3432.37,3432.37,33619.80014887,coinbase-exchange
2024-07-01,3432.37,3518.85,3420.5,3438.59,3438.59,61636.24032048,coinbase-exchange
2024-07-02,3438.59,3460.56,3396.76,3416.17,3416.17,43494.06793371,coinbase-exchange
2024-07-03,3416.17,3427.04,3248.0,3291.73,3291.73,87308.24050746,coinbase-exchange
2024-07-04,3291.88,3309.58,3050.0,3058.89,3058.89,128764.42789612,coinbase-exchange
2024-07-05,3059.08,3108.7,2809.41,2981.74,2981.74,246354.98758317,coinbase-exchange
2024-07-06,2981.74,3082.05,2955.67,3067.39,3067.39,53153.51902767,coinbase-exchange
2024-07-07,3067.38,3073.49,2921.13,2930.78,2930.78,43012.58338564,coinbase-exchange
2024-07-08,2930.78,3095.94,2822.64,3018.48,3018.48,142216.07981425,coinbase-exchange
2024-07-09,3018.47,3113.5,3003.55,3066.51,3066.51,59915.93941771,coinbase-exchange
2024-07-10,3066.35,3150.72,3023.8,3100.3,3100.3,67608.08879775,coinbase-exchange
2024-07-11,3100.35,3220.48,3055.0,3099.29,3099.29,77797.90457066,coinbase-exchange
2024-07-12,3099.35,3158.3,3045.8,3135.05,3135.05,49238.51060916,coinbase-exchange
2024-07-13,3134.84,3203.05,3114.15,3176.71,3176.71,26046.02798174,coinbase-exchange
2024-07-14,3176.61,3270.12,3164.66,3246.38,3246.38,38866.26158568,coinbase-exchange
2024-07-15,3246.38,3496.03,3233.86,3485.87,3485.87,110069.74915363,coinbase-exchange
2024-07-16,3485.35,3499.99,3348.0,3446.67,3446.67,90433.49001457,coinbase-exchange
2024-07-17,3446.67,3518.38,3376.92,3387.45,3387.45,69258.00394095,coinbase-exchange
2024-07-18,3387.1,3490.0,3367.65,3425.58,3425.58,62188.79112524,coinbase-exchange
2024-07-19,3425.58,3541.85,3375.99,3505.75,3505.75,82780.35096942,coinbase-exchange
2024-07-20,3505.83,3540.79,3482.03,3519.06,3519.06,29367.4769642,coinbase-exchange
2024-07-21,3518.99,3547.57,3413.01,3536.2,3536.2,41195.37901679,coinbase-exchange
2024-07-22,3536.21,3563.02,3423.94,3441.1,3441.1,55522.37465033,coinbase-exchange
2024-07-23,3441.09,3541.2,3390.0,3482.9,3482.9,134627.15575407,coinbase-exchange
2024-07-24,3482.89,3488.05,3299.16,3334.99,3334.99,108661.70978004,coinbase-exchange
2024-07-25,3335.0,3342.07,3086.13,3174.3,3174.3,201536.44580506,coinbase-exchange
2024-07-26,3174.3,3286.65,3169.59,3274.95,3274.95,88789.0006109,coinbase-exchange
2024-07-27,3274.84,3327.6,3190.57,3249.25,3249.25,55872.3354621,coinbase-exchange
2024-07-28,3249.24,3283.98,3198.23,3269.98,3269.98,30497.48961316,coinbase-exchange
2024-07-29,3270.15,3396.61,3256.68,3317.55,3317.55,111549.61997732,coinbase-exchange
2024-07-30,3317.42,3365.68,3232.55,3278.27,3278.27,86408.39509467,coinbase-exchange
2024-07-31,3278.42,3348.0,3213.0,3231.81,3231.81,87723.99196968,coinbase-exchange
2024-08-01,3231.81,3242.14,3077.17,3200.54,3200.54,115192.55494313,coinbase-exchange
2024-08-02,3200.53,3215.75,2964.01,2985.84,2985.84,124022.20884018,coinbase-exchange
2024-08-03,2985.88,3016.19,2857.35,2901.72,2901.72,77878.90239055,coinbase-exchange
2024-08-04,2901.98,2933.13,2626.17,2688.31,2688.31,110939.31000409,coinbase-exchange
2024-08-05,2688.38,2696.41,2116.02,2420.37,2420.37,750156.04400364,coinbase-exchange
2024-08-06,2420.79,2556.62,2415.69,2462.52,2462.52,240973.21880433,coinbase-exchange
2024-08-07,2462.26,2552.77,2308.94,2343.66,2343.66,212737.26981056,coinbase-exchange
2024-08-08,2342.82,2725.35,2321.07,2683.59,2683.59,223682.42122768,coinbase-exchange
2024-08-09,2683.33,2708.87,2553.08,2599.94,2599.94,119799.43778503,coinbase-exchange
2024-08-10,2600.1,2645.74,2577.61,2610.69,2610.69,32933.24488872,coinbase-exchange
2024-08-11,2610.38,2720.0,2539.86,2555.58,2555.58,54293.38934167,coinbase-exchange
2024-08-12,2555.09,2750.0,2509.58,2723.0,2723.0,117387.83172402,coinbase-exchange
2024-08-13,2723.23,2739.0,2611.59,2703.49,2703.49,87846.22008954,coinbase-exchange
2024-08-14,2703.49,2782.61,2633.76,2661.67,2661.67,127821.69398089,coinbase-exchange
2024-08-15,2661.98,2675.79,2516.07,2570.5,2570.5,112161.44239141,coinbase-exchange
2024-08-16,2570.22,2631.06,2551.29,2593.75,2593.75,73034.64702326,coinbase-exchange
2024-08-17,2593.75,2627.67,2588.17,2614.64,2614.64,16028.49990746,coinbase-exchange
2024-08-18,2614.64,2687.92,2594.34,2612.68,2612.68,43718.56501864,coinbase-exchange
2024-08-19,2612.33,2648.71,2563.98,2637.15,2637.15,54465.58022979,coinbase-exchange
2024-08-20,2637.63,2697.11,2555.26,2573.04,2573.04,83115.06804761,coinbase-exchange
2024-08-21,2572.69,2664.7,2536.49,2631.14,2631.14,68713.01543658,coinbase-exchange
2024-08-22,2631.18,2645.42,2584.59,2623.3,2623.3,45949.34305893,coinbase-exchange
2024-08-23,2623.26,2800.89,2621.38,2764.73,2764.73,97692.03219144,coinbase-exchange
2024-08-24,2764.89,2820.86,2732.75,2769.0,2769.0,52952.63243867,coinbase-exchange
2024-08-25,2768.95,2793.09,2734.52,2747.57,2747.57,28841.52308192,coinbase-exchange
2024-08-26,2747.06,2763.51,2667.25,2680.77,2680.77,60514.38739416,coinbase-exchange
2024-08-27,2680.75,2700.29,2393.38,2458.22,2458.22,110269.50067621,coinbase-exchange
2024-08-28,2457.84,2555.23,2418.63,2528.51,2528.51,115962.75554378,coinbase-exchange
2024-08-29,2528.76,2597.0,2503.09,2527.71,2527.71,78636.42412331,coinbase-exchange
2024-08-30,2527.76,2551.26,2430.25,2525.74,2525.74,85657.73143674,coinbase-exchange
2024-08-31,2525.7,2533.92,2492.03,2512.62,2512.62,14398.21727088,coinbase-exchange
2024-09-01,2512.49,2516.27,2399.2,2425.9,2425.9,40597.47657667,coinbase-exchange
2024-09-02,2425.78,2564.02,2423.56,2537.81,2537.81,52519.15338901,coinbase-exchange
2024-09-03,2537.99,2553.75,2410.52,2424.18,2424.18,59281.30494802,coinbase-exchange
2024-09-04,2424.16,2490.21,2307.12,2450.46,2450.46,112229.09718802,coinbase-exchange
2024-09-05,2450.26,2465.98,2347.19,2367.8,2367.8,73779.98448771,coinbase-exchange
2024-09-06,2367.5,2409.19,2150.0,2224.46,2224.46,158686.218366,coinbase-exchange
2024-09-07,2224.55,2311.27,2221.01,2272.88,2272.88,48605.25284293,coinbase-exchange
2024-09-08,2273.03,2334.03,2240.82,2297.47,2297.47,48917.56725194,coinbase-exchange
2024-09-09,2297.35,2381.46,2273.0,2360.1,2360.1,91965.44801791,coinbase-exchange
2024-09-10,2359.71,2399.99,2320.91,2388.26,2388.26,63305.03364559,coinbase-exchange
2024-09-11,2388.71,2389.58,2276.66,2340.54,2340.54,83110.11059986,coinbase-exchange
2024-09-12,2340.24,2392.13,2314.76,2361.63,2361.63,67554.09932317,coinbase-exchange
2024-09-13,2361.75,2466.49,2336.57,2440.96,2440.96,84983.24145206,coinbase-exchange
2024-09-14,2440.99,2442.56,2378.8,2418.19,2418.19,29335.9983637,coinbase-exchange
2024-09-15,2418.3,2430.91,2285.0,2316.37,2316.37,48995.2967581,coinbase-exchange
2024-09-16,2316.01,2335.18,2251.99,2295.21,2295.21,83080.821853,coinbase-exchange
2024-09-17,2295.35,2394.0,2263.05,2342.1,2342.1,87006.28326236,coinbase-exchange
2024-09-18,2342.09,2376.26,2277.05,2374.59,2374.59,95717.21636064,coinbase-exchange
2024-09-19,2374.78,2495.27,2372.73,2465.84,2465.84,110765.46794849,coinbase-exchange
2024-09-20,2465.79,2573.26,2437.49,2562.02,2562.02,95098.81621245,coinbase-exchange
2024-09-21,2562.1,2623.26,2528.75,2613.16,2613.16,45981.75244353,coinbase-exchange
2024-09-22,2612.77,2632.92,2525.0,2580.92,2580.92,40733.97945098,coinbase-exchange
2024-09-23,2580.93,2704.62,2539.64,2646.72,2646.72,103739.53519625,coinbase-exchange
2024-09-24,2646.93,2671.85,2591.67,2653.31,2653.31,101399.56360844,coinbase-exchange
2024-09-25,2653.53,2673.77,2553.93,2579.25,2579.25,75241.26087497,coinbase-exchange
2024-09-26,2579.84,2667.81,2558.84,2632.53,2632.53,76698.05571684,coinbase-exchange
2024-09-27,2632.63,2729.39,2615.45,2695.37,2695.37,100248.85127199,coinbase-exchange
2024-09-28,2695.37,2705.26,2650.16,2675.79,2675.79,24386.06817246,coinbase-exchange
2024-09-29,2675.88,2683.77,2634.38,2657.89,2657.89,27101.55183847,coinbase-exchange
2024-09-30,2657.9,2663.97,2573.89,2601.27,2601.27,73292.74710664,coinbase-exchange
2024-10-01,2601.33,2657.98,2413.11,2447.55,2447.55,155891.69082296,coinbase-exchange
2024-10-02,2447.54,2498.47,2351.92,2363.76,2363.76,91854.68404245,coinbase-exchange
2024-10-03,2363.51,2403.08,2309.17,2349.97,2349.97,75055.04033974,coinbase-exchange
2024-10-04,2349.73,2440.96,2338.96,2414.43,2414.43,63427.16619712,coinbase-exchange
2024-10-05,2414.43,2428.22,2389.68,2414.51,2414.51,17445.77099774,coinbase-exchange
2024-10-06,2414.89,2457.57,2406.0,2439.84,2439.84,17368.14003888,coinbase-exchange
2024-10-07,2439.36,2520.39,2402.32,2421.68,2421.68,73870.56676745,coinbase-exchange
2024-10-08,2421.68,2464.51,2399.24,2439.48,2439.48,60536.06425091,coinbase-exchange
2024-10-09,2439.47,2472.09,2349.63,2368.66,2368.66,69323.07080214,coinbase-exchange
2024-10-10,2368.35,2418.41,2327.83,2384.32,2384.32,87146.39549393,coinbase-exchange
2024-10-11,2384.42,2471.1,2379.84,2438.77,2438.77,79629.60253014,coinbase-exchange
2024-10-12,2439.15,2489.67,2433.43,2475.79,2475.79,26831.83205704,coinbase-exchange
2024-10-13,2475.79,2484.44,2435.88,2467.67,2467.67,28115.6827349,coinbase-exchange
2024-10-14,2467.95,2653.03,2442.42,2628.74,2628.74,134863.19504511,coinbase-exchange
2024-10-15,2628.75,2687.63,2536.47,2606.63,2606.63,147272.65006204,coinbase-exchange
2024-10-16,2606.73,2646.91,2588.05,2610.54,2610.54,97943.12619857,coinbase-exchange
2024-10-17,2610.56,2647.43,2574.29,2604.91,2604.91,67668.26380459,coinbase-exchange
2024-10-18,2604.9,2676.07,2594.79,2641.98,2641.98,82644.360255,coinbase-exchange
2024-10-19,2642.0,2662.99,2630.82,2647.97,2647.97,17748.96060487,coinbase-exchange
2024-10-20,2647.97,2758.08,2635.16,2746.22,2746.22,42114.940021,coinbase-exchange
2024-10-21,2745.91,2768.22,2653.94,2665.35,2665.35,67046.17608835,coinbase-exchange
2024-10-22,2665.25,2670.37,2603.37,2620.84,2620.84,70709.73288592,coinbase-exchange
2024-10-23,2620.84,2626.29,2448.36,2521.94,2521.94,78368.44781749,coinbase-exchange
2024-10-24,2521.91,2559.24,2504.7,2533.99,2533.99,73450.47584406,coinbase-exchange
2024-10-25,2534.0,2564.84,2379.35,2436.01,2436.01,137844.37834249,coinbase-exchange
2024-10-26,2435.81,2503.73,2425.54,2479.49,2479.49,40555.3054383,coinbase-exchange
2024-10-27,2479.49,2524.39,2460.47,2504.69,2504.69,30629.2909461,coinbase-exchange
2024-10-28,2504.72,2588.0,2468.81,2565.66,2565.66,94688.91402615,coinbase-exchange
2024-10-29,2565.66,2681.78,2559.3,2637.85,2637.85,115494.41095118,coinbase-exchange
2024-10-30,2638.11,2721.09,2598.87,2658.16,2658.16,123666.92523955,coinbase-exchange
2024-10-31,2658.15,2668.12,2500.0,2514.84,2514.84,93810.99937796,coinbase-exchange
2024-11-01,2514.74,2585.26,2464.83,2510.27,2510.27,81541.95205262,coinbase-exchange
2024-11-02,2510.27,2522.48,2469.7,2493.44,2493.44,25043.70021838,coinbase-exchange
2024-11-03,2493.5,2496.01,2409.53,2456.57,2456.57,56798.1927346,coinbase-exchange
2024-11-04,2456.15,2489.44,2355.43,2397.0,2397.0,63678.82358185,coinbase-exchange
2024-11-05,2396.62,2479.58,2379.3,2422.24,2422.24,88639.61877167,coinbase-exchange
2024-11-06,2422.24,2746.83,2420.14,2724.27,2724.27,248257.23507707,coinbase-exchange
2024-11-07,2724.27,2920.62,2701.52,2897.65,2897.65,235254.1674329,coinbase-exchange
2024-11-08,2897.65,2986.13,2888.99,2964.09,2964.09,182093.85658108,coinbase-exchange
2024-11-09,2964.09,3158.83,2956.8,3127.97,3127.97,114010.46176319,coinbase-exchange
2024-11-10,3127.96,3251.25,3069.19,3186.07,3186.07,169077.54310611,coinbase-exchange
2024-11-11,3186.03,3391.61,3108.1,3375.78,3375.78,264362.44195086,coinbase-exchange
2024-11-12,3375.79,3446.98,3210.57,3247.21,3247.21,277504.30741055,coinbase-exchange
2024-11-13,3247.54,3339.0,3120.8,3191.45,3191.45,227462.32128441,coinbase-exchange
2024-11-14,3191.34,3242.75,3028.32,3059.04,3059.04,148297.67622951,coinbase-exchange
2024-11-15,3058.89,3131.68,3012.94,3090.76,3090.76,148569.2491386,coinbase-exchange
2024-11-16,3090.76,3220.0,3072.9,3134.25,3134.25,76918.18159684,coinbase-exchange
2024-11-17,3134.48,3161.96,3036.64,3076.79,3076.79,76318.32370264,coinbase-exchange
2024-11-18,3076.79,3226.8,3050.83,3209.21,3209.21,139240.77207001,coinbase-exchange
2024-11-19,3209.42,3222.83,3070.0,3111.7,3111.7,123941.60602607,coinbase-exchange
2024-11-20,3111.63,3161.97,3031.38,3072.24,3072.24,128820.64743852,coinbase-exchange
2024-11-21,3072.33,3390.35,3034.15,3359.9,3359.9,263174.60425898,coinbase-exchange
2024-11-22,3360.11,3429.69,3260.78,3331.77,3331.77,168501.02810417,coinbase-exchange
2024-11-23,3332.16,3500.0,3316.55,3397.51,3397.51,144344.7907436,coinbase-exchange
2024-11-24,3397.51,3453.9,3286.25,3365.16,3365.16,83921.83934738,coinbase-exchange
2024-11-25,3365.17,3546.99,3304.11,3414.72,3414.72,237872.13228768,coinbase-exchange
2024-11-26,3414.64,3462.89,3252.6,3323.67,3323.67,163133.91511773,coinbase-exchange
2024-11-27,3323.67,3688.54,3300.76,3657.63,3657.63,215323.88671149,coinbase-exchange
2024-11-28,3657.2,3665.28,3530.02,3579.11,3579.11,106524.93169029,coinbase-exchange
2024-11-29,3579.48,3650.0,3536.44,3593.67,3593.67,137566.64651708,coinbase-exchange
2024-11-30,3593.38,3740.63,3569.63,3706.35,3706.35,93227.76397971,coinbase-exchange
2024-12-01,3706.35,3748.29,3661.12,3710.24,3710.24,81383.91544408,coinbase-exchange
2024-12-02,3710.08,3762.72,3556.03,3644.52,3644.52,175600.09449684,coinbase-exchange
2024-12-03,3644.51,3671.71,3502.29,3617.59,3617.59,171602.2838125,coinbase-exchange
2024-12-04,3617.82,3899.21,3616.92,3843.33,3843.33,271861.29252455,coinbase-exchange
2024-12-05,3843.84,3960.0,3681.0,3788.93,3788.93,279984.20786923,coinbase-exchange
2024-12-06,3789.07,4096.0,3781.2,4004.83,4004.83,238314.83515241,coinbase-exchange
2024-12-07,4005.37,4030.27,3973.19,4000.01,4000.01,68451.91637822,coinbase-exchange
2024-12-08,4000.02,4018.5,3926.45,4006.75,4006.75,53096.54067022,coinbase-exchange
2024-12-09,4007.38,4008.8,3501.0,3713.57,3713.57,249048.23608556,coinbase-exchange
2024-12-10,3713.56,3782.0,3516.0,3630.34,3630.34,224597.72358534,coinbase-exchange
2024-12-11,3630.37,3851.87,3564.36,3835.08,3835.08,159702.34530659,coinbase-exchange
2024-12-12,3835.08,3989.22,3799.19,3882.68,3882.68,155214.19673209,coinbase-exchange
2024-12-13,3882.62,3969.32,3854.0,3907.87,3907.87,122136.22549054,coinbase-exchange
2024-12-14,3907.7,3945.29,3824.44,3869.25,3869.25,47709.20178216,coinbase-exchange
2024-12-15,3869.5,3973.71,3831.09,3957.7,3957.7,56559.95110714,coinbase-exchange
2024-12-16,3957.7,4109.0,3881.93,3987.6,3987.6,189528.18368088,coinbase-exchange
2024-12-17,3987.59,4041.76,3848.76,3893.54,3893.54,125248.61133174,coinbase-exchange
2024-12-18,3893.44,3907.71,3615.79,3624.84,3624.84,187093.0728241,coinbase-exchange
2024-12-19,3624.92,3718.3,3322.19,3414.35,3414.35,304672.23375305,coinbase-exchange
2024-12-20,3414.35,3497.29,3095.65,3470.47,3470.47,318980.65790952,coinbase-exchange
2024-12-21,3470.47,3553.49,3291.31,3337.09,3337.09,95122.34009357,coinbase-exchange
2024-12-22,3337.05,3400.23,3217.84,3278.6,3278.6,72542.86862482,coinbase-exchange
2024-12-23,3278.69,3462.14,3213.85,3418.12,3418.12,176709.65124672,coinbase-exchange
2024-12-24,3418.12,3537.52,3353.08,3491.13,3491.13,103337.99180753,coinbase-exchange
2024-12-25,3491.13,3543.83,3437.42,3493.95,3493.95,41327.45699372,coinbase-exchange
2024-12-26,3494.36,3512.49,3301.06,3330.86,3330.86,103793.19567204,coinbase-exchange
2024-12-27,3331.17,3437.87,3301.27,3328.6,3328.6,121870.90269822,coinbase-exchange
2024-12-28,3328.34,3421.11,3317.12,3397.87,3397.87,35155.97941995,coinbase-exchange
2024-12-29,3397.86,3408.32,3320.0,3350.23,3350.23,30260.81890531,coinbase-exchange
2024-12-30,3350.24,3430.0,3293.1,3355.66,3355.66,98737.16292017,coinbase-exchange
2024-12-31,3355.44,3447.0,3310.0,3330.32,3330.32,94223.76498048,coinbase-exchange
2025-01-01,3330.52,3366.83,3308.2,3353.32,3353.32,113635.9777943,coinbase-exchange
2025-01-02,3353.32,3506.11,3347.19,3452.39,3452.39,86207.50853825,coinbase-exchange
2025-01-03,3452.39,3629.9,3420.62,3607.68,3607.68,102329.32252706,coinbase-exchange
2025-01-04,3607.68,3670.34,3571.29,3656.4,3656.4,49524.86729196,coinbase-exchange
2025-01-05,3656.4,3674.92,3593.46,3635.46,3635.46,36837.72295697,coinbase-exchange
2025-01-06,3635.48,3746.0,3609.58,3688.74,3688.74,106106.62657887,coinbase-exchange
2025-01-07,3688.73,3702.24,3356.0,3380.29,3380.29,149342.34303939,coinbase-exchange
2025-01-08,3380.32,3414.59,3206.95,3326.29,3326.29,130070.303195,coinbase-exchange
2025-01-09,3326.51,3356.78,3157.0,3218.81,3218.81,128267.34648667,coinbase-exchange
2025-01-10,3219.2,3321.91,3194.4,3266.53,3266.53,115536.39025356,coinbase-exchange
2025-01-11,3266.37,3318.91,3217.61,3282.01,3282.01,31509.24900704,coinbase-exchange
2025-01-12,3282.0,3298.2,3223.07,3266.02,3266.02,39914.90204276,coinbase-exchange
2025-01-13,3266.09,3336.26,2913.75,3136.08,3136.08,175346.06715095,coinbase-exchange
2025-01-14,3136.65,3256.46,3124.2,3223.97,3223.97,99770.14179138,coinbase-exchange
2025-01-15,3224.35,3475.14,3185.25,3451.58,3451.58,148647.52185627,coinbase-exchange
2025-01-16,3451.57,3460.6,3262.69,3307.73,3307.73,136122.61797511,coinbase-exchange
2025-01-17,3307.83,3527.0,3307.09,3475.47,3475.47,150453.58019826,coinbase-exchange
2025-01-18,3475.54,3496.48,3224.29,3304.07,3304.07,151938.03835066,coinbase-exchange
2025-01-19,3304.09,3445.0,3125.45,3210.03,3210.03,298299.62598353,coinbase-exchange
2025-01-20,3211.85,3448.0,3139.61,3280.4,3280.4,290972.59781939,coinbase-exchange
2025-01-21,3280.43,3368.0,3200.98,3327.57,3327.57,151693.96697671,coinbase-exchange
2025-01-22,3327.56,3366.1,3220.01,3241.35,3241.35,92936.50329584,coinbase-exchange
2025-01-23,3241.35,3349.15,3181.94,3338.67,3338.67,143070.07538594,coinbase-exchange
2025-01-24,3339.26,3428.25,3275.41,3309.72,3309.72,156732.03584317,coinbase-exchange
2025-01-25,3309.83,3350.27,3269.06,3318.37,3318.37,54942.68192937,coinbase-exchange
2025-01-26,3318.38,3361.16,3227.68,3231.48,3231.48,73002.88372238,coinbase-exchange
2025-01-27,3231.31,3253.54,3001.0,3181.93,3181.93,210052.48844331,coinbase-exchange
2025-01-28,3182.06,3223.56,3037.75,3076.06,3076.06,114845.18340866,coinbase-exchange
2025-01-29,3076.05,3181.99,3053.94,3114.03,3114.03,146256.01605527,coinbase-exchange
2025-01-30,3114.03,3283.5,3090.89,3247.48,3247.48,115394.80466779,coinbase-exchange
2025-01-31,3247.32,3438.96,3213.36,3299.99,3299.99,175027.24810392,coinbase-exchange
2025-02-01,3300.0,3330.9,3101.28,3116.78,3116.78,78248.09835402,coinbase-exchange
2025-02-02,3116.44,3162.35,2750.0,2869.25,2869.25,185502.0852722,coinbase-exchange
2025-02-03,2869.69,2924.6,2150.0,2883.62,2883.62,740839.23312985,coinbase-exchange
2025-02-04,2883.1,2891.9,2633.67,2732.07,2732.07,364753.54972783,coinbase-exchange
2025-02-05,2732.07,2827.94,2699.6,2788.3,2788.3,192546.34864221,coinbase-exchange
2025-02-06,2788.56,2858.92,2656.53,2687.1,2687.1,169430.89789344,coinbase-exchange
2025-02-07,2687.18,2799.59,2563.0,2622.95,2622.95,182738.50499497,coinbase-exchange
2025-02-08,2623.02,2668.11,2588.13,2632.62,2632.62,128631.57438449,coinbase-exchange
2025-02-09,2633.12,2698.72,2522.16,2627.87,2627.87,91400.38607088,coinbase-exchange
2025-02-10,2627.82,2694.49,2560.35,2661.87,2661.87,109998.03360165,coinbase-exchange
2025-02-11,2661.84,2725.74,2560.49,2602.03,2602.03,129799.77478026,coinbase-exchange
2025-02-12,2602.08,2796.89,2548.0,2738.58,2738.58,162873.98962217,coinbase-exchange
2025-02-13,2738.84,2758.18,2613.25,2676.09,2676.09,127721.98336554,coinbase-exchange
2025-02-14,2676.29,2793.44,2664.64,2726.32,2726.32,128927.50134811,coinbase-exchange
2025-02-15,2726.36,2739.55,2664.22,2693.58,2693.58,40084.20408191,coinbase-exchange
2025-02-16,2693.58,2726.58,2652.55,2661.51,2661.51,52326.61083108,coinbase-exchange
2025-02-17,2661.51,2849.53,2638.43,2744.1,2744.1,137419.86385484,coinbase-exchange
2025-02-18,2744.11,2756.5,2604.48,2670.59,2670.59,133442.2018924,coinbase-exchange
2025-02-19,2670.57,2736.29,2654.68,2715.27,2715.27,100984.73251454,coinbase-exchange
2025-02-20,2715.3,2771.9,2707.15,2738.65,2738.65,88538.81529699,coinbase-exchange
2025-02-21,2738.64,2846.53,2614.08,2661.69,2661.69,298706.61877983,coinbase-exchange
2025-02-22,2661.68,2797.81,2652.08,2763.5,2763.5,83103.0458881,coinbase-exchange
2025-02-23,2763.53,2855.23,2745.5,2819.63,2819.63,95606.18967107,coinbase-exchange
2025-02-24,2819.77,2839.81,2471.74,2513.35,2513.35,199034.77624736,coinbase-exchange
2025-02-25,2513.33,2530.99,2319.86,2492.37,2492.37,367833.55676734,coinbase-exchange
2025-02-26,2492.54,2504.18,2251.01,2332.93,2332.93,225247.77404589,coinbase-exchange
2025-02-27,2332.98,2379.47,2227.04,2305.21,2305.21,161479.6523548,coinbase-exchange
2025-02-28,2305.41,2312.05,2073.34,2236.36,2236.36,349901.13722453,coinbase-exchange
2025-03-01,2236.74,2280.48,2142.04,2216.51,2216.51,87043.0102361,coinbase-exchange
2025-03-02,2216.82,2551.49,2172.59,2518.39,2518.39,315998.58200778,coinbase-exchange
2025-03-03,2518.4,2523.84,2094.27,2147.53,2147.53,322327.3085523,coinbase-exchange
2025-03-04,2147.64,2222.15,1991.21,2170.92,2170.92,432432.0996775,coinbase-exchange
2025-03-05,2171.0,2273.29,2154.64,2241.53,2241.53,165354.51710988,coinbase-exchange
2025-03-06,2241.63,2320.0,2176.0,2202.42,2202.42,155071.09381971,coinbase-exchange
2025-03-07,2202.03,2258.02,2102.21,2140.81,2140.81,262699.28057767,coinbase-exchange
2025-03-08,2140.81,2234.05,2104.67,2203.03,2203.03,57548.29986961,coinbase-exchange
2025-03-09,2203.03,2211.66,1988.3,2020.02,2020.02,127517.5417569,coinbase-exchange
2025-03-10,2020.02,2152.48,1809.49,1864.12,1864.12,362167.30853475,coinbase-exchange
2025-03-11,1864.52,1962.83,1754.13,1923.08,1923.08,340034.80127314,coinbase-exchange
2025-03-12,1923.02,1956.15,1829.49,1907.93,1907.93,227178.14493919,coinbase-exchange
2025-03-13,1907.88,1922.09,1820.86,1863.81,1863.81,156763.1076532,coinbase-exchange
2025-03-14,1863.8,1946.0,1860.46,1911.65,1911.65,95560.30533948,coinbase-exchange
2025-03-15,1911.55,1957.51,1903.69,1937.61,1937.61,37624.28395569,coinbase-exchange
2025-03-16,1937.4,1940.96,1860.49,1886.8,1886.8,50658.46951025,coinbase-exchange
2025-03-17,1886.79,1952.24,1879.8,1926.28,1926.28,80268.22626745,coinbase-exchange
2025-03-18,1926.2,1935.7,1871.64,1931.25,1931.25,98061.93923964,coinbase-exchange
2025-03-19,1931.24,2070.6,1927.63,2057.06,2057.06,196188.24544574,coinbase-exchange
2025-03-20,2056.93,2068.58,1951.12,1982.67,1982.67,117335.61367471,coinbase-exchange
2025-03-21,1982.45,1995.27,1936.0,1964.98,1964.98,82472.92563047,coinbase-exchange
2025-03-22,1965.04,2005.99,1963.76,1980.35,1980.35,40334.50630982,coinbase-exchange
2025-03-23,1980.43,2020.54,1976.6,2005.97,2005.97,48751.22482465,coinbase-exchange
2025-03-24,2006.14,2104.21,1977.42,2081.62,2081.62,140535.73445256,coinbase-exchange
2025-03-25,2081.61,2098.11,2037.39,2066.78,2066.78,78429.61811816,coinbase-exchange
2025-03-26,2066.75,2079.35,1981.4,2009.72,2009.72,122121.17620874,coinbase-exchange
2025-03-27,2009.65,2037.61,1986.83,2003.32,2003.32,85676.54038226,coinbase-exchange
2025-03-28,2003.18,2015.78,1860.86,1896.23,1896.23,231796.08413787,coinbase-exchange
2025-03-29,1896.21,1912.8,1797.51,1827.39,1827.39,103414.81225118,coinbase-exchange
2025-03-30,1827.43,1848.27,1767.1,1807.31,1807.31,100497.70390842,coinbase-exchange
2025-03-31,1807.51,1854.2,1776.43,1822.03,1822.03,139811.10321108,coinbase-exchange
2025-04-01,1822.05,1928.2,1817.71,1905.13,1905.13,145912.60901118,coinbase-exchange
2025-04-02,1905.13,1956.55,1781.21,1794.7,1794.7,257321.35292484,coinbase-exchange
2025-04-03,1794.77,1845.09,1750.0,1816.36,1816.36,186281.09068551,coinbase-exchange
2025-04-04,1816.33,1835.49,1758.5,1816.39,1816.39,215577.6441354,coinbase-exchange
2025-04-05,1816.34,1826.71,1764.1,1805.09,1805.09,40241.31817836,coinbase-exchange
2025-04-06,1805.16,1816.28,1535.06,1579.77,1579.77,269650.3588939,coinbase-exchange
2025-04-07,1579.8,1638.82,1411.0,1552.64,1552.64,698812.70148075,coinbase-exchange
2025-04-08,1552.37,1618.25,1444.37,1471.94,1471.94,261089.46902982,coinbase-exchange
2025-04-09,1472.11,1688.99,1383.26,1669.27,1669.27,398819.27794972,coinbase-exchange
2025-04-10,1669.15,1669.52,1471.63,1521.51,1521.51,228219.61361863,coinbase-exchange
2025-04-11,1521.08,1590.84,1504.0,1566.13,1566.13,143453.42676045,coinbase-exchange
2025-04-12,1565.95,1668.88,1544.36,1643.85,1643.85,87012.16952171,coinbase-exchange
2025-04-13,1643.82,1649.37,1562.0,1597.04,1597.04,111889.23396001,coinbase-exchange
2025-04-14,1597.04,1691.0,1595.06,1624.03,1624.03,130644.29007707,coinbase-exchange
2025-04-15,1623.61,1660.98,1583.15,1588.64,1588.64,112545.45377041,coinbase-exchange
2025-04-16,1588.48,1613.22,1538.02,1577.27,1577.27,119238.8795804,coinbase-exchange
2025-04-17,1577.3,1616.85,1562.35,1583.83,1583.83,92253.60889083,coinbase-exchange
2025-04-18,1583.86,1600.74,1573.7,1588.57,1588.57,37357.55064718,coinbase-exchange
2025-04-19,1588.61,1630.98,1585.02,1612.87,1612.87,48914.4709325,coinbase-exchange
2025-04-20,1612.97,1619.14,1565.64,1587.32,1587.32,64780.491809,coinbase-exchange
2025-04-21,1587.42,1658.55,1563.06,1579.55,1579.55,143500.37227559,coinbase-exchange
2025-04-22,1579.54,1778.92,1538.75,1757.0,1757.0,332380.92058947,coinbase-exchange
2025-04-23,1757.09,1835.74,1746.09,1795.92,1795.92,267882.65660226,coinbase-exchange
2025-04-24,1795.81,1803.33,1723.01,1770.41,1770.41,161354.7148951,coinbase-exchange
2025-04-25,1770.42,1828.9,1740.0,1785.95,1785.95,191388.58108656,coinbase-exchange
2025-04-26,1785.8,1841.66,1779.84,1821.6,1821.6,75293.67103679,coinbase-exchange
2025-04-27,1821.77,1857.85,1782.9,1791.88,1791.88,68093.85600352,coinbase-exchange
2025-04-28,1791.89,1829.0,1744.9,1800.26,1800.26,208134.44795148,coinbase-exchange
2025-04-29,1800.31,1843.28,1780.6,1798.21,1798.21,144125.8069908,coinbase-exchange
2025-04-30,1798.2,1817.43,1732.44,1793.79,1793.79,132367.23008547,coinbase-exchange
2025-05-01,1793.92,1874.48,1792.67,1838.82,1838.82,139494.50395249,coinbase-exchange
2025-05-02,1838.78,1871.95,1813.43,1842.98,1842.98,93279.26608996,coinbase-exchange
2025-05-03,1842.98,1849.27,1810.38,1834.03,1834.03,45010.41020982,coinbase-exchange
2025-05-04,1834.11,1850.21,1803.01,1809.0,1809.0,40428.72920351,coinbase-exchange
2025-05-05,1808.82,1833.51,1781.7,1820.15,1820.15,85196.59584097,coinbase-exchange
2025-05-06,1820.2,1820.64,1751.45,1817.06,1817.06,91421.48339979,coinbase-exchange
2025-05-07,1817.06,1850.94,1787.01,1811.35,1811.35,138712.13157438,coinbase-exchange
2025-05-08,1811.36,2225.52,1808.61,2207.09,2207.09,329557.78516842,coinbase-exchange
2025-05-09,2206.84,2490.66,2184.39,2345.29,2345.29,367944.3292584,coinbase-exchange
2025-05-10,2345.42,2600.6,2317.73,2583.8,2583.8,190174.27767839,coinbase-exchange
2025-05-11,2583.09,2609.0,2436.47,2514.79,2514.79,143648.21932596,coinbase-exchange
2025-05-12,2514.79,2625.0,2407.41,2495.83,2495.83,246104.50649036,coinbase-exchange
2025-05-13,2495.61,2739.05,2415.65,2679.88,2679.88,209696.06797506,coinbase-exchange
2025-05-14,2679.82,2725.0,2547.75,2610.31,2610.31,176653.34640214,coinbase-exchange
2025-05-15,2610.47,2647.1,2475.0,2548.84,2548.84,162116.56760589,coinbase-exchange
2025-05-16,2549.16,2648.88,2530.31,2538.02,2538.02,122465.4564135,coinbase-exchange
2025-05-17,2537.9,2539.48,2446.89,2476.11,2476.11,78215.46124074,coinbase-exchange
2025-05-18,2476.11,2588.25,2323.0,2498.24,2498.24,134969.08574025,coinbase-exchange
2025-05-19,2498.63,2547.73,2349.73,2528.71,2528.71,216868.76047746,coinbase-exchange
2025-05-20,2529.28,2588.58,2444.4,2525.05,2525.05,129646.38919276,coinbase-exchange
2025-05-21,2525.05,2617.15,2452.79,2551.73,2551.73,218788.745073,coinbase-exchange
2025-05-22,2552.12,2692.99,2545.4,2665.39,2665.39,196307.76694511,coinbase-exchange
2025-05-23,2665.59,2734.04,2500.0,2527.02,2527.02,201851.50906055,coinbase-exchange
2025-05-24,2526.83,2577.57,2515.72,2530.99,2530.99,40630.87226987,coinbase-exchange
2025-05-25,2531.34,2555.3,2463.37,2552.32,2552.32,58254.46870874,coinbase-exchange
2025-05-26,2552.44,2600.8,2526.98,2564.32,2564.32,56978.02353915,coinbase-exchange
2025-05-27,2564.71,2713.78,2510.54,2662.04,2662.04,166072.34229434,coinbase-exchange
2025-05-28,2662.18,2690.33,2609.9,2682.16,2682.16,115559.76273561,coinbase-exchange
2025-05-29,2682.44,2789.5,2618.88,2631.68,2631.68,191128.81924232,coinbase-exchange
2025-05-30,2631.41,2649.91,2507.8,2531.94,2531.94,129873.34038728,coinbase-exchange
2025-05-31,2531.92,2551.67,2476.84,2529.31,2529.31,51370.13572435,coinbase-exchange
2025-06-01,2529.31,2550.0,2470.5,2540.38,2540.38,53153.06712416,coinbase-exchange
2025-06-02,2540.4,2616.87,2476.13,2609.29,2609.29,127353.9733552,coinbase-exchange
2025-06-03,2609.29,2657.74,2575.75,2595.03,2595.03,175792.32687578,coinbase-exchange
2025-06-04,2595.03,2681.0,2584.05,2609.07,2609.07,105615.84491827,coinbase-exchange
2025-06-05,2609.19,2642.53,2392.16,2415.34,2415.34,205698.4186583,coinbase-exchange
2025-06-06,2415.31,2533.09,2384.0,2478.24,2478.24,127162.33645658,coinbase-exchange
2025-06-07,2478.38,2545.0,2457.88,2526.14,2526.14,35850.95849949,coinbase-exchange
2025-06-08,2525.94,2549.57,2492.84,2510.78,2510.78,33630.83013396,coinbase-exchange
2025-06-09,2510.77,2695.2,2479.09,2681.29,2681.29,117024.8957477,coinbase-exchange
2025-06-10,2681.25,2827.18,2657.11,2816.5,2816.5,268557.67044312,coinbase-exchange
2025-06-11,2816.69,2880.0,2743.0,2772.39,2772.39,179356.72494173,coinbase-exchange
2025-06-12,2772.39,2785.93,2615.0,2643.8,2643.8,152072.49988479,coinbase-exchange
2025-06-13,2643.81,2646.79,2439.17,2580.21,2580.21,283876.86464992,coinbase-exchange
2025-06-14,2580.25,2580.86,2490.0,2531.97,2531.97,67625.03115586,coinbase-exchange
2025-06-15,2531.98,2559.94,2492.42,2548.03,2548.03,48636.95574774,coinbase-exchange
2025-06-16,2547.95,2681.97,2515.23,2545.27,2545.27,177468.3139788,coinbase-exchange
2025-06-17,2545.41,2619.44,2454.0,2510.7,2510.7,163609.0001351,coinbase-exchange
2025-06-18,2510.64,2548.52,2466.38,2525.54,2525.54,92285.01272137,coinbase-exchange
2025-06-19,2525.49,2548.35,2485.37,2521.52,2521.52,51487.65047448,coinbase-exchange
2025-06-20,2521.79,2569.2,2367.58,2407.2,2407.2,140932.28117073,coinbase-exchange
2025-06-21,2407.2,2449.05,2217.06,2297.28,2297.28,107608.7542578,coinbase-exchange
2025-06-22,2297.26,2315.15,2113.0,2228.46,2228.46,224937.83363588,coinbase-exchange
2025-06-23,2228.46,2440.0,2189.11,2413.0,2413.0,219164.75168992,coinbase-exchange
2025-06-24,2412.81,2483.38,2377.79,2449.87,2449.87,156696.78441766,coinbase-exchange
2025-06-25,2449.74,2470.19,2391.15,2420.09,2420.09,123451.65827947,coinbase-exchange
2025-06-26,2420.09,2521.67,2395.0,2417.4,2417.4,114621.88775791,coinbase-exchange
2025-06-27,2417.21,2464.69,2381.26,2424.2,2424.2,96456.08851832,coinbase-exchange
2025-06-28,2424.24,2448.97,2407.03,2437.08,2437.08,29496.9317339,coinbase-exchange
2025-06-29,2437.08,2526.27,2413.36,2500.69,2500.69,47090.69337747,coinbase-exchange
2025-06-30,2500.7,2524.85,2433.97,2486.15,2486.15,115164.67938137,coinbase-exchange
2025-07-01,2486.16,2501.45,2386.96,2405.32,2405.32,78850.04742822,coinbase-exchange
2025-07-02,2405.41,2619.98,2372.62,2571.13,2571.13,167801.93789726,coinbase-exchange
2025-07-03,2571.13,2637.96,2557.21,2592.13,2592.13,115059.14879727,coinbase-exchange
2025-07-04,2592.14,2603.7,2475.0,2508.8,2508.8,77877.16679488,coinbase-exchange
2025-07-05,2508.79,2530.42,2488.4,2517.01,2517.01,22282.7328538,coinbase-exchange
2025-07-06,2517.02,2605.38,2504.27,2570.84,2570.84,41033.07311666,coinbase-exchange
2025-07-07,2570.81,2591.15,2512.76,2542.38,2542.38,79624.16907512,coinbase-exchange
2025-07-08,2542.39,2628.95,2523.58,2616.52,2616.52,100288.23984643,coinbase-exchange
2025-07-09,2616.35,2797.83,2590.47,2769.83,2769.83,186502.61069478,coinbase-exchange
2025-07-10,2769.83,3000.0,2756.22,2951.22,2951.22,236543.69036785,coinbase-exchange
2025-07-11,2951.87,3040.8,2913.58,2959.12,2959.12,230285.8494589,coinbase-exchange
2025-07-12,2959.22,2981.01,2905.29,2944.37,2944.37,63678.56454793,coinbase-exchange
2025-07-13,2944.48,3022.0,2937.0,2973.38,2973.38,70227.25148441,coinbase-exchange
2025-07-14,2973.48,3083.52,2964.2,3014.53,3014.53,192451.97265422,coinbase-exchange
2025-07-15,3014.41,3144.81,2933.0,3138.01,3138.01,179476.73196827,coinbase-exchange
2025-07-16,3138.79,3425.89,3101.25,3373.12,3373.12,292334.52407204,coinbase-exchange
2025-07-17,3373.2,3526.73,3311.01,3479.77,3479.77,274593.74925785,coinbase-exchange
2025-07-18,3479.78,3677.4,3461.68,3549.67,3549.67,337824.83515568,coinbase-exchange
2025-07-19,3549.66,3610.85,3508.66,3594.3,3594.3,83316.75149516,coinbase-exchange
2025-07-20,3594.31,3825.36,3581.22,3758.6,3758.6,146787.12978622,coinbase-exchange
2025-07-21,3758.66,3860.8,3703.76,3763.75,3763.75,221705.85764009,coinbase-exchange
2025-07-22,3763.75,3801.63,3617.47,3748.62,3748.62,225021.75942135,coinbase-exchange
2025-07-23,3748.62,3766.79,3528.43,3630.34,3630.34,211546.24270422,coinbase-exchange
2025-07-24,3630.41,3775.0,3507.78,3708.6,3708.6,224420.86882496,coinbase-exchange
2025-07-25,3708.88,3747.76,3574.39,3725.84,3725.84,217042.92308788,coinbase-exchange
2025-07-26,3725.84,3795.0,3699.02,3743.06,3743.06,72302.973587,coinbase-exchange
2025-07-27,3743.05,3880.23,3731.71,3873.92,3873.92,77968.55076879,coinbase-exchange
2025-07-28,3873.92,3941.86,3753.15,3799.46,3799.46,199027.60346952,coinbase-exchange
2025-07-29,3799.44,3886.01,3715.14,3793.4,3793.4,138313.68335934,coinbase-exchange
2025-07-30,3793.5,3833.68,3676.67,3810.44,3810.44,119425.78709017,coinbase-exchange
2025-07-31,3810.45,3878.32,3680.01,3698.07,3698.07,101490.47064491,coinbase-exchange
2025-08-01,3697.85,3724.7,3429.44,3486.39,3486.39,214413.30257873,coinbase-exchange
2025-08-02,3486.29,3536.77,3368.03,3392.8,3392.8,125995.90627221,coinbase-exchange
2025-08-03,3392.81,3521.96,3354.56,3497.31,3497.31,56152.10527646,coinbase-exchange
2025-08-04,3497.31,3737.27,3491.5,3720.87,3720.87,128256.57360012,coinbase-exchange
2025-08-05,3720.86,3721.53,3546.05,3611.57,3611.57,114099.28155356,coinbase-exchange
2025-08-06,3611.79,3699.81,3563.44,3683.8,3683.8,123751.95784805,coinbase-exchange
2025-08-07,3683.78,3928.65,3647.87,3911.28,3911.28,215879.45364256,coinbase-exchange
2025-08-08,3910.92,4071.21,3880.19,4011.0,4011.0,283924.61832068,coinbase-exchange
2025-08-09,4010.72,4326.34,4007.14,4262.46,4262.46,201072.28837789,coinbase-exchange
2025-08-10,4262.45,4333.13,4161.16,4251.91,4251.91,135684.68640911,coinbase-exchange
2025-08-11,4251.89,4365.97,4165.86,4224.48,4224.48,256938.33538629,coinbase-exchange
2025-08-12,4224.45,4638.0,4219.92,4589.88,4589.88,344450.27634218,coinbase-exchange
2025-08-13,4589.71,4786.36,4562.87,4751.46,4751.46,324934.36944854,coinbase-exchange
2025-08-14,4751.54,4792.0,4446.15,4550.59,4550.59,344363.7591017,coinbase-exchange
2025-08-15,4550.83,4671.6,4370.0,4442.56,4442.56,241688.82570246,coinbase-exchange
2025-08-16,4442.55,4495.15,4376.02,4425.13,4425.13,81370.11239552,coinbase-exchange
2025-08-17,4425.49,4577.71,4397.65,4475.47,4475.47,104186.64462627,coinbase-exchange
2025-08-18,4475.47,4484.57,4227.01,4315.37,4315.37,224168.99724414,coinbase-exchange
2025-08-19,4315.95,4356.88,4066.2,4075.89,4075.89,266984.37093954,coinbase-exchange
2025-08-20,4075.13,4378.23,4062.24,4336.41,4336.41,204393.53249278,coinbase-exchange
2025-08-21,4336.42,4340.41,4203.81,4224.43,4224.43,135477.16502351,coinbase-exchange
2025-08-22,4224.17,4886.1,4204.86,4831.24,4831.24,382321.64289869,coinbase-exchange
2025-08-23,4830.18,4830.91,4660.55,4776.73,4776.73,97399.85594592,coinbase-exchange
2025-08-24,4776.73,4955.9,4710.0,4779.87,4779.87,158333.15493157,coinbase-exchange
2025-08-25,4779.52,4797.7,4335.66,4377.02,4377.02,257426.71057578,coinbase-exchange
2025-08-26,4377.02,4634.71,4311.68,4601.64,4601.64,241823.89422103,coinbase-exchange
2025-08-27,4601.63,4664.43,4481.39,4506.95,4506.95,182804.11996722,coinbase-exchange
2025-08-28,4506.95,4635.0,4428.0,4511.3,4511.3,139168.54135212,coinbase-exchange
2025-08-29,4511.3,4516.95,4268.0,4360.2,4360.2,187412.576106,coinbase-exchange
2025-08-30,4360.21,4415.29,4257.17,4374.58,4374.58,66655.29676488,coinbase-exchange
2025-08-31,4374.48,4498.95,4373.06,4391.91,4391.91,83463.56830359,coinbase-exchange
2025-09-01,4391.9,4490.0,4209.01,4314.76,4314.76,119463.39453363,coinbase-exchange
2025-09-02,4314.87,4417.24,4256.27,4326.57,4326.57,144877.84602714,coinbase-exchange
2025-09-03,4326.52,4495.45,4283.09,4452.4,4452.4,143077.06609651,coinbase-exchange
2025-09-04,4452.39,4484.7,4265.3,4298.37,4298.37,177760.02779911,coinbase-exchange
2025-09-05,4298.09,4490.0,4253.0,4307.65,4307.65,209546.87120895,coinbase-exchange
2025-09-06,4307.65,4328.69,4237.13,4274.15,4274.15,41875.25454685,coinbase-exchange
2025-09-07,4274.24,4336.44,4270.13,4305.56,4305.56,37354.50429946,coinbase-exchange
2025-09-08,4305.01,4384.24,4278.78,4305.84,4305.84,135970.0065259,coinbase-exchange
2025-09-09,4305.85,4382.03,4276.33,4309.93,4309.93,110554.67476563,coinbase-exchange
2025-09-10,4309.94,4454.5,4283.77,4350.0,4350.0,133832.27705062,coinbase-exchange
2025-09-11,4350.38,4480.92,4339.12,4460.51,4460.51,128739.9909512,coinbase-exchange
2025-09-12,4460.52,4744.75,4452.17,4714.66,4714.66,195085.25198337,coinbase-exchange
2025-09-13,4714.66,4768.6,4607.0,4669.0,4669.0,74925.80480158,coinbase-exchange
2025-09-14,4669.0,4694.53,4579.44,4605.93,4605.93,46791.47622757,coinbase-exchange
2025-09-15,4605.93,4672.0,4464.68,4524.56,4524.56,117720.34314937,coinbase-exchange
2025-09-16,4524.68,4538.85,4425.0,4502.7,4502.7,119821.33855279,coinbase-exchange
2025-09-17,4502.7,4619.18,4416.02,4592.17,4592.17,164384.79307111,coinbase-exchange
2025-09-18,4592.17,4646.81,4555.02,4589.4,4589.4,125688.22234093,coinbase-exchange
2025-09-19,4589.4,4622.25,4437.45,4471.0,4471.0,97288.06053699,coinbase-exchange
2025-09-20,4470.99,4513.01,4456.79,4482.69,4482.69,39081.2744386,coinbase-exchange
2025-09-21,4482.43,4501.1,4445.26,4447.03,4447.03,37295.56770455,coinbase-exchange
2025-09-22,4447.34,4458.0,4058.85,4202.42,4202.42,211133.84496602,coinbase-exchange
2025-09-23,4202.3,4233.0,4117.78,4165.19,4165.19,100228.30178808,coinbase-exchange
2025-09-24,4165.18,4208.22,4076.0,4153.9,4153.9,83346.81253793,coinbase-exchange
2025-09-25,4153.9,4162.65,3825.0,3875.7,3875.7,282687.98643677,coinbase-exchange
2025-09-26,3875.74,4071.17,3869.14,4034.27,4034.27,155666.90690747,coinbase-exchange
2025-09-27,4034.2,4040.95,3974.5,4020.35,4020.35,41729.01532417,coinbase-exchange
2025-09-28,4020.34,4145.96,3967.22,4143.25,4143.25,61349.14384314,coinbase-exchange
2025-09-29,4143.36,4239.99,4084.0,4217.25,4217.25,111587.56348085,coinbase-exchange
2025-09-30,4217.16,4248.99,4093.0,4145.99,4145.99,112394.45769006,coinbase-exchange
2025-10-01,4145.98,4358.96,4123.35,4350.52,4350.52,151382.25097815,coinbase-exchange
2025-10-02,4350.52,4521.03,4335.01,4487.49,4487.49,153389.71044144,coinbase-exchange
2025-10-03,4487.3,4596.19,4430.08,4515.89,4515.89,194121.46395236,coinbase-exchange
2025-10-04,4515.89,4521.34,4442.6,4490.01,4490.01,51384.17568724,coinbase-exchange
2025-10-05,4489.86,4619.31,4469.69,4515.4,4515.4,85645.8875434,coinbase-exchange
2025-10-06,4515.4,4739.46,4489.11,4686.32,4686.32,180142.07592977,coinbase-exchange
2025-10-07,4686.33,4759.16,4432.47,4449.8,4449.8,198779.53212198,coinbase-exchange
2025-10-08,4449.81,4559.89,4411.13,4527.3,4527.3,133876.75247388,coinbase-exchange
2025-10-09,4526.93,4532.97,4266.83,4370.9,4370.9,141076.62781726,coinbase-exchange
2025-10-10,4370.72,4397.03,3510.0,3836.15,3836.15,386709.49939687,coinbase-exchange
2025-10-11,3836.89,3887.34,3648.28,3750.6,3750.6,155467.48573337,coinbase-exchange
2025-10-12,3750.8,4200.28,3698.71,4156.21,4156.21,151733.45389149,coinbase-exchange
2025-10-13,4156.38,4295.57,4045.49,4244.69,4244.69,153339.31784774,coinbase-exchange
2025-10-14,4244.69,4267.41,3892.16,4126.39,4126.39,243536.31872992,coinbase-exchange
2025-10-15,4126.26,4218.58,3930.31,3987.53,3987.53,157726.70619812,coinbase-exchange
2025-10-16,3987.28,4090.0,3826.72,3894.91,3894.91,161382.6010111,coinbase-exchange
2025-10-17,3895.0,3952.8,3673.64,3832.99,3832.99,202879.86788105,coinbase-exchange
2025-10-18,3832.86,3930.25,3820.14,3890.4,3890.4,45567.63757722,coinbase-exchange
2025-10-19,3890.4,4032.4,3829.23,3983.89,3983.89,89989.11920544,coinbase-exchange
2025-10-20,3984.11,4086.0,3908.36,3980.42,3980.42,100967.70620232,coinbase-exchange
2025-10-21,3980.43,4113.15,3838.88,3874.57,3874.57,167898.09575775,coinbase-exchange
2025-10-22,3874.8,3891.6,3711.49,3806.12,3806.12,144557.44893026,coinbase-exchange
2025-10-23,3806.25,3936.1,3796.77,3858.41,3858.41,112678.89994476,coinbase-exchange
2025-10-24,3858.41,4024.31,3847.36,3936.1,3936.1,122248.90258364,coinbase-exchange
2025-10-25,3936.1,3965.44,3911.88,3954.52,3954.52,25280.14115745,coinbase-exchange
2025-10-26,3954.5,4178.82,3919.34,4158.81,4158.81,65472.37802493,coinbase-exchange
2025-10-27,4159.05,4254.23,4094.72,4120.1,4120.1,131419.43492108,coinbase-exchange
2025-10-28,4120.0,4177.54,3931.8,3980.25,3980.25,112997.59147629,coinbase-exchange
2025-10-29,3980.2,4038.7,3838.0,3904.2,3904.2,118300.54341506,coinbase-exchange
2025-10-30,3904.17,3949.34,3676.04,3804.02,3804.02,139553.89852977,coinbase-exchange
2025-10-31,3804.24,3903.62,3795.51,3845.79,3845.79,123546.29718716,coinbase-exchange
2025-11-01,3846.44,3908.94,3829.2,3872.16,3872.16,26667.45704268,coinbase-exchange
2025-11-02,3872.07,3916.5,3838.27,3905.97,3905.97,31963.95389787,coinbase-exchange
2025-11-03,3906.01,3914.06,3552.4,3602.88,3602.88,167062.25570553,coinbase-exchange
2025-11-04,3602.88,3653.6,3055.0,3286.21,3286.21,314015.40004056,coinbase-exchange
2025-11-05,3286.41,3481.76,3165.58,3423.89,3423.89,205596.700027,coinbase-exchange
2025-11-06,3423.9,3455.93,3243.6,3313.46,3313.46,188062.26831086,coinbase-exchange
2025-11-07,3313.47,3472.1,3191.02,3433.71,3433.71,175288.79692612,coinbase-exchange
2025-11-08,3433.92,3487.39,3354.41,3400.46,3400.46,75557.97738948,coinbase-exchange
2025-11-09,3400.47,3622.45,3356.85,3582.92,3582.92,97906.75276072,coinbase-exchange
2025-11-10,3582.92,3658.38,3505.14,3566.49,3566.49,124625.79870813,coinbase-exchange
2025-11-11,3566.41,3647.38,3403.41,3416.54,3416.54,122912.10083045,coinbase-exchange
2025-11-12,3416.54,3587.94,3371.59,3414.06,3414.06,130120.8908459,coinbase-exchange
2025-11-13,3414.06,3564.4,3150.0,3229.65,3229.65,207375.27877133,coinbase-exchange
2025-11-14,3229.68,3255.0,3067.74,3109.49,3109.49,193349.98553734,coinbase-exchange
2025-11-15,3109.89,3228.54,3108.21,3166.3,3166.3,60465.46978573,coinbase-exchange
2025-11-16,3166.3,3246.44,3001.13,3092.25,3092.25,113366.47629324,coinbase-exchange
2025-11-17,3092.24,3221.13,2955.01,3027.89,3027.89,195102.07233124,coinbase-exchange
2025-11-18,3027.89,3168.98,2943.75,3121.74,3121.74,200616.77009048,coinbase-exchange
2025-11-19,3121.5,3124.1,2868.5,3023.1,3023.1,245497.12319725,coinbase-exchange
2025-11-20,3023.11,3061.05,2786.9,2830.59,2830.59,215908.80878084,coinbase-exchange
2025-11-21,2830.31,2882.31,2620.0,2763.99,2763.99,289458.97165947,coinbase-exchange
2025-11-22,2763.99,2797.86,2702.71,2768.5,2768.5,93138.03438977,coinbase-exchange
2025-11-23,2768.4,2857.19,2766.72,2801.14,2801.14,103122.45973534,coinbase-exchange
2025-11-24,2801.14,2985.82,2762.0,2952.59,2952.59,183914.24759294,coinbase-exchange
2025-11-25,2952.58,2979.0,2854.98,2958.17,2958.17,129153.15107452,coinbase-exchange
2025-11-26,2958.17,3044.78,2887.88,3026.43,3026.43,105309.10876742,coinbase-exchange
2025-11-27,3026.34,3071.58,2983.79,3014.86,3014.86,73449.92905273,coinbase-exchange
2025-11-28,3014.9,3099.0,2993.63,3031.86,3031.86,128095.41347223,coinbase-exchange
2025-11-29,3031.86,3053.53,2963.0,2990.31,2990.31,59997.88078648,coinbase-exchange
2025-11-30,2990.3,3053.78,2976.98,2991.9,2991.9,42972.80053891,coinbase-exchange
2025-12-01,2991.68,3000.07,2716.82,2798.3,2798.3,173487.80302209,coinbase-exchange
2025-12-02,2798.25,3034.84,2781.87,2996.7,2996.7,128062.03226086,coinbase-exchange
2025-12-03,2996.6,3214.99,2986.28,3189.79,3189.79,166820.22275226,coinbase-exchange
2025-12-04,3189.8,3241.57,3067.09,3134.13,3134.13,146083.73369148,coinbase-exchange
2025-12-05,3134.09,3194.24,2985.36,3022.61,3022.61,139256.13602594,coinbase-exchange
2025-12-06,3022.51,3068.83,3012.66,3039.13,3039.13,36886.93732815,coinbase-exchange
2025-12-07,3039.12,3150.2,2910.08,3061.0,3061.0,73740.78542865,coinbase-exchange
2025-12-08,3060.71,3180.0,3040.27,3124.93,3124.93,118930.55246979,coinbase-exchange
2025-12-09,3124.93,3398.0,3090.92,3318.54,3318.54,135391.03238959,coinbase-exchange
2025-12-10,3318.24,3477.44,3288.78,3325.02,3325.02,124648.6028813,coinbase-exchange
2025-12-11,3325.26,3328.54,3145.53,3237.4,3237.4,144773.67579285,coinbase-exchange
2025-12-12,3237.7,3266.95,3045.3,3084.91,3084.91,120880.53475436,coinbase-exchange
2025-12-13,3084.91,3135.78,3079.05,3115.0,3115.0,33885.15056189,coinbase-exchange
2025-12-14,3115.0,3130.35,3025.14,3063.3,3063.3,52828.2429336,coinbase-exchange
2025-12-15,3063.44,3178.0,2893.38,2964.4,2964.4,188580.10039244,coinbase-exchange
2025-12-16,2964.51,2981.8,2878.01,2961.96,2961.96,108885.75640921,coinbase-exchange
2025-12-17,2961.99,3028.99,2790.01,2832.25,2832.25,153896.3781066,coinbase-exchange
2025-12-18,2832.25,2995.99,2773.42,2826.57,2826.57,150314.12370061,coinbase-exchange
2025-12-19,2826.57,3017.41,2806.9,2978.03,2978.03,120797.81921161,coinbase-exchange
2025-12-20,2977.95,2992.98,2964.43,2976.6,2976.6,22537.36877657,coinbase-exchange
2025-12-21,2976.7,3012.25,2943.0,3001.42,3001.42,38659.49857414,coinbase-exchange
2025-12-22,3001.37,3075.84,2962.08,3007.69,3007.69,97545.57724577,coinbase-exchange
2025-12-23,3007.62,3033.98,2900.0,2962.85,2962.85,87383.52700078,coinbase-exchange
2025-12-24,2962.71,2976.3,2886.35,2945.07,2945.07,73342.07583396,coinbase-exchange
2025-12-25,2944.96,2969.34,2889.03,2902.34,2902.34,31419.70884907,coinbase-exchange
2025-12-26,2902.34,2991.8,2892.35,2925.43,2925.43,65611.25452567,coinbase-exchange
2025-12-27,2925.58,2958.84,2915.39,2946.6,2946.6,17100.49298785,coinbase-exchange
2025-12-28,2946.34,2958.89,2923.24,2948.92,2948.92,20908.58592207,coinbase-exchange
2025-12-29,2948.91,3054.7,2907.07,2934.19,2934.19,88554.14320991,coinbase-exchange
2025-12-30,2934.18,3005.9,2915.01,2970.42,2970.42,113086.56309377,coinbase-exchange
2025-12-31,2970.42,3024.29,2958.07,2966.84,2966.84,84906.66933587,coinbase-exchange
2026-01-01,2966.68,3006.97,2966.2,3000.41,3000.41,31274.2034847,coinbase-exchange
2026-01-02,3000.41,3148.99,2988.41,3125.24,3125.24,156570.8612605,coinbase-exchange
2026-01-03,3124.62,3135.93,3075.2,3125.43,3125.43,39093.70486454,coinbase-exchange
2026-01-04,3125.53,3166.32,3117.71,3143.14,3143.14,45533.73655067,coinbase-exchange
2026-01-05,3143.15,3264.66,3132.79,3225.19,3225.19,116202.42497422,coinbase-exchange
2026-01-06,3225.19,3307.72,3181.62,3295.59,3295.59,120521.49963554,coinbase-exchange
2026-01-07,3295.58,3295.83,3121.68,3165.64,3165.64,120187.64882991,coinbase-exchange
2026-01-08,3165.67,3182.0,3050.2,3104.3,3104.3,123784.90554436,coinbase-exchange
2026-01-09,3104.29,3145.01,3053.69,3084.31,3084.31,105429.69239068,coinbase-exchange
2026-01-10,3084.3,3101.47,3074.0,3082.39,3082.39,21670.68894315,coinbase-exchange
2026-01-11,3082.4,3142.41,3080.29,3118.65,3118.65,38157.04305369,coinbase-exchange
2026-01-12,3118.82,3167.27,3062.02,3091.94,3091.94,88338.00436696,coinbase-exchange
2026-01-13,3091.94,3375.0,3087.93,3323.38,3323.38,130752.63257942,coinbase-exchange
2026-01-14,3323.37,3405.03,3278.45,3354.82,3354.82,168871.62431704,coinbase-exchange
2026-01-15,3354.82,3384.32,3270.58,3317.98,3317.98,137640.67755377,coinbase-exchange
2026-01-16,3317.98,3326.59,3250.83,3294.88,3294.88,87030.08309374,coinbase-exchange
2026-01-17,3294.87,3329.02,3282.3,3309.33,3309.33,20339.38672031,coinbase-exchange
2026-01-18,3309.0,3367.65,3276.92,3282.55,3282.55,34435.3169577,coinbase-exchange
2026-01-19,3282.5,3282.71,3162.86,3187.51,3187.51,83088.29353263,coinbase-exchange
2026-01-20,3187.17,3198.16,2912.52,2936.5,2936.5,128671.13095088,coinbase-exchange
2026-01-21,2936.5,3066.65,2863.4,2979.6,2979.6,168165.2321748,coinbase-exchange
2026-01-22,2979.59,3035.84,2902.91,2949.36,2949.36,118196.4248216,coinbase-exchange
2026-01-23,2949.36,3015.0,2888.01,2952.77,2952.77,103986.36773647,coinbase-exchange
2026-01-24,2952.76,2966.14,2939.8,2948.86,2948.86,29942.09293195,coinbase-exchange
2026-01-25,2948.85,2956.13,2783.26,2814.28,2814.28,100921.28333024,coinbase-exchange
2026-01-26,2814.19,2948.49,2809.43,2926.85,2926.85,135029.2158281,coinbase-exchange
2026-01-27,2926.89,3031.39,2895.61,3021.91,3021.91,114381.14515769,coinbase-exchange
2026-01-28,3021.9,3041.67,2979.21,3006.17,3006.17,108171.16245197,coinbase-exchange
2026-01-29,3006.17,3009.5,2750.36,2817.79,2817.79,177140.15522134,coinbase-exchange
2026-01-30,2817.78,2824.54,2632.39,2702.69,2702.69,206345.03143941,coinbase-exchange
2026-01-31,2702.68,2710.09,2238.74,2449.36,2449.36,236036.47844218,coinbase-exchange
2026-02-01,2449.44,2473.86,2218.57,2268.18,2268.18,168839.93353968,coinbase-exchange
2026-02-02,2268.24,2395.59,2156.25,2345.11,2345.11,296747.25726593,coinbase-exchange
2026-02-03,2344.8,2357.76,2108.24,2230.48,2230.48,330270.90869692,coinbase-exchange
2026-02-04,2230.48,2292.56,2072.57,2143.57,2143.57,320920.4352572,coinbase-exchange
2026-02-05,2143.2,2169.01,1814.19,1823.2,1823.2,464003.04620229,coinbase-exchange
2026-02-06,1823.11,2092.83,1742.79,2061.95,2061.95,451365.13255963,coinbase-exchange
2026-02-07,2061.95,2119.74,1993.46,2086.17,2086.17,192545.45852236,coinbase-exchange
2026-02-08,2086.19,2150.0,2064.96,2088.42,2088.42,121252.98101963,coinbase-exchange
2026-02-09,2088.36,2146.76,2006.88,2103.83,2103.83,228127.87563129,coinbase-exchange
2026-02-10,2103.83,2123.22,1988.0,2021.71,2021.71,213966.420435,coinbase-exchange
2026-02-11,2021.7,2031.41,1901.31,1939.45,1939.45,227202.64243775,coinbase-exchange
2026-02-12,1939.9,2000.29,1895.56,1946.11,1946.11,172231.12506456,coinbase-exchange
2026-02-13,1946.11,2072.06,1923.2,2047.48,2047.48,216798.30582469,coinbase-exchange
2026-02-14,2047.58,2106.41,2041.04,2085.4,2085.4,70592.89786878,coinbase-exchange
2026-02-15,2085.47,2101.78,1927.48,1965.36,1965.36,123812.19170979,coinbase-exchange
2026-02-16,1965.48,2022.48,1936.44,1997.28,1997.28,97967.28653274,coinbase-exchange
2026-02-17,1997.28,2015.5,1940.16,1990.83,1990.83,164705.51966895,coinbase-exchange
2026-02-18,1990.84,2038.2,1922.59,1955.01,1955.01,176455.34215612,coinbase-exchange
2026-02-19,1955.04,1986.59,1905.12,1948.16,1948.16,134714.77993462,coinbase-exchange
2026-02-20,1948.19,1981.39,1922.31,1968.13,1968.13,151107.68969076,coinbase-exchange
2026-02-21,1968.14,1995.0,1955.04,1973.0,1973.0,47046.21307684,coinbase-exchange
2026-02-22,1972.93,1982.78,1934.04,1956.84,1956.84,54638.7090849,coinbase-exchange
2026-02-23,1956.96,1958.13,1836.96,1855.52,1855.52,220044.05459508,coinbase-exchange
2026-02-24,1855.53,1868.92,1800.09,1851.94,1851.94,198610.32724686,coinbase-exchange
2026-02-25,1852.0,2148.44,1845.98,2057.71,2057.71,303193.14292721,coinbase-exchange
2026-02-26,2057.7,2083.57,1975.11,2027.9,2027.9,205616.57814145,coinbase-exchange
2026-02-27,2027.59,2063.99,1887.04,1929.61,1929.61,237872.58254425,coinbase-exchange
2026-02-28,1929.61,1984.9,1835.46,1964.71,1964.71,129828.80621692,coinbase-exchange
2026-03-01,1964.7,2054.56,1907.99,1939.68,1939.68,142846.49675678,coinbase-exchange
2026-03-02,1939.67,2089.49,1920.0,2027.49,2027.49,278981.4823567,coinbase-exchange
2026-03-03,2027.59,2041.93,1927.75,1982.87,1982.87,227239.66987917,coinbase-exchange
2026-03-04,1982.96,2200.0,1942.58,2127.61,2127.61,297238.17060263,coinbase-exchange
2026-03-05,2127.6,2164.34,2054.4,2072.99,2072.99,207407.42726199,coinbase-exchange
2026-03-06,2073.19,2093.4,1955.49,1978.49,1978.49,240275.16118635,coinbase-exchange
2026-03-07,1978.49,1996.51,1948.09,1969.61,1969.61,54989.61283322,coinbase-exchange
2026-03-08,1969.61,2008.09,1911.64,1936.93,1936.93,143369.8237907,coinbase-exchange
2026-03-09,1936.97,2054.09,1929.61,1993.19,1993.19,214052.9464571,coinbase-exchange
2026-03-10,1993.18,2088.83,1991.09,2036.8,2036.8,175603.57671898,coinbase-exchange
2026-03-11,2037.0,2086.49,2007.0,2052.25,2052.25,166606.19178915,coinbase-exchange
2026-03-12,2052.42,2096.09,2018.15,2074.0,2074.0,154623.30875251,coinbase-exchange
2026-03-13,2073.78,2211.62,2070.09,2092.81,2092.81,224337.3952471,coinbase-exchange
2026-03-14,2092.81,2106.06,2061.91,2096.7,2096.7,50376.20374437,coinbase-exchange
2026-03-15,2096.7,2203.09,2083.87,2178.67,2178.67,93011.4795932,coinbase-exchange
2026-03-16,2178.6,2386.23,2165.0,2352.94,2352.94,234997.84483404,coinbase-exchange
2026-03-17,2352.94,2376.79,2296.2,2318.03,2318.03,171657.03184328,coinbase-exchange
2026-03-18,2318.15,2351.09,2153.0,2203.47,2203.47,186288.76368283,coinbase-exchange
2026-03-19,2203.46,2233.69,2098.94,2137.98,2137.98,159107.97208938,coinbase-exchange
2026-03-20,2137.65,2176.62,2115.85,2145.89,2145.89,145036.3382477,coinbase-exchange
2026-03-21,2145.89,2167.71,2070.71,2084.64,2084.64,33550.16550032,coinbase-exchange
2026-03-22,2084.61,2126.45,2025.65,2053.49,2053.49,77364.65405327,coinbase-exchange
2026-03-23,2053.36,2198.32,2022.32,2151.71,2151.71,226656.73790984,coinbase-exchange
2026-03-24,2151.7,2175.42,2101.61,2155.56,2155.56,148291.72276348,coinbase-exchange
2026-03-25,2155.55,2199.81,2145.64,2167.98,2167.98,157354.28623851,coinbase-exchange
2026-03-26,2167.98,2171.39,2032.63,2058.74,2058.74,179277.52424234,coinbase-exchange
2026-03-27,2058.74,2076.09,1970.04,1991.55,1991.55,177137.48590475,coinbase-exchange
2026-03-28,1991.55,2044.47,1981.05,1992.98,1992.98,42899.07582906,coinbase-exchange
2026-03-29,1992.98,2017.77,1937.59,1982.96,1982.96,51364.90577402,coinbase-exchange
2026-03-30,1983.04,2083.73,1978.46,2024.6,2024.6,195033.34811355,coinbase-exchange
2026-03-31,2024.58,2121.66,2010.09,2103.61,2103.61,211440.25417756,coinbase-exchange
2026-04-01,2103.41,2167.56,2080.26,2140.21,2140.21,161889.43792733,coinbase-exchange
2026-04-02,2140.1,2159.16,2015.85,2056.78,2056.78,191424.47680924,coinbase-exchange
2026-04-03,2056.78,2081.74,2040.65,2053.52,2053.52,60282.11864097,coinbase-exchange
2026-04-04,2053.5,2083.32,2043.9,2065.17,2065.17,31874.8135356,coinbase-exchange
2026-04-05,2065.14,2122.79,2020.97,2109.24,2109.24,53337.08165745,coinbase-exchange
2026-04-06,2109.33,2174.86,2087.83,2107.39,2107.39,186313.39079438,coinbase-exchange
2026-04-07,2107.25,2272.86,2059.82,2239.68,2239.68,244873.49846712,coinbase-exchange
2026-04-08,2239.61,2271.6,2179.99,2190.24,2190.24,201960.23545395,coinbase-exchange
2026-04-09,2190.23,2245.9,2156.8,2190.15,2190.15,174946.76352158,coinbase-exchange
2026-04-10,2190.3,2301.64,2175.99,2246.29,2246.29,196113.92072075,coinbase-exchange
2026-04-11,2246.28,2330.56,2230.01,2285.79,2285.79,71679.81618423,coinbase-exchange
2026-04-12,2285.79,2289.58,2175.89,2191.8,2191.8,93167.72448552,coinbase-exchange
2026-04-13,2191.77,2395.0,2174.31,2370.28,2370.28,223975.11564396,coinbase-exchange
2026-04-14,2370.27,2417.4,2304.1,2323.58,2323.58,193244.88521555,coinbase-exchange
2026-04-15,2323.5,2387.08,2308.66,2360.6,2360.6,134337.22308427,coinbase-exchange
2026-04-16,2360.64,2370.34,2285.32,2348.61,2348.61,156324.04548823,coinbase-exchange
2026-04-17,2348.61,2466.5,2317.02,2419.81,2419.81,198401.65083921,coinbase-exchange
2026-04-18,2419.8,2428.51,2339.8,2351.36,2351.36,58770.85463949,coinbase-exchange
2026-04-19,2351.38,2356.7,2252.06,2263.89,2263.89,79914.81620933,coinbase-exchange
2026-04-20,2263.9,2347.8,2260.51,2314.79,2314.79,157083.64716001,coinbase-exchange
2026-04-21,2314.64,2339.58,2284.66,2328.0,2328.0,145106.09601838,coinbase-exchange
2026-04-22,2328.0,2425.0,2313.5,2375.21,2375.21,201099.52507044,coinbase-exchange
2026-04-23,2375.3,2383.04,2285.26,2331.08,2331.08,172210.87607232,coinbase-exchange
2026-04-24,2331.2,2338.55,2299.87,2315.81,2315.81,148711.0057447,coinbase-exchange
2026-04-25,2315.8,2323.79,2301.18,2319.97,2319.97,30539.35592844,coinbase-exchange
2026-04-26,2319.93,2405.0,2307.01,2370.47,2370.47,76635.40841673,coinbase-exchange
2026-04-27,2370.47,2405.01,2263.8,2303.44,2303.44,166257.737196,coinbase-exchange
2026-04-28,2303.59,2310.97,2256.82,2289.29,2289.29,100075.8607295,coinbase-exchange
2026-04-29,2289.28,2347.49,2218.65,2251.85,2251.85,211218.07631847,coinbase-exchange
2026-04-30,2251.98,2278.5,2230.15,2256.8,2256.8,113600.48732022,coinbase-exchange
2026-05-01,2256.8,2326.59,2256.34,2295.54,2295.54,136833.75963697,coinbase-exchange
2026-05-02,2295.54,2342.22,2292.7,2316.89,2316.89,25959.04817209,coinbase-exchange
2026-05-03,2316.88,2356.38,2297.59,2322.5,2322.5,39258.04201479,coinbase-exchange
2026-05-04,2322.48,2399.68,2308.36,2346.95,2346.95,201514.06265736,coinbase-exchange
2026-05-05,2346.96,2400.16,2344.76,2360.5,2360.5,105257.66965682,coinbase-exchange
2026-05-06,2360.5,2424.0,2337.12,2350.66,2350.66,155816.20226202,coinbase-exchange
2026-05-07,2350.65,2352.47,2279.69,2290.81,2290.81,112568.32393233,coinbase-exchange
2026-05-08,2290.81,2321.44,2269.55,2307.24,2307.24,36253.77775924,coinbase-exchange
2026-05-09,2307.24,2337.83,2299.57,2326.16,2326.16,28649.36569572,coinbase-exchange
2026-05-10,2326.15,2382.48,2311.85,2371.12,2371.12,62055.44366944,coinbase-exchange
2026-05-11,2370.96,2375.28,2302.75,2339.39,2339.39,93430.60738316,coinbase-exchange
2026-05-12,2339.48,2340.45,2255.29,2274.43,2274.43,111664.09992572,coinbase-exchange
2026-05-13,2274.32,2323.1,2232.72,2257.85,2257.85,92947.96701131,coinbase-exchange
2026-05-14,2257.82,2319.78,2237.11,2283.08,2283.08,130000.90141912,coinbase-exchange
2026-05-15,2283.09,2299.87,2203.0,2223.0,2223.0,134836.29108122,coinbase-exchange
2026-05-16,2223.0,2230.45,2161.8,2179.96,2179.96,46679.61569179,coinbase-exchange
2026-05-17,2179.95,2197.3,2078.22,2129.74,2129.74,44593.6607403,coinbase-exchange
2026-05-18,2129.74,2156.48,2076.4,2128.57,2128.57,164422.28980877,coinbase-exchange
2026-05-19,2128.52,2145.4,2092.45,2110.06,2110.06,87637.18979544,coinbase-exchange
2026-05-20,2110.05,2147.59,2100.43,2127.49,2127.49,80875.41732147,coinbase-exchange
2026-05-21,2127.48,2155.19,2102.38,2131.96,2131.96,120736.37287797,coinbase-exchange
2026-05-22,2131.96,2139.39,2055.11,2063.39,2063.39,94975.89132846,coinbase-exchange
2026-05-23,2063.58,2146.73,2006.64,2115.04,2115.04,92074.10968906,coinbase-exchange
2026-05-24,2115.11,2128.94,2059.33,2097.35,2097.35,54263.65695297,coinbase-exchange
2026-05-25,2097.38,2139.94,2089.6,2110.91,2110.91,61283.2490891,coinbase-exchange
2026-05-26,2111.04,2138.55,2052.0,2070.88,2070.88,152229.07735511,coinbase-exchange
2026-05-27,2070.88,2094.51,2012.35,2021.64,2021.64,110952.52779291,coinbase-exchange
2026-05-28,2021.52,2027.08,1964.01,2006.61,2006.61,158565.4794059,coinbase-exchange
2026-05-29,2006.6,2043.16,1973.36,2011.65,2011.65,154169.91151552,coinbase-exchange
2026-05-30,2011.64,2029.35,1999.33,2019.58,2019.58,38268.00736613,coinbase-exchange
2026-05-31,2019.6,2034.89,1991.1,2004.0,2004.0,51986.49360124,coinbase-exchange
2026-06-01,2004.01,2018.48,1954.0,2004.0,2004.0,143475.0246555,coinbase-exchange
2026-06-02,2004.08,2004.11,1836.96,1857.32,1857.32,228372.53137535,coinbase-exchange
2026-06-03,1857.31,1890.1,1768.0,1810.66,1810.66,257717.58935891,coinbase-exchange
2026-06-04,1810.65,1818.0,1715.36,1768.53,1768.53,300066.45335875,coinbase-exchange
2026-06-05,1768.52,1772.86,1539.26,1582.85,1582.85,487135.90405701,coinbase-exchange
2026-06-06,1582.71,1600.85,1505.0,1568.87,1568.87,155069.0668797,coinbase-exchange
2026-06-07,1568.86,1720.15,1563.2,1689.75,1689.75,138897.69034752,coinbase-exchange
2026-06-08,1689.58,1714.19,1644.08,1689.89,1689.89,237778.56552869,coinbase-exchange
2026-06-09,1689.8,1696.2,1612.37,1638.45,1638.45,188435.91379266,coinbase-exchange
2026-06-10,1638.45,1666.76,1601.5,1620.03,1620.03,171498.50345678,coinbase-exchange
2026-06-11,1619.96,1691.86,1619.96,1671.94,1671.94,153835.9553949,coinbase-exchange
2026-06-12,1671.84,1689.95,1650.0,1665.52,1665.52,104730.69571056,coinbase-exchange
2026-06-13,1665.5,1696.27,1661.33,1680.3,1680.3,48967.87286664,coinbase-exchange
2026-06-14,1680.36,1731.39,1651.74,1724.73,1724.73,74935.04569191,coinbase-exchange
2026-06-15,1724.73,1848.42,1708.89,1795.01,1795.01,155590.45111945,coinbase-exchange
2026-06-16,1795.0,1838.0,1757.61,1791.24,1791.24,119036.05169935,coinbase-exchange
2026-06-17,1791.24,1809.05,1723.78,1749.0,1749.0,116224.29075813,coinbase-exchange
2026-06-18,1748.98,1761.53,1669.2,1709.01,1709.01,123048.41607822,coinbase-exchange
2026-06-19,1709.0,1717.4,1677.36,1709.42,1709.42,60117.40532152,coinbase-exchange
2026-06-20,1709.41,1747.6,1702.29,1738.46,1738.46,45619.28664727,coinbase-exchange
2026-06-21,1738.61,1739.14,1700.0,1704.8,1704.8,46556.48361857,coinbase-exchange
2026-06-22,1704.99,1777.83,1704.99,1726.15,1726.15,119549.5611865,coinbase-exchange
2026-06-23,1726.12,1734.25,1633.47,1665.04,1665.04,101355.91937495,coinbase-exchange
2026-06-24,1665.04,1689.85,1550.93,1619.72,1619.72,163107.19756151,coinbase-exchange
2026-06-25,1619.72,1657.72,1530.38,1565.19,1565.19,180478.067505,coinbase-exchange
2026-06-26,1565.28,1591.67,1510.0,1576.27,1576.27,159251.5558169,coinbase-exchange
2026-06-27,1576.46,1608.27,1560.65,1571.6,1571.6,44653.45847059,coinbase-exchange
2026-06-28,1571.59,1586.51,1545.14,1569.41,1569.41,39136.40992702,coinbase-exchange
2026-06-29,1569.4,1635.0,1547.77,1610.62,1610.62,141716.40419777,coinbase-exchange
2026-06-30,1610.6,1612.08,1547.08,1569.45,1569.45,102263.75051461,coinbase-exchange
2026-07-01,1569.45,1644.0,1550.59,1607.64,1607.64,146745.33179112,coinbase-exchange
2026-07-02,1607.8,1723.05,1595.2,1698.63,1698.63,148608.91614114,coinbase-exchange
2026-07-03,1698.63,1774.0,1692.84,1756.14,1756.14,70703.71252693,coinbase-exchange
2026-07-04,1756.14,1806.01,1742.45,1779.34,1779.34,49946.53713918,coinbase-exchange
2026-07-05,1779.16,1806.51,1747.58,1784.2,1784.2,40849.20348219,coinbase-exchange
2026-07-06,1784.13,1831.62,1727.17,1798.45,1798.45,125709.95162441,coinbase-exchange
2026-07-07,1798.45,1811.15,1756.54,1770.09,1770.09,100841.93544012,coinbase-exchange
2026-07-08,1770.23,1783.71,1710.95,1741.8,1741.8,99162.10019618,coinbase-exchange
2026-07-09,1741.85,1760.57,1720.0,1743.82,1743.82,76004.55079192,coinbase-exchange
2026-07-10,1743.82,1810.79,1736.17,1795.74,1795.74,95798.3569098,coinbase-exchange
2026-07-11,1795.73,1829.25,1785.25,1786.81,1786.81,51872.15076301,coinbase-exchange
2026-07-12,1786.81,1825.46,1778.55,1805.51,1805.51,39647.67901761,coinbase-exchange
2026-07-13,1805.56,1844.67,1748.05,1774.57,1774.57,106281.79272453,coinbase-exchange
2026-07-14,1774.57,1895.61,1771.36,1890.63,1890.63,138211.47661573,coinbase-exchange
2026-07-15,1890.72,1944.82,1863.05,1916.76,1916.76,104370.66103244,coinbase-exchange
2026-07-16,1916.75,1928.2,1855.79,1863.17,1863.17,93251.3109594,coinbase-exchange
2026-07-17,1863.16,1869.36,1800.82,1840.94,1840.94,91675.01190502,coinbase-exchange
2026-07-18,1840.92,1865.01,1835.91,1861.54,1861.54,36359.787703,coinbase-exchange
2026-07-19,1861.61,1877.67,1850.3,1870.89,1870.89,47975.58611931,coinbase-exchange
2026-07-20,1870.99,1917.43,1841.52,1903.52,1903.52,120073.02683301,coinbase-exchange
2026-07-21,1903.53,1952.0,1899.56,1929.0,1929.0,106885.51485654,coinbase-exchange
2026-07-22,1929.11,1955.87,1909.27,1933.54,1933.54,105832.1299862,coinbase-exchange
2026-07-23,1933.56,1940.67,1867.06,1876.91,1876.91,99340.53352605,coinbase-exchange
2026-07-24,1877.04,1908.26,1845.35,1859.77,1859.77,86148.07399363,coinbase-exchange
2026-07-25,1859.77,1875.36,1849.26,1873.05,1873.05,22008.90014172,coinbase-exchange
2026-07-26,1873.01,1965.01,1872.16,1952.93,1952.93,38607.17095977,coinbase-exchange
2026-07-27,1953.12,1979.0,1880.7,1890.67,1890.67,105349.16279901,coinbase-exchange
2026-07-28,1890.69,1927.1,1854.52,1919.9,1919.9,101428.68420724,coinbase-exchange
2026-07-29,1919.99,1932.72,1871.84,1908.48,1908.48,88424.3929117,coinbase-exchange
2026-07-30,1908.3,1935.34,1890.89,1916.82,1916.82,65630.02880406,coinbase-exchange
2026-07-31,1916.82,1934.67,1845.8,1860.66,1860.66,90891.68098819,coinbase-exchange
2026-08-01,1860.8,1873.8,1820.14,1843.18,1843.18,36623.09614728,coinbase-exchange
2026-08-02,1843.24,1896.6,1842.0,1883.35,1883.35,37236.89081126,coinbase-exchange
2026-08-03,1883.34,1883.97,1826.31,1858.95,1858.95,59606.09813762,coinbase-exchange
2026-08-04,1858.96,1881.34,1846.73,1868.39,1868.39,68086.22447977,coinbase-exchange
2026-08-05,1868.38,1926.34,1853.72,1907.29,1907.29,91253.81724219,coinbase-exchange
2026-08-06,1907.29,1918.39,1889.68,1902.42,1902.42,74098.22974247,coinbase-exchange
2026-08-07,1902.45,1942.0,1892.61,1913.15,1913.15,69386.14761465,coinbase-exchange
2026-08-08,1913.17,1925.0,1911.36,1915.4,1915.4,17577.70766728,coinbase-exchange
2026-08-09,1915.37,1936.36,1906.08,1909.09,1909.09,36517.95081871,coinbase-exchange
2026-08-10,1909.18,1929.93,1865.88,1871.44,1871.44,75690.08842457,coinbase-exchange
2026-08-11,1871.4,1896.45,1851.45,1880.72,1880.72,61108.79920688,coinbase-exchange
2026-08-12,1880.72,1923.84,1871.11,1877.59,1877.59,61807.14029078,coinbase-exchange
2026-08-13,1877.65,1898.35,1860.81,1884.61,1884.61,51084.97388002,coinbase-exchange
2026-08-14,1884.61,1889.61,1862.09,1880.41,1880.41,45591.99307329,coinbase-exchange
2026-08-15,1880.41,1884.88,1873.77,1880.94,1880.94,13098.43800884,coinbase-exchange
2026-08-16,1880.88,1890.34,1867.32,1874.13,1874.13,15508.129025,coinbase-exchange
2026-08-17,1874.1,1917.15,1870.47,1911.94,1911.94,87781.72726339,coinbase-exchange
2026-08-18,1911.94,1922.25,1884.12,1916.72,1916.72,70566.6455293,coinbase-exchange
2026-08-19,1916.76,2334.15,1904.5,2251.69,2251.69,307583.63913079,coinbase-exchange
2026-08-20,2251.68,2358.92,2220.22,2326.35,2326.35,220347.48079693,coinbase-exchange
2026-08-21,2326.3,2548.0,2324.4,2515.8,2515.8,268406.85619991,coinbase-exchange
2026-08-22,2515.68,2530.28,2385.0,2422.0,2422.0,114652.49286625,coinbase-exchange
2026-08-23,2422.0,2484.99,2355.82,2463.39,2463.39,110317.61892305,coinbase-exchange
2026-08-24,2463.58,2533.19,2424.55,2482.2,2482.2,191270.22665507,coinbase-exchange
2026-08-25,2482.08,2533.02,2415.0,2442.55,2442.55,142177.42041932,coinbase-exchange
2026-08-26,2442.55,2515.77,2432.12,2506.93,2506.93,118053.95560105,coinbase-exchange
2026-08-27,2507.29,2567.0,2481.49,2511.67,2511.67,133639.09943779,coinbase-exchange
2026-08-28,2511.67,2535.55,2406.0,2442.79,2442.79,119081.6069727,coinbase-exchange
2026-08-29,2442.77,2459.82,2430.79,2457.68,2457.68,27598.50045218,coinbase-exchange
2026-08-30,2457.68,2534.49,2387.45,2416.86,2416.86,61258.48995931,coinbase-exchange
2026-08-31,2416.8,2489.9,2401.21,2467.29,2467.29,86532.24059679,coinbase-exchange
2026-09-01,2466.84,2485.11,2382.33,2417.25,2417.25,82693.84775986,coinbase-exchange
2026-09-02,2417.4,2427.9,2355.2,2390.83,2390.83,74246.34712404,coinbase-exchange
2026-09-03,2390.81,2529.74,2367.91,2507.47,2507.47,132027.16502023,coinbase-exchange
2026-09-04,2507.47,2546.54,2430.55,2456.6,2456.6,100904.14670179,coinbase-exchange
2026-09-05,2456.6,2493.88,2444.6,2480.61,2480.61,38063.27524343,coinbase-exchange
2026-09-06,2480.23,2525.82,2462.97,2514.31,2514.31,50446.89706832,coinbase-exchange
2026-09-07,2514.32,2536.35,2465.56,2489.62,2489.62,52299.76481919,coinbase-exchange
2026-09-08,2489.82,2507.32,2440.45,2485.02,2485.02,76720.04669846,coinbase-exchange
2026-09-09,2485.01,2523.2,2442.0,2467.5,2467.5,79459.95751872,coinbase-exchange
2026-09-10,2467.51,2483.81,2404.26,2437.36,2437.36,111003.74034103,coinbase-exchange
2026-09-11,2437.29,2667.01,2432.99,2516.29,2516.29,258953.89805551,coinbase-exchange
2026-09-12,2516.1,2545.84,2508.5,2525.35,2525.35,42925.39177293,coinbase-exchange
2026-09-13,2525.25,2527.19,2460.82,2475.86,2475.86,55570.06041771,coinbase-exchange
2026-09-14,2475.86,2615.03,2462.87,2515.43,2515.43,135501.14411139,coinbase-exchange
2026-09-15,2515.1,2519.61,2356.82,2396.14,2396.14,210398.69465869,coinbase-exchange
2026-09-16,2396.91,2428.33,2366.37,2416.57,2416.57,125455.89336033,coinbase-exchange
2026-09-17,2416.37,2481.48,2411.57,2445.44,2445.44,90465.53507105,coinbase-exchange
2026-09-18,2445.28,2646.55,2434.6,2611.34,2611.34,221988.25215501,coinbase-exchange
2026-09-19,2611.38,2667.53,2601.84,2631.7,2631.7,62674.21050402,coinbase-exchange
2026-09-20,2631.91,2649.99,2563.6,2644.31,2644.31,70488.73837808,coinbase-exchange
2026-09-21,2644.0,2807.1,2642.16,2775.58,2775.58,176229.29326248,coinbase-exchange
2026-09-22,2775.49,2777.45,2715.02,2753.38,2753.38,124769.85332204,coinbase-exchange
2026-09-23,2753.42,2788.35,2635.0,2683.88,2683.88,126544.38175915,coinbase-exchange
2026-09-24,2683.87,2706.26,2626.94,2687.28,2687.28,98245.00296246,coinbase-exchange
2026-09-25,2687.22,2742.75,2666.86,2686.23,2686.23,83042.94527469,coinbase-daily-plus-spot-ticker
