date,open,high,low,close,adj_close,volume,source
2023-04-11,24.75,24.75,24.399999618530273,24.465999603271484,23.82028579711914,42600.0,yahoo-chart-no-key
2023-04-12,24.8700008392334,24.8700008392334,24.31999969482422,24.329999923706055,23.687875747680664,18500.0,yahoo-chart-no-key
2023-04-13,24.25,25.079999923706055,24.25,25.05699920654297,24.395689010620117,20400.0,yahoo-chart-no-key
2023-04-14,25.200000762939453,25.209999084472656,24.68000030517578,25.06999969482422,24.40834617614746,15200.0,yahoo-chart-no-key
2023-04-17,25.010000228881836,25.09000015258789,24.729999542236328,24.95599937438965,24.297353744506836,11800.0,yahoo-chart-no-key
2023-04-18,25.040000915527344,25.062999725341797,24.809999465942383,24.892000198364258,24.235042572021484,5200.0,yahoo-chart-no-key
2023-04-19,24.75,25.020000457763672,24.75,24.90999984741211,24.252567291259766,3400.0,yahoo-chart-no-key
2023-04-20,24.854999542236328,24.8700008392334,24.75,24.799999237060547,24.145469665527344,3200.0,yahoo-chart-no-key
2023-04-21,24.829999923706055,24.972000122070312,24.795000076293945,24.899999618530273,24.242834091186523,2600.0,yahoo-chart-no-key
2023-04-24,25.065000534057617,25.065000534057617,24.798999786376953,24.84000015258789,24.184415817260742,2500.0,yahoo-chart-no-key
2023-04-25,24.614999771118164,24.614999771118164,24.290000915527344,24.290000915527344,23.64893341064453,3700.0,yahoo-chart-no-key
2023-04-26,24.84000015258789,25.079999923706055,24.709999084472656,24.760000228881836,24.106529235839844,10400.0,yahoo-chart-no-key
2023-04-27,25.75,26.299999237060547,25.670000076293945,26.149999618530273,25.459842681884766,10900.0,yahoo-chart-no-key
2023-04-28,26.15999984741211,26.15999984741211,25.875,26.079999923706055,25.39168930053711,8600.0,yahoo-chart-no-key
2023-05-01,25.940000534057617,26.040000915527344,25.899999618530273,25.976999282836914,25.291406631469727,4000.0,yahoo-chart-no-key
2023-05-02,26.020000457763672,26.03499984741211,25.670000076293945,25.799999237060547,25.119077682495117,5600.0,yahoo-chart-no-key
2023-05-03,26.030000686645508,26.030000686645508,25.709999084472656,25.75,25.070398330688477,14500.0,yahoo-chart-no-key
2023-05-04,25.51099967956543,25.65999984741211,25.51099967956543,25.6200008392334,24.943830490112305,8700.0,yahoo-chart-no-key
2023-05-05,25.790000915527344,26.079999923706055,25.770000457763672,26.00200080871582,25.315750122070312,10800.0,yahoo-chart-no-key
2023-05-08,25.881999969482422,26.1299991607666,25.881999969482422,26.1299991607666,25.440370559692383,3300.0,yahoo-chart-no-key
2023-05-09,26.1560001373291,26.1560001373291,26.030000686645508,26.030000686645508,25.34300994873047,1300.0,yahoo-chart-no-key
2023-05-10,26.309999465942383,26.649999618530273,26.246999740600586,26.540000915527344,25.83955192565918,5800.0,yahoo-chart-no-key
2023-05-11,26.760000228881836,27.079999923706055,26.600000381469727,26.920000076293945,26.20952033996582,12000.0,yahoo-chart-no-key
2023-05-12,26.899999618530273,26.950000762939453,26.56999969482422,26.75,26.04400634765625,9800.0,yahoo-chart-no-key
2023-05-15,26.90999984741211,26.90999984741211,26.68000030517578,26.860000610351562,26.151105880737305,3300.0,yahoo-chart-no-key
2023-05-16,26.899999618530273,27.280000686645508,26.899999618530273,27.1299991607666,26.41397476196289,12400.0,yahoo-chart-no-key
2023-05-17,27.309999465942383,27.530000686645508,27.219999313354492,27.49799919128418,26.77226448059082,9100.0,yahoo-chart-no-key
2023-05-18,27.6299991607666,27.969999313354492,27.6200008392334,27.969999313354492,27.231807708740234,20400.0,yahoo-chart-no-key
2023-05-19,27.899999618530273,27.920000076293945,27.760000228881836,27.841999053955078,27.107187271118164,19500.0,yahoo-chart-no-key
2023-05-22,27.8799991607666,28.100000381469727,27.8799991607666,27.93000030517578,27.1928653717041,10000.0,yahoo-chart-no-key
2023-05-23,27.8799991607666,27.93000030517578,27.6299991607666,27.6299991607666,26.900779724121094,14400.0,yahoo-chart-no-key
2023-05-24,27.6200008392334,27.700000762939453,27.514999389648438,27.639999389648438,26.9105167388916,7200.0,yahoo-chart-no-key
2023-05-25,27.889999389648438,28.040000915527344,27.719999313354492,27.979999542236328,27.241544723510742,5200.0,yahoo-chart-no-key
2023-05-26,27.950000762939453,28.760000228881836,27.950000762939453,28.670000076293945,27.913333892822266,8500.0,yahoo-chart-no-key
2023-05-30,29.209999084472656,29.209999084472656,28.670000076293945,28.8799991607666,28.11779022216797,16600.0,yahoo-chart-no-key
2023-05-31,28.850000381469727,28.920000076293945,28.636999130249023,28.722000122070312,27.96396255493164,6000.0,yahoo-chart-no-key
2023-06-01,28.84000015258789,29.219999313354492,28.84000015258789,29.152999877929688,28.383586883544922,3400.0,yahoo-chart-no-key
2023-06-02,29.5,29.610000610351562,29.264999389648438,29.399999618530273,28.624067306518555,14900.0,yahoo-chart-no-key
2023-06-05,29.559999465942383,29.790000915527344,29.360000610351562,29.3799991607666,28.604595184326172,7900.0,yahoo-chart-no-key
2023-06-06,29.610000610351562,29.610000610351562,29.44099998474121,29.5,28.72142791748047,2900.0,yahoo-chart-no-key
2023-06-07,29.68000030517578,29.729999542236328,28.610000610351562,28.610000610351562,27.854917526245117,9300.0,yahoo-chart-no-key
2023-06-08,28.632999420166016,29.040000915527344,28.6299991607666,28.885000228881836,28.12265968322754,4700.0,yahoo-chart-no-key
2023-06-09,28.93000030517578,29.089000701904297,28.860000610351562,28.940000534057617,28.17620849609375,10400.0,yahoo-chart-no-key
2023-06-12,29.035999298095703,29.510000228881836,29.035999298095703,29.510000228881836,28.731164932250977,9000.0,yahoo-chart-no-key
2023-06-13,29.549999237060547,29.600000381469727,29.41200065612793,29.461000442504883,28.683456420898438,6100.0,yahoo-chart-no-key
2023-06-14,29.520000457763672,29.666000366210938,29.18000030517578,29.649999618530273,28.867467880249023,6300.0,yahoo-chart-no-key
2023-06-15,29.770000457763672,30.18000030517578,29.770000457763672,30.18000030517578,29.383481979370117,2300.0,yahoo-chart-no-key
2023-06-16,30.190000534057617,30.190000534057617,29.850000381469727,29.857999801635742,29.06998062133789,11600.0,yahoo-chart-no-key
2023-06-20,29.600000381469727,29.860000610351562,29.559999465942383,29.799999237060547,29.01350975036621,4700.0,yahoo-chart-no-key
2023-06-21,29.600000381469727,29.760000228881836,29.399999618530273,29.5,28.72142791748047,5900.0,yahoo-chart-no-key
2023-06-22,29.280000686645508,30.18000030517578,29.280000686645508,30.18000030517578,29.383481979370117,7900.0,yahoo-chart-no-key
2023-06-23,29.774999618530273,30.06999969482422,29.774999618530273,30.06999969482422,29.276386260986328,3600.0,yahoo-chart-no-key
2023-06-26,30.045000076293945,30.139999389648438,29.3700008392334,29.43000030517578,28.653276443481445,5600.0,yahoo-chart-no-key
2023-06-27,29.719999313354492,29.950000762939453,29.719999313354492,29.780000686645508,28.994037628173828,4900.0,yahoo-chart-no-key
2023-06-28,29.899999618530273,30.15999984741211,29.84000015258789,29.889999389648438,29.10113525390625,5700.0,yahoo-chart-no-key
2023-06-29,29.934999465942383,29.959999084472656,29.6299991607666,29.690000534057617,28.906414031982422,8200.0,yahoo-chart-no-key
2023-06-30,29.889999389648438,30.290000915527344,29.889999389648438,30.25,29.45163345336914,3200.0,yahoo-chart-no-key
2023-07-03,30.309999465942383,30.309999465942383,30.010000228881836,30.149999618530273,29.35427474975586,3300.0,yahoo-chart-no-key
2023-07-05,30.190000534057617,30.48699951171875,30.190000534057617,30.399999618530273,29.59767723083496,5800.0,yahoo-chart-no-key
2023-07-06,30.149999618530273,30.260000228881836,30.149999618530273,30.260000228881836,29.46137046813965,800.0,yahoo-chart-no-key
2023-07-07,30.239999771118164,30.440000534057617,30.19700050354004,30.19700050354004,29.40003204345703,4300.0,yahoo-chart-no-key
2023-07-10,30.0,30.0,29.5,29.690000534057617,28.906414031982422,4200.0,yahoo-chart-no-key
2023-07-11,29.75,29.959999084472656,29.719999313354492,29.93000030517578,29.14008140563965,5700.0,yahoo-chart-no-key
2023-07-12,30.5,30.549999237060547,30.34000015258789,30.450000762939453,29.6463565826416,2600.0,yahoo-chart-no-key
2023-07-13,30.780000686645508,31.200000762939453,30.780000686645508,31.200000762939453,30.376562118530273,3700.0,yahoo-chart-no-key
2023-07-14,31.326000213623047,31.469999313354492,31.06999969482422,31.100000381469727,30.27920150756836,3900.0,yahoo-chart-no-key
2023-07-17,31.139999389648438,31.299999237060547,31.139999389648438,31.190000534057617,30.366825103759766,4400.0,yahoo-chart-no-key
2023-07-18,31.0,31.549999237060547,30.989999771118164,31.360000610351562,30.532339096069336,3800.0,yahoo-chart-no-key
2023-07-19,31.450000762939453,31.670000076293945,31.360000610351562,31.540000915527344,30.707590103149414,3700.0,yahoo-chart-no-key
2023-07-20,31.469999313354492,31.479999542236328,30.615999221801758,30.615999221801758,29.807973861694336,3400.0,yahoo-chart-no-key
2023-07-21,30.829999923706055,30.829999923706055,30.3700008392334,30.3700008392334,29.56846809387207,2500.0,yahoo-chart-no-key
2023-07-24,30.729999542236328,30.729999542236328,30.43000030517578,30.43000030517578,29.62688446044922,2300.0,yahoo-chart-no-key
2023-07-25,30.600000381469727,30.725000381469727,30.600000381469727,30.700000762939453,29.889759063720703,2000.0,yahoo-chart-no-key
2023-07-26,30.8799991607666,30.8799991607666,30.600000381469727,30.760000228881836,29.94817543029785,4100.0,yahoo-chart-no-key
2023-07-27,31.489999771118164,31.527000427246094,30.979999542236328,31.010000228881836,30.19157600402832,1300.0,yahoo-chart-no-key
2023-07-28,31.347000122070312,31.8700008392334,31.347000122070312,31.80500030517578,30.965593338012695,4800.0,yahoo-chart-no-key
2023-07-31,31.940000534057617,31.940000534057617,31.56999969482422,31.6299991607666,30.795211791992188,1800.0,yahoo-chart-no-key
2023-08-01,31.649999618530273,31.649999618530273,31.600000381469727,31.600000381469727,30.76600456237793,1100.0,yahoo-chart-no-key
2023-08-02,31.170000076293945,31.170000076293945,30.8799991607666,30.8799991607666,30.065006256103516,4600.0,yahoo-chart-no-key
2023-08-03,30.799999237060547,31.030000686645508,30.700000762939453,30.854999542236328,30.040664672851562,3400.0,yahoo-chart-no-key
2023-08-04,31.44499969482422,31.54800033569336,30.90999984741211,30.90999984741211,30.094215393066406,3900.0,yahoo-chart-no-key
2023-08-07,31.049999237060547,31.280000686645508,31.0,31.280000686645508,30.454450607299805,3000.0,yahoo-chart-no-key
2023-08-08,31.15399932861328,31.15399932861328,30.98699951171875,31.010000228881836,30.19157600402832,2500.0,yahoo-chart-no-key
2023-08-09,30.549999237060547,30.93000030517578,30.540000915527344,30.65999984741211,29.850811004638672,2300.0,yahoo-chart-no-key
2023-08-10,32.02000045776367,32.02000045776367,30.716999053955078,30.716999053955078,29.906307220458984,2600.0,yahoo-chart-no-key
2023-08-11,30.479999542236328,30.600000381469727,30.350000381469727,30.514999389648438,29.709640502929688,3100.0,yahoo-chart-no-key
2023-08-14,30.770000457763672,30.8799991607666,30.732999801635742,30.8799991607666,30.065006256103516,700.0,yahoo-chart-no-key
2023-08-15,30.55500030517578,30.55500030517578,30.55299949645996,30.55299949645996,29.74663734436035,800.0,yahoo-chart-no-key
2023-08-16,30.549999237060547,30.549999237060547,30.09000015258789,30.09000015258789,29.29585838317871,3400.0,yahoo-chart-no-key
2023-08-17,29.889999389648438,30.260000228881836,29.8799991607666,29.8799991607666,29.091398239135742,6300.0,yahoo-chart-no-key
2023-08-18,29.049999237060547,29.56999969482422,29.049999237060547,29.56999969482422,28.789581298828125,3400.0,yahoo-chart-no-key
2023-08-21,29.799999237060547,30.0,29.6299991607666,30.0,29.208232879638672,2100.0,yahoo-chart-no-key
2023-08-22,30.25,30.25,30.0,30.0,29.208232879638672,3400.0,yahoo-chart-no-key
2023-08-23,30.59000015258789,30.65999984741211,30.530000686645508,30.530000686645508,29.724245071411133,1300.0,yahoo-chart-no-key
2023-08-24,30.643999099731445,30.643999099731445,29.899999618530273,29.899999618530273,29.110872268676758,2200.0,yahoo-chart-no-key
2023-08-25,29.729999542236328,30.059999465942383,29.5,30.030000686645508,29.23744010925293,4500.0,yahoo-chart-no-key
2023-08-28,30.209999084472656,30.350000381469727,30.079999923706055,30.219999313354492,29.42242431640625,3400.0,yahoo-chart-no-key
2023-08-29,30.75,30.989999771118164,30.75,30.875,30.060138702392578,2500.0,yahoo-chart-no-key
2023-08-30,31.0,31.030000686645508,30.934999465942383,30.969999313354492,30.152631759643555,2800.0,yahoo-chart-no-key
2023-08-31,31.283000946044922,31.31999969482422,31.243999481201172,31.243999481201172,30.41939926147461,800.0,yahoo-chart-no-key
2023-09-01,31.1299991607666,31.26099967956543,31.1299991607666,31.15999984741211,30.337617874145508,2600.0,yahoo-chart-no-key
2023-09-05,31.219999313354492,31.3799991607666,31.139999389648438,31.378000259399414,30.549863815307617,1900.0,yahoo-chart-no-key
2023-09-06,31.02899932861328,31.02899932861328,30.93000030517578,30.93000030517578,30.11368751525879,1000.0,yahoo-chart-no-key
2023-09-07,30.540000915527344,30.860000610351562,30.540000915527344,30.860000610351562,30.045534133911133,500.0,yahoo-chart-no-key
2023-09-08,31.010000228881836,31.239999771118164,31.010000228881836,31.040000915527344,30.22078514099121,2000.0,yahoo-chart-no-key
2023-09-11,31.43000030517578,31.61199951171875,31.43000030517578,31.549999237060547,30.717321395874023,1400.0,yahoo-chart-no-key
2023-09-12,31.219999313354492,31.219999313354492,31.09000015258789,31.09000015258789,30.269466400146484,1100.0,yahoo-chart-no-key
2023-09-13,31.5,31.5,31.059999465942383,31.360000610351562,30.532339096069336,9700.0,yahoo-chart-no-key
2023-09-14,31.690000534057617,31.799999237060547,31.690000534057617,31.71500015258789,30.87796974182129,2700.0,yahoo-chart-no-key
2023-09-15,31.239999771118164,31.239999771118164,31.07200050354004,31.07200050354004,30.25193977355957,700.0,yahoo-chart-no-key
2023-09-18,31.25200080871582,31.25200080871582,31.1200008392334,31.149999618530273,30.327882766723633,3500.0,yahoo-chart-no-key
2023-09-19,31.09000015258789,31.219999313354492,31.09000015258789,31.219999313354492,30.396034240722656,1000.0,yahoo-chart-no-key
2023-09-20,30.959999084472656,30.989999771118164,30.493000030517578,30.493000030517578,29.688220977783203,700.0,yahoo-chart-no-key
2023-09-21,30.0,30.149999618530273,29.899999618530273,29.899999618530273,29.110872268676758,6800.0,yahoo-chart-no-key
2023-09-22,30.28499984741211,30.28499984741211,29.910999298095703,29.910999298095703,29.121580123901367,2100.0,yahoo-chart-no-key
2023-09-25,29.959999084472656,30.18000030517578,29.959999084472656,30.100000381469727,29.305591583251953,1500.0,yahoo-chart-no-key
2023-09-26,29.84000015258789,29.857999801635742,29.469999313354492,29.559999465942383,28.779844284057617,4400.0,yahoo-chart-no-key
2023-09-27,29.43000030517578,29.67799949645996,29.299999237060547,29.540000915527344,28.760374069213867,6500.0,yahoo-chart-no-key
2023-09-28,29.5,29.899999618530273,29.44499969482422,29.739999771118164,28.955093383789062,7500.0,yahoo-chart-no-key
2023-09-29,30.209999084472656,30.209999084472656,29.68000030517578,29.780000686645508,28.994037628173828,1600.0,yahoo-chart-no-key
2023-10-02,29.799999237060547,30.350000381469727,29.799999237060547,30.350000381469727,29.548994064331055,2000.0,yahoo-chart-no-key
2023-10-03,30.15999984741211,30.15999984741211,29.6200008392334,29.6200008392334,28.8382625579834,1800.0,yahoo-chart-no-key
2023-10-04,29.81999969482422,30.3700008392334,29.81999969482422,30.34000015258789,29.539260864257812,46300.0,yahoo-chart-no-key
2023-10-05,30.360000610351562,30.40999984741211,29.95199966430664,30.361000061035156,29.559703826904297,4700.0,yahoo-chart-no-key
2023-10-06,30.34000015258789,30.950000762939453,30.34000015258789,30.950000762939453,30.133161544799805,12800.0,yahoo-chart-no-key
2023-10-09,30.700000762939453,31.079999923706055,30.549999237060547,30.989999771118164,30.172101974487305,3800.0,yahoo-chart-no-key
2023-10-10,31.040000915527344,31.43000030517578,31.040000915527344,31.155000686645508,30.33275032043457,4200.0,yahoo-chart-no-key
2023-10-11,31.420000076293945,31.6200008392334,31.239999771118164,31.607999801635742,30.773792266845703,16300.0,yahoo-chart-no-key
2023-10-12,31.6200008392334,31.8700008392334,31.236000061035156,31.479999542236328,30.649171829223633,11300.0,yahoo-chart-no-key
2023-10-13,31.5,31.5,30.75,30.75,29.938438415527344,6900.0,yahoo-chart-no-key
2023-10-16,31.049999237060547,31.30500030517578,30.826000213623047,31.149999618530273,30.327882766723633,29900.0,yahoo-chart-no-key
2023-10-17,31.100000381469727,31.174999237060547,30.489999771118164,31.079999923706055,30.259727478027344,19900.0,yahoo-chart-no-key
2023-10-18,30.780000686645508,30.961999893188477,30.219999313354492,30.219999313354492,29.42242431640625,55400.0,yahoo-chart-no-key
2023-10-19,30.219999313354492,30.43000030517578,29.850000381469727,29.850000381469727,29.06218910217285,13100.0,yahoo-chart-no-key
2023-10-20,29.690000534057617,29.829999923706055,29.200000762939453,29.200000762939453,28.42934799194336,36100.0,yahoo-chart-no-key
2023-10-23,29.030000686645508,29.790000915527344,29.030000686645508,29.600000381469727,28.818788528442383,44600.0,yahoo-chart-no-key
2023-10-24,29.940000534057617,30.0,29.600000381469727,29.850000381469727,29.06218910217285,13300.0,yahoo-chart-no-key
2023-10-25,29.5,29.5,28.860000610351562,28.90999984741211,28.14699935913086,24400.0,yahoo-chart-no-key
2023-10-26,28.579999923706055,28.639999389648438,27.850000381469727,28.0,27.261016845703125,49700.0,yahoo-chart-no-key
2023-10-27,28.549999237060547,28.790000915527344,28.371999740600586,28.530000686645508,27.777029037475586,21700.0,yahoo-chart-no-key
2023-10-30,28.899999618530273,29.170000076293945,28.700000762939453,28.920000076293945,28.156736373901367,8400.0,yahoo-chart-no-key
2023-10-31,28.50200080871582,28.940000534057617,28.50200080871582,28.860000610351562,28.09832000732422,18500.0,yahoo-chart-no-key
2023-11-01,29.06999969482422,29.719999313354492,29.06999969482422,29.639999389648438,28.85773277282715,18500.0,yahoo-chart-no-key
2023-11-02,30.25,30.25,29.950000762939453,30.200000762939453,29.402956008911133,17500.0,yahoo-chart-no-key
2023-11-03,30.459999084472656,30.59000015258789,30.329999923706055,30.459999084472656,29.656089782714844,38000.0,yahoo-chart-no-key
2023-11-06,30.719999313354492,30.849000930786133,30.610000610351562,30.790000915527344,29.97738265991211,20500.0,yahoo-chart-no-key
2023-11-07,30.93000030517578,31.270000457763672,30.81999969482422,31.149999618530273,30.327882766723633,15100.0,yahoo-chart-no-key
2023-11-08,31.200000762939453,31.34000015258789,31.03499984741211,31.329999923706055,30.503129959106445,37400.0,yahoo-chart-no-key
2023-11-09,31.389999389648438,31.389999389648438,30.8799991607666,30.999000549316406,30.180866241455078,10800.0,yahoo-chart-no-key
2023-11-10,32.290000915527344,32.290000915527344,31.02899932861328,31.770000457763672,30.9315185546875,22600.0,yahoo-chart-no-key
2023-11-13,31.75,33.29999923706055,31.469999313354492,31.760000228881836,30.921781539916992,54000.0,yahoo-chart-no-key
2023-11-14,32.939998626708984,32.939998626708984,32.279998779296875,32.4900016784668,31.632518768310547,107900.0,yahoo-chart-no-key
2023-11-15,33.04999923706055,33.04999923706055,32.22999954223633,32.380001068115234,31.525419235229492,41000.0,yahoo-chart-no-key
2023-11-16,32.97999954223633,32.97999954223633,32.202999114990234,32.59000015258789,31.729875564575195,55300.0,yahoo-chart-no-key
2023-11-17,32.7599983215332,32.7599983215332,32.22999954223633,32.439998626708984,31.583831787109375,32400.0,yahoo-chart-no-key
2023-11-20,32.86000061035156,33.02000045776367,32.599998474121094,33.02000045776367,32.14852523803711,61900.0,yahoo-chart-no-key
2023-11-21,32.869998931884766,32.869998931884766,32.599998474121094,32.86000061035156,31.99275016784668,29300.0,yahoo-chart-no-key
2023-11-22,33.08000183105469,33.2599983215332,32.709999084472656,32.86000061035156,31.99275016784668,34400.0,yahoo-chart-no-key
2023-11-24,32.619998931884766,32.720001220703125,32.540000915527344,32.63999938964844,31.77855682373047,30400.0,yahoo-chart-no-key
2023-11-27,32.66999816894531,32.869998931884766,32.56999969482422,32.689998626708984,31.827234268188477,63100.0,yahoo-chart-no-key
2023-11-28,32.66999816894531,32.91999816894531,32.470001220703125,32.91999816894531,32.05116653442383,43200.0,yahoo-chart-no-key
2023-11-29,33.22999954223633,33.22999954223633,32.599998474121094,32.709999084472656,31.84670639038086,66100.0,yahoo-chart-no-key
2023-11-30,32.709999084472656,32.91999816894531,32.040000915527344,32.189998626708984,31.340431213378906,53600.0,yahoo-chart-no-key
2023-12-01,32.18000030517578,32.25,31.93000030517578,32.189998626708984,31.340431213378906,40100.0,yahoo-chart-no-key
2023-12-04,32.189998626708984,32.189998626708984,31.360000610351562,31.6299991607666,30.795211791992188,63400.0,yahoo-chart-no-key
2023-12-05,31.6299991607666,32.29999923706055,31.600000381469727,32.099998474121094,31.252805709838867,70200.0,yahoo-chart-no-key
2023-12-06,32.4900016784668,32.4900016784668,31.760000228881836,31.81999969482422,30.980195999145508,57500.0,yahoo-chart-no-key
2023-12-07,32.150001525878906,32.63999938964844,32.09000015258789,32.459999084472656,31.60330581665039,73000.0,yahoo-chart-no-key
2023-12-08,32.279998779296875,32.75,32.279998779296875,32.720001220703125,31.8564453125,82300.0,yahoo-chart-no-key
2023-12-11,32.61000061035156,32.61000061035156,31.91200065612793,32.2599983215332,31.408584594726562,108100.0,yahoo-chart-no-key
2023-12-12,32.369998931884766,32.5099983215332,32.060001373291016,32.5099983215332,31.651987075805664,40800.0,yahoo-chart-no-key
2023-12-13,32.630001068115234,32.75,32.38999938964844,32.68000030517578,31.817501068115234,85500.0,yahoo-chart-no-key
2023-12-14,32.900001525878906,33.0,32.36000061035156,32.72999954223633,31.866178512573242,88500.0,yahoo-chart-no-key
2023-12-15,32.84000015258789,33.29999923706055,32.68000030517578,33.0,32.129051208496094,95200.0,yahoo-chart-no-key
2023-12-18,33.150001525878906,33.650001525878906,33.150001525878906,33.52000045776367,32.63533020019531,99000.0,yahoo-chart-no-key
2023-12-19,33.58000183105469,33.68000030517578,33.470001220703125,33.68000030517578,32.791107177734375,84000.0,yahoo-chart-no-key
2023-12-20,33.77000045776367,34.0099983215332,33.22999954223633,33.279998779296875,32.40166091918945,135800.0,yahoo-chart-no-key
2023-12-21,33.689998626708984,33.72999954223633,33.369998931884766,33.72999954223633,32.839786529541016,105400.0,yahoo-chart-no-key
2023-12-22,33.849998474121094,33.880001068115234,33.459999084472656,33.63999938964844,32.75216293334961,61200.0,yahoo-chart-no-key
2023-12-26,33.77000045776367,34.02000045776367,33.65999984741211,33.779998779296875,32.888465881347656,70500.0,yahoo-chart-no-key
2023-12-27,33.75,34.029998779296875,33.599998474121094,33.72999954223633,32.98234176635742,73200.0,yahoo-chart-no-key
2023-12-28,33.88999938964844,34.0,33.619998931884766,33.7400016784668,32.992122650146484,83900.0,yahoo-chart-no-key
2023-12-29,33.75,33.834999084472656,33.13999938964844,33.45000076293945,32.70854949951172,122200.0,yahoo-chart-no-key
2024-01-02,33.22999954223633,33.31999969482422,32.5,32.68000030517578,31.955615997314453,111600.0,yahoo-chart-no-key
2024-01-03,32.560001373291016,32.72999954223633,32.43000030517578,32.52000045776367,31.799163818359375,61400.0,yahoo-chart-no-key
2024-01-04,32.400001525878906,32.689998626708984,32.224998474121094,32.2599983215332,31.544925689697266,86200.0,yahoo-chart-no-key
2024-01-05,32.18000030517578,32.630001068115234,32.029998779296875,32.380001068115234,31.662267684936523,99800.0,yahoo-chart-no-key
2024-01-08,32.599998474121094,33.380001068115234,32.470001220703125,33.380001068115234,32.64010238647461,201100.0,yahoo-chart-no-key
2024-01-09,33.15999984741211,33.47999954223633,32.939998626708984,33.380001068115234,32.64010238647461,142200.0,yahoo-chart-no-key
2024-01-10,33.5,33.95000076293945,33.45000076293945,33.88999938964844,33.1387939453125,188800.0,yahoo-chart-no-key
2024-01-11,34.11000061035156,34.290000915527344,33.400001525878906,33.86000061035156,33.10946273803711,132800.0,yahoo-chart-no-key
2024-01-12,34.029998779296875,34.09000015258789,33.66999816894531,33.790000915527344,33.041011810302734,152700.0,yahoo-chart-no-key
2024-01-16,33.75,33.95000076293945,33.55099868774414,33.779998779296875,33.03123092651367,128200.0,yahoo-chart-no-key
2024-01-17,33.52000045776367,33.61000061035156,33.016998291015625,33.56999969482422,32.825889587402344,73900.0,yahoo-chart-no-key
2024-01-18,33.97999954223633,34.08000183105469,33.689998626708984,34.06999969482422,33.31480407714844,118400.0,yahoo-chart-no-key
2024-01-19,34.25,34.65999984741211,34.119998931884766,34.65999984741211,33.89173126220703,124000.0,yahoo-chart-no-key
2024-01-22,35.0,35.130001068115234,34.560001373291016,34.61000061035156,33.84283447265625,231000.0,yahoo-chart-no-key
2024-01-23,34.77000045776367,34.83000183105469,34.56999969482422,34.83000183105469,34.05796432495117,102800.0,yahoo-chart-no-key
2024-01-24,35.20000076293945,35.5099983215332,35.027000427246094,35.13999938964844,34.361087799072266,286200.0,yahoo-chart-no-key
2024-01-25,35.02000045776367,35.11899948120117,34.56800079345703,34.81999969482422,34.04818344116211,299600.0,yahoo-chart-no-key
2024-01-26,34.849998474121094,35.02000045776367,34.72999954223633,34.81999969482422,34.04818344116211,168800.0,yahoo-chart-no-key
2024-01-29,35.0,35.38999938964844,34.81999969482422,35.38999938964844,34.60554504394531,159800.0,yahoo-chart-no-key
2024-01-30,35.540000915527344,35.540000915527344,35.08000183105469,35.189998626708984,34.409976959228516,198400.0,yahoo-chart-no-key
2024-01-31,34.47999954223633,34.65599822998047,34.0,34.11000061035156,33.35391616821289,182200.0,yahoo-chart-no-key
2024-02-01,34.41999816894531,34.66999816894531,34.3650016784668,34.63999938964844,33.872169494628906,204600.0,yahoo-chart-no-key
2024-02-02,35.68000030517578,36.59000015258789,35.36000061035156,36.5099983215332,35.70071792602539,338800.0,yahoo-chart-no-key
2024-02-05,36.72999954223633,36.810001373291016,36.0,36.459999084472656,35.65182876586914,230900.0,yahoo-chart-no-key
2024-02-06,36.5,36.65999984741211,36.060001373291016,36.290000915527344,35.485599517822266,125500.0,yahoo-chart-no-key
2024-02-07,36.540000915527344,36.9900016784668,36.52000045776367,36.9900016784668,36.17008590698242,257800.0,yahoo-chart-no-key
2024-02-08,37.029998779296875,37.1510009765625,36.849998474121094,37.0,36.17985916137695,190600.0,yahoo-chart-no-key
2024-02-09,37.2599983215332,37.630001068115234,37.0,37.599998474121094,36.76655960083008,257100.0,yahoo-chart-no-key
2024-02-12,37.68000030517578,37.849998474121094,37.150001525878906,37.349998474121094,36.522098541259766,369200.0,yahoo-chart-no-key
2024-02-13,36.58000183105469,37.130001068115234,36.0,36.7400016784668,35.92562484741211,331100.0,yahoo-chart-no-key
2024-02-14,37.119998931884766,37.29999923706055,36.7400016784668,37.29999923706055,36.473209381103516,226600.0,yahoo-chart-no-key
2024-02-15,37.310001373291016,37.45000076293945,36.88100051879883,37.33000183105469,36.50254440307617,181400.0,yahoo-chart-no-key
2024-02-16,37.45000076293945,37.59000015258789,36.81999969482422,37.0,36.17985916137695,193000.0,yahoo-chart-no-key
2024-02-20,36.790000915527344,36.88999938964844,36.060001373291016,36.41999816894531,35.61271286010742,284600.0,yahoo-chart-no-key
2024-02-21,36.16999816894531,36.46799850463867,35.970001220703125,36.400001525878906,35.59315872192383,219900.0,yahoo-chart-no-key
2024-02-22,37.689998626708984,38.20600128173828,37.459999084472656,38.150001525878906,37.30437088012695,355700.0,yahoo-chart-no-key
2024-02-23,38.470001220703125,38.665000915527344,37.849998474121094,38.0099983215332,37.1674690246582,284800.0,yahoo-chart-no-key
2024-02-26,38.11000061035156,38.189998626708984,37.7599983215332,37.84000015258789,37.00123977661133,159700.0,yahoo-chart-no-key
2024-02-27,37.97999954223633,37.9900016784668,37.619998931884766,37.95000076293945,37.108802795410156,177200.0,yahoo-chart-no-key
2024-02-28,37.77000045776367,37.904998779296875,37.630001068115234,37.709999084472656,36.874122619628906,130700.0,yahoo-chart-no-key
2024-02-29,37.95000076293945,38.25,37.599998474121094,38.220001220703125,37.37281799316406,176600.0,yahoo-chart-no-key
2024-03-01,38.220001220703125,38.720001220703125,38.13100051879883,38.630001068115234,37.77373123168945,274000.0,yahoo-chart-no-key
2024-03-04,38.66999816894531,38.66999816894531,38.290000915527344,38.310001373291016,37.46082305908203,252900.0,yahoo-chart-no-key
2024-03-05,38.040000915527344,38.04999923706055,37.36000061035156,37.66999816894531,36.83500671386719,230700.0,yahoo-chart-no-key
2024-03-06,38.099998474121094,38.20000076293945,37.66999816894531,37.95000076293945,37.108802795410156,197700.0,yahoo-chart-no-key
2024-03-07,38.279998779296875,38.922000885009766,38.06999969482422,38.900001525878906,38.03774642944336,165500.0,yahoo-chart-no-key
2024-03-08,39.29999923706055,39.61000061035156,38.0,38.22999954223633,37.38259506225586,218400.0,yahoo-chart-no-key
2024-03-11,38.02000045776367,38.150001525878906,37.619998931884766,37.68000030517578,36.84478759765625,157700.0,yahoo-chart-no-key
2024-03-12,38.060001373291016,38.900001525878906,37.762001037597656,38.880001068115234,38.018192291259766,136800.0,yahoo-chart-no-key
2024-03-13,38.79999923706055,38.91999816894531,38.279998779296875,38.599998474121094,37.74439239501953,109800.0,yahoo-chart-no-key
2024-03-14,38.66999816894531,38.779998779296875,38.215999603271484,38.369998931884766,37.519493103027344,100800.0,yahoo-chart-no-key
2024-03-15,38.18000030517578,38.380001068115234,37.869998931884766,38.060001373291016,37.21636199951172,118400.0,yahoo-chart-no-key
2024-03-18,38.79999923706055,39.119998931884766,38.540000915527344,38.77000045776367,37.91062927246094,212200.0,yahoo-chart-no-key
2024-03-19,38.540000915527344,38.935001373291016,38.029998779296875,38.869998931884766,38.00840759277344,421400.0,yahoo-chart-no-key
2024-03-20,39.06999969482422,39.470001220703125,38.779998779296875,39.459999084472656,38.585330963134766,183400.0,yahoo-chart-no-key
2024-03-21,39.939998626708984,39.959999084472656,39.22100067138672,39.33000183105469,38.458213806152344,335900.0,yahoo-chart-no-key
2024-03-22,39.31999969482422,39.819000244140625,39.130001068115234,39.790000915527344,38.908016204833984,113800.0,yahoo-chart-no-key
2024-03-25,39.59000015258789,39.849998474121094,39.3650016784668,39.70000076293945,38.82001495361328,111200.0,yahoo-chart-no-key
2024-03-26,39.900001525878906,40.02399826049805,39.319000244140625,39.380001068115234,38.50710678100586,271400.0,yahoo-chart-no-key
2024-03-27,39.650001525878906,39.67499923706055,38.9370002746582,39.18000030517578,38.31153869628906,124800.0,yahoo-chart-no-key
2024-03-28,39.22999954223633,39.268001556396484,38.900001525878906,39.150001525878906,38.28220748901367,136800.0,yahoo-chart-no-key
2024-04-01,39.15999984741211,39.5,38.959999084472656,39.279998779296875,38.40931701660156,96000.0,yahoo-chart-no-key
2024-04-02,38.61000061035156,38.933998107910156,38.400001525878906,38.869998931884766,38.00840759277344,159400.0,yahoo-chart-no-key
2024-04-03,38.790000915527344,39.22999954223633,38.70000076293945,39.15999984741211,38.29198455810547,90500.0,yahoo-chart-no-key
2024-04-04,39.439998626708984,39.849998474121094,38.68000030517578,38.68000030517578,37.8226203918457,143900.0,yahoo-chart-no-key
2024-04-05,38.81999969482422,39.40999984741211,38.7599983215332,39.25,38.37998580932617,123000.0,yahoo-chart-no-key
2024-04-08,39.4900016784668,39.62799835205078,39.29999923706055,39.41999816894531,38.54621505737305,52600.0,yahoo-chart-no-key
2024-04-09,39.599998474121094,39.68000030517578,39.09000015258789,39.41999816894531,38.54621505737305,79200.0,yahoo-chart-no-key
2024-04-10,39.099998474121094,39.400001525878906,39.04999923706055,39.34000015258789,38.46799087524414,63700.0,yahoo-chart-no-key
2024-04-11,39.599998474121094,40.369998931884766,39.220001220703125,40.31999969482422,39.42626953125,158100.0,yahoo-chart-no-key
2024-04-12,39.959999084472656,40.10200119018555,39.4900016784668,39.59000015258789,38.71245193481445,216200.0,yahoo-chart-no-key
2024-04-15,39.970001220703125,39.970001220703125,38.650001525878906,38.650001525878906,37.79328918457031,312000.0,yahoo-chart-no-key
2024-04-16,38.220001220703125,38.75299835205078,38.20000076293945,38.40999984741211,37.5586051940918,244900.0,yahoo-chart-no-key
2024-04-17,38.779998779296875,38.779998779296875,37.91999816894531,38.0,37.157691955566406,130600.0,yahoo-chart-no-key
2024-04-18,38.0,38.22999954223633,37.652000427246094,37.79999923706055,36.962127685546875,154400.0,yahoo-chart-no-key
2024-04-19,37.5,37.625,36.400001525878906,36.54999923706055,35.73983383178711,1282400.0,yahoo-chart-no-key
2024-04-22,36.689998626708984,37.10499954223633,36.34600067138672,36.88999938964844,36.072296142578125,188200.0,yahoo-chart-no-key
2024-04-23,37.15999984741211,37.619998931884766,37.11000061035156,37.619998931884766,36.78611373901367,90700.0,yahoo-chart-no-key
2024-04-24,38.439998626708984,38.470001220703125,37.529998779296875,38.029998779296875,37.18702697753906,265500.0,yahoo-chart-no-key
2024-04-25,36.38999938964844,37.55500030517578,36.2400016784668,37.459999084472656,36.629661560058594,172900.0,yahoo-chart-no-key
2024-04-26,38.619998931884766,38.900001525878906,38.189998626708984,38.720001220703125,37.861732482910156,446100.0,yahoo-chart-no-key
2024-04-29,39.5,39.52000045776367,38.900001525878906,39.33000183105469,38.458213806152344,371200.0,yahoo-chart-no-key
2024-04-30,39.040000915527344,39.34000015258789,38.25,38.25,37.40215301513672,118400.0,yahoo-chart-no-key
2024-05-01,38.560001373291016,39.220001220703125,38.119998931884766,38.279998779296875,37.43148422241211,197800.0,yahoo-chart-no-key
2024-05-02,38.75,38.9900016784668,38.150001525878906,38.95000076293945,38.08663558959961,99800.0,yahoo-chart-no-key
2024-05-03,39.900001525878906,39.92499923706055,39.43299865722656,39.779998779296875,38.89823532104492,421400.0,yahoo-chart-no-key
2024-05-06,39.9900016784668,40.380001068115234,39.75,40.380001068115234,39.48494338989258,213700.0,yahoo-chart-no-key
2024-05-07,40.45000076293945,40.49399948120117,40.029998779296875,40.209999084472656,39.31870651245117,269900.0,yahoo-chart-no-key
2024-05-08,39.72200012207031,40.15999984741211,39.70000076293945,40.0099983215332,39.123138427734375,283100.0,yahoo-chart-no-key
2024-05-09,40.18000030517578,40.18000030517578,39.77000045776367,40.0,39.11336135864258,91000.0,yahoo-chart-no-key
2024-05-10,40.15999984741211,40.15999984741211,39.560001373291016,39.79999923706055,38.91779327392578,208500.0,yahoo-chart-no-key
2024-05-13,39.93000030517578,39.959999084472656,39.59199905395508,39.95000076293945,39.06446838378906,248300.0,yahoo-chart-no-key
2024-05-14,39.84000015258789,40.4900016784668,39.80099868774414,40.40999984741211,39.51427459716797,146000.0,yahoo-chart-no-key
2024-05-15,40.65999984741211,40.849998474121094,40.25,40.83000183105469,39.924964904785156,170500.0,yahoo-chart-no-key
2024-05-16,40.81999969482422,41.02899932861328,40.689998626708984,40.689998626708984,39.78806686401367,187600.0,yahoo-chart-no-key
2024-05-17,40.66999816894531,40.87900161743164,40.5099983215332,40.77000045776367,39.866294860839844,115500.0,yahoo-chart-no-key
2024-05-20,40.88999938964844,41.06999969482422,40.790000915527344,40.88999938964844,39.9836311340332,148200.0,yahoo-chart-no-key
2024-05-21,40.790000915527344,41.40999984741211,40.65999984741211,41.38999938964844,40.47254943847656,143700.0,yahoo-chart-no-key
2024-05-22,41.33000183105469,41.36000061035156,40.79999923706055,41.0,40.09119415283203,157400.0,yahoo-chart-no-key
2024-05-23,41.7599983215332,41.7599983215332,40.849998474121094,41.06999969482422,40.159645080566406,168300.0,yahoo-chart-no-key
2024-05-24,41.290000915527344,41.75,41.07400131225586,41.720001220703125,40.79523468017578,232200.0,yahoo-chart-no-key
2024-05-28,41.869998931884766,42.220001220703125,41.70000076293945,42.209999084472656,41.274375915527344,297900.0,yahoo-chart-no-key
2024-05-29,41.970001220703125,42.36000061035156,41.84400177001953,42.13999938964844,41.20592498779297,332900.0,yahoo-chart-no-key
2024-05-30,42.150001525878906,42.150001525878906,41.279998779296875,41.40999984741211,40.49210739135742,171900.0,yahoo-chart-no-key
2024-05-31,41.619998931884766,41.619998931884766,40.52000045776367,41.380001068115234,40.46277618408203,182100.0,yahoo-chart-no-key
2024-06-03,41.72999954223633,42.02000045776367,41.349998474121094,41.880001068115234,40.951690673828125,292900.0,yahoo-chart-no-key
2024-06-04,41.91999816894531,42.130001068115234,41.61000061035156,42.0099983215332,41.07880783081055,569300.0,yahoo-chart-no-key
2024-06-05,42.380001068115234,42.869998931884766,42.209999084472656,42.869998931884766,41.91974639892578,348200.0,yahoo-chart-no-key
2024-06-06,42.95000076293945,43.15999984741211,42.62300109863281,42.97999954223633,42.02730941772461,396300.0,yahoo-chart-no-key
2024-06-07,42.97999954223633,43.150001525878906,42.7400016784668,42.900001525878906,41.94908142089844,143700.0,yahoo-chart-no-key
2024-06-10,42.93000030517578,43.119998931884766,42.689998626708984,43.0,42.0468635559082,159600.0,yahoo-chart-no-key
2024-06-11,43.099998474121094,43.47999954223633,42.7760009765625,43.47999954223633,42.5162239074707,271600.0,yahoo-chart-no-key
2024-06-12,43.86000061035156,44.709999084472656,43.70899963378906,44.310001373291016,43.32782745361328,529600.0,yahoo-chart-no-key
2024-06-13,44.849998474121094,44.9900016784668,44.3120002746582,44.47999954223633,43.49406051635742,468700.0,yahoo-chart-no-key
2024-06-14,44.5099983215332,44.65999984741211,44.220001220703125,44.540000915527344,43.552730560302734,258300.0,yahoo-chart-no-key
2024-06-17,44.43000030517578,45.41999816894531,44.369998931884766,45.08000183105469,44.08076095581055,703000.0,yahoo-chart-no-key
2024-06-18,45.06999969482422,45.08000183105469,44.66999816894531,44.95000076293945,43.95363998413086,395800.0,yahoo-chart-no-key
2024-06-20,45.2599983215332,45.29999923706055,44.22100067138672,44.54999923706055,43.562503814697266,489800.0,yahoo-chart-no-key
2024-06-21,44.47999954223633,44.810001373291016,44.20000076293945,44.40999984741211,43.42560958862305,291200.0,yahoo-chart-no-key
2024-06-24,44.5,44.68000030517578,43.779998779296875,43.779998779296875,42.809574127197266,290000.0,yahoo-chart-no-key
2024-06-25,44.04999923706055,44.970001220703125,44.04999923706055,44.93000030517578,43.934085845947266,367600.0,yahoo-chart-no-key
2024-06-26,44.84000015258789,45.63399887084961,44.81999969482422,45.619998931884766,44.608787536621094,506900.0,yahoo-chart-no-key
2024-06-27,45.61000061035156,46.0,45.41999816894531,45.810001373291016,44.794578552246094,949100.0,yahoo-chart-no-key
2024-06-28,46.0099983215332,46.257999420166016,45.11000061035156,45.11000061035156,44.11009216308594,573700.0,yahoo-chart-no-key
2024-07-01,45.5,46.209999084472656,45.029998779296875,46.099998474121094,45.078147888183594,962600.0,yahoo-chart-no-key
2024-07-02,46.119998931884766,47.150001525878906,46.04600143432617,47.150001525878906,46.10487747192383,1263000.0,yahoo-chart-no-key
2024-07-03,47.130001068115234,47.939998626708984,47.099998474121094,47.939998626708984,46.87736129760742,843600.0,yahoo-chart-no-key
2024-07-05,48.06999969482422,48.959999084472656,48.0099983215332,48.86000061035156,47.776973724365234,1736400.0,yahoo-chart-no-key
2024-07-08,48.880001068115234,49.15999984741211,48.540000915527344,48.84000015258789,47.757415771484375,1377500.0,yahoo-chart-no-key
2024-07-09,49.0,49.43000030517578,48.95000076293945,49.33000183105469,48.23655319213867,1232200.0,yahoo-chart-no-key
2024-07-10,49.52000045776367,49.959999084472656,49.29999923706055,49.84000015258789,48.73524856567383,1465300.0,yahoo-chart-no-key
2024-07-11,49.79999923706055,49.85200119018555,47.290000915527344,47.599998474121094,46.544898986816406,2492200.0,yahoo-chart-no-key
2024-07-12,47.29999923706055,48.400001525878906,47.22999954223633,47.90999984741211,46.84803009033203,892200.0,yahoo-chart-no-key
2024-07-15,48.33000183105469,48.95000076293945,47.869998931884766,48.060001373291016,46.99470520019531,805900.0,yahoo-chart-no-key
2024-07-16,48.439998626708984,48.540000915527344,47.47999954223633,47.849998474121094,46.78935623168945,959300.0,yahoo-chart-no-key
2024-07-17,46.97999954223633,47.084999084472656,46.16999816894531,46.27000045776367,45.244380950927734,1054500.0,yahoo-chart-no-key
2024-07-18,46.86000061035156,47.0,45.810001373291016,46.25,45.22482681274414,567700.0,yahoo-chart-no-key
2024-07-19,46.064998626708984,46.4370002746582,45.53099822998047,45.630001068115234,44.618568420410156,567600.0,yahoo-chart-no-key
2024-07-22,46.41999816894531,46.9900016784668,46.2400016784668,46.7400016784668,45.70396423339844,1101500.0,yahoo-chart-no-key
2024-07-23,46.88999938964844,47.189998626708984,46.650001525878906,46.709999084472656,45.674625396728516,436500.0,yahoo-chart-no-key
2024-07-24,45.119998931884766,45.18000030517578,43.8650016784668,43.880001068115234,42.90735626220703,1130900.0,yahoo-chart-no-key
2024-07-25,44.04999923706055,44.54999923706055,42.81999969482422,43.439998626708984,42.477108001708984,1293100.0,yahoo-chart-no-key
2024-07-26,43.90999984741211,44.189998626708984,43.36000061035156,43.88999938964844,42.91713333129883,468100.0,yahoo-chart-no-key
2024-07-29,44.22999954223633,44.779998779296875,44.040000915527344,44.349998474121094,43.366939544677734,822000.0,yahoo-chart-no-key
2024-07-30,44.52000045776367,44.52000045776367,42.959999084472656,43.45000076293945,42.48688888549805,534900.0,yahoo-chart-no-key
2024-07-31,44.470001220703125,45.09000015258789,44.29999923706055,44.95000076293945,43.95363998413086,837100.0,yahoo-chart-no-key
2024-08-01,45.58000183105469,46.04999923706055,43.630001068115234,44.0099983215332,43.03447341918945,848700.0,yahoo-chart-no-key
2024-08-02,42.68000030517578,43.36000061035156,42.130001068115234,42.5099983215332,41.56772232055664,1525100.0,yahoo-chart-no-key
2024-08-05,38.75,41.65999984741211,38.5099983215332,40.88999938964844,39.9836311340332,1579400.0,yahoo-chart-no-key
2024-08-06,41.2599983215332,42.09700012207031,40.4109992980957,41.400001525878906,40.482330322265625,679000.0,yahoo-chart-no-key
2024-08-07,42.11000061035156,42.36000061035156,40.79999923706055,40.81999969482422,39.91518783569336,599300.0,yahoo-chart-no-key
2024-08-08,41.599998474121094,42.220001220703125,40.97999954223633,42.130001068115234,41.19614791870117,445200.0,yahoo-chart-no-key
2024-08-09,41.91999816894531,42.4900016784668,41.810001373291016,42.439998626708984,41.49927520751953,423500.0,yahoo-chart-no-key
2024-08-12,42.599998474121094,42.81999969482422,42.28499984741211,42.560001373291016,41.61661911010742,375200.0,yahoo-chart-no-key
2024-08-13,42.95000076293945,43.880001068115234,42.95000076293945,43.84000015258789,42.86824417114258,551100.0,yahoo-chart-no-key
2024-08-14,43.959999084472656,44.04999923706055,43.11000061035156,43.52000045776367,42.55533981323242,569200.0,yahoo-chart-no-key
2024-08-15,44.099998474121094,44.900001525878906,44.04999923706055,44.880001068115234,43.88519287109375,648600.0,yahoo-chart-no-key
2024-08-16,44.63999938964844,45.11000061035156,44.52000045776367,44.939998626708984,43.9438591003418,410700.0,yahoo-chart-no-key
2024-08-19,45.02000045776367,45.66999816894531,44.810001373291016,45.66999816894531,44.657676696777344,654800.0,yahoo-chart-no-key
2024-08-20,45.68000030517578,45.94300079345703,45.290000915527344,45.529998779296875,44.520782470703125,479300.0,yahoo-chart-no-key
2024-08-21,45.56999969482422,45.97999954223633,45.340999603271484,45.7599983215332,44.74568557739258,543000.0,yahoo-chart-no-key
2024-08-22,45.95000076293945,46.08000183105469,44.540000915527344,44.59000015258789,43.601619720458984,782200.0,yahoo-chart-no-key
2024-08-23,45.060001373291016,45.66999816894531,44.790000915527344,45.43000030517578,44.423004150390625,803800.0,yahoo-chart-no-key
2024-08-26,45.31999969482422,45.400001525878906,44.400001525878906,44.81999969482422,43.82652282714844,660900.0,yahoo-chart-no-key
2024-08-27,44.59000015258789,44.8489990234375,44.27000045776367,44.66999816894531,43.67984390258789,387300.0,yahoo-chart-no-key
2024-08-28,44.70000076293945,44.79100036621094,43.75,44.119998931884766,43.14203643798828,639100.0,yahoo-chart-no-key
2024-08-29,44.34000015258789,44.95000076293945,43.790000915527344,43.91999816894531,42.94647216796875,680100.0,yahoo-chart-no-key
2024-08-30,44.18000030517578,44.63999938964844,43.970001220703125,44.63999938964844,43.6505126953125,443900.0,yahoo-chart-no-key
2024-09-03,44.36000061035156,44.41999816894531,42.96099853515625,43.150001525878906,42.19354248046875,699600.0,yahoo-chart-no-key
2024-09-04,42.779998779296875,43.66999816894531,42.779998779296875,43.2599983215332,42.30110168457031,690800.0,yahoo-chart-no-key
2024-09-05,43.34000015258789,44.54999923706055,43.34000015258789,43.93000030517578,42.95625305175781,755200.0,yahoo-chart-no-key
2024-09-06,44.189998626708984,44.27000045776367,42.220001220703125,42.220001220703125,41.28415298461914,899600.0,yahoo-chart-no-key
2024-09-09,42.79999923706055,43.069000244140625,42.38999938964844,42.81999969482422,41.870853424072266,397500.0,yahoo-chart-no-key
2024-09-10,43.18000030517578,43.54999923706055,42.7859992980957,43.47999954223633,42.5162239074707,1030300.0,yahoo-chart-no-key
2024-09-11,43.65999984741211,44.59000015258789,42.72999954223633,44.560001373291016,43.57228469848633,804000.0,yahoo-chart-no-key
2024-09-12,44.61000061035156,45.209999084472656,44.45000076293945,45.150001525878906,44.14921188354492,582700.0,yahoo-chart-no-key
2024-09-13,45.060001373291016,45.3380012512207,44.939998626708984,45.25,44.24699020385742,814100.0,yahoo-chart-no-key
2024-09-16,44.849998474121094,44.95000076293945,44.34000015258789,44.849998474121094,43.85585403442383,416100.0,yahoo-chart-no-key
2024-09-17,45.36000061035156,45.599998474121094,44.849998474121094,45.130001068115234,44.1296501159668,520200.0,yahoo-chart-no-key
2024-09-18,45.27000045776367,45.79999923706055,44.91999816894531,45.04999923706055,44.051422119140625,634800.0,yahoo-chart-no-key
2024-09-19,46.209999084472656,46.83000183105469,46.06999969482422,46.720001220703125,45.68440628051758,1055400.0,yahoo-chart-no-key
2024-09-20,46.68000030517578,46.84000015258789,46.099998474121094,46.5,45.46928024291992,792600.0,yahoo-chart-no-key
2024-09-23,46.72999954223633,47.0099983215332,46.61000061035156,46.86000061035156,45.82130432128906,524000.0,yahoo-chart-no-key
2024-09-24,47.189998626708984,47.2400016784668,46.41999816894531,47.22999954223633,46.183101654052734,576500.0,yahoo-chart-no-key
2024-09-25,47.18000030517578,47.54999923706055,47.08000183105469,47.45000076293945,46.398223876953125,556800.0,yahoo-chart-no-key
2024-09-26,48.04999923706055,48.04999923706055,47.040000915527344,47.34000015258789,46.29066467285156,1152500.0,yahoo-chart-no-key
2024-09-27,47.54999923706055,47.54999923706055,47.130001068115234,47.34000015258789,46.29066467285156,462300.0,yahoo-chart-no-key
2024-09-30,47.11000061035156,47.68000030517578,47.02399826049805,47.68000030517578,46.62312698364258,479200.0,yahoo-chart-no-key
2024-10-01,47.689998626708984,47.720001220703125,46.47999954223633,46.970001220703125,45.92886734008789,786100.0,yahoo-chart-no-key
2024-10-02,46.58000183105469,46.880001068115234,46.25,46.720001220703125,45.68440628051758,744100.0,yahoo-chart-no-key
2024-10-03,46.52000045776367,47.040000915527344,46.42100143432617,46.689998626708984,45.65507125854492,296200.0,yahoo-chart-no-key
2024-10-04,47.290000915527344,47.5,46.79999923706055,47.5,46.44711685180664,593300.0,yahoo-chart-no-key
2024-10-07,47.33000183105469,47.45000076293945,46.59000015258789,46.61000061035156,45.57684326171875,510200.0,yahoo-chart-no-key
2024-10-08,47.060001373291016,47.5,46.900001525878906,47.45000076293945,46.398223876953125,610600.0,yahoo-chart-no-key
2024-10-09,47.52000045776367,47.540000915527344,47.06999969482422,47.45000076293945,46.398223876953125,483700.0,yahoo-chart-no-key
2024-10-10,47.36000061035156,47.65999984741211,47.025001525878906,47.459999084472656,46.40800476074219,466700.0,yahoo-chart-no-key
2024-10-11,46.88999938964844,47.2599983215332,46.69499969482422,47.0,45.95819854736328,528400.0,yahoo-chart-no-key
2024-10-14,47.380001068115234,47.72999954223633,47.349998474121094,47.4900016784668,46.437339782714844,500100.0,yahoo-chart-no-key
2024-10-15,47.650001525878906,47.73500061035156,46.75,47.11000061035156,46.06576156616211,552900.0,yahoo-chart-no-key
2024-10-16,47.09000015258789,47.220001220703125,46.66999816894531,47.16999816894531,46.124427795410156,489300.0,yahoo-chart-no-key
2024-10-17,47.650001525878906,47.70000076293945,47.08000183105469,47.18000030517578,46.13420867919922,397600.0,yahoo-chart-no-key
2024-10-18,47.45000076293945,47.577999114990234,47.33000183105469,47.38999938964844,46.33955383300781,347400.0,yahoo-chart-no-key
2024-10-21,47.2400016784668,47.75,47.13999938964844,47.75,46.69157791137695,501700.0,yahoo-chart-no-key
2024-10-22,47.380001068115234,48.08000183105469,47.32099914550781,47.9900016784668,46.92625427246094,528200.0,yahoo-chart-no-key
2024-10-23,47.81999969482422,47.849998474121094,46.61199951171875,46.90999984741211,45.87019348144531,635600.0,yahoo-chart-no-key
2024-10-24,47.91999816894531,48.41600036621094,47.66400146484375,48.349998474121094,47.27827453613281,1084200.0,yahoo-chart-no-key
2024-10-25,48.40999984741211,49.27000045776367,48.400001525878906,48.95000076293945,47.86497497558594,1273800.0,yahoo-chart-no-key
2024-10-28,49.4900016784668,49.5,48.86000061035156,48.88999938964844,47.806304931640625,1001900.0,yahoo-chart-no-key
2024-10-29,49.0,49.41999816894531,48.75,49.34000015258789,48.24633026123047,729400.0,yahoo-chart-no-key
2024-10-30,49.90999984741211,49.97999954223633,49.25400161743164,49.36000061035156,48.26588821411133,1209600.0,yahoo-chart-no-key
2024-10-31,48.689998626708984,48.720001220703125,47.459999084472656,47.459999084472656,46.40800476074219,1139600.0,yahoo-chart-no-key
2024-11-01,47.91999816894531,48.43000030517578,47.91999816894531,48.02000045776367,46.95559310913086,825300.0,yahoo-chart-no-key
2024-11-04,47.79999923706055,48.06999969482422,47.382999420166016,47.63999938964844,46.584014892578125,604200.0,yahoo-chart-no-key
2024-11-05,47.869998931884766,48.61000061035156,47.869998931884766,48.459999084472656,47.38583755493164,656500.0,yahoo-chart-no-key
2024-11-06,49.630001068115234,50.45000076293945,49.47999954223633,50.439998626708984,49.32194519042969,1540100.0,yahoo-chart-no-key
2024-11-07,50.650001525878906,51.68000030517578,50.630001068115234,51.58000183105469,50.436683654785156,1268900.0,yahoo-chart-no-key
2024-11-08,51.599998474121094,52.09000015258789,51.4900016784668,51.90999984741211,50.75936508178711,978200.0,yahoo-chart-no-key
2024-11-11,52.5099983215332,52.58000183105469,51.7400016784668,52.33000183105469,51.1700553894043,1354000.0,yahoo-chart-no-key
2024-11-12,52.31999969482422,52.52899932861328,51.79999923706055,52.150001525878906,50.99404525756836,810000.0,yahoo-chart-no-key
2024-11-13,52.22999954223633,52.4900016784668,51.77000045776367,52.11000061035156,50.954933166503906,739400.0,yahoo-chart-no-key
2024-11-14,52.119998931884766,52.25,51.349998474121094,51.459999084472656,50.319339752197266,1127500.0,yahoo-chart-no-key
2024-11-15,50.86000061035156,51.06999969482422,50.1349983215332,50.459999084472656,49.34150695800781,1184500.0,yahoo-chart-no-key
2024-11-18,50.97999954223633,51.41999816894531,50.78499984741211,51.09000015258789,49.957542419433594,925200.0,yahoo-chart-no-key
2024-11-19,50.84000015258789,52.02000045776367,50.79999923706055,52.02000045776367,50.86692810058594,935800.0,yahoo-chart-no-key
2024-11-20,51.91999816894531,51.93000030517578,50.90999984741211,51.689998626708984,50.54424285888672,952400.0,yahoo-chart-no-key
2024-11-21,52.029998779296875,52.099998474121094,50.349998474121094,51.099998474121094,49.967315673828125,1209100.0,yahoo-chart-no-key
2024-11-22,51.029998779296875,51.25,50.72999954223633,51.040000915527344,49.90864944458008,659600.0,yahoo-chart-no-key
2024-11-25,51.58000183105469,51.72999954223633,50.68000030517578,50.779998779296875,49.65441131591797,919200.0,yahoo-chart-no-key
2024-11-26,50.93000030517578,51.5880012512207,50.91999816894531,51.45000076293945,50.30956268310547,804500.0,yahoo-chart-no-key
2024-11-27,51.36000061035156,51.38999938964844,50.59000015258789,51.0,49.869537353515625,1021400.0,yahoo-chart-no-key
2024-11-29,51.150001525878906,51.75,50.90999984741211,51.75,50.60291290283203,507500.0,yahoo-chart-no-key
2024-12-02,52.0,52.757999420166016,51.97999954223633,52.68000030517578,51.512298583984375,1551900.0,yahoo-chart-no-key
2024-12-03,52.529998779296875,53.040000915527344,52.38999938964844,52.959999084472656,51.78609085083008,928000.0,yahoo-chart-no-key
2024-12-04,53.310001373291016,53.88999938964844,53.20000076293945,53.88999938964844,52.69547653198242,1556500.0,yahoo-chart-no-key
2024-12-05,54.119998931884766,54.4900016784668,54.04999923706055,54.22999954223633,53.02793884277344,1145100.0,yahoo-chart-no-key
2024-12-06,54.40999984741211,55.09000015258789,54.290000915527344,55.09000015258789,53.86888122558594,1355200.0,yahoo-chart-no-key
2024-12-09,55.08000183105469,55.290000915527344,54.41999816894531,54.90999984741211,53.692867279052734,1550400.0,yahoo-chart-no-key
2024-12-10,55.380001068115234,56.220001220703125,55.20000076293945,55.459999084472656,54.230674743652344,2903200.0,yahoo-chart-no-key
2024-12-11,55.970001220703125,57.13999938964844,55.8849983215332,57.13999938964844,55.87343978881836,3586600.0,yahoo-chart-no-key
2024-12-12,56.9900016784668,57.244998931884766,56.59000015258789,56.66999816894531,55.41385269165039,3858200.0,yahoo-chart-no-key
2024-12-13,56.66999816894531,56.959999084472656,56.09000015258789,56.619998931884766,55.36496353149414,2299700.0,yahoo-chart-no-key
2024-12-16,57.13999938964844,58.029998779296875,56.779998779296875,57.95000076293945,56.66548538208008,2632100.0,yahoo-chart-no-key
2024-12-17,58.119998931884766,58.32500076293945,57.599998474121094,58.2400016784668,56.949058532714844,2462500.0,yahoo-chart-no-key
2024-12-18,58.0,58.689998626708984,55.400001525878906,55.66999816894531,54.43601989746094,3827900.0,yahoo-chart-no-key
2024-12-19,56.84000015258789,56.88999938964844,55.72999954223633,55.84000015258789,54.60225296020508,3786800.0,yahoo-chart-no-key
2024-12-20,55.06999969482422,56.84000015258789,54.63999938964844,55.90999984741211,54.67070388793945,2749100.0,yahoo-chart-no-key
2024-12-23,56.349998474121094,56.83000183105469,55.625,56.7599983215332,55.50185775756836,2493400.0,yahoo-chart-no-key
2024-12-24,56.93000030517578,58.08000183105469,56.90999984741211,58.08000183105469,56.792606353759766,2603500.0,yahoo-chart-no-key
2024-12-26,58.0099983215332,58.0099983215332,57.349998474121094,57.66999816894531,56.39168930053711,2560300.0,yahoo-chart-no-key
2024-12-27,57.22999954223633,57.2599983215332,55.75,56.33000183105469,55.08139419555664,2750300.0,yahoo-chart-no-key
2024-12-30,54.98500061035156,55.71900177001953,54.81999969482422,55.189998626708984,54.391517639160156,2565900.0,yahoo-chart-no-key
2024-12-31,55.40999984741211,55.529998779296875,54.31999969482422,54.41999816894531,53.632659912109375,2006400.0,yahoo-chart-no-key
2025-01-02,54.58000183105469,54.95000076293945,53.52000045776367,54.15999984741211,53.37642288208008,2345300.0,yahoo-chart-no-key
2025-01-03,54.65999984741211,55.540000915527344,54.54999923706055,55.540000915527344,54.73645782470703,2547400.0,yahoo-chart-no-key
2025-01-06,56.31999969482422,56.94900131225586,56.17100143432617,56.65999984741211,55.84025192260742,3194400.0,yahoo-chart-no-key
2025-01-07,56.72999954223633,56.83000183105469,54.91999816894531,55.150001525878906,54.35210037231445,3092300.0,yahoo-chart-no-key
2025-01-08,55.16999816894531,55.55799865722656,54.56999969482422,55.040000915527344,54.243690490722656,1731700.0,yahoo-chart-no-key
2025-01-10,54.70000076293945,54.9900016784668,53.630001068115234,54.380001068115234,53.593238830566406,2316900.0,yahoo-chart-no-key
2025-01-13,53.41999816894531,54.15999984741211,53.15999984741211,54.11000061035156,53.327144622802734,1902800.0,yahoo-chart-no-key
2025-01-14,54.599998474121094,54.71500015258789,53.2400016784668,53.56999969482422,52.79495620727539,2038400.0,yahoo-chart-no-key
2025-01-15,54.599998474121094,55.59000015258789,54.34000015258789,55.5099983215332,54.70689010620117,3018900.0,yahoo-chart-no-key
2025-01-16,55.4900016784668,55.5,54.43000030517578,54.45000076293945,53.662227630615234,2183000.0,yahoo-chart-no-key
2025-01-17,55.599998474121094,55.810001373291016,55.060001373291016,55.439998626708984,54.637901306152344,2824000.0,yahoo-chart-no-key
2025-01-21,55.73500061035156,55.77000045776367,54.779998779296875,55.59000015258789,54.78573226928711,2574200.0,yahoo-chart-no-key
2025-01-22,55.93000030517578,56.66999816894531,55.93000030517578,56.439998626708984,55.62343215942383,2227800.0,yahoo-chart-no-key
2025-01-23,56.27000045776367,56.560001373291016,56.099998474121094,56.560001373291016,55.74169921875,1391700.0,yahoo-chart-no-key
2025-01-24,56.65999984741211,56.96900177001953,56.1150016784668,56.31999969482422,55.50517272949219,1641900.0,yahoo-chart-no-key
2025-01-27,53.880001068115234,55.154998779296875,53.79999923706055,54.58000183105469,53.790348052978516,3502700.0,yahoo-chart-no-key
2025-01-28,54.93000030517578,56.290000915527344,54.54999923706055,56.220001220703125,55.406620025634766,2720200.0,yahoo-chart-no-key
2025-01-29,55.97999954223633,55.97999954223633,55.09000015258789,55.63999938964844,54.83501052856445,1819200.0,yahoo-chart-no-key
2025-01-30,55.959999084472656,56.08000183105469,54.75,55.630001068115234,54.825157165527344,1747000.0,yahoo-chart-no-key
2025-01-31,56.18000030517578,56.790000915527344,55.45000076293945,55.650001525878906,54.84486770629883,2284700.0,yahoo-chart-no-key
2025-02-03,54.220001220703125,55.150001525878906,54.0,54.70000076293945,53.90861129760742,2826400.0,yahoo-chart-no-key
2025-02-04,54.97999954223633,55.75,54.86000061035156,55.68000030517578,54.87443161010742,1396200.0,yahoo-chart-no-key
2025-02-05,54.72999954223633,55.03200149536133,54.560001373291016,54.88999938964844,54.09585952758789,2216600.0,yahoo-chart-no-key
2025-02-06,55.040000915527344,55.41999816894531,54.81999969482422,55.41999816894531,54.61819076538086,1472500.0,yahoo-chart-no-key
2025-02-07,55.09000015258789,55.518001556396484,54.23500061035156,54.310001373291016,53.524253845214844,2628300.0,yahoo-chart-no-key
2025-02-10,54.560001373291016,55.06999969482422,54.51499938964844,54.630001068115234,53.839622497558594,1794000.0,yahoo-chart-no-key
2025-02-11,54.349998474121094,54.744998931884766,54.0,54.310001373291016,53.524253845214844,1306500.0,yahoo-chart-no-key
2025-02-12,53.81999969482422,54.59000015258789,53.709999084472656,54.29999923706055,53.51439666748047,1623300.0,yahoo-chart-no-key
2025-02-13,54.47999954223633,55.310001373291016,54.349998474121094,55.279998779296875,54.48021697998047,1744700.0,yahoo-chart-no-key
2025-02-14,55.2400016784668,55.63999938964844,55.13999938964844,55.54999923706055,54.74631118774414,1528500.0,yahoo-chart-no-key
2025-02-18,55.720001220703125,55.82699966430664,54.672000885009766,55.119998931884766,54.322532653808594,1589600.0,yahoo-chart-no-key
2025-02-19,55.0,55.38999938964844,54.823001861572266,55.27000045776367,54.47036361694336,1410800.0,yahoo-chart-no-key
2025-02-20,55.150001525878906,55.279998779296875,54.5099983215332,54.9900016784668,54.19441604614258,1304900.0,yahoo-chart-no-key
2025-02-21,55.119998931884766,55.209999084472656,53.540000915527344,53.61000061035156,52.834381103515625,2108800.0,yahoo-chart-no-key
2025-02-24,53.880001068115234,54.15999984741211,52.77000045776367,52.79999923706055,52.03609848022461,1951600.0,yahoo-chart-no-key
2025-02-25,52.56999969482422,52.63100051879883,51.099998474121094,51.720001220703125,50.97172546386719,2611400.0,yahoo-chart-no-key
2025-02-26,52.02000045776367,52.529998779296875,51.439998626708984,51.77000045776367,51.020999908447266,1745600.0,yahoo-chart-no-key
2025-02-27,52.349998474121094,52.45000076293945,50.10499954223633,50.119998931884766,49.39487075805664,2905900.0,yahoo-chart-no-key
2025-02-28,50.0,51.22999954223633,49.380001068115234,51.209999084472656,50.46910095214844,2832300.0,yahoo-chart-no-key
2025-03-03,51.470001220703125,51.63999938964844,49.060001373291016,49.5099983215332,48.793697357177734,2680100.0,yahoo-chart-no-key
2025-03-04,48.630001068115234,50.207000732421875,48.119998931884766,49.279998779296875,48.56702423095703,3555100.0,yahoo-chart-no-key
2025-03-05,49.52000045776367,50.36000061035156,48.869998931884766,50.22999954223633,49.50328063964844,2386200.0,yahoo-chart-no-key
2025-03-06,49.25,49.90999984741211,48.40999984741211,48.72999954223633,48.02498245239258,3167100.0,yahoo-chart-no-key
2025-03-07,48.4900016784668,49.20000076293945,47.529998779296875,48.86000061035156,48.15310287475586,2961200.0,yahoo-chart-no-key
2025-03-10,47.66999816894531,47.7400016784668,45.79999923706055,46.33000183105469,45.659706115722656,4173000.0,yahoo-chart-no-key
2025-03-11,46.119998931884766,47.26100158691406,45.810001373291016,46.5099983215332,45.837100982666016,3778900.0,yahoo-chart-no-key
2025-03-12,47.77000045776367,47.95000076293945,46.77299880981445,47.58000183105469,46.89162063598633,2934500.0,yahoo-chart-no-key
2025-03-13,47.560001373291016,47.56999969482422,46.09000015258789,46.310001373291016,45.63999557495117,2054500.0,yahoo-chart-no-key
2025-03-14,47.060001373291016,47.72999954223633,46.75,47.66999816894531,46.980316162109375,4057400.0,yahoo-chart-no-key
2025-03-17,47.63999938964844,47.75,46.72999954223633,47.189998626708984,46.50726318359375,2624200.0,yahoo-chart-no-key
2025-03-18,46.63999938964844,46.689998626708984,45.66999816894531,45.97999954223633,45.31476974487305,3621700.0,yahoo-chart-no-key
2025-03-19,46.349998474121094,47.290000915527344,46.172000885009766,46.75,46.07362747192383,2977700.0,yahoo-chart-no-key
2025-03-20,46.38999938964844,47.5099983215332,46.22999954223633,46.68000030517578,46.004642486572266,2877700.0,yahoo-chart-no-key
2025-03-21,46.189998626708984,47.380001068115234,46.189998626708984,47.310001373291016,46.625526428222656,2569500.0,yahoo-chart-no-key
2025-03-24,48.31999969482422,48.95000076293945,48.15800094604492,48.869998931884766,48.16295623779297,3344400.0,yahoo-chart-no-key
2025-03-25,49.13999938964844,49.459999084472656,48.83000183105469,49.459999084472656,48.74441909790039,2546400.0,yahoo-chart-no-key
2025-03-26,49.189998626708984,49.189998626708984,47.76499938964844,47.939998626708984,47.24641036987305,3572300.0,yahoo-chart-no-key
2025-03-27,47.66999816894531,48.5,47.595001220703125,47.7400016784668,47.04930877685547,2568300.0,yahoo-chart-no-key
2025-03-28,47.470001220703125,47.645999908447266,45.939998626708984,46.029998779296875,45.364044189453125,3623200.0,yahoo-chart-no-key
2025-03-31,45.0,46.04999923706055,44.36000061035156,45.86000061035156,45.19650650024414,3602700.0,yahoo-chart-no-key
2025-04-01,45.709999084472656,46.98500061035156,45.65999984741211,46.689998626708984,46.014495849609375,3223000.0,yahoo-chart-no-key
2025-04-02,45.68000030517578,47.54999923706055,45.54999923706055,47.18000030517578,46.497406005859375,3457200.0,yahoo-chart-no-key
2025-04-03,44.5,44.880001068115234,43.880001068115234,43.939998626708984,43.304283142089844,5213400.0,yahoo-chart-no-key
2025-04-04,42.29999923706055,43.03499984741211,41.279998779296875,41.36000061035156,40.76161193847656,5834800.0,yahoo-chart-no-key
2025-04-07,39.29999923706055,43.60200119018555,39.0,41.470001220703125,40.87002182006836,7336400.0,yahoo-chart-no-key
2025-04-08,43.36000061035156,43.75899887084961,39.909000396728516,40.5,39.9140510559082,5559100.0,yahoo-chart-no-key
2025-04-09,40.59000015258789,46.67499923706055,40.59000015258789,46.41999816894531,45.7484016418457,8761200.0,yahoo-chart-no-key
2025-04-10,44.970001220703125,45.165000915527344,42.59000015258789,44.02000045776367,43.38312530517578,4908800.0,yahoo-chart-no-key
2025-04-11,43.775001525878906,44.95000076293945,43.47999954223633,44.86000061035156,44.21097183227539,3823900.0,yahoo-chart-no-key
2025-04-14,46.099998474121094,46.15999984741211,44.38999938964844,44.869998931884766,44.220829010009766,2723200.0,yahoo-chart-no-key
2025-04-15,44.79999923706055,45.125,44.31999969482422,44.54999923706055,43.90545654296875,2145400.0,yahoo-chart-no-key
2025-04-16,43.41999816894531,43.79999923706055,42.04499816894531,42.779998779296875,42.16106414794922,3296600.0,yahoo-chart-no-key
2025-04-17,43.08000183105469,43.202999114990234,42.20000076293945,42.47999954223633,41.86540603637695,2099500.0,yahoo-chart-no-key
2025-04-21,41.529998779296875,41.61600112915039,40.58000183105469,41.060001373291016,40.4659538269043,2812900.0,yahoo-chart-no-key
2025-04-22,41.63999938964844,42.810001373291016,41.4900016784668,42.40999984741211,41.796417236328125,2415100.0,yahoo-chart-no-key
2025-04-23,44.349998474121094,44.77000045776367,43.632999420166016,43.83000183105469,43.19587707519531,3166000.0,yahoo-chart-no-key
2025-04-24,43.91999816894531,45.13999938964844,43.87900161743164,45.119998931884766,44.46720886230469,2957900.0,yahoo-chart-no-key
2025-04-25,45.56999969482422,46.630001068115234,45.220001220703125,46.4900016784668,45.81739044189453,3434100.0,yahoo-chart-no-key
2025-04-28,46.72999954223633,46.83000183105469,45.47999954223633,46.310001373291016,45.63999557495117,2038400.0,yahoo-chart-no-key
2025-04-29,46.09000015258789,46.65999984741211,45.79499816894531,46.59000015258789,45.91594314575195,1285900.0,yahoo-chart-no-key
2025-04-30,45.470001220703125,46.27000045776367,44.779998779296875,45.9900016784668,45.32462692260742,2375700.0,yahoo-chart-no-key
2025-05-01,47.619998931884766,48.119998931884766,47.2599983215332,47.45000076293945,46.76350021362305,3746800.0,yahoo-chart-no-key
2025-05-02,47.849998474121094,48.43000030517578,47.375,48.040000915527344,47.344966888427734,3196700.0,yahoo-chart-no-key
2025-05-05,47.529998779296875,47.88999938964844,47.279998779296875,47.540000915527344,46.85219955444336,1490200.0,yahoo-chart-no-key
2025-05-06,46.900001525878906,47.5099983215332,46.84000015258789,47.150001525878906,46.46784210205078,1471800.0,yahoo-chart-no-key
2025-05-07,47.349998474121094,47.54499816894531,46.275001525878906,46.970001220703125,46.29044723510742,2396600.0,yahoo-chart-no-key
2025-05-08,47.709999084472656,48.18000030517578,47.189998626708984,47.66999816894531,46.980316162109375,1871600.0,yahoo-chart-no-key
2025-05-09,47.95000076293945,48.400001525878906,47.65999984741211,47.88999938964844,47.19713592529297,1312800.0,yahoo-chart-no-key
2025-05-12,50.560001373291016,50.66999816894531,49.72999954223633,50.66999816894531,49.936912536621094,3872500.0,yahoo-chart-no-key
2025-05-13,50.95000076293945,51.98400115966797,50.731998443603516,51.79999923706055,51.05056381225586,3410800.0,yahoo-chart-no-key
2025-05-14,52.29999923706055,52.880001068115234,52.040000915527344,52.75,51.986820220947266,2663400.0,yahoo-chart-no-key
2025-05-15,52.25,52.608001708984375,51.790000915527344,52.150001525878906,51.395503997802734,2083800.0,yahoo-chart-no-key
2025-05-16,52.43000030517578,52.560001373291016,51.81999969482422,52.439998626708984,51.681304931640625,2111700.0,yahoo-chart-no-key
2025-05-19,51.369998931884766,52.34000015258789,51.36000061035156,52.27000045776367,51.51376724243164,1961600.0,yahoo-chart-no-key
2025-05-20,52.22999954223633,52.43000030517578,51.630001068115234,51.9900016784668,51.23781967163086,1222900.0,yahoo-chart-no-key
2025-05-21,51.619998931884766,52.58000183105469,51.20000076293945,51.41999816894531,50.676063537597656,2748300.0,yahoo-chart-no-key
2025-05-22,51.5,52.36000061035156,51.380001068115234,51.880001068115234,51.12940979003906,2482000.0,yahoo-chart-no-key
2025-05-23,50.900001525878906,51.54999923706055,50.77000045776367,51.13999938964844,50.400115966796875,3094900.0,yahoo-chart-no-key
2025-05-27,52.0099983215332,52.91999816894531,51.98099899291992,52.91999816894531,52.154361724853516,2843100.0,yahoo-chart-no-key
2025-05-28,53.0,53.189998626708984,52.5099983215332,52.58000183105469,51.81928253173828,1970900.0,yahoo-chart-no-key
2025-05-29,53.70000076293945,53.709999084472656,52.630001068115234,52.900001525878906,52.13465118408203,2720600.0,yahoo-chart-no-key
2025-05-30,52.650001525878906,52.84000015258789,51.65999984741211,52.349998474121094,51.59260559082031,2995300.0,yahoo-chart-no-key
2025-06-02,52.0099983215332,52.7599983215332,51.91999816894531,52.72999954223633,51.96710968017578,2237100.0,yahoo-chart-no-key
2025-06-03,52.79999923706055,53.349998474121094,52.560001373291016,52.86000061035156,52.09523010253906,1905400.0,yahoo-chart-no-key
2025-06-04,53.02000045776367,53.13999938964844,52.540000915527344,52.95000076293945,52.183929443359375,1303700.0,yahoo-chart-no-key
2025-06-05,52.939998626708984,53.189998626708984,51.2400016784668,51.560001373291016,50.81404113769531,3873700.0,yahoo-chart-no-key
2025-06-06,52.56999969482422,52.97999954223633,52.540000915527344,52.70000076293945,51.93754577636719,2788800.0,yahoo-chart-no-key
2025-06-09,52.68000030517578,53.334999084472656,52.56999969482422,53.27000045776367,52.499298095703125,1844800.0,yahoo-chart-no-key
2025-06-10,53.4900016784668,54.0,53.279998779296875,54.0,53.2187385559082,2324700.0,yahoo-chart-no-key
2025-06-11,54.36000061035156,54.38999938964844,53.349998474121094,53.540000915527344,52.7653923034668,2079000.0,yahoo-chart-no-key
2025-06-12,53.25,53.75,53.25,53.5099983215332,52.73582458496094,2048100.0,yahoo-chart-no-key
2025-06-13,52.900001525878906,53.689998626708984,52.744998931884766,53.150001525878906,52.38103485107422,3264700.0,yahoo-chart-no-key
2025-06-16,53.63999938964844,54.08000183105469,53.5,54.0099983215332,53.22859191894531,1432700.0,yahoo-chart-no-key
2025-06-17,53.70000076293945,53.84000015258789,53.279998779296875,53.349998474121094,52.57814025878906,1286800.0,yahoo-chart-no-key
2025-06-18,53.400001525878906,53.904998779296875,53.27000045776367,53.439998626708984,52.66683578491211,1251300.0,yahoo-chart-no-key
2025-06-20,53.79999923706055,54.0,52.77199935913086,52.86000061035156,52.09523010253906,2004700.0,yahoo-chart-no-key
2025-06-23,52.9900016784668,54.0,52.77000045776367,53.90999984741211,53.13003921508789,2293700.0,yahoo-chart-no-key
2025-06-24,54.529998779296875,54.529998779296875,54.08000183105469,54.29999923706055,53.51439666748047,1624900.0,yahoo-chart-no-key
2025-06-25,54.619998931884766,54.77000045776367,54.220001220703125,54.5,53.71150207519531,1767800.0,yahoo-chart-no-key
2025-06-26,54.75,55.20000076293945,54.45100021362305,55.0099983215332,54.2141227722168,3875400.0,yahoo-chart-no-key
2025-06-27,55.220001220703125,55.619998931884766,54.77000045776367,55.58000183105469,54.77587890625,2918500.0,yahoo-chart-no-key
2025-06-30,55.900001525878906,55.900001525878906,55.20500183105469,55.470001220703125,54.6674690246582,1772500.0,yahoo-chart-no-key
2025-07-01,55.0,55.257999420166016,54.38999938964844,54.630001068115234,53.839622497558594,2445600.0,yahoo-chart-no-key
2025-07-02,54.880001068115234,55.459999084472656,54.72999954223633,55.43000030517578,54.628047943115234,1490600.0,yahoo-chart-no-key
2025-07-03,55.77000045776367,56.0,55.599998474121094,55.93000030517578,55.12081527709961,1128200.0,yahoo-chart-no-key
2025-07-07,55.18000030517578,55.43000030517578,54.845001220703125,55.060001373291016,54.26340103149414,1888000.0,yahoo-chart-no-key
2025-07-08,55.279998779296875,55.36899948120117,54.87200164794922,55.02000045776367,54.22397994995117,1084800.0,yahoo-chart-no-key
2025-07-09,55.15999984741211,55.90999984741211,55.15999984741211,55.65999984741211,54.85472106933594,1474300.0,yahoo-chart-no-key
2025-07-10,55.7400016784668,56.04999923706055,55.38999938964844,55.9900016784668,55.17994689941406,1229900.0,yahoo-chart-no-key
2025-07-11,55.709999084472656,56.369998931884766,55.619998931884766,56.2400016784668,55.42633056640625,1874500.0,yahoo-chart-no-key
2025-07-14,56.31999969482422,56.52000045776367,55.91999816894531,56.209999084472656,55.39676284790039,1842500.0,yahoo-chart-no-key
2025-07-15,56.869998931884766,56.88999938964844,56.45500183105469,56.47999954223633,55.66285705566406,1896600.0,yahoo-chart-no-key
2025-07-16,56.6150016784668,56.7599983215332,56.14099884033203,56.619998931884766,55.80083084106445,1626100.0,yahoo-chart-no-key
2025-07-17,56.72999954223633,56.92499923706055,56.52000045776367,56.790000915527344,55.9683723449707,1045500.0,yahoo-chart-no-key
2025-07-18,57.06999969482422,57.189998626708984,56.77000045776367,57.189998626708984,56.36258316040039,2258900.0,yahoo-chart-no-key
2025-07-21,57.29999923706055,57.79999923706055,57.29999923706055,57.61000061035156,56.77650833129883,1337600.0,yahoo-chart-no-key
2025-07-22,57.72999954223633,57.790000915527344,56.7400016784668,57.38999938964844,56.559688568115234,1753500.0,yahoo-chart-no-key
2025-07-23,57.5,57.65999984741211,57.242000579833984,57.619998931884766,56.78636169433594,1474200.0,yahoo-chart-no-key
2025-07-24,57.599998474121094,57.70000076293945,57.2400016784668,57.470001220703125,56.63853454589844,1201800.0,yahoo-chart-no-key
2025-07-25,57.54999923706055,58.09000015258789,57.507999420166016,57.7599983215332,56.92433547973633,1774500.0,yahoo-chart-no-key
2025-07-28,57.959999084472656,58.20000076293945,57.900001525878906,58.20000076293945,57.35797119140625,940700.0,yahoo-chart-no-key
2025-07-29,58.36000061035156,58.459999084472656,57.7599983215332,57.77000045776367,56.9341926574707,1248200.0,yahoo-chart-no-key
2025-07-30,57.97999954223633,58.029998779296875,57.38999938964844,57.81999969482422,56.98347091674805,1505400.0,yahoo-chart-no-key
2025-07-31,59.77000045776367,59.77000045776367,58.400001525878906,58.59000015258789,57.74232864379883,2961800.0,yahoo-chart-no-key
2025-08-01,57.459999084472656,57.84000015258789,56.5,56.72999954223633,55.90924072265625,4934800.0,yahoo-chart-no-key
2025-08-04,57.380001068115234,57.970001220703125,57.290000915527344,57.900001525878906,57.062313079833984,2590700.0,yahoo-chart-no-key
2025-08-05,57.970001220703125,58.308998107910156,57.564998626708984,57.59000015258789,56.756797790527344,1370200.0,yahoo-chart-no-key
2025-08-06,57.66999816894531,58.77000045776367,57.66999816894531,58.7400016784668,57.890159606933594,1941900.0,yahoo-chart-no-key
2025-08-07,59.130001068115234,59.40999984741211,58.47999954223633,58.959999084472656,58.10697555541992,2273200.0,yahoo-chart-no-key
2025-08-08,59.119998931884766,59.95000076293945,59.040000915527344,59.93000030517578,59.06294250488281,3590600.0,yahoo-chart-no-key
2025-08-11,59.93000030517578,60.404998779296875,59.6870002746582,59.900001525878906,59.03337860107422,2016500.0,yahoo-chart-no-key
2025-08-12,60.29999923706055,60.630001068115234,59.7400016784668,60.56999969482422,59.69368362426758,1965100.0,yahoo-chart-no-key
2025-08-13,60.7599983215332,60.959999084472656,60.189998626708984,60.369998931884766,59.49657440185547,1865000.0,yahoo-chart-no-key
2025-08-14,60.34000015258789,60.81999969482422,60.279998779296875,60.63999938964844,59.76266860961914,1529200.0,yahoo-chart-no-key
2025-08-15,60.900001525878906,60.900001525878906,60.349998474121094,60.47999954223633,59.604984283447266,2283400.0,yahoo-chart-no-key
2025-08-18,60.29999923706055,60.45000076293945,60.04999923706055,60.31999969482422,59.44729995727539,1148800.0,yahoo-chart-no-key
2025-08-19,60.275001525878906,60.29999923706055,59.23099899291992,59.34000015258789,58.48147964477539,1865500.0,yahoo-chart-no-key
2025-08-20,59.119998931884766,59.209999084472656,57.83000183105469,58.68000030517578,57.83102798461914,2882700.0,yahoo-chart-no-key
2025-08-21,58.47999954223633,58.779998779296875,58.14500045776367,58.380001068115234,57.535369873046875,1404500.0,yahoo-chart-no-key
2025-08-22,58.56999969482422,59.959999084472656,58.31999969482422,59.810001373291016,58.944679260253906,3550900.0,yahoo-chart-no-key
2025-08-25,59.779998779296875,60.43000030517578,59.560001373291016,60.099998474121094,59.2304801940918,1798900.0,yahoo-chart-no-key
2025-08-26,59.94499969482422,60.334999084472656,59.689998626708984,60.29999923706055,59.427589416503906,1044900.0,yahoo-chart-no-key
2025-08-27,60.2400016784668,60.5,60.05500030517578,60.34000015258789,59.467010498046875,1851800.0,yahoo-chart-no-key
2025-08-28,60.349998474121094,60.75,60.11000061035156,60.630001068115234,59.75281524658203,1548600.0,yahoo-chart-no-key
2025-08-29,60.39500045776367,60.43000030517578,59.61000061035156,59.790000915527344,58.92496871948242,2137100.0,yahoo-chart-no-key
2025-09-02,58.65999984741211,59.209999084472656,58.3120002746582,59.11000061035156,58.25480651855469,2232400.0,yahoo-chart-no-key
2025-09-03,60.310001373291016,60.72999954223633,60.040000915527344,60.560001373291016,59.68383026123047,2141600.0,yahoo-chart-no-key
2025-09-04,60.79999923706055,61.36000061035156,60.540000915527344,61.33000183105469,60.44268798828125,2706400.0,yahoo-chart-no-key
2025-09-05,61.5,61.709999084472656,60.689998626708984,61.209999084472656,60.324424743652344,3600400.0,yahoo-chart-no-key
2025-09-08,61.540000915527344,61.85900115966797,61.189998626708984,61.27000045776367,60.3835563659668,1187900.0,yahoo-chart-no-key
2025-09-09,61.45000076293945,61.7599983215332,61.15999984741211,61.720001220703125,60.82704544067383,2197200.0,yahoo-chart-no-key
2025-09-10,62.11000061035156,62.11000061035156,61.220001220703125,61.38999938964844,60.5018196105957,2829500.0,yahoo-chart-no-key
2025-09-11,61.650001525878906,62.06800079345703,61.279998779296875,62.0,61.10299301147461,1657500.0,yahoo-chart-no-key
2025-09-12,62.119998931884766,62.970001220703125,61.970001220703125,62.93000030517578,62.01953887939453,3034500.0,yahoo-chart-no-key
2025-09-15,63.79999923706055,64.38999938964844,63.66699981689453,64.13999938964844,63.212032318115234,2399000.0,yahoo-chart-no-key
2025-09-16,64.32499694824219,64.54000091552734,64.13999938964844,64.41999816894531,63.487979888916016,2077700.0,yahoo-chart-no-key
2025-09-17,64.22000122070312,64.30999755859375,63.349998474121094,64.08000183105469,63.15290451049805,2617000.0,yahoo-chart-no-key
2025-09-18,64.62999725341797,64.7300033569336,64.26000213623047,64.30000305175781,63.369720458984375,7644700.0,yahoo-chart-no-key
2025-09-19,64.7699966430664,65.12000274658203,64.66500091552734,65.11000061035156,64.16799926757812,3035900.0,yahoo-chart-no-key
2025-09-22,65.18000030517578,65.68000030517578,65.125,65.58000183105469,64.6312026977539,2472800.0,yahoo-chart-no-key
2025-09-23,65.7300033569336,65.7300033569336,64.44499969482422,64.56999969482422,63.63581085205078,2660400.0,yahoo-chart-no-key
2025-09-24,64.93000030517578,64.98999786376953,64.16999816894531,64.63999938964844,63.70479965209961,1859600.0,yahoo-chart-no-key
2025-09-25,64.0999984741211,64.43000030517578,63.5099983215332,64.0999984741211,63.172611236572266,3056700.0,yahoo-chart-no-key
2025-09-26,64.23999786376953,64.5770034790039,63.720001220703125,64.44999694824219,63.51754379272461,2904900.0,yahoo-chart-no-key
2025-09-29,64.83999633789062,65.26000213623047,64.54000091552734,64.77999877929688,63.8427734375,2050000.0,yahoo-chart-no-key
2025-09-30,64.66999816894531,64.92500305175781,64.14700317382812,64.86000061035156,63.92161560058594,1630500.0,yahoo-chart-no-key
2025-10-01,64.38999938964844,65.38999938964844,64.29000091552734,65.20999908447266,64.26654815673828,2028700.0,yahoo-chart-no-key
2025-10-02,65.69999694824219,65.69999694824219,64.88200378417969,64.98999786376953,64.04973602294922,1876800.0,yahoo-chart-no-key
2025-10-03,65.12000274658203,65.26000213623047,64.08999633789062,64.43000030517578,63.49783706665039,3514800.0,yahoo-chart-no-key
2025-10-06,64.62999725341797,65.43000030517578,64.27999877929688,65.36000061035156,64.41438293457031,2285200.0,yahoo-chart-no-key
2025-10-07,65.25,65.41000366210938,64.52999877929688,64.63999938964844,63.70479965209961,2069300.0,yahoo-chart-no-key
2025-10-08,64.80000305175781,65.27999877929688,64.58999633789062,65.19000244140625,64.24684143066406,1851300.0,yahoo-chart-no-key
2025-10-09,65.19000244140625,65.2959976196289,64.65499877929688,65.27999877929688,64.33554077148438,1674700.0,yahoo-chart-no-key
2025-10-10,65.26499938964844,65.5999984741211,62.75,62.790000915527344,61.88156509399414,5894000.0,yahoo-chart-no-key
2025-10-13,63.810001373291016,64.2969970703125,63.44499969482422,64.23999786376953,63.310585021972656,2545600.0,yahoo-chart-no-key
2025-10-14,63.310001373291016,64.05000305175781,62.599998474121094,63.470001220703125,62.551727294921875,2332100.0,yahoo-chart-no-key
2025-10-15,64.18000030517578,64.4000015258789,63.11000061035156,63.95000076293945,63.024784088134766,1982100.0,yahoo-chart-no-key
2025-10-16,64.0999984741211,64.59500122070312,63.09000015258789,63.66999816894531,62.74883270263672,2432100.0,yahoo-chart-no-key
2025-10-17,63.42499923706055,64.43599700927734,63.220001220703125,64.33000183105469,63.39928436279297,3785800.0,yahoo-chart-no-key
2025-10-20,64.70999908447266,65.375,64.61000061035156,65.29000091552734,64.34539794921875,2491700.0,yahoo-chart-no-key
2025-10-21,65.33999633789062,65.41000366210938,64.90499877929688,65.16000366210938,64.21727752685547,2595800.0,yahoo-chart-no-key
2025-10-22,65.25,65.4000015258789,64.0199966430664,64.86000061035156,63.92161560058594,3797400.0,yahoo-chart-no-key
2025-10-23,64.5999984741211,65.48500061035156,64.31999969482422,65.36000061035156,64.41438293457031,2714500.0,yahoo-chart-no-key
2025-10-24,65.68000030517578,65.9800033569336,65.58000183105469,65.86000061035156,64.90715026855469,3612600.0,yahoo-chart-no-key
2025-10-27,66.86000061035156,67.58000183105469,66.7750015258789,67.4800033569336,66.50371551513672,3741600.0,yahoo-chart-no-key
2025-10-28,68.06999969482422,68.62999725341797,67.72000122070312,68.37000274658203,67.3808364868164,3457800.0,yahoo-chart-no-key
2025-10-29,69.0199966430664,69.13999938964844,68.29000091552734,69.05999755859375,68.06085205078125,4947800.0,yahoo-chart-no-key
2025-10-30,68.0999984741211,68.0999984741211,66.94999694824219,66.94999694824219,65.98137664794922,5163500.0,yahoo-chart-no-key
2025-10-31,68.97000122070312,68.97000122070312,67.55500030517578,67.95999908447266,66.97676849365234,7300700.0,yahoo-chart-no-key
2025-11-03,68.76000213623047,69.08999633789062,68.52999877929688,68.6500015258789,67.65678405761719,3535300.0,yahoo-chart-no-key
2025-11-04,67.37000274658203,68.05000305175781,67.04000091552734,67.08000183105469,66.1094970703125,3370000.0,yahoo-chart-no-key
2025-11-05,67.26000213623047,68.0199966430664,66.81999969482422,67.58999633789062,66.61211395263672,3710400.0,yahoo-chart-no-key
2025-11-06,67.55999755859375,67.55999755859375,65.91999816894531,66.19000244140625,65.23237609863281,3675400.0,yahoo-chart-no-key
2025-11-07,65.66999816894531,65.69999694824219,64.44000244140625,65.6500015258789,64.70018768310547,6349600.0,yahoo-chart-no-key
2025-11-10,66.83999633789062,67.56500244140625,66.70999908447266,67.47000122070312,66.49385833740234,4023300.0,yahoo-chart-no-key
2025-11-11,67.0199966430664,67.3499984741211,66.62000274658203,67.2699966430664,66.29674530029297,1939900.0,yahoo-chart-no-key
2025-11-12,67.55999755859375,67.58999633789062,66.0250015258789,66.5,65.53788757324219,2456500.0,yahoo-chart-no-key
2025-11-13,65.98999786376953,66.04199981689453,64.47000122070312,64.80000305175781,63.86248779296875,4905800.0,yahoo-chart-no-key
2025-11-14,63.650001525878906,65.43699645996094,63.310001373291016,64.88999938964844,63.9511833190918,4734700.0,yahoo-chart-no-key
2025-11-17,64.70999908447266,65.5999984741211,64.23999786376953,64.75,63.813209533691406,4302800.0,yahoo-chart-no-key
2025-11-18,64.12000274658203,64.52999877929688,62.93000030517578,63.540000915527344,62.6207160949707,7007200.0,yahoo-chart-no-key
2025-11-19,63.77000045776367,64.88999938964844,63.5099983215332,64.05999755859375,63.13318634033203,3342500.0,yahoo-chart-no-key
2025-11-20,65.79000091552734,66.11000061035156,62.82500076293945,62.939998626708984,62.02939224243164,7474100.0,yahoo-chart-no-key
2025-11-21,63.22999954223633,64.30000305175781,62.36000061035156,63.459999084472656,62.5418701171875,5799200.0,yahoo-chart-no-key
2025-11-24,64.33000183105469,65.72000122070312,64.2300033569336,65.55000305175781,64.60163879394531,4466000.0,yahoo-chart-no-key
2025-11-25,65.55000305175781,66.12999725341797,64.73999786376953,66.0199966430664,65.06482696533203,3189000.0,yahoo-chart-no-key
2025-11-26,66.4800033569336,66.56999969482422,65.91000366210938,66.30999755859375,65.35063171386719,2250800.0,yahoo-chart-no-key
2025-11-28,66.5,66.77999877929688,66.27999877929688,66.76000213623047,65.79412841796875,3062500.0,yahoo-chart-no-key
2025-12-01,66.19499969482422,66.81999969482422,66.06999969482422,66.68000030517578,65.71528625488281,1869400.0,yahoo-chart-no-key
2025-12-02,66.95999908447266,67.4000015258789,66.54199981689453,67.0,66.03065490722656,2311900.0,yahoo-chart-no-key
2025-12-03,66.73999786376953,67.2750015258789,66.61199951171875,67.0,66.03065490722656,1999900.0,yahoo-chart-no-key
2025-12-04,67.70999908447266,67.76000213623047,66.79000091552734,67.33000183105469,66.35588073730469,1961900.0,yahoo-chart-no-key
2025-12-05,67.48500061035156,67.7699966430664,67.2300033569336,67.62000274658203,66.64168548583984,3122300.0,yahoo-chart-no-key
2025-12-08,67.37999725341797,67.52999877929688,66.72000122070312,67.0199966430664,66.05036163330078,1747400.0,yahoo-chart-no-key
2025-12-09,66.81999969482422,67.37000274658203,66.65499877929688,67.16000366210938,66.18834686279297,1311300.0,yahoo-chart-no-key
2025-12-10,66.95500183105469,67.38999938964844,66.68000030517578,67.19000244140625,66.21791076660156,2408200.0,yahoo-chart-no-key
2025-12-11,66.80999755859375,66.84500122070312,66.0999984741211,66.69000244140625,65.72514343261719,2454800.0,yahoo-chart-no-key
2025-12-12,66.62000274658203,67.04000091552734,65.55000305175781,66.1500015258789,65.19295501708984,4401100.0,yahoo-chart-no-key
2025-12-15,66.76000213623047,66.85199737548828,65.91000366210938,66.2300033569336,65.27179718017578,1764700.0,yahoo-chart-no-key
2025-12-16,65.9000015258789,66.93000030517578,65.75,66.76000213623047,65.79412841796875,3139800.0,yahoo-chart-no-key
2025-12-17,66.81999969482422,66.81999969482422,65.3010025024414,65.30999755859375,64.36510467529297,2875200.0,yahoo-chart-no-key
2025-12-18,66.25,67.06999969482422,65.81999969482422,66.58999633789062,65.6265869140625,1944500.0,yahoo-chart-no-key
2025-12-19,66.9000015258789,67.13500213623047,66.6500015258789,67.12000274658203,66.14891815185547,2794500.0,yahoo-chart-no-key
2025-12-22,67.61000061035156,67.69999694824219,67.19000244140625,67.48999786376953,66.51356506347656,2263700.0,yahoo-chart-no-key
2025-12-23,67.37000274658203,68.16999816894531,67.37000274658203,68.12999725341797,67.14430236816406,1593300.0,yahoo-chart-no-key
2025-12-24,68.08999633789062,68.20999908447266,67.84500122070312,68.16999816894531,67.18372344970703,1043600.0,yahoo-chart-no-key
2025-12-26,68.22000122070312,68.45999908447266,67.96499633789062,67.98999786376953,67.00633239746094,1220400.0,yahoo-chart-no-key
2025-12-29,67.43000030517578,67.61000061035156,67.25,67.45999908447266,66.48400115966797,1536300.0,yahoo-chart-no-key
2025-12-30,66.4000015258789,66.69499969482422,66.31999969482422,66.41000366210938,66.41000366210938,1192400.0,yahoo-chart-no-key
2025-12-31,66.5199966430664,66.54000091552734,65.95999908447266,65.95999908447266,65.95999908447266,1593400.0,yahoo-chart-no-key
2026-01-02,66.5,66.98999786376953,65.03099822998047,65.3499984741211,65.3499984741211,2986900.0,yahoo-chart-no-key
2026-01-05,65.83999633789062,66.3280029296875,65.66999816894531,65.88999938964844,65.88999938964844,2331600.0,yahoo-chart-no-key
2026-01-06,65.88999938964844,66.02999877929688,65.32499694824219,65.6500015258789,65.6500015258789,4034300.0,yahoo-chart-no-key
2026-01-07,65.73999786376953,66.48500061035156,65.5999984741211,65.9000015258789,65.9000015258789,2041200.0,yahoo-chart-no-key
2026-01-08,65.87999725341797,65.91999816894531,65.26000213623047,65.87999725341797,65.87999725341797,11603500.0,yahoo-chart-no-key
2026-01-09,65.80000305175781,66.43900299072266,65.4800033569336,66.37000274658203,66.37000274658203,3696100.0,yahoo-chart-no-key
2026-01-12,65.91000366210938,66.6449966430664,65.91000366210938,66.28500366210938,66.28500366210938,2844300.0,yahoo-chart-no-key
2026-01-13,66.3499984741211,66.4800033569336,65.62999725341797,65.98999786376953,65.98999786376953,2183800.0,yahoo-chart-no-key
2026-01-14,65.55000305175781,65.55000305175781,64.62999725341797,64.9800033569336,64.9800033569336,3820400.0,yahoo-chart-no-key
2026-01-15,65.52999877929688,65.5999984741211,64.91999816894531,65.08999633789062,65.08999633789062,2737400.0,yahoo-chart-no-key
2026-01-16,65.23999786376953,65.56500244140625,64.83000183105469,64.9000015258789,64.9000015258789,1967800.0,yahoo-chart-no-key
2026-01-20,63.59000015258789,63.845001220703125,62.779998779296875,62.939998626708984,62.939998626708984,5516700.0,yahoo-chart-no-key
2026-01-21,63.08000183105469,64.19999694824219,62.709999084472656,63.63999938964844,63.63999938964844,4688700.0,yahoo-chart-no-key
2026-01-22,64.37000274658203,65.05000305175781,64.11000061035156,64.93000030517578,64.93000030517578,3619300.0,yahoo-chart-no-key
2026-01-23,65.05500030517578,65.9749984741211,64.94000244140625,65.62000274658203,65.62000274658203,4558800.0,yahoo-chart-no-key
2026-01-26,65.68000030517578,66.2699966430664,65.58999633789062,65.91999816894531,65.91999816894531,1846400.0,yahoo-chart-no-key
2026-01-27,66.32499694824219,66.72000122070312,66.12999725341797,66.55000305175781,66.55000305175781,2797000.0,yahoo-chart-no-key
2026-01-28,66.80000305175781,66.97000122070312,66.22000122070312,66.54000091552734,66.54000091552734,2358400.0,yahoo-chart-no-key
2026-01-29,67.01000213623047,67.08799743652344,64.91000366210938,66.37999725341797,66.37999725341797,4762900.0,yahoo-chart-no-key
2026-01-30,66.19999694824219,66.73999786376953,65.8949966430664,66.1500015258789,66.1500015258789,3066400.0,yahoo-chart-no-key
2026-02-02,65.63999938964844,66.55999755859375,65.56999969482422,66.15499877929688,66.15499877929688,1774300.0,yahoo-chart-no-key
2026-02-03,66.31999969482422,66.38200378417969,64.56999969482422,65.08000183105469,65.08000183105469,2910300.0,yahoo-chart-no-key
2026-02-04,65.20999908447266,65.3499984741211,63.47999954223633,64.08999633789062,64.08999633789062,5078700.0,yahoo-chart-no-key
2026-02-05,62.810001373291016,63.404998779296875,62.0099983215332,62.81999969482422,62.81999969482422,5836100.0,yahoo-chart-no-key
2026-02-06,62.33000183105469,63.380001068115234,62.029998779296875,63.11000061035156,63.11000061035156,7610200.0,yahoo-chart-no-key
2026-02-09,63.029998779296875,64.19499969482422,62.68000030517578,63.84000015258789,63.84000015258789,4383500.0,yahoo-chart-no-key
2026-02-10,64.02999877929688,64.0999984741211,63.474998474121094,63.58000183105469,63.58000183105469,2701100.0,yahoo-chart-no-key
2026-02-11,64.0,64.2300033569336,62.939998626708984,63.189998626708984,63.189998626708984,2744100.0,yahoo-chart-no-key
2026-02-12,63.43000030517578,63.5,61.54999923706055,61.72999954223633,61.72999954223633,4917700.0,yahoo-chart-no-key
2026-02-13,61.67499923706055,61.77199935913086,60.88999938964844,61.150001525878906,61.150001525878906,9088000.0,yahoo-chart-no-key
2026-02-17,60.7400016784668,61.55500030517578,60.130001068115234,61.27000045776367,61.27000045776367,5627200.0,yahoo-chart-no-key
2026-02-18,61.39500045776367,62.095001220703125,61.27000045776367,61.689998626708984,61.689998626708984,4029500.0,yahoo-chart-no-key
2026-02-19,61.36000061035156,61.94499969482422,61.185001373291016,61.59000015258789,61.59000015258789,2994900.0,yahoo-chart-no-key
2026-02-20,61.33000183105469,62.72999954223633,61.13999938964844,62.599998474121094,62.599998474121094,6855400.0,yahoo-chart-no-key
2026-02-23,62.380001068115234,62.58000183105469,61.32500076293945,61.599998474121094,61.599998474121094,3038100.0,yahoo-chart-no-key
2026-02-24,61.560001373291016,62.39500045776367,61.209999084472656,62.310001373291016,62.310001373291016,2724300.0,yahoo-chart-no-key
2026-02-25,62.619998931884766,63.29899978637695,62.61000061035156,63.27000045776367,63.27000045776367,3039400.0,yahoo-chart-no-key
2026-02-26,63.150001525878906,63.19200134277344,61.779998779296875,62.27000045776367,62.27000045776367,3781800.0,yahoo-chart-no-key
2026-02-27,61.400001525878906,61.779998779296875,61.040000915527344,61.349998474121094,61.349998474121094,3993300.0,yahoo-chart-no-key
2026-03-02,60.29999923706055,61.91999816894531,60.150001525878906,61.61000061035156,61.61000061035156,7871800.0,yahoo-chart-no-key
2026-03-03,60.5,61.47999954223633,60.15999984741211,61.290000915527344,61.290000915527344,7548500.0,yahoo-chart-no-key
2026-03-04,61.560001373291016,62.470001220703125,61.439998626708984,62.22999954223633,62.22999954223633,3953100.0,yahoo-chart-no-key
2026-03-05,61.86000061035156,62.31999969482422,61.40999984741211,62.15999984741211,62.15999984741211,4736000.0,yahoo-chart-no-key
2026-03-06,61.38999938964844,61.665000915527344,60.86000061035156,60.9900016784668,60.9900016784668,5879900.0,yahoo-chart-no-key
2026-03-09,60.209999084472656,61.82500076293945,59.93000030517578,61.720001220703125,61.720001220703125,5625200.0,yahoo-chart-no-key
2026-03-10,61.790000915527344,62.334999084472656,61.57500076293945,61.93000030517578,61.93000030517578,3614700.0,yahoo-chart-no-key
2026-03-11,62.0,62.779998779296875,61.779998779296875,62.150001525878906,62.150001525878906,2347800.0,yahoo-chart-no-key
2026-03-12,61.650001525878906,61.77000045776367,60.83000183105469,60.95000076293945,60.95000076293945,4039500.0,yahoo-chart-no-key
2026-03-13,61.119998931884766,61.21900177001953,59.86000061035156,59.939998626708984,59.939998626708984,4167200.0,yahoo-chart-no-key
2026-03-16,60.599998474121094,61.279998779296875,60.52000045776367,60.880001068115234,60.880001068115234,2295900.0,yahoo-chart-no-key
2026-03-17,60.9900016784668,61.349998474121094,60.810001373291016,61.130001068115234,61.130001068115234,2836000.0,yahoo-chart-no-key
2026-03-18,60.79999923706055,61.1349983215332,60.11000061035156,60.20000076293945,60.20000076293945,2826300.0,yahoo-chart-no-key
2026-03-19,59.599998474121094,59.84000015258789,59.25,59.54999923706055,59.54999923706055,4310000.0,yahoo-chart-no-key
2026-03-20,59.279998779296875,59.38999938964844,57.939998626708984,58.369998931884766,58.369998931884766,4986500.0,yahoo-chart-no-key
2026-03-23,59.22999954223633,59.849998474121094,59.029998779296875,59.279998779296875,59.279998779296875,5909800.0,yahoo-chart-no-key
2026-03-24,58.9900016784668,59.04999923706055,58.41999816894531,58.5099983215332,58.5099983215332,3549800.0,yahoo-chart-no-key
2026-03-25,59.31999969482422,59.68000030517578,58.76499938964844,58.95000076293945,58.95000076293945,3314300.0,yahoo-chart-no-key
2026-03-26,58.35499954223633,58.525001525878906,56.97999954223633,57.029998779296875,57.029998779296875,3306600.0,yahoo-chart-no-key
2026-03-27,56.650001525878906,56.65999984741211,55.36000061035156,55.45000076293945,55.45000076293945,4448100.0,yahoo-chart-no-key
2026-03-30,56.06999969482422,56.09000015258789,55.084999084472656,55.38999938964844,55.38999938964844,3883000.0,yahoo-chart-no-key
2026-03-31,56.209999084472656,58.11000061035156,56.209999084472656,57.939998626708984,57.939998626708984,7517700.0,yahoo-chart-no-key
2026-04-01,58.5,59.125,58.23500061035156,58.68000030517578,58.68000030517578,5859500.0,yahoo-chart-no-key
2026-04-02,57.41999816894531,58.529998779296875,57.18000030517578,58.27000045776367,58.27000045776367,5314900.0,yahoo-chart-no-key
2026-04-06,58.400001525878906,58.7599983215332,58.02000045776367,58.380001068115234,58.380001068115234,2114100.0,yahoo-chart-no-key
2026-04-07,57.97999954223633,58.31999969482422,56.97999954223633,58.290000915527344,58.290000915527344,2841700.0,yahoo-chart-no-key
2026-04-08,60.68000030517578,60.83000183105469,59.44499969482422,59.81999969482422,59.81999969482422,4177200.0,yahoo-chart-no-key
2026-04-09,60.07500076293945,60.856998443603516,59.56999969482422,60.720001220703125,60.720001220703125,3117300.0,yahoo-chart-no-key
2026-04-10,60.91999816894531,61.369998931884766,60.84000015258789,61.13999938964844,61.13999938964844,3815000.0,yahoo-chart-no-key
2026-04-13,61.060001373291016,61.790000915527344,60.72999954223633,61.7599983215332,61.7599983215332,3225500.0,yahoo-chart-no-key
2026-04-14,62.36000061035156,63.75,62.29999923706055,63.61000061035156,63.61000061035156,9009800.0,yahoo-chart-no-key
2026-04-15,63.869998931884766,65.30999755859375,63.779998779296875,65.26000213623047,65.26000213623047,5520800.0,yahoo-chart-no-key
2026-04-16,65.52999877929688,65.55999755859375,64.56500244140625,65.30999755859375,65.30999755859375,3491500.0,yahoo-chart-no-key
2026-04-17,66.05999755859375,66.80999755859375,65.81999969482422,66.44999694824219,66.44999694824219,5607100.0,yahoo-chart-no-key
2026-04-20,66.0999984741211,66.26000213623047,65.20500183105469,65.76000213623047,65.76000213623047,3105400.0,yahoo-chart-no-key
2026-04-21,66.12999725341797,66.16999816894531,65.16999816894531,65.30999755859375,65.30999755859375,3784300.0,yahoo-chart-no-key
2026-04-22,65.83000183105469,66.44000244140625,65.5199966430664,66.44000244140625,66.44000244140625,2623600.0,yahoo-chart-no-key
2026-04-23,65.77999877929688,66.08499908447266,64.7300033569336,65.33000183105469,65.33000183105469,4083100.0,yahoo-chart-no-key
2026-04-24,65.5999984741211,66.72000122070312,65.33999633789062,66.56999969482422,66.56999969482422,4347200.0,yahoo-chart-no-key
2026-04-27,66.34500122070312,67.18000030517578,66.0999984741211,67.08000183105469,67.08000183105469,2937400.0,yahoo-chart-no-key
2026-04-28,66.55000305175781,67.05999755859375,66.29000091552734,66.86000061035156,66.86000061035156,2965200.0,yahoo-chart-no-key
2026-04-29,66.5,67.03500366210938,66.16999816894531,66.58000183105469,66.58000183105469,3757100.0,yahoo-chart-no-key
2026-04-30,66.70500183105469,66.81999969482422,64.88999938964844,66.23999786376953,66.23999786376953,6117600.0,yahoo-chart-no-key
2026-05-01,66.68000030517578,67.47000122070312,66.51000213623047,66.87000274658203,66.87000274658203,3618900.0,yahoo-chart-no-key
2026-05-04,66.91999816894531,67.23999786376953,66.37999725341797,66.97000122070312,66.97000122070312,2916300.0,yahoo-chart-no-key
2026-05-05,67.36000061035156,67.72000122070312,66.9000015258789,67.11000061035156,67.11000061035156,2632900.0,yahoo-chart-no-key
2026-05-06,67.19999694824219,68.52999877929688,67.0,68.45999908447266,68.45999908447266,3410400.0,yahoo-chart-no-key
2026-05-07,68.9800033569336,69.48999786376953,68.69000244140625,68.88999938964844,68.88999938964844,2925700.0,yahoo-chart-no-key
2026-05-08,69.0999984741211,69.83000183105469,69.08000183105469,69.62000274658203,69.62000274658203,2557100.0,yahoo-chart-no-key
2026-05-11,68.87000274658203,69.8499984741211,68.75,69.44000244140625,69.44000244140625,2421800.0,yahoo-chart-no-key
2026-05-12,69.12999725341797,69.45999908447266,68.3499984741211,69.12000274658203,69.12000274658203,2326700.0,yahoo-chart-no-key
2026-05-13,69.22000122070312,70.7699966430664,68.87999725341797,70.52999877929688,70.52999877929688,2272500.0,yahoo-chart-no-key
2026-05-14,70.72000122070312,71.16000366210938,70.37000274658203,70.94000244140625,70.94000244140625,3301900.0,yahoo-chart-no-key
2026-05-15,70.0199966430664,70.65499877929688,69.4800033569336,69.83999633789062,69.83999633789062,3598400.0,yahoo-chart-no-key
2026-05-18,69.81999969482422,70.2699966430664,68.98999786376953,69.45999908447266,69.45999908447266,2735100.0,yahoo-chart-no-key
2026-05-19,69.1500015258789,69.22000122070312,68.12000274658203,68.52999877929688,68.52999877929688,2830900.0,yahoo-chart-no-key
2026-05-20,68.61000061035156,69.48999786376953,68.47000122070312,69.48999786376953,69.48999786376953,2156900.0,yahoo-chart-no-key
2026-05-21,69.29000091552734,69.93000030517578,68.72000122070312,69.5,69.5,1657900.0,yahoo-chart-no-key
2026-05-22,69.76000213623047,69.97100067138672,69.27999877929688,69.36000061035156,69.36000061035156,2651500.0,yahoo-chart-no-key
2026-05-26,69.5999984741211,69.8499984741211,69.18000030517578,69.62999725341797,69.62999725341797,2285600.0,yahoo-chart-no-key
2026-05-27,69.62999725341797,70.33999633789062,69.51000213623047,70.33000183105469,70.33000183105469,1670700.0,yahoo-chart-no-key
2026-05-28,70.19000244140625,70.88700103759766,70.02999877929688,70.87000274658203,70.87000274658203,2361700.0,yahoo-chart-no-key
2026-05-29,70.69000244140625,71.01000213623047,70.33000183105469,70.70999908447266,70.70999908447266,3638200.0,yahoo-chart-no-key
2026-06-01,70.56999969482422,70.61000061035156,69.86000061035156,69.86000061035156,69.86000061035156,4412700.0,yahoo-chart-no-key
2026-06-02,69.36000061035156,69.91999816894531,68.83999633789062,69.16999816894531,69.16999816894531,2921200.0,yahoo-chart-no-key
2026-06-03,68.96499633789062,69.29000091552734,68.05000305175781,68.41999816894531,68.41999816894531,12230600.0,yahoo-chart-no-key
2026-06-04,68.58999633789062,69.32499694824219,68.5199966430664,69.12000274658203,69.12000274658203,2561600.0,yahoo-chart-no-key
2026-06-05,68.62999725341797,69.05999755859375,66.28099822998047,66.51000213623047,66.51000213623047,4710500.0,yahoo-chart-no-key
2026-06-08,66.88999938964844,67.16000366210938,66.45999908447266,66.52999877929688,66.52999877929688,1721700.0,yahoo-chart-no-key
2026-06-09,66.88999938964844,67.2249984741211,64.44999694824219,65.66000366210938,65.66000366210938,3969100.0,yahoo-chart-no-key
2026-06-10,65.16999816894531,65.6050033569336,64.1500015258789,64.22000122070312,64.22000122070312,3654000.0,yahoo-chart-no-key
2026-06-11,64.36000061035156,64.98999786376953,63.31999969482422,64.91000366210938,64.91000366210938,5677400.0,yahoo-chart-no-key
2026-06-12,65.30000305175781,65.30000305175781,64.04000091552734,64.91000366210938,64.91000366210938,4674500.0,yahoo-chart-no-key
2026-06-15,66.05500030517578,66.91500091552734,66.05500030517578,66.62000274658203,66.62000274658203,3352600.0,yahoo-chart-no-key
2026-06-16,66.30000305175781,66.76000213623047,66.12000274658203,66.41999816894531,66.41999816894531,2812200.0,yahoo-chart-no-key
2026-06-17,66.08000183105469,66.19999694824219,64.375,64.54000091552734,64.54000091552734,5358600.0,yahoo-chart-no-key
2026-06-18,65.08000183105469,65.68000030517578,64.2249984741211,65.44000244140625,65.44000244140625,5512800.0,yahoo-chart-no-key
2026-06-22,64.8499984741211,65.43000030517578,64.0199966430664,64.0199966430664,64.0199966430664,4334900.0,yahoo-chart-no-key
2026-06-23,63.36000061035156,64.01000213623047,63.13999938964844,63.13999938964844,63.13999938964844,4928100.0,yahoo-chart-no-key
2026-06-24,63.209999084472656,63.97999954223633,62.58000183105469,62.68000030517578,62.68000030517578,2840300.0,yahoo-chart-no-key
2026-06-25,62.150001525878906,62.189998626708984,60.8849983215332,61.06999969482422,61.06999969482422,10178900.0,yahoo-chart-no-key
2026-06-26,60.79999923706055,62.255001068115234,60.720001220703125,61.599998474121094,61.599998474121094,6474100.0,yahoo-chart-no-key
2026-06-29,62.5,63.619998931884766,62.439998626708984,63.52000045776367,63.52000045776367,9406200.0,yahoo-chart-no-key
2026-06-30,63.439998626708984,64.45899963378906,63.33000183105469,64.30000305175781,64.30000305175781,4457800.0,yahoo-chart-no-key
2026-07-01,65.31999969482422,66.37000274658203,64.70999908447266,65.84,65.84,7405435.0,yahoo-chart-plus-regular-market-price
